route,method,gate,actor,status,note
"/api/accounts","GET","view_pricing","anonymous","401",""
"/api/accounts","POST","manage_contracts","anonymous","401",""
"/api/accounts/[id]","GET","view_pricing","anonymous","401",""
"/api/accounts/[id]/memberships","POST","manage_contracts","anonymous","401",""
"/api/analytics/[report]","GET","view_analytics","anonymous","401",""
"/api/analytics/[report]","POST","view_analytics","anonymous","401",""
"/api/approvals","GET","view_pricing","anonymous","401",""
"/api/approvals/[id]","POST","approve_discount","anonymous","401",""
"/api/approvals/delegations","GET","view_pricing","anonymous","401",""
"/api/approvals/delegations","POST","approve_discount","anonymous","401",""
"/api/approvals/delegations/[id]","DELETE","view_pricing","anonymous","401",""
"/api/audit","GET","view_pricing","anonymous","401",""
"/api/auth/dev","GET","custom","anonymous","200",""
"/api/auth/dev","POST","custom","anonymous","400",""
"/api/auth/dev","DELETE","custom","anonymous","200",""
"/api/auth/me","GET","custom","anonymous","200",""
"/api/auth/oidc/callback","GET","custom","anonymous","404",""
"/api/auth/oidc/logout","POST","custom","anonymous","404",""
"/api/auth/oidc/start","GET","custom","anonymous","404",""
"/api/catalog/add","POST","manage_catalog","anonymous","401",""
"/api/catalog/enrich","GET","manage_catalog","anonymous","401",""
"/api/catalog/enrich","POST","manage_catalog","anonymous","401",""
"/api/catalog/gudid","GET","session","anonymous","401",""
"/api/catalog/gudid","POST","manage_catalog","anonymous","401",""
"/api/catalog/gudid/[id]","GET","session","anonymous","401",""
"/api/catalog/gudid/[id]","DELETE","manage_catalog","anonymous","401",""
"/api/catalog/gudid/adopt","POST","manage_catalog","anonymous","401",""
"/api/catalog/gudid/plan","POST","manage_catalog","anonymous","401",""
"/api/catalog/gudid/prune","POST","manage_catalog","anonymous","401",""
"/api/competitor-sizes/coverage","GET","manage_catalog","anonymous","401",""
"/api/competitor-sizes/import","POST","manage_catalog","anonymous","401",""
"/api/competitor-sizes/template","GET","manage_catalog","anonymous","401",""
"/api/competitor/[id]","PATCH","manage_catalog|run_cross_reference","anonymous","401",""
"/api/contracts","GET","view_pricing","anonymous","401",""
"/api/contracts","POST","manage_contracts","anonymous","401",""
"/api/contracts/[id]","GET","view_pricing","anonymous","401",""
"/api/contracts/[id]","PATCH","manage_contracts","anonymous","401",""
"/api/contracts/[id]/entries","POST","edit_contract_pricing","anonymous","401",""
"/api/contracts/[id]/performance","GET","view_pricing","anonymous","401",""
"/api/contracts/[id]/terms","POST","manage_contracts","anonymous","401",""
"/api/contracts/[id]/terms","DELETE","manage_contracts","anonymous","401",""
"/api/contracts/renewals","GET","view_pricing","anonymous","401",""
"/api/costs/import","POST","import_cost_data","anonymous","401",""
"/api/crosses","GET","view_pricing|manage_crosswalk|review_crosswalk_clinical","anonymous","401",""
"/api/crosses","POST","run_cross_reference","anonymous","401",""
"/api/crosses/[id]","PATCH","manage_crosswalk","anonymous","401",""
"/api/crosses/[id]/conflict","POST","manage_crosswalk","anonymous","401",""
"/api/crosswalk/publish","POST","publish_crosswalk","anonymous","401",""
"/api/crosswalk/versions","GET","view_pricing|manage_crosswalk|review_crosswalk_clinical","anonymous","401",""
"/api/documents/extract","POST","import_competitor_pricing","anonymous","401",""
"/api/documents/extractions/[id]","GET","view_pricing","anonymous","401",""
"/api/documents/extractions/[id]/import","POST","import_competitor_pricing","anonymous","401",""
"/api/documents/extractions/[id]/verify","POST","verify_competitor_pricing","anonymous","401",""
"/api/feeds","GET","configure_settings","anonymous","401",""
"/api/feeds","POST","configure_settings","anonymous","401",""
"/api/google","GET","session","anonymous","401",""
"/api/health","GET","custom","anonymous","200",""
"/api/intake/preview","POST","run_cross_reference","anonymous","401",""
"/api/integrations","GET","view_pricing","anonymous","401",""
"/api/integrations/config","GET","configure_settings","anonymous","401",""
"/api/integrations/config/[key]","GET","configure_settings","anonymous","401",""
"/api/integrations/config/[key]","PUT","configure_settings","anonymous","401",""
"/api/integrations/config/[key]/jobs","GET","configure_settings","anonymous","401",""
"/api/integrations/config/[key]/sync","POST","configure_settings","anonymous","401",""
"/api/integrations/config/[key]/test","POST","configure_settings","anonymous","401",""
"/api/integrations/config/[key]/upload","POST","configure_settings","anonymous","401",""
"/api/integrations/config/[key]/validate-mapping","POST","configure_settings","anonymous","401",""
"/api/integrations/jobs/[id]","GET","configure_settings","anonymous","401",""
"/api/integrations/review","GET","view_pricing","anonymous","401",""
"/api/integrations/review/[id]","POST","session","anonymous","401",""
"/api/integrations/sync","POST","manage_contracts","anonymous","401",""
"/api/intelligence","GET","view_pricing","anonymous","401",""
"/api/intelligence","POST","import_competitor_pricing","anonymous","401",""
"/api/intelligence/[id]","PATCH","verify_competitor_pricing","anonymous","401",""
"/api/intelligence/bids","GET","view_pricing","anonymous","401",""
"/api/intelligence/bids","POST","import_competitor_pricing","anonymous","401",""
"/api/intelligence/bids/import","POST","import_competitor_pricing","anonymous","401",""
"/api/intelligence/import","POST","import_competitor_pricing","anonymous","401",""
"/api/metrics","GET","custom","anonymous","401",""
"/api/notifications","GET","session","anonymous","401",""
"/api/notifications","POST","session","anonymous","401",""
"/api/notifications/preferences","GET","session","anonymous","401",""
"/api/notifications/preferences","PATCH","session","anonymous","401",""
"/api/observability/export","GET","session","anonymous","401",""
"/api/pricing-policies","GET","view_pricing","anonymous","401",""
"/api/pricing-policies","POST","configure_pricing_rules","anonymous","401",""
"/api/pricing-policies/[id]/activate","POST","configure_pricing_rules","anonymous","401",""
"/api/pricing/import","POST","import_cost_data","anonymous","401",""
"/api/pricing/template","GET","import_cost_data","anonymous","401",""
"/api/proposals","GET","view_pricing","anonymous","401",""
"/api/proposals","POST","edit_proposed_pricing","anonymous","401",""
"/api/proposals/[id]","GET","view_pricing","anonymous","401",""
"/api/proposals/[id]","DELETE","edit_proposed_pricing","anonymous","401",""
"/api/proposals/[id]/audit","GET","view_pricing","anonymous","401",""
"/api/proposals/[id]/conversion","GET","view_pricing","anonymous","401",""
"/api/proposals/[id]/drift","GET","view_pricing","anonymous","401",""
"/api/proposals/[id]/export","GET","export_proposals","anonymous","401",""
"/api/proposals/[id]/lines/[lineId]","PATCH","edit_proposed_pricing","anonymous","401",""
"/api/proposals/[id]/lines/[lineId]/recommend","POST","edit_proposed_pricing","anonymous","401",""
"/api/proposals/[id]/logistics","GET","view_pricing","anonymous","401",""
"/api/proposals/[id]/logistics","POST","edit_proposed_pricing","anonymous","401",""
"/api/proposals/[id]/logistics","PATCH","edit_proposed_pricing","anonymous","401",""
"/api/proposals/[id]/outcome","POST","record_outcomes","anonymous","401",""
"/api/proposals/[id]/push-crm","POST","export_proposals","anonymous","401",""
"/api/proposals/[id]/refresh-context","POST","edit_proposed_pricing","anonymous","401",""
"/api/proposals/[id]/reopen","POST","edit_proposed_pricing","anonymous","401",""
"/api/proposals/[id]/scenarios","GET","view_pricing","anonymous","401",""
"/api/proposals/[id]/scenarios","POST","edit_proposed_pricing","anonymous","401",""
"/api/proposals/[id]/scenarios/[sid]","GET","view_pricing","anonymous","401",""
"/api/proposals/[id]/scenarios/[sid]","PATCH","edit_proposed_pricing","anonymous","401",""
"/api/proposals/[id]/scenarios/[sid]","DELETE","edit_proposed_pricing","anonymous","401",""
"/api/proposals/[id]/scenarios/[sid]/apply","POST","edit_proposed_pricing","anonymous","401",""
"/api/proposals/[id]/submit","POST","edit_proposed_pricing","anonymous","401",""
"/api/proposals/[id]/version","POST","edit_proposed_pricing","anonymous","401",""
"/api/purchases/import","POST","import_purchases","anonymous","401",""
"/api/requests","GET","run_cross_reference","anonymous","401",""
"/api/requests","POST","run_cross_reference","anonymous","401",""
"/api/requests/[id]","GET","run_cross_reference","anonymous","401",""
"/api/requests/[id]","DELETE","run_cross_reference","anonymous","401",""
"/api/requests/[id]/bulk","POST","run_cross_reference","anonymous","401",""
"/api/requests/[id]/cancel","POST","run_cross_reference","anonymous","401",""
"/api/requests/[id]/export","GET","run_cross_reference","anonymous","401",""
"/api/requests/[id]/lines/[lineId]","PATCH","run_cross_reference","anonymous","401",""
"/api/requests/[id]/lines/[lineId]/compare","GET","run_cross_reference","anonymous","401",""
"/api/requests/[id]/run","POST","run_cross_reference","anonymous","401",""
"/api/requests/[id]/sheets","POST","run_cross_reference","anonymous","401",""
"/api/settings","GET","session","anonymous","401",""
"/api/settings","POST","configure_settings","anonymous","401",""
"/api/settings/branding","GET","view_pricing","anonymous","401",""
"/api/settings/branding","PUT","configure_settings","anonymous","401",""
"/api/system","GET","configure_settings","anonymous","401",""
"/api/system","POST","configure_settings","anonymous","401",""
"/api/webhooks/salesforce","POST","custom","anonymous","404",""
"/api/accounts","GET","view_pricing","SALES_REP","200","expected pass"
"/api/accounts","POST","manage_contracts","SALES_REP","403","expected 403"
"/api/accounts/[id]","GET","view_pricing","SALES_REP","404","expected pass"
"/api/accounts/[id]/memberships","POST","manage_contracts","SALES_REP","403","expected 403"
"/api/analytics/[report]","GET","view_analytics","SALES_REP","403","expected 403"
"/api/analytics/[report]","POST","view_analytics","SALES_REP","403","expected 403"
"/api/approvals","GET","view_pricing","SALES_REP","200","expected pass"
"/api/approvals/[id]","POST","approve_discount","SALES_REP","403","expected 403"
"/api/approvals/delegations","GET","view_pricing","SALES_REP","200","expected pass"
"/api/approvals/delegations","POST","approve_discount","SALES_REP","403","expected 403"
"/api/approvals/delegations/[id]","DELETE","view_pricing","SALES_REP","404","expected pass"
"/api/audit","GET","view_pricing","SALES_REP","404","expected pass"
"/api/auth/dev","GET","custom","SALES_REP","200","custom gate"
"/api/auth/dev","POST","custom","SALES_REP","400","custom gate"
"/api/auth/dev","DELETE","custom","SALES_REP","200","custom gate"
"/api/auth/me","GET","custom","SALES_REP","200","custom gate"
"/api/auth/oidc/callback","GET","custom","SALES_REP","404","custom gate"
"/api/auth/oidc/logout","POST","custom","SALES_REP","404","custom gate"
"/api/auth/oidc/start","GET","custom","SALES_REP","404","custom gate"
"/api/catalog/add","POST","manage_catalog","SALES_REP","403","expected 403"
"/api/catalog/enrich","GET","manage_catalog","SALES_REP","403","expected 403"
"/api/catalog/enrich","POST","manage_catalog","SALES_REP","403","expected 403"
"/api/catalog/gudid","GET","session","SALES_REP","200","expected pass"
"/api/catalog/gudid","POST","manage_catalog","SALES_REP","403","expected 403"
"/api/catalog/gudid/[id]","GET","session","SALES_REP","404","expected pass"
"/api/catalog/gudid/[id]","DELETE","manage_catalog","SALES_REP","403","expected 403"
"/api/catalog/gudid/adopt","POST","manage_catalog","SALES_REP","403","expected 403"
"/api/catalog/gudid/plan","POST","manage_catalog","SALES_REP","403","expected 403"
"/api/catalog/gudid/prune","POST","manage_catalog","SALES_REP","403","expected 403"
"/api/competitor-sizes/coverage","GET","manage_catalog","SALES_REP","403","expected 403"
"/api/competitor-sizes/import","POST","manage_catalog","SALES_REP","403","expected 403"
"/api/competitor-sizes/template","GET","manage_catalog","SALES_REP","403","expected 403"
"/api/competitor/[id]","PATCH","manage_catalog|run_cross_reference","SALES_REP","400","expected pass"
"/api/contracts","GET","view_pricing","SALES_REP","200","expected pass"
"/api/contracts","POST","manage_contracts","SALES_REP","403","expected 403"
"/api/contracts/[id]","GET","view_pricing","SALES_REP","404","expected pass"
"/api/contracts/[id]","PATCH","manage_contracts","SALES_REP","403","expected 403"
"/api/contracts/[id]/entries","POST","edit_contract_pricing","SALES_REP","403","expected 403"
"/api/contracts/[id]/performance","GET","view_pricing","SALES_REP","404","expected pass"
"/api/contracts/[id]/terms","POST","manage_contracts","SALES_REP","403","expected 403"
"/api/contracts/[id]/terms","DELETE","manage_contracts","SALES_REP","403","expected 403"
"/api/contracts/renewals","GET","view_pricing","SALES_REP","200","expected pass"
"/api/costs/import","POST","import_cost_data","SALES_REP","403","expected 403"
"/api/crosses","GET","view_pricing|manage_crosswalk|review_crosswalk_clinical","SALES_REP","200","expected pass"
"/api/crosses","POST","run_cross_reference","SALES_REP","400","expected pass"
"/api/crosses/[id]","PATCH","manage_crosswalk","SALES_REP","403","expected 403"
"/api/crosses/[id]/conflict","POST","manage_crosswalk","SALES_REP","403","expected 403"
"/api/crosswalk/publish","POST","publish_crosswalk","SALES_REP","403","expected 403"
"/api/crosswalk/versions","GET","view_pricing|manage_crosswalk|review_crosswalk_clinical","SALES_REP","200","expected pass"
"/api/documents/extract","POST","import_competitor_pricing","SALES_REP","400","expected pass"
"/api/documents/extractions/[id]","GET","view_pricing","SALES_REP","404","expected pass"
"/api/documents/extractions/[id]/import","POST","import_competitor_pricing","SALES_REP","404","expected pass"
"/api/documents/extractions/[id]/verify","POST","verify_competitor_pricing","SALES_REP","403","expected 403"
"/api/feeds","GET","configure_settings","SALES_REP","403","expected 403"
"/api/feeds","POST","configure_settings","SALES_REP","403","expected 403"
"/api/google","GET","session","SALES_REP","200","expected pass"
"/api/health","GET","custom","SALES_REP","200","custom gate"
"/api/intake/preview","POST","run_cross_reference","SALES_REP","400","expected pass"
"/api/integrations","GET","view_pricing","SALES_REP","200","expected pass"
"/api/integrations/config","GET","configure_settings","SALES_REP","403","expected 403"
"/api/integrations/config/[key]","GET","configure_settings","SALES_REP","403","expected 403"
"/api/integrations/config/[key]","PUT","configure_settings","SALES_REP","403","expected 403"
"/api/integrations/config/[key]/jobs","GET","configure_settings","SALES_REP","403","expected 403"
"/api/integrations/config/[key]/sync","POST","configure_settings","SALES_REP","403","expected 403"
"/api/integrations/config/[key]/test","POST","configure_settings","SALES_REP","403","expected 403"
"/api/integrations/config/[key]/upload","POST","configure_settings","SALES_REP","403","expected 403"
"/api/integrations/config/[key]/validate-mapping","POST","configure_settings","SALES_REP","403","expected 403"
"/api/integrations/jobs/[id]","GET","configure_settings","SALES_REP","403","expected 403"
"/api/integrations/review","GET","view_pricing","SALES_REP","200","expected pass"
"/api/integrations/review/[id]","POST","session","SALES_REP","404","expected pass"
"/api/integrations/sync","POST","manage_contracts","SALES_REP","403","expected 403"
"/api/intelligence","GET","view_pricing","SALES_REP","200","expected pass"
"/api/intelligence","POST","import_competitor_pricing","SALES_REP","400","expected pass"
"/api/intelligence/[id]","PATCH","verify_competitor_pricing","SALES_REP","403","expected 403"
"/api/intelligence/bids","GET","view_pricing","SALES_REP","200","expected pass"
"/api/intelligence/bids","POST","import_competitor_pricing","SALES_REP","400","expected pass"
"/api/intelligence/bids/import","POST","import_competitor_pricing","SALES_REP","400","expected pass"
"/api/intelligence/import","POST","import_competitor_pricing","SALES_REP","400","expected pass"
"/api/metrics","GET","custom","SALES_REP","401","custom gate"
"/api/notifications","GET","session","SALES_REP","200","expected pass"
"/api/notifications","POST","session","SALES_REP","400","expected pass"
"/api/notifications/preferences","GET","session","SALES_REP","200","expected pass"
"/api/notifications/preferences","PATCH","session","SALES_REP","400","expected pass"
"/api/observability/export","GET","session","SALES_REP","403","expected 403"
"/api/pricing-policies","GET","view_pricing","SALES_REP","200","expected pass"
"/api/pricing-policies","POST","configure_pricing_rules","SALES_REP","403","expected 403"
"/api/pricing-policies/[id]/activate","POST","configure_pricing_rules","SALES_REP","403","expected 403"
"/api/pricing/import","POST","import_cost_data","SALES_REP","403","expected 403"
"/api/pricing/template","GET","import_cost_data","SALES_REP","403","expected 403"
"/api/proposals","GET","view_pricing","SALES_REP","200","expected pass"
"/api/proposals","POST","edit_proposed_pricing","SALES_REP","400","expected pass"
"/api/proposals/[id]","GET","view_pricing","SALES_REP","404","expected pass"
"/api/proposals/[id]","DELETE","edit_proposed_pricing","SALES_REP","404","expected pass"
"/api/proposals/[id]/audit","GET","view_pricing","SALES_REP","404","expected pass"
"/api/proposals/[id]/conversion","GET","view_pricing","SALES_REP","404","expected pass"
"/api/proposals/[id]/drift","GET","view_pricing","SALES_REP","404","expected pass"
"/api/proposals/[id]/export","GET","export_proposals","SALES_REP","404","expected pass"
"/api/proposals/[id]/lines/[lineId]","PATCH","edit_proposed_pricing","SALES_REP","404","expected pass"
"/api/proposals/[id]/lines/[lineId]/recommend","POST","edit_proposed_pricing","SALES_REP","404","expected pass"
"/api/proposals/[id]/logistics","GET","view_pricing","SALES_REP","404","expected pass"
"/api/proposals/[id]/logistics","POST","edit_proposed_pricing","SALES_REP","404","expected pass"
"/api/proposals/[id]/logistics","PATCH","edit_proposed_pricing","SALES_REP","404","expected pass"
"/api/proposals/[id]/outcome","POST","record_outcomes","SALES_REP","404","expected pass"
"/api/proposals/[id]/push-crm","POST","export_proposals","SALES_REP","404","expected pass"
"/api/proposals/[id]/refresh-context","POST","edit_proposed_pricing","SALES_REP","404","expected pass"
"/api/proposals/[id]/reopen","POST","edit_proposed_pricing","SALES_REP","404","expected pass"
"/api/proposals/[id]/scenarios","GET","view_pricing","SALES_REP","404","expected pass"
"/api/proposals/[id]/scenarios","POST","edit_proposed_pricing","SALES_REP","404","expected pass"
"/api/proposals/[id]/scenarios/[sid]","GET","view_pricing","SALES_REP","404","expected pass"
"/api/proposals/[id]/scenarios/[sid]","PATCH","edit_proposed_pricing","SALES_REP","404","expected pass"
"/api/proposals/[id]/scenarios/[sid]","DELETE","edit_proposed_pricing","SALES_REP","404","expected pass"
"/api/proposals/[id]/scenarios/[sid]/apply","POST","edit_proposed_pricing","SALES_REP","404","expected pass"
"/api/proposals/[id]/submit","POST","edit_proposed_pricing","SALES_REP","404","expected pass"
"/api/proposals/[id]/version","POST","edit_proposed_pricing","SALES_REP","404","expected pass"
"/api/purchases/import","POST","import_purchases","SALES_REP","403","expected 403"
"/api/requests","GET","run_cross_reference","SALES_REP","200","expected pass"
"/api/requests","POST","run_cross_reference","SALES_REP","400","expected pass"
"/api/requests/[id]","GET","run_cross_reference","SALES_REP","404","expected pass"
"/api/requests/[id]","DELETE","run_cross_reference","SALES_REP","404","expected pass"
"/api/requests/[id]/bulk","POST","run_cross_reference","SALES_REP","404","expected pass"
"/api/requests/[id]/cancel","POST","run_cross_reference","SALES_REP","404","expected pass"
"/api/requests/[id]/export","GET","run_cross_reference","SALES_REP","404","expected pass"
"/api/requests/[id]/lines/[lineId]","PATCH","run_cross_reference","SALES_REP","404","expected pass"
"/api/requests/[id]/lines/[lineId]/compare","GET","run_cross_reference","SALES_REP","404","expected pass"
"/api/requests/[id]/run","POST","run_cross_reference","SALES_REP","404","expected pass"
"/api/requests/[id]/sheets","POST","run_cross_reference","SALES_REP","404","expected pass"
"/api/settings","GET","session","SALES_REP","200","expected pass"
"/api/settings","POST","configure_settings","SALES_REP","403","expected 403"
"/api/settings/branding","GET","view_pricing","SALES_REP","200","expected pass"
"/api/settings/branding","PUT","configure_settings","SALES_REP","403","expected 403"
"/api/system","GET","configure_settings","SALES_REP","403","expected 403"
"/api/system","POST","configure_settings","SALES_REP","403","expected 403"
"/api/webhooks/salesforce","POST","custom","SALES_REP","404","custom gate"
"/api/accounts","GET","view_pricing","REGIONAL_MANAGER","200","expected pass"
"/api/accounts","POST","manage_contracts","REGIONAL_MANAGER","403","expected 403"
"/api/accounts/[id]","GET","view_pricing","REGIONAL_MANAGER","404","expected pass"
"/api/accounts/[id]/memberships","POST","manage_contracts","REGIONAL_MANAGER","403","expected 403"
"/api/analytics/[report]","GET","view_analytics","REGIONAL_MANAGER","400","expected pass"
"/api/analytics/[report]","POST","view_analytics","REGIONAL_MANAGER","skip","side-effecting when authorized; not invoked"
"/api/approvals","GET","view_pricing","REGIONAL_MANAGER","200","expected pass"
"/api/approvals/[id]","POST","approve_discount","REGIONAL_MANAGER","400","expected pass"
"/api/approvals/delegations","GET","view_pricing","REGIONAL_MANAGER","200","expected pass"
"/api/approvals/delegations","POST","approve_discount","REGIONAL_MANAGER","400","expected pass"
"/api/approvals/delegations/[id]","DELETE","view_pricing","REGIONAL_MANAGER","404","expected pass"
"/api/audit","GET","view_pricing","REGIONAL_MANAGER","404","expected pass"
"/api/auth/dev","GET","custom","REGIONAL_MANAGER","200","custom gate"
"/api/auth/dev","POST","custom","REGIONAL_MANAGER","400","custom gate"
"/api/auth/dev","DELETE","custom","REGIONAL_MANAGER","200","custom gate"
"/api/auth/me","GET","custom","REGIONAL_MANAGER","200","custom gate"
"/api/auth/oidc/callback","GET","custom","REGIONAL_MANAGER","404","custom gate"
"/api/auth/oidc/logout","POST","custom","REGIONAL_MANAGER","404","custom gate"
"/api/auth/oidc/start","GET","custom","REGIONAL_MANAGER","404","custom gate"
"/api/catalog/add","POST","manage_catalog","REGIONAL_MANAGER","403","expected 403"
"/api/catalog/enrich","GET","manage_catalog","REGIONAL_MANAGER","403","expected 403"
"/api/catalog/enrich","POST","manage_catalog","REGIONAL_MANAGER","403","expected 403"
"/api/catalog/gudid","GET","session","REGIONAL_MANAGER","200","expected pass"
"/api/catalog/gudid","POST","manage_catalog","REGIONAL_MANAGER","403","expected 403"
"/api/catalog/gudid/[id]","GET","session","REGIONAL_MANAGER","404","expected pass"
"/api/catalog/gudid/[id]","DELETE","manage_catalog","REGIONAL_MANAGER","403","expected 403"
"/api/catalog/gudid/adopt","POST","manage_catalog","REGIONAL_MANAGER","403","expected 403"
"/api/catalog/gudid/plan","POST","manage_catalog","REGIONAL_MANAGER","403","expected 403"
"/api/catalog/gudid/prune","POST","manage_catalog","REGIONAL_MANAGER","403","expected 403"
"/api/competitor-sizes/coverage","GET","manage_catalog","REGIONAL_MANAGER","403","expected 403"
"/api/competitor-sizes/import","POST","manage_catalog","REGIONAL_MANAGER","403","expected 403"
"/api/competitor-sizes/template","GET","manage_catalog","REGIONAL_MANAGER","403","expected 403"
"/api/competitor/[id]","PATCH","manage_catalog|run_cross_reference","REGIONAL_MANAGER","400","expected pass"
"/api/contracts","GET","view_pricing","REGIONAL_MANAGER","200","expected pass"
"/api/contracts","POST","manage_contracts","REGIONAL_MANAGER","403","expected 403"
"/api/contracts/[id]","GET","view_pricing","REGIONAL_MANAGER","404","expected pass"
"/api/contracts/[id]","PATCH","manage_contracts","REGIONAL_MANAGER","403","expected 403"
"/api/contracts/[id]/entries","POST","edit_contract_pricing","REGIONAL_MANAGER","403","expected 403"
"/api/contracts/[id]/performance","GET","view_pricing","REGIONAL_MANAGER","404","expected pass"
"/api/contracts/[id]/terms","POST","manage_contracts","REGIONAL_MANAGER","403","expected 403"
"/api/contracts/[id]/terms","DELETE","manage_contracts","REGIONAL_MANAGER","403","expected 403"
"/api/contracts/renewals","GET","view_pricing","REGIONAL_MANAGER","200","expected pass"
"/api/costs/import","POST","import_cost_data","REGIONAL_MANAGER","403","expected 403"
"/api/crosses","GET","view_pricing|manage_crosswalk|review_crosswalk_clinical","REGIONAL_MANAGER","200","expected pass"
"/api/crosses","POST","run_cross_reference","REGIONAL_MANAGER","400","expected pass"
"/api/crosses/[id]","PATCH","manage_crosswalk","REGIONAL_MANAGER","403","expected 403"
"/api/crosses/[id]/conflict","POST","manage_crosswalk","REGIONAL_MANAGER","403","expected 403"
"/api/crosswalk/publish","POST","publish_crosswalk","REGIONAL_MANAGER","403","expected 403"
"/api/crosswalk/versions","GET","view_pricing|manage_crosswalk|review_crosswalk_clinical","REGIONAL_MANAGER","200","expected pass"
"/api/documents/extract","POST","import_competitor_pricing","REGIONAL_MANAGER","400","expected pass"
"/api/documents/extractions/[id]","GET","view_pricing","REGIONAL_MANAGER","404","expected pass"
"/api/documents/extractions/[id]/import","POST","import_competitor_pricing","REGIONAL_MANAGER","404","expected pass"
"/api/documents/extractions/[id]/verify","POST","verify_competitor_pricing","REGIONAL_MANAGER","403","expected 403"
"/api/feeds","GET","configure_settings","REGIONAL_MANAGER","403","expected 403"
"/api/feeds","POST","configure_settings","REGIONAL_MANAGER","403","expected 403"
"/api/google","GET","session","REGIONAL_MANAGER","200","expected pass"
"/api/health","GET","custom","REGIONAL_MANAGER","200","custom gate"
"/api/intake/preview","POST","run_cross_reference","REGIONAL_MANAGER","400","expected pass"
"/api/integrations","GET","view_pricing","REGIONAL_MANAGER","200","expected pass"
"/api/integrations/config","GET","configure_settings","REGIONAL_MANAGER","403","expected 403"
"/api/integrations/config/[key]","GET","configure_settings","REGIONAL_MANAGER","403","expected 403"
"/api/integrations/config/[key]","PUT","configure_settings","REGIONAL_MANAGER","403","expected 403"
"/api/integrations/config/[key]/jobs","GET","configure_settings","REGIONAL_MANAGER","403","expected 403"
"/api/integrations/config/[key]/sync","POST","configure_settings","REGIONAL_MANAGER","403","expected 403"
"/api/integrations/config/[key]/test","POST","configure_settings","REGIONAL_MANAGER","403","expected 403"
"/api/integrations/config/[key]/upload","POST","configure_settings","REGIONAL_MANAGER","403","expected 403"
"/api/integrations/config/[key]/validate-mapping","POST","configure_settings","REGIONAL_MANAGER","403","expected 403"
"/api/integrations/jobs/[id]","GET","configure_settings","REGIONAL_MANAGER","403","expected 403"
"/api/integrations/review","GET","view_pricing","REGIONAL_MANAGER","200","expected pass"
"/api/integrations/review/[id]","POST","session","REGIONAL_MANAGER","404","expected pass"
"/api/integrations/sync","POST","manage_contracts","REGIONAL_MANAGER","403","expected 403"
"/api/intelligence","GET","view_pricing","REGIONAL_MANAGER","200","expected pass"
"/api/intelligence","POST","import_competitor_pricing","REGIONAL_MANAGER","400","expected pass"
"/api/intelligence/[id]","PATCH","verify_competitor_pricing","REGIONAL_MANAGER","403","expected 403"
"/api/intelligence/bids","GET","view_pricing","REGIONAL_MANAGER","200","expected pass"
"/api/intelligence/bids","POST","import_competitor_pricing","REGIONAL_MANAGER","400","expected pass"
"/api/intelligence/bids/import","POST","import_competitor_pricing","REGIONAL_MANAGER","400","expected pass"
"/api/intelligence/import","POST","import_competitor_pricing","REGIONAL_MANAGER","400","expected pass"
"/api/metrics","GET","custom","REGIONAL_MANAGER","401","custom gate"
"/api/notifications","GET","session","REGIONAL_MANAGER","200","expected pass"
"/api/notifications","POST","session","REGIONAL_MANAGER","400","expected pass"
"/api/notifications/preferences","GET","session","REGIONAL_MANAGER","200","expected pass"
"/api/notifications/preferences","PATCH","session","REGIONAL_MANAGER","400","expected pass"
"/api/observability/export","GET","session","REGIONAL_MANAGER","403","expected 403"
"/api/pricing-policies","GET","view_pricing","REGIONAL_MANAGER","200","expected pass"
"/api/pricing-policies","POST","configure_pricing_rules","REGIONAL_MANAGER","403","expected 403"
"/api/pricing-policies/[id]/activate","POST","configure_pricing_rules","REGIONAL_MANAGER","403","expected 403"
"/api/pricing/import","POST","import_cost_data","REGIONAL_MANAGER","403","expected 403"
"/api/pricing/template","GET","import_cost_data","REGIONAL_MANAGER","403","expected 403"
"/api/proposals","GET","view_pricing","REGIONAL_MANAGER","200","expected pass"
"/api/proposals","POST","edit_proposed_pricing","REGIONAL_MANAGER","400","expected pass"
"/api/proposals/[id]","GET","view_pricing","REGIONAL_MANAGER","404","expected pass"
"/api/proposals/[id]","DELETE","edit_proposed_pricing","REGIONAL_MANAGER","404","expected pass"
"/api/proposals/[id]/audit","GET","view_pricing","REGIONAL_MANAGER","404","expected pass"
"/api/proposals/[id]/conversion","GET","view_pricing","REGIONAL_MANAGER","404","expected pass"
"/api/proposals/[id]/drift","GET","view_pricing","REGIONAL_MANAGER","404","expected pass"
"/api/proposals/[id]/export","GET","export_proposals","REGIONAL_MANAGER","404","expected pass"
"/api/proposals/[id]/lines/[lineId]","PATCH","edit_proposed_pricing","REGIONAL_MANAGER","404","expected pass"
"/api/proposals/[id]/lines/[lineId]/recommend","POST","edit_proposed_pricing","REGIONAL_MANAGER","404","expected pass"
"/api/proposals/[id]/logistics","GET","view_pricing","REGIONAL_MANAGER","404","expected pass"
"/api/proposals/[id]/logistics","POST","edit_proposed_pricing","REGIONAL_MANAGER","404","expected pass"
"/api/proposals/[id]/logistics","PATCH","edit_proposed_pricing","REGIONAL_MANAGER","404","expected pass"
"/api/proposals/[id]/outcome","POST","record_outcomes","REGIONAL_MANAGER","404","expected pass"
"/api/proposals/[id]/push-crm","POST","export_proposals","REGIONAL_MANAGER","404","expected pass"
"/api/proposals/[id]/refresh-context","POST","edit_proposed_pricing","REGIONAL_MANAGER","404","expected pass"
"/api/proposals/[id]/reopen","POST","edit_proposed_pricing","REGIONAL_MANAGER","404","expected pass"
"/api/proposals/[id]/scenarios","GET","view_pricing","REGIONAL_MANAGER","404","expected pass"
"/api/proposals/[id]/scenarios","POST","edit_proposed_pricing","REGIONAL_MANAGER","404","expected pass"
"/api/proposals/[id]/scenarios/[sid]","GET","view_pricing","REGIONAL_MANAGER","404","expected pass"
"/api/proposals/[id]/scenarios/[sid]","PATCH","edit_proposed_pricing","REGIONAL_MANAGER","404","expected pass"
"/api/proposals/[id]/scenarios/[sid]","DELETE","edit_proposed_pricing","REGIONAL_MANAGER","404","expected pass"
"/api/proposals/[id]/scenarios/[sid]/apply","POST","edit_proposed_pricing","REGIONAL_MANAGER","404","expected pass"
"/api/proposals/[id]/submit","POST","edit_proposed_pricing","REGIONAL_MANAGER","404","expected pass"
"/api/proposals/[id]/version","POST","edit_proposed_pricing","REGIONAL_MANAGER","404","expected pass"
"/api/purchases/import","POST","import_purchases","REGIONAL_MANAGER","403","expected 403"
"/api/requests","GET","run_cross_reference","REGIONAL_MANAGER","200","expected pass"
"/api/requests","POST","run_cross_reference","REGIONAL_MANAGER","400","expected pass"
"/api/requests/[id]","GET","run_cross_reference","REGIONAL_MANAGER","404","expected pass"
"/api/requests/[id]","DELETE","run_cross_reference","REGIONAL_MANAGER","404","expected pass"
"/api/requests/[id]/bulk","POST","run_cross_reference","REGIONAL_MANAGER","404","expected pass"
"/api/requests/[id]/cancel","POST","run_cross_reference","REGIONAL_MANAGER","404","expected pass"
"/api/requests/[id]/export","GET","run_cross_reference","REGIONAL_MANAGER","404","expected pass"
"/api/requests/[id]/lines/[lineId]","PATCH","run_cross_reference","REGIONAL_MANAGER","404","expected pass"
"/api/requests/[id]/lines/[lineId]/compare","GET","run_cross_reference","REGIONAL_MANAGER","404","expected pass"
"/api/requests/[id]/run","POST","run_cross_reference","REGIONAL_MANAGER","404","expected pass"
"/api/requests/[id]/sheets","POST","run_cross_reference","REGIONAL_MANAGER","404","expected pass"
"/api/settings","GET","session","REGIONAL_MANAGER","200","expected pass"
"/api/settings","POST","configure_settings","REGIONAL_MANAGER","403","expected 403"
"/api/settings/branding","GET","view_pricing","REGIONAL_MANAGER","200","expected pass"
"/api/settings/branding","PUT","configure_settings","REGIONAL_MANAGER","403","expected 403"
"/api/system","GET","configure_settings","REGIONAL_MANAGER","403","expected 403"
"/api/system","POST","configure_settings","REGIONAL_MANAGER","403","expected 403"
"/api/webhooks/salesforce","POST","custom","REGIONAL_MANAGER","404","custom gate"
"/api/accounts","GET","view_pricing","CONTRACTING_MANAGER","200","expected pass"
"/api/accounts","POST","manage_contracts","CONTRACTING_MANAGER","400","expected pass"
"/api/accounts/[id]","GET","view_pricing","CONTRACTING_MANAGER","404","expected pass"
"/api/accounts/[id]/memberships","POST","manage_contracts","CONTRACTING_MANAGER","400","expected pass"
"/api/analytics/[report]","GET","view_analytics","CONTRACTING_MANAGER","400","expected pass"
"/api/analytics/[report]","POST","view_analytics","CONTRACTING_MANAGER","skip","side-effecting when authorized; not invoked"
"/api/approvals","GET","view_pricing","CONTRACTING_MANAGER","200","expected pass"
"/api/approvals/[id]","POST","approve_discount","CONTRACTING_MANAGER","400","expected pass"
"/api/approvals/delegations","GET","view_pricing","CONTRACTING_MANAGER","200","expected pass"
"/api/approvals/delegations","POST","approve_discount","CONTRACTING_MANAGER","400","expected pass"
"/api/approvals/delegations/[id]","DELETE","view_pricing","CONTRACTING_MANAGER","404","expected pass"
"/api/audit","GET","view_pricing","CONTRACTING_MANAGER","200","expected pass"
"/api/auth/dev","GET","custom","CONTRACTING_MANAGER","200","custom gate"
"/api/auth/dev","POST","custom","CONTRACTING_MANAGER","400","custom gate"
"/api/auth/dev","DELETE","custom","CONTRACTING_MANAGER","200","custom gate"
"/api/auth/me","GET","custom","CONTRACTING_MANAGER","200","custom gate"
"/api/auth/oidc/callback","GET","custom","CONTRACTING_MANAGER","404","custom gate"
"/api/auth/oidc/logout","POST","custom","CONTRACTING_MANAGER","404","custom gate"
"/api/auth/oidc/start","GET","custom","CONTRACTING_MANAGER","404","custom gate"
"/api/catalog/add","POST","manage_catalog","CONTRACTING_MANAGER","400","expected pass"
"/api/catalog/enrich","GET","manage_catalog","CONTRACTING_MANAGER","200","expected pass"
"/api/catalog/enrich","POST","manage_catalog","CONTRACTING_MANAGER","skip","side-effecting when authorized; not invoked"
"/api/catalog/gudid","GET","session","CONTRACTING_MANAGER","200","expected pass"
"/api/catalog/gudid","POST","manage_catalog","CONTRACTING_MANAGER","400","expected pass"
"/api/catalog/gudid/[id]","GET","session","CONTRACTING_MANAGER","404","expected pass"
"/api/catalog/gudid/[id]","DELETE","manage_catalog","CONTRACTING_MANAGER","404","expected pass"
"/api/catalog/gudid/adopt","POST","manage_catalog","CONTRACTING_MANAGER","400","expected pass"
"/api/catalog/gudid/plan","POST","manage_catalog","CONTRACTING_MANAGER","400","expected pass"
"/api/catalog/gudid/prune","POST","manage_catalog","CONTRACTING_MANAGER","200","expected pass"
"/api/competitor-sizes/coverage","GET","manage_catalog","CONTRACTING_MANAGER","200","expected pass"
"/api/competitor-sizes/import","POST","manage_catalog","CONTRACTING_MANAGER","400","expected pass"
"/api/competitor-sizes/template","GET","manage_catalog","CONTRACTING_MANAGER","200","expected pass"
"/api/competitor/[id]","PATCH","manage_catalog|run_cross_reference","CONTRACTING_MANAGER","400","expected pass"
"/api/contracts","GET","view_pricing","CONTRACTING_MANAGER","200","expected pass"
"/api/contracts","POST","manage_contracts","CONTRACTING_MANAGER","400","expected pass"
"/api/contracts/[id]","GET","view_pricing","CONTRACTING_MANAGER","404","expected pass"
"/api/contracts/[id]","PATCH","manage_contracts","CONTRACTING_MANAGER","404","expected pass"
"/api/contracts/[id]/entries","POST","edit_contract_pricing","CONTRACTING_MANAGER","404","expected pass"
"/api/contracts/[id]/performance","GET","view_pricing","CONTRACTING_MANAGER","404","expected pass"
"/api/contracts/[id]/terms","POST","manage_contracts","CONTRACTING_MANAGER","404","expected pass"
"/api/contracts/[id]/terms","DELETE","manage_contracts","CONTRACTING_MANAGER","400","expected pass"
"/api/contracts/renewals","GET","view_pricing","CONTRACTING_MANAGER","200","expected pass"
"/api/costs/import","POST","import_cost_data","CONTRACTING_MANAGER","403","expected 403"
"/api/crosses","GET","view_pricing|manage_crosswalk|review_crosswalk_clinical","CONTRACTING_MANAGER","200","expected pass"
"/api/crosses","POST","run_cross_reference","CONTRACTING_MANAGER","400","expected pass"
"/api/crosses/[id]","PATCH","manage_crosswalk","CONTRACTING_MANAGER","403","expected 403"
"/api/crosses/[id]/conflict","POST","manage_crosswalk","CONTRACTING_MANAGER","403","expected 403"
"/api/crosswalk/publish","POST","publish_crosswalk","CONTRACTING_MANAGER","403","expected 403"
"/api/crosswalk/versions","GET","view_pricing|manage_crosswalk|review_crosswalk_clinical","CONTRACTING_MANAGER","200","expected pass"
"/api/documents/extract","POST","import_competitor_pricing","CONTRACTING_MANAGER","403","expected 403"
"/api/documents/extractions/[id]","GET","view_pricing","CONTRACTING_MANAGER","404","expected pass"
"/api/documents/extractions/[id]/import","POST","import_competitor_pricing","CONTRACTING_MANAGER","403","expected 403"
"/api/documents/extractions/[id]/verify","POST","verify_competitor_pricing","CONTRACTING_MANAGER","403","expected 403"
"/api/feeds","GET","configure_settings","CONTRACTING_MANAGER","403","expected 403"
"/api/feeds","POST","configure_settings","CONTRACTING_MANAGER","403","expected 403"
"/api/google","GET","session","CONTRACTING_MANAGER","200","expected pass"
"/api/health","GET","custom","CONTRACTING_MANAGER","200","custom gate"
"/api/intake/preview","POST","run_cross_reference","CONTRACTING_MANAGER","400","expected pass"
"/api/integrations","GET","view_pricing","CONTRACTING_MANAGER","200","expected pass"
"/api/integrations/config","GET","configure_settings","CONTRACTING_MANAGER","403","expected 403"
"/api/integrations/config/[key]","GET","configure_settings","CONTRACTING_MANAGER","403","expected 403"
"/api/integrations/config/[key]","PUT","configure_settings","CONTRACTING_MANAGER","403","expected 403"
"/api/integrations/config/[key]/jobs","GET","configure_settings","CONTRACTING_MANAGER","403","expected 403"
"/api/integrations/config/[key]/sync","POST","configure_settings","CONTRACTING_MANAGER","403","expected 403"
"/api/integrations/config/[key]/test","POST","configure_settings","CONTRACTING_MANAGER","403","expected 403"
"/api/integrations/config/[key]/upload","POST","configure_settings","CONTRACTING_MANAGER","403","expected 403"
"/api/integrations/config/[key]/validate-mapping","POST","configure_settings","CONTRACTING_MANAGER","403","expected 403"
"/api/integrations/jobs/[id]","GET","configure_settings","CONTRACTING_MANAGER","403","expected 403"
"/api/integrations/review","GET","view_pricing","CONTRACTING_MANAGER","200","expected pass"
"/api/integrations/review/[id]","POST","session","CONTRACTING_MANAGER","404","expected pass"
"/api/integrations/sync","POST","manage_contracts","CONTRACTING_MANAGER","400","expected pass"
"/api/intelligence","GET","view_pricing","CONTRACTING_MANAGER","200","expected pass"
"/api/intelligence","POST","import_competitor_pricing","CONTRACTING_MANAGER","403","expected 403"
"/api/intelligence/[id]","PATCH","verify_competitor_pricing","CONTRACTING_MANAGER","403","expected 403"
"/api/intelligence/bids","GET","view_pricing","CONTRACTING_MANAGER","200","expected pass"
"/api/intelligence/bids","POST","import_competitor_pricing","CONTRACTING_MANAGER","403","expected 403"
"/api/intelligence/bids/import","POST","import_competitor_pricing","CONTRACTING_MANAGER","403","expected 403"
"/api/intelligence/import","POST","import_competitor_pricing","CONTRACTING_MANAGER","403","expected 403"
"/api/metrics","GET","custom","CONTRACTING_MANAGER","401","custom gate"
"/api/notifications","GET","session","CONTRACTING_MANAGER","200","expected pass"
"/api/notifications","POST","session","CONTRACTING_MANAGER","400","expected pass"
"/api/notifications/preferences","GET","session","CONTRACTING_MANAGER","200","expected pass"
"/api/notifications/preferences","PATCH","session","CONTRACTING_MANAGER","400","expected pass"
"/api/observability/export","GET","session","CONTRACTING_MANAGER","403","expected 403"
"/api/pricing-policies","GET","view_pricing","CONTRACTING_MANAGER","200","expected pass"
"/api/pricing-policies","POST","configure_pricing_rules","CONTRACTING_MANAGER","403","expected 403"
"/api/pricing-policies/[id]/activate","POST","configure_pricing_rules","CONTRACTING_MANAGER","403","expected 403"
"/api/pricing/import","POST","import_cost_data","CONTRACTING_MANAGER","403","expected 403"
"/api/pricing/template","GET","import_cost_data","CONTRACTING_MANAGER","403","expected 403"
"/api/proposals","GET","view_pricing","CONTRACTING_MANAGER","200","expected pass"
"/api/proposals","POST","edit_proposed_pricing","CONTRACTING_MANAGER","400","expected pass"
"/api/proposals/[id]","GET","view_pricing","CONTRACTING_MANAGER","404","expected pass"
"/api/proposals/[id]","DELETE","edit_proposed_pricing","CONTRACTING_MANAGER","404","expected pass"
"/api/proposals/[id]/audit","GET","view_pricing","CONTRACTING_MANAGER","200","expected pass"
"/api/proposals/[id]/conversion","GET","view_pricing","CONTRACTING_MANAGER","404","expected pass"
"/api/proposals/[id]/drift","GET","view_pricing","CONTRACTING_MANAGER","404","expected pass"
"/api/proposals/[id]/export","GET","export_proposals","CONTRACTING_MANAGER","400","expected pass"
"/api/proposals/[id]/lines/[lineId]","PATCH","edit_proposed_pricing","CONTRACTING_MANAGER","404","expected pass"
"/api/proposals/[id]/lines/[lineId]/recommend","POST","edit_proposed_pricing","CONTRACTING_MANAGER","404","expected pass"
"/api/proposals/[id]/logistics","GET","view_pricing","CONTRACTING_MANAGER","404","expected pass"
"/api/proposals/[id]/logistics","POST","edit_proposed_pricing","CONTRACTING_MANAGER","404","expected pass"
"/api/proposals/[id]/logistics","PATCH","edit_proposed_pricing","CONTRACTING_MANAGER","404","expected pass"
"/api/proposals/[id]/outcome","POST","record_outcomes","CONTRACTING_MANAGER","404","expected pass"
"/api/proposals/[id]/push-crm","POST","export_proposals","CONTRACTING_MANAGER","404","expected pass"
"/api/proposals/[id]/refresh-context","POST","edit_proposed_pricing","CONTRACTING_MANAGER","404","expected pass"
"/api/proposals/[id]/reopen","POST","edit_proposed_pricing","CONTRACTING_MANAGER","404","expected pass"
"/api/proposals/[id]/scenarios","GET","view_pricing","CONTRACTING_MANAGER","200","expected pass"
"/api/proposals/[id]/scenarios","POST","edit_proposed_pricing","CONTRACTING_MANAGER","404","expected pass"
"/api/proposals/[id]/scenarios/[sid]","GET","view_pricing","CONTRACTING_MANAGER","404","expected pass"
"/api/proposals/[id]/scenarios/[sid]","PATCH","edit_proposed_pricing","CONTRACTING_MANAGER","404","expected pass"
"/api/proposals/[id]/scenarios/[sid]","DELETE","edit_proposed_pricing","CONTRACTING_MANAGER","404","expected pass"
"/api/proposals/[id]/scenarios/[sid]/apply","POST","edit_proposed_pricing","CONTRACTING_MANAGER","404","expected pass"
"/api/proposals/[id]/submit","POST","edit_proposed_pricing","CONTRACTING_MANAGER","404","expected pass"
"/api/proposals/[id]/version","POST","edit_proposed_pricing","CONTRACTING_MANAGER","404","expected pass"
"/api/purchases/import","POST","import_purchases","CONTRACTING_MANAGER","400","expected pass"
"/api/requests","GET","run_cross_reference","CONTRACTING_MANAGER","200","expected pass"
"/api/requests","POST","run_cross_reference","CONTRACTING_MANAGER","400","expected pass"
"/api/requests/[id]","GET","run_cross_reference","CONTRACTING_MANAGER","404","expected pass"
"/api/requests/[id]","DELETE","run_cross_reference","CONTRACTING_MANAGER","404","expected pass"
"/api/requests/[id]/bulk","POST","run_cross_reference","CONTRACTING_MANAGER","400","expected pass"
"/api/requests/[id]/cancel","POST","run_cross_reference","CONTRACTING_MANAGER","404","expected pass"
"/api/requests/[id]/export","GET","run_cross_reference","CONTRACTING_MANAGER","404","expected pass"
"/api/requests/[id]/lines/[lineId]","PATCH","run_cross_reference","CONTRACTING_MANAGER","404","expected pass"
"/api/requests/[id]/lines/[lineId]/compare","GET","run_cross_reference","CONTRACTING_MANAGER","404","expected pass"
"/api/requests/[id]/run","POST","run_cross_reference","CONTRACTING_MANAGER","404","expected pass"
"/api/requests/[id]/sheets","POST","run_cross_reference","CONTRACTING_MANAGER","400","expected pass"
"/api/settings","GET","session","CONTRACTING_MANAGER","200","expected pass"
"/api/settings","POST","configure_settings","CONTRACTING_MANAGER","403","expected 403"
"/api/settings/branding","GET","view_pricing","CONTRACTING_MANAGER","200","expected pass"
"/api/settings/branding","PUT","configure_settings","CONTRACTING_MANAGER","403","expected 403"
"/api/system","GET","configure_settings","CONTRACTING_MANAGER","403","expected 403"
"/api/system","POST","configure_settings","CONTRACTING_MANAGER","403","expected 403"
"/api/webhooks/salesforce","POST","custom","CONTRACTING_MANAGER","404","custom gate"
"/api/accounts","GET","view_pricing","PRICING_ANALYST","200","expected pass"
"/api/accounts","POST","manage_contracts","PRICING_ANALYST","403","expected 403"
"/api/accounts/[id]","GET","view_pricing","PRICING_ANALYST","404","expected pass"
"/api/accounts/[id]/memberships","POST","manage_contracts","PRICING_ANALYST","403","expected 403"
"/api/analytics/[report]","GET","view_analytics","PRICING_ANALYST","400","expected pass"
"/api/analytics/[report]","POST","view_analytics","PRICING_ANALYST","skip","side-effecting when authorized; not invoked"
"/api/approvals","GET","view_pricing","PRICING_ANALYST","200","expected pass"
"/api/approvals/[id]","POST","approve_discount","PRICING_ANALYST","403","expected 403"
"/api/approvals/delegations","GET","view_pricing","PRICING_ANALYST","200","expected pass"
"/api/approvals/delegations","POST","approve_discount","PRICING_ANALYST","403","expected 403"
"/api/approvals/delegations/[id]","DELETE","view_pricing","PRICING_ANALYST","404","expected pass"
"/api/audit","GET","view_pricing","PRICING_ANALYST","200","expected pass"
"/api/auth/dev","GET","custom","PRICING_ANALYST","200","custom gate"
"/api/auth/dev","POST","custom","PRICING_ANALYST","400","custom gate"
"/api/auth/dev","DELETE","custom","PRICING_ANALYST","200","custom gate"
"/api/auth/me","GET","custom","PRICING_ANALYST","200","custom gate"
"/api/auth/oidc/callback","GET","custom","PRICING_ANALYST","404","custom gate"
"/api/auth/oidc/logout","POST","custom","PRICING_ANALYST","404","custom gate"
"/api/auth/oidc/start","GET","custom","PRICING_ANALYST","404","custom gate"
"/api/catalog/add","POST","manage_catalog","PRICING_ANALYST","400","expected pass"
"/api/catalog/enrich","GET","manage_catalog","PRICING_ANALYST","200","expected pass"
"/api/catalog/enrich","POST","manage_catalog","PRICING_ANALYST","skip","side-effecting when authorized; not invoked"
"/api/catalog/gudid","GET","session","PRICING_ANALYST","200","expected pass"
"/api/catalog/gudid","POST","manage_catalog","PRICING_ANALYST","400","expected pass"
"/api/catalog/gudid/[id]","GET","session","PRICING_ANALYST","404","expected pass"
"/api/catalog/gudid/[id]","DELETE","manage_catalog","PRICING_ANALYST","404","expected pass"
"/api/catalog/gudid/adopt","POST","manage_catalog","PRICING_ANALYST","400","expected pass"
"/api/catalog/gudid/plan","POST","manage_catalog","PRICING_ANALYST","400","expected pass"
"/api/catalog/gudid/prune","POST","manage_catalog","PRICING_ANALYST","200","expected pass"
"/api/competitor-sizes/coverage","GET","manage_catalog","PRICING_ANALYST","200","expected pass"
"/api/competitor-sizes/import","POST","manage_catalog","PRICING_ANALYST","400","expected pass"
"/api/competitor-sizes/template","GET","manage_catalog","PRICING_ANALYST","200","expected pass"
"/api/competitor/[id]","PATCH","manage_catalog|run_cross_reference","PRICING_ANALYST","400","expected pass"
"/api/contracts","GET","view_pricing","PRICING_ANALYST","200","expected pass"
"/api/contracts","POST","manage_contracts","PRICING_ANALYST","403","expected 403"
"/api/contracts/[id]","GET","view_pricing","PRICING_ANALYST","404","expected pass"
"/api/contracts/[id]","PATCH","manage_contracts","PRICING_ANALYST","403","expected 403"
"/api/contracts/[id]/entries","POST","edit_contract_pricing","PRICING_ANALYST","403","expected 403"
"/api/contracts/[id]/performance","GET","view_pricing","PRICING_ANALYST","404","expected pass"
"/api/contracts/[id]/terms","POST","manage_contracts","PRICING_ANALYST","403","expected 403"
"/api/contracts/[id]/terms","DELETE","manage_contracts","PRICING_ANALYST","403","expected 403"
"/api/contracts/renewals","GET","view_pricing","PRICING_ANALYST","200","expected pass"
"/api/costs/import","POST","import_cost_data","PRICING_ANALYST","400","expected pass"
"/api/crosses","GET","view_pricing|manage_crosswalk|review_crosswalk_clinical","PRICING_ANALYST","200","expected pass"
"/api/crosses","POST","run_cross_reference","PRICING_ANALYST","400","expected pass"
"/api/crosses/[id]","PATCH","manage_crosswalk","PRICING_ANALYST","403","expected 403"
"/api/crosses/[id]/conflict","POST","manage_crosswalk","PRICING_ANALYST","403","expected 403"
"/api/crosswalk/publish","POST","publish_crosswalk","PRICING_ANALYST","403","expected 403"
"/api/crosswalk/versions","GET","view_pricing|manage_crosswalk|review_crosswalk_clinical","PRICING_ANALYST","200","expected pass"
"/api/documents/extract","POST","import_competitor_pricing","PRICING_ANALYST","400","expected pass"
"/api/documents/extractions/[id]","GET","view_pricing","PRICING_ANALYST","404","expected pass"
"/api/documents/extractions/[id]/import","POST","import_competitor_pricing","PRICING_ANALYST","404","expected pass"
"/api/documents/extractions/[id]/verify","POST","verify_competitor_pricing","PRICING_ANALYST","200","expected pass"
"/api/feeds","GET","configure_settings","PRICING_ANALYST","403","expected 403"
"/api/feeds","POST","configure_settings","PRICING_ANALYST","403","expected 403"
"/api/google","GET","session","PRICING_ANALYST","200","expected pass"
"/api/health","GET","custom","PRICING_ANALYST","200","custom gate"
"/api/intake/preview","POST","run_cross_reference","PRICING_ANALYST","400","expected pass"
"/api/integrations","GET","view_pricing","PRICING_ANALYST","200","expected pass"
"/api/integrations/config","GET","configure_settings","PRICING_ANALYST","403","expected 403"
"/api/integrations/config/[key]","GET","configure_settings","PRICING_ANALYST","403","expected 403"
"/api/integrations/config/[key]","PUT","configure_settings","PRICING_ANALYST","403","expected 403"
"/api/integrations/config/[key]/jobs","GET","configure_settings","PRICING_ANALYST","403","expected 403"
"/api/integrations/config/[key]/sync","POST","configure_settings","PRICING_ANALYST","403","expected 403"
"/api/integrations/config/[key]/test","POST","configure_settings","PRICING_ANALYST","403","expected 403"
"/api/integrations/config/[key]/upload","POST","configure_settings","PRICING_ANALYST","403","expected 403"
"/api/integrations/config/[key]/validate-mapping","POST","configure_settings","PRICING_ANALYST","403","expected 403"
"/api/integrations/jobs/[id]","GET","configure_settings","PRICING_ANALYST","403","expected 403"
"/api/integrations/review","GET","view_pricing","PRICING_ANALYST","200","expected pass"
"/api/integrations/review/[id]","POST","session","PRICING_ANALYST","404","expected pass"
"/api/integrations/sync","POST","manage_contracts","PRICING_ANALYST","403","expected 403"
"/api/intelligence","GET","view_pricing","PRICING_ANALYST","200","expected pass"
"/api/intelligence","POST","import_competitor_pricing","PRICING_ANALYST","400","expected pass"
"/api/intelligence/[id]","PATCH","verify_competitor_pricing","PRICING_ANALYST","404","expected pass"
"/api/intelligence/bids","GET","view_pricing","PRICING_ANALYST","200","expected pass"
"/api/intelligence/bids","POST","import_competitor_pricing","PRICING_ANALYST","400","expected pass"
"/api/intelligence/bids/import","POST","import_competitor_pricing","PRICING_ANALYST","400","expected pass"
"/api/intelligence/import","POST","import_competitor_pricing","PRICING_ANALYST","400","expected pass"
"/api/metrics","GET","custom","PRICING_ANALYST","401","custom gate"
"/api/notifications","GET","session","PRICING_ANALYST","200","expected pass"
"/api/notifications","POST","session","PRICING_ANALYST","400","expected pass"
"/api/notifications/preferences","GET","session","PRICING_ANALYST","200","expected pass"
"/api/notifications/preferences","PATCH","session","PRICING_ANALYST","400","expected pass"
"/api/observability/export","GET","session","PRICING_ANALYST","403","expected 403"
"/api/pricing-policies","GET","view_pricing","PRICING_ANALYST","200","expected pass"
"/api/pricing-policies","POST","configure_pricing_rules","PRICING_ANALYST","403","expected 403"
"/api/pricing-policies/[id]/activate","POST","configure_pricing_rules","PRICING_ANALYST","403","expected 403"
"/api/pricing/import","POST","import_cost_data","PRICING_ANALYST","400","expected pass"
"/api/pricing/template","GET","import_cost_data","PRICING_ANALYST","200","expected pass"
"/api/proposals","GET","view_pricing","PRICING_ANALYST","200","expected pass"
"/api/proposals","POST","edit_proposed_pricing","PRICING_ANALYST","400","expected pass"
"/api/proposals/[id]","GET","view_pricing","PRICING_ANALYST","404","expected pass"
"/api/proposals/[id]","DELETE","edit_proposed_pricing","PRICING_ANALYST","404","expected pass"
"/api/proposals/[id]/audit","GET","view_pricing","PRICING_ANALYST","200","expected pass"
"/api/proposals/[id]/conversion","GET","view_pricing","PRICING_ANALYST","404","expected pass"
"/api/proposals/[id]/drift","GET","view_pricing","PRICING_ANALYST","404","expected pass"
"/api/proposals/[id]/export","GET","export_proposals","PRICING_ANALYST","403","expected 403"
"/api/proposals/[id]/lines/[lineId]","PATCH","edit_proposed_pricing","PRICING_ANALYST","404","expected pass"
"/api/proposals/[id]/lines/[lineId]/recommend","POST","edit_proposed_pricing","PRICING_ANALYST","404","expected pass"
"/api/proposals/[id]/logistics","GET","view_pricing","PRICING_ANALYST","404","expected pass"
"/api/proposals/[id]/logistics","POST","edit_proposed_pricing","PRICING_ANALYST","404","expected pass"
"/api/proposals/[id]/logistics","PATCH","edit_proposed_pricing","PRICING_ANALYST","404","expected pass"
"/api/proposals/[id]/outcome","POST","record_outcomes","PRICING_ANALYST","403","expected 403"
"/api/proposals/[id]/push-crm","POST","export_proposals","PRICING_ANALYST","403","expected 403"
"/api/proposals/[id]/refresh-context","POST","edit_proposed_pricing","PRICING_ANALYST","404","expected pass"
"/api/proposals/[id]/reopen","POST","edit_proposed_pricing","PRICING_ANALYST","404","expected pass"
"/api/proposals/[id]/scenarios","GET","view_pricing","PRICING_ANALYST","200","expected pass"
"/api/proposals/[id]/scenarios","POST","edit_proposed_pricing","PRICING_ANALYST","404","expected pass"
"/api/proposals/[id]/scenarios/[sid]","GET","view_pricing","PRICING_ANALYST","404","expected pass"
"/api/proposals/[id]/scenarios/[sid]","PATCH","edit_proposed_pricing","PRICING_ANALYST","404","expected pass"
"/api/proposals/[id]/scenarios/[sid]","DELETE","edit_proposed_pricing","PRICING_ANALYST","404","expected pass"
"/api/proposals/[id]/scenarios/[sid]/apply","POST","edit_proposed_pricing","PRICING_ANALYST","404","expected pass"
"/api/proposals/[id]/submit","POST","edit_proposed_pricing","PRICING_ANALYST","404","expected pass"
"/api/proposals/[id]/version","POST","edit_proposed_pricing","PRICING_ANALYST","404","expected pass"
"/api/purchases/import","POST","import_purchases","PRICING_ANALYST","403","expected 403"
"/api/requests","GET","run_cross_reference","PRICING_ANALYST","200","expected pass"
"/api/requests","POST","run_cross_reference","PRICING_ANALYST","400","expected pass"
"/api/requests/[id]","GET","run_cross_reference","PRICING_ANALYST","404","expected pass"
"/api/requests/[id]","DELETE","run_cross_reference","PRICING_ANALYST","404","expected pass"
"/api/requests/[id]/bulk","POST","run_cross_reference","PRICING_ANALYST","400","expected pass"
"/api/requests/[id]/cancel","POST","run_cross_reference","PRICING_ANALYST","404","expected pass"
"/api/requests/[id]/export","GET","run_cross_reference","PRICING_ANALYST","404","expected pass"
"/api/requests/[id]/lines/[lineId]","PATCH","run_cross_reference","PRICING_ANALYST","404","expected pass"
"/api/requests/[id]/lines/[lineId]/compare","GET","run_cross_reference","PRICING_ANALYST","404","expected pass"
"/api/requests/[id]/run","POST","run_cross_reference","PRICING_ANALYST","404","expected pass"
"/api/requests/[id]/sheets","POST","run_cross_reference","PRICING_ANALYST","400","expected pass"
"/api/settings","GET","session","PRICING_ANALYST","200","expected pass"
"/api/settings","POST","configure_settings","PRICING_ANALYST","403","expected 403"
"/api/settings/branding","GET","view_pricing","PRICING_ANALYST","200","expected pass"
"/api/settings/branding","PUT","configure_settings","PRICING_ANALYST","403","expected 403"
"/api/system","GET","configure_settings","PRICING_ANALYST","403","expected 403"
"/api/system","POST","configure_settings","PRICING_ANALYST","403","expected 403"
"/api/webhooks/salesforce","POST","custom","PRICING_ANALYST","404","custom gate"
"/api/accounts","GET","view_pricing","PRICING_DIRECTOR","200","expected pass"
"/api/accounts","POST","manage_contracts","PRICING_DIRECTOR","400","expected pass"
"/api/accounts/[id]","GET","view_pricing","PRICING_DIRECTOR","404","expected pass"
"/api/accounts/[id]/memberships","POST","manage_contracts","PRICING_DIRECTOR","400","expected pass"
"/api/analytics/[report]","GET","view_analytics","PRICING_DIRECTOR","400","expected pass"
"/api/analytics/[report]","POST","view_analytics","PRICING_DIRECTOR","skip","side-effecting when authorized; not invoked"
"/api/approvals","GET","view_pricing","PRICING_DIRECTOR","200","expected pass"
"/api/approvals/[id]","POST","approve_discount","PRICING_DIRECTOR","400","expected pass"
"/api/approvals/delegations","GET","view_pricing","PRICING_DIRECTOR","200","expected pass"
"/api/approvals/delegations","POST","approve_discount","PRICING_DIRECTOR","400","expected pass"
"/api/approvals/delegations/[id]","DELETE","view_pricing","PRICING_DIRECTOR","404","expected pass"
"/api/audit","GET","view_pricing","PRICING_DIRECTOR","200","expected pass"
"/api/auth/dev","GET","custom","PRICING_DIRECTOR","200","custom gate"
"/api/auth/dev","POST","custom","PRICING_DIRECTOR","400","custom gate"
"/api/auth/dev","DELETE","custom","PRICING_DIRECTOR","200","custom gate"
"/api/auth/me","GET","custom","PRICING_DIRECTOR","200","custom gate"
"/api/auth/oidc/callback","GET","custom","PRICING_DIRECTOR","404","custom gate"
"/api/auth/oidc/logout","POST","custom","PRICING_DIRECTOR","404","custom gate"
"/api/auth/oidc/start","GET","custom","PRICING_DIRECTOR","404","custom gate"
"/api/catalog/add","POST","manage_catalog","PRICING_DIRECTOR","403","expected 403"
"/api/catalog/enrich","GET","manage_catalog","PRICING_DIRECTOR","403","expected 403"
"/api/catalog/enrich","POST","manage_catalog","PRICING_DIRECTOR","403","expected 403"
"/api/catalog/gudid","GET","session","PRICING_DIRECTOR","200","expected pass"
"/api/catalog/gudid","POST","manage_catalog","PRICING_DIRECTOR","403","expected 403"
"/api/catalog/gudid/[id]","GET","session","PRICING_DIRECTOR","404","expected pass"
"/api/catalog/gudid/[id]","DELETE","manage_catalog","PRICING_DIRECTOR","403","expected 403"
"/api/catalog/gudid/adopt","POST","manage_catalog","PRICING_DIRECTOR","403","expected 403"
"/api/catalog/gudid/plan","POST","manage_catalog","PRICING_DIRECTOR","403","expected 403"
"/api/catalog/gudid/prune","POST","manage_catalog","PRICING_DIRECTOR","403","expected 403"
"/api/competitor-sizes/coverage","GET","manage_catalog","PRICING_DIRECTOR","403","expected 403"
"/api/competitor-sizes/import","POST","manage_catalog","PRICING_DIRECTOR","403","expected 403"
"/api/competitor-sizes/template","GET","manage_catalog","PRICING_DIRECTOR","403","expected 403"
"/api/competitor/[id]","PATCH","manage_catalog|run_cross_reference","PRICING_DIRECTOR","400","expected pass"
"/api/contracts","GET","view_pricing","PRICING_DIRECTOR","200","expected pass"
"/api/contracts","POST","manage_contracts","PRICING_DIRECTOR","400","expected pass"
"/api/contracts/[id]","GET","view_pricing","PRICING_DIRECTOR","404","expected pass"
"/api/contracts/[id]","PATCH","manage_contracts","PRICING_DIRECTOR","404","expected pass"
"/api/contracts/[id]/entries","POST","edit_contract_pricing","PRICING_DIRECTOR","404","expected pass"
"/api/contracts/[id]/performance","GET","view_pricing","PRICING_DIRECTOR","404","expected pass"
"/api/contracts/[id]/terms","POST","manage_contracts","PRICING_DIRECTOR","404","expected pass"
"/api/contracts/[id]/terms","DELETE","manage_contracts","PRICING_DIRECTOR","400","expected pass"
"/api/contracts/renewals","GET","view_pricing","PRICING_DIRECTOR","200","expected pass"
"/api/costs/import","POST","import_cost_data","PRICING_DIRECTOR","400","expected pass"
"/api/crosses","GET","view_pricing|manage_crosswalk|review_crosswalk_clinical","PRICING_DIRECTOR","200","expected pass"
"/api/crosses","POST","run_cross_reference","PRICING_DIRECTOR","400","expected pass"
"/api/crosses/[id]","PATCH","manage_crosswalk","PRICING_DIRECTOR","403","expected 403"
"/api/crosses/[id]/conflict","POST","manage_crosswalk","PRICING_DIRECTOR","403","expected 403"
"/api/crosswalk/publish","POST","publish_crosswalk","PRICING_DIRECTOR","403","expected 403"
"/api/crosswalk/versions","GET","view_pricing|manage_crosswalk|review_crosswalk_clinical","PRICING_DIRECTOR","200","expected pass"
"/api/documents/extract","POST","import_competitor_pricing","PRICING_DIRECTOR","400","expected pass"
"/api/documents/extractions/[id]","GET","view_pricing","PRICING_DIRECTOR","404","expected pass"
"/api/documents/extractions/[id]/import","POST","import_competitor_pricing","PRICING_DIRECTOR","404","expected pass"
"/api/documents/extractions/[id]/verify","POST","verify_competitor_pricing","PRICING_DIRECTOR","200","expected pass"
"/api/feeds","GET","configure_settings","PRICING_DIRECTOR","200","expected pass"
"/api/feeds","POST","configure_settings","PRICING_DIRECTOR","skip","side-effecting when authorized; not invoked"
"/api/google","GET","session","PRICING_DIRECTOR","200","expected pass"
"/api/health","GET","custom","PRICING_DIRECTOR","200","custom gate"
"/api/intake/preview","POST","run_cross_reference","PRICING_DIRECTOR","400","expected pass"
"/api/integrations","GET","view_pricing","PRICING_DIRECTOR","200","expected pass"
"/api/integrations/config","GET","configure_settings","PRICING_DIRECTOR","200","expected pass"
"/api/integrations/config/[key]","GET","configure_settings","PRICING_DIRECTOR","404","expected pass"
"/api/integrations/config/[key]","PUT","configure_settings","PRICING_DIRECTOR","404","expected pass"
"/api/integrations/config/[key]/jobs","GET","configure_settings","PRICING_DIRECTOR","404","expected pass"
"/api/integrations/config/[key]/sync","POST","configure_settings","PRICING_DIRECTOR","404","expected pass"
"/api/integrations/config/[key]/test","POST","configure_settings","PRICING_DIRECTOR","404","expected pass"
"/api/integrations/config/[key]/upload","POST","configure_settings","PRICING_DIRECTOR","404","expected pass"
"/api/integrations/config/[key]/validate-mapping","POST","configure_settings","PRICING_DIRECTOR","404","expected pass"
"/api/integrations/jobs/[id]","GET","configure_settings","PRICING_DIRECTOR","404","expected pass"
"/api/integrations/review","GET","view_pricing","PRICING_DIRECTOR","200","expected pass"
"/api/integrations/review/[id]","POST","session","PRICING_DIRECTOR","404","expected pass"
"/api/integrations/sync","POST","manage_contracts","PRICING_DIRECTOR","400","expected pass"
"/api/intelligence","GET","view_pricing","PRICING_DIRECTOR","200","expected pass"
"/api/intelligence","POST","import_competitor_pricing","PRICING_DIRECTOR","400","expected pass"
"/api/intelligence/[id]","PATCH","verify_competitor_pricing","PRICING_DIRECTOR","404","expected pass"
"/api/intelligence/bids","GET","view_pricing","PRICING_DIRECTOR","200","expected pass"
"/api/intelligence/bids","POST","import_competitor_pricing","PRICING_DIRECTOR","400","expected pass"
"/api/intelligence/bids/import","POST","import_competitor_pricing","PRICING_DIRECTOR","400","expected pass"
"/api/intelligence/import","POST","import_competitor_pricing","PRICING_DIRECTOR","400","expected pass"
"/api/metrics","GET","custom","PRICING_DIRECTOR","401","custom gate"
"/api/notifications","GET","session","PRICING_DIRECTOR","200","expected pass"
"/api/notifications","POST","session","PRICING_DIRECTOR","400","expected pass"
"/api/notifications/preferences","GET","session","PRICING_DIRECTOR","200","expected pass"
"/api/notifications/preferences","PATCH","session","PRICING_DIRECTOR","400","expected pass"
"/api/observability/export","GET","session","PRICING_DIRECTOR","403","expected 403"
"/api/pricing-policies","GET","view_pricing","PRICING_DIRECTOR","200","expected pass"
"/api/pricing-policies","POST","configure_pricing_rules","PRICING_DIRECTOR","400","expected pass"
"/api/pricing-policies/[id]/activate","POST","configure_pricing_rules","PRICING_DIRECTOR","404","expected pass"
"/api/pricing/import","POST","import_cost_data","PRICING_DIRECTOR","400","expected pass"
"/api/pricing/template","GET","import_cost_data","PRICING_DIRECTOR","200","expected pass"
"/api/proposals","GET","view_pricing","PRICING_DIRECTOR","200","expected pass"
"/api/proposals","POST","edit_proposed_pricing","PRICING_DIRECTOR","400","expected pass"
"/api/proposals/[id]","GET","view_pricing","PRICING_DIRECTOR","404","expected pass"
"/api/proposals/[id]","DELETE","edit_proposed_pricing","PRICING_DIRECTOR","404","expected pass"
"/api/proposals/[id]/audit","GET","view_pricing","PRICING_DIRECTOR","200","expected pass"
"/api/proposals/[id]/conversion","GET","view_pricing","PRICING_DIRECTOR","404","expected pass"
"/api/proposals/[id]/drift","GET","view_pricing","PRICING_DIRECTOR","404","expected pass"
"/api/proposals/[id]/export","GET","export_proposals","PRICING_DIRECTOR","400","expected pass"
"/api/proposals/[id]/lines/[lineId]","PATCH","edit_proposed_pricing","PRICING_DIRECTOR","404","expected pass"
"/api/proposals/[id]/lines/[lineId]/recommend","POST","edit_proposed_pricing","PRICING_DIRECTOR","404","expected pass"
"/api/proposals/[id]/logistics","GET","view_pricing","PRICING_DIRECTOR","404","expected pass"
"/api/proposals/[id]/logistics","POST","edit_proposed_pricing","PRICING_DIRECTOR","404","expected pass"
"/api/proposals/[id]/logistics","PATCH","edit_proposed_pricing","PRICING_DIRECTOR","404","expected pass"
"/api/proposals/[id]/outcome","POST","record_outcomes","PRICING_DIRECTOR","404","expected pass"
"/api/proposals/[id]/push-crm","POST","export_proposals","PRICING_DIRECTOR","404","expected pass"
"/api/proposals/[id]/refresh-context","POST","edit_proposed_pricing","PRICING_DIRECTOR","404","expected pass"
"/api/proposals/[id]/reopen","POST","edit_proposed_pricing","PRICING_DIRECTOR","404","expected pass"
"/api/proposals/[id]/scenarios","GET","view_pricing","PRICING_DIRECTOR","200","expected pass"
"/api/proposals/[id]/scenarios","POST","edit_proposed_pricing","PRICING_DIRECTOR","404","expected pass"
"/api/proposals/[id]/scenarios/[sid]","GET","view_pricing","PRICING_DIRECTOR","404","expected pass"
"/api/proposals/[id]/scenarios/[sid]","PATCH","edit_proposed_pricing","PRICING_DIRECTOR","404","expected pass"
"/api/proposals/[id]/scenarios/[sid]","DELETE","edit_proposed_pricing","PRICING_DIRECTOR","404","expected pass"
"/api/proposals/[id]/scenarios/[sid]/apply","POST","edit_proposed_pricing","PRICING_DIRECTOR","404","expected pass"
"/api/proposals/[id]/submit","POST","edit_proposed_pricing","PRICING_DIRECTOR","404","expected pass"
"/api/proposals/[id]/version","POST","edit_proposed_pricing","PRICING_DIRECTOR","404","expected pass"
"/api/purchases/import","POST","import_purchases","PRICING_DIRECTOR","403","expected 403"
"/api/requests","GET","run_cross_reference","PRICING_DIRECTOR","200","expected pass"
"/api/requests","POST","run_cross_reference","PRICING_DIRECTOR","400","expected pass"
"/api/requests/[id]","GET","run_cross_reference","PRICING_DIRECTOR","404","expected pass"
"/api/requests/[id]","DELETE","run_cross_reference","PRICING_DIRECTOR","404","expected pass"
"/api/requests/[id]/bulk","POST","run_cross_reference","PRICING_DIRECTOR","400","expected pass"
"/api/requests/[id]/cancel","POST","run_cross_reference","PRICING_DIRECTOR","404","expected pass"
"/api/requests/[id]/export","GET","run_cross_reference","PRICING_DIRECTOR","404","expected pass"
"/api/requests/[id]/lines/[lineId]","PATCH","run_cross_reference","PRICING_DIRECTOR","404","expected pass"
"/api/requests/[id]/lines/[lineId]/compare","GET","run_cross_reference","PRICING_DIRECTOR","404","expected pass"
"/api/requests/[id]/run","POST","run_cross_reference","PRICING_DIRECTOR","404","expected pass"
"/api/requests/[id]/sheets","POST","run_cross_reference","PRICING_DIRECTOR","400","expected pass"
"/api/settings","GET","session","PRICING_DIRECTOR","200","expected pass"
"/api/settings","POST","configure_settings","PRICING_DIRECTOR","200","expected pass"
"/api/settings/branding","GET","view_pricing","PRICING_DIRECTOR","200","expected pass"
"/api/settings/branding","PUT","configure_settings","PRICING_DIRECTOR","200","expected pass"
"/api/system","GET","configure_settings","PRICING_DIRECTOR","200","expected pass"
"/api/system","POST","configure_settings","PRICING_DIRECTOR","skip","side-effecting when authorized; not invoked"
"/api/webhooks/salesforce","POST","custom","PRICING_DIRECTOR","404","custom gate"
"/api/accounts","GET","view_pricing","PRICING_COMMITTEE","200","expected pass"
"/api/accounts","POST","manage_contracts","PRICING_COMMITTEE","403","expected 403"
"/api/accounts/[id]","GET","view_pricing","PRICING_COMMITTEE","404","expected pass"
"/api/accounts/[id]/memberships","POST","manage_contracts","PRICING_COMMITTEE","403","expected 403"
"/api/analytics/[report]","GET","view_analytics","PRICING_COMMITTEE","400","expected pass"
"/api/analytics/[report]","POST","view_analytics","PRICING_COMMITTEE","skip","side-effecting when authorized; not invoked"
"/api/approvals","GET","view_pricing","PRICING_COMMITTEE","200","expected pass"
"/api/approvals/[id]","POST","approve_discount","PRICING_COMMITTEE","400","expected pass"
"/api/approvals/delegations","GET","view_pricing","PRICING_COMMITTEE","200","expected pass"
"/api/approvals/delegations","POST","approve_discount","PRICING_COMMITTEE","400","expected pass"
"/api/approvals/delegations/[id]","DELETE","view_pricing","PRICING_COMMITTEE","404","expected pass"
"/api/audit","GET","view_pricing","PRICING_COMMITTEE","200","expected pass"
"/api/auth/dev","GET","custom","PRICING_COMMITTEE","200","custom gate"
"/api/auth/dev","POST","custom","PRICING_COMMITTEE","400","custom gate"
"/api/auth/dev","DELETE","custom","PRICING_COMMITTEE","200","custom gate"
"/api/auth/me","GET","custom","PRICING_COMMITTEE","200","custom gate"
"/api/auth/oidc/callback","GET","custom","PRICING_COMMITTEE","404","custom gate"
"/api/auth/oidc/logout","POST","custom","PRICING_COMMITTEE","404","custom gate"
"/api/auth/oidc/start","GET","custom","PRICING_COMMITTEE","404","custom gate"
"/api/catalog/add","POST","manage_catalog","PRICING_COMMITTEE","403","expected 403"
"/api/catalog/enrich","GET","manage_catalog","PRICING_COMMITTEE","403","expected 403"
"/api/catalog/enrich","POST","manage_catalog","PRICING_COMMITTEE","403","expected 403"
"/api/catalog/gudid","GET","session","PRICING_COMMITTEE","200","expected pass"
"/api/catalog/gudid","POST","manage_catalog","PRICING_COMMITTEE","403","expected 403"
"/api/catalog/gudid/[id]","GET","session","PRICING_COMMITTEE","404","expected pass"
"/api/catalog/gudid/[id]","DELETE","manage_catalog","PRICING_COMMITTEE","403","expected 403"
"/api/catalog/gudid/adopt","POST","manage_catalog","PRICING_COMMITTEE","403","expected 403"
"/api/catalog/gudid/plan","POST","manage_catalog","PRICING_COMMITTEE","403","expected 403"
"/api/catalog/gudid/prune","POST","manage_catalog","PRICING_COMMITTEE","403","expected 403"
"/api/competitor-sizes/coverage","GET","manage_catalog","PRICING_COMMITTEE","403","expected 403"
"/api/competitor-sizes/import","POST","manage_catalog","PRICING_COMMITTEE","403","expected 403"
"/api/competitor-sizes/template","GET","manage_catalog","PRICING_COMMITTEE","403","expected 403"
"/api/competitor/[id]","PATCH","manage_catalog|run_cross_reference","PRICING_COMMITTEE","403","expected 403"
"/api/contracts","GET","view_pricing","PRICING_COMMITTEE","200","expected pass"
"/api/contracts","POST","manage_contracts","PRICING_COMMITTEE","403","expected 403"
"/api/contracts/[id]","GET","view_pricing","PRICING_COMMITTEE","404","expected pass"
"/api/contracts/[id]","PATCH","manage_contracts","PRICING_COMMITTEE","403","expected 403"
"/api/contracts/[id]/entries","POST","edit_contract_pricing","PRICING_COMMITTEE","403","expected 403"
"/api/contracts/[id]/performance","GET","view_pricing","PRICING_COMMITTEE","404","expected pass"
"/api/contracts/[id]/terms","POST","manage_contracts","PRICING_COMMITTEE","403","expected 403"
"/api/contracts/[id]/terms","DELETE","manage_contracts","PRICING_COMMITTEE","403","expected 403"
"/api/contracts/renewals","GET","view_pricing","PRICING_COMMITTEE","200","expected pass"
"/api/costs/import","POST","import_cost_data","PRICING_COMMITTEE","403","expected 403"
"/api/crosses","GET","view_pricing|manage_crosswalk|review_crosswalk_clinical","PRICING_COMMITTEE","200","expected pass"
"/api/crosses","POST","run_cross_reference","PRICING_COMMITTEE","403","expected 403"
"/api/crosses/[id]","PATCH","manage_crosswalk","PRICING_COMMITTEE","403","expected 403"
"/api/crosses/[id]/conflict","POST","manage_crosswalk","PRICING_COMMITTEE","403","expected 403"
"/api/crosswalk/publish","POST","publish_crosswalk","PRICING_COMMITTEE","403","expected 403"
"/api/crosswalk/versions","GET","view_pricing|manage_crosswalk|review_crosswalk_clinical","PRICING_COMMITTEE","200","expected pass"
"/api/documents/extract","POST","import_competitor_pricing","PRICING_COMMITTEE","403","expected 403"
"/api/documents/extractions/[id]","GET","view_pricing","PRICING_COMMITTEE","404","expected pass"
"/api/documents/extractions/[id]/import","POST","import_competitor_pricing","PRICING_COMMITTEE","403","expected 403"
"/api/documents/extractions/[id]/verify","POST","verify_competitor_pricing","PRICING_COMMITTEE","403","expected 403"
"/api/feeds","GET","configure_settings","PRICING_COMMITTEE","403","expected 403"
"/api/feeds","POST","configure_settings","PRICING_COMMITTEE","403","expected 403"
"/api/google","GET","session","PRICING_COMMITTEE","200","expected pass"
"/api/health","GET","custom","PRICING_COMMITTEE","200","custom gate"
"/api/intake/preview","POST","run_cross_reference","PRICING_COMMITTEE","403","expected 403"
"/api/integrations","GET","view_pricing","PRICING_COMMITTEE","200","expected pass"
"/api/integrations/config","GET","configure_settings","PRICING_COMMITTEE","403","expected 403"
"/api/integrations/config/[key]","GET","configure_settings","PRICING_COMMITTEE","403","expected 403"
"/api/integrations/config/[key]","PUT","configure_settings","PRICING_COMMITTEE","403","expected 403"
"/api/integrations/config/[key]/jobs","GET","configure_settings","PRICING_COMMITTEE","403","expected 403"
"/api/integrations/config/[key]/sync","POST","configure_settings","PRICING_COMMITTEE","403","expected 403"
"/api/integrations/config/[key]/test","POST","configure_settings","PRICING_COMMITTEE","403","expected 403"
"/api/integrations/config/[key]/upload","POST","configure_settings","PRICING_COMMITTEE","403","expected 403"
"/api/integrations/config/[key]/validate-mapping","POST","configure_settings","PRICING_COMMITTEE","403","expected 403"
"/api/integrations/jobs/[id]","GET","configure_settings","PRICING_COMMITTEE","403","expected 403"
"/api/integrations/review","GET","view_pricing","PRICING_COMMITTEE","200","expected pass"
"/api/integrations/review/[id]","POST","session","PRICING_COMMITTEE","404","expected pass"
"/api/integrations/sync","POST","manage_contracts","PRICING_COMMITTEE","403","expected 403"
"/api/intelligence","GET","view_pricing","PRICING_COMMITTEE","200","expected pass"
"/api/intelligence","POST","import_competitor_pricing","PRICING_COMMITTEE","403","expected 403"
"/api/intelligence/[id]","PATCH","verify_competitor_pricing","PRICING_COMMITTEE","403","expected 403"
"/api/intelligence/bids","GET","view_pricing","PRICING_COMMITTEE","200","expected pass"
"/api/intelligence/bids","POST","import_competitor_pricing","PRICING_COMMITTEE","403","expected 403"
"/api/intelligence/bids/import","POST","import_competitor_pricing","PRICING_COMMITTEE","403","expected 403"
"/api/intelligence/import","POST","import_competitor_pricing","PRICING_COMMITTEE","403","expected 403"
"/api/metrics","GET","custom","PRICING_COMMITTEE","401","custom gate"
"/api/notifications","GET","session","PRICING_COMMITTEE","200","expected pass"
"/api/notifications","POST","session","PRICING_COMMITTEE","400","expected pass"
"/api/notifications/preferences","GET","session","PRICING_COMMITTEE","200","expected pass"
"/api/notifications/preferences","PATCH","session","PRICING_COMMITTEE","400","expected pass"
"/api/observability/export","GET","session","PRICING_COMMITTEE","403","expected 403"
"/api/pricing-policies","GET","view_pricing","PRICING_COMMITTEE","200","expected pass"
"/api/pricing-policies","POST","configure_pricing_rules","PRICING_COMMITTEE","403","expected 403"
"/api/pricing-policies/[id]/activate","POST","configure_pricing_rules","PRICING_COMMITTEE","403","expected 403"
"/api/pricing/import","POST","import_cost_data","PRICING_COMMITTEE","403","expected 403"
"/api/pricing/template","GET","import_cost_data","PRICING_COMMITTEE","403","expected 403"
"/api/proposals","GET","view_pricing","PRICING_COMMITTEE","200","expected pass"
"/api/proposals","POST","edit_proposed_pricing","PRICING_COMMITTEE","403","expected 403"
"/api/proposals/[id]","GET","view_pricing","PRICING_COMMITTEE","404","expected pass"
"/api/proposals/[id]","DELETE","edit_proposed_pricing","PRICING_COMMITTEE","403","expected 403"
"/api/proposals/[id]/audit","GET","view_pricing","PRICING_COMMITTEE","200","expected pass"
"/api/proposals/[id]/conversion","GET","view_pricing","PRICING_COMMITTEE","404","expected pass"
"/api/proposals/[id]/drift","GET","view_pricing","PRICING_COMMITTEE","404","expected pass"
"/api/proposals/[id]/export","GET","export_proposals","PRICING_COMMITTEE","403","expected 403"
"/api/proposals/[id]/lines/[lineId]","PATCH","edit_proposed_pricing","PRICING_COMMITTEE","403","expected 403"
"/api/proposals/[id]/lines/[lineId]/recommend","POST","edit_proposed_pricing","PRICING_COMMITTEE","403","expected 403"
"/api/proposals/[id]/logistics","GET","view_pricing","PRICING_COMMITTEE","404","expected pass"
"/api/proposals/[id]/logistics","POST","edit_proposed_pricing","PRICING_COMMITTEE","403","expected 403"
"/api/proposals/[id]/logistics","PATCH","edit_proposed_pricing","PRICING_COMMITTEE","403","expected 403"
"/api/proposals/[id]/outcome","POST","record_outcomes","PRICING_COMMITTEE","403","expected 403"
"/api/proposals/[id]/push-crm","POST","export_proposals","PRICING_COMMITTEE","403","expected 403"
"/api/proposals/[id]/refresh-context","POST","edit_proposed_pricing","PRICING_COMMITTEE","403","expected 403"
"/api/proposals/[id]/reopen","POST","edit_proposed_pricing","PRICING_COMMITTEE","403","expected 403"
"/api/proposals/[id]/scenarios","GET","view_pricing","PRICING_COMMITTEE","200","expected pass"
"/api/proposals/[id]/scenarios","POST","edit_proposed_pricing","PRICING_COMMITTEE","403","expected 403"
"/api/proposals/[id]/scenarios/[sid]","GET","view_pricing","PRICING_COMMITTEE","404","expected pass"
"/api/proposals/[id]/scenarios/[sid]","PATCH","edit_proposed_pricing","PRICING_COMMITTEE","403","expected 403"
"/api/proposals/[id]/scenarios/[sid]","DELETE","edit_proposed_pricing","PRICING_COMMITTEE","403","expected 403"
"/api/proposals/[id]/scenarios/[sid]/apply","POST","edit_proposed_pricing","PRICING_COMMITTEE","403","expected 403"
"/api/proposals/[id]/submit","POST","edit_proposed_pricing","PRICING_COMMITTEE","403","expected 403"
"/api/proposals/[id]/version","POST","edit_proposed_pricing","PRICING_COMMITTEE","403","expected 403"
"/api/purchases/import","POST","import_purchases","PRICING_COMMITTEE","403","expected 403"
"/api/requests","GET","run_cross_reference","PRICING_COMMITTEE","403","expected 403"
"/api/requests","POST","run_cross_reference","PRICING_COMMITTEE","403","expected 403"
"/api/requests/[id]","GET","run_cross_reference","PRICING_COMMITTEE","403","expected 403"
"/api/requests/[id]","DELETE","run_cross_reference","PRICING_COMMITTEE","403","expected 403"
"/api/requests/[id]/bulk","POST","run_cross_reference","PRICING_COMMITTEE","403","expected 403"
"/api/requests/[id]/cancel","POST","run_cross_reference","PRICING_COMMITTEE","403","expected 403"
"/api/requests/[id]/export","GET","run_cross_reference","PRICING_COMMITTEE","403","expected 403"
"/api/requests/[id]/lines/[lineId]","PATCH","run_cross_reference","PRICING_COMMITTEE","403","expected 403"
"/api/requests/[id]/lines/[lineId]/compare","GET","run_cross_reference","PRICING_COMMITTEE","403","expected 403"
"/api/requests/[id]/run","POST","run_cross_reference","PRICING_COMMITTEE","403","expected 403"
"/api/requests/[id]/sheets","POST","run_cross_reference","PRICING_COMMITTEE","403","expected 403"
"/api/settings","GET","session","PRICING_COMMITTEE","200","expected pass"
"/api/settings","POST","configure_settings","PRICING_COMMITTEE","403","expected 403"
"/api/settings/branding","GET","view_pricing","PRICING_COMMITTEE","200","expected pass"
"/api/settings/branding","PUT","configure_settings","PRICING_COMMITTEE","403","expected 403"
"/api/system","GET","configure_settings","PRICING_COMMITTEE","403","expected 403"
"/api/system","POST","configure_settings","PRICING_COMMITTEE","403","expected 403"
"/api/webhooks/salesforce","POST","custom","PRICING_COMMITTEE","404","custom gate"
"/api/accounts","GET","view_pricing","PRODUCT_MARKETING","200","expected pass"
"/api/accounts","POST","manage_contracts","PRODUCT_MARKETING","403","expected 403"
"/api/accounts/[id]","GET","view_pricing","PRODUCT_MARKETING","404","expected pass"
"/api/accounts/[id]/memberships","POST","manage_contracts","PRODUCT_MARKETING","403","expected 403"
"/api/analytics/[report]","GET","view_analytics","PRODUCT_MARKETING","400","expected pass"
"/api/analytics/[report]","POST","view_analytics","PRODUCT_MARKETING","skip","side-effecting when authorized; not invoked"
"/api/approvals","GET","view_pricing","PRODUCT_MARKETING","200","expected pass"
"/api/approvals/[id]","POST","approve_discount","PRODUCT_MARKETING","403","expected 403"
"/api/approvals/delegations","GET","view_pricing","PRODUCT_MARKETING","200","expected pass"
"/api/approvals/delegations","POST","approve_discount","PRODUCT_MARKETING","403","expected 403"
"/api/approvals/delegations/[id]","DELETE","view_pricing","PRODUCT_MARKETING","404","expected pass"
"/api/audit","GET","view_pricing","PRODUCT_MARKETING","200","expected pass"
"/api/auth/dev","GET","custom","PRODUCT_MARKETING","200","custom gate"
"/api/auth/dev","POST","custom","PRODUCT_MARKETING","400","custom gate"
"/api/auth/dev","DELETE","custom","PRODUCT_MARKETING","200","custom gate"
"/api/auth/me","GET","custom","PRODUCT_MARKETING","200","custom gate"
"/api/auth/oidc/callback","GET","custom","PRODUCT_MARKETING","404","custom gate"
"/api/auth/oidc/logout","POST","custom","PRODUCT_MARKETING","404","custom gate"
"/api/auth/oidc/start","GET","custom","PRODUCT_MARKETING","404","custom gate"
"/api/catalog/add","POST","manage_catalog","PRODUCT_MARKETING","400","expected pass"
"/api/catalog/enrich","GET","manage_catalog","PRODUCT_MARKETING","200","expected pass"
"/api/catalog/enrich","POST","manage_catalog","PRODUCT_MARKETING","skip","side-effecting when authorized; not invoked"
"/api/catalog/gudid","GET","session","PRODUCT_MARKETING","200","expected pass"
"/api/catalog/gudid","POST","manage_catalog","PRODUCT_MARKETING","400","expected pass"
"/api/catalog/gudid/[id]","GET","session","PRODUCT_MARKETING","404","expected pass"
"/api/catalog/gudid/[id]","DELETE","manage_catalog","PRODUCT_MARKETING","404","expected pass"
"/api/catalog/gudid/adopt","POST","manage_catalog","PRODUCT_MARKETING","400","expected pass"
"/api/catalog/gudid/plan","POST","manage_catalog","PRODUCT_MARKETING","400","expected pass"
"/api/catalog/gudid/prune","POST","manage_catalog","PRODUCT_MARKETING","200","expected pass"
"/api/competitor-sizes/coverage","GET","manage_catalog","PRODUCT_MARKETING","200","expected pass"
"/api/competitor-sizes/import","POST","manage_catalog","PRODUCT_MARKETING","400","expected pass"
"/api/competitor-sizes/template","GET","manage_catalog","PRODUCT_MARKETING","200","expected pass"
"/api/competitor/[id]","PATCH","manage_catalog|run_cross_reference","PRODUCT_MARKETING","400","expected pass"
"/api/contracts","GET","view_pricing","PRODUCT_MARKETING","200","expected pass"
"/api/contracts","POST","manage_contracts","PRODUCT_MARKETING","403","expected 403"
"/api/contracts/[id]","GET","view_pricing","PRODUCT_MARKETING","404","expected pass"
"/api/contracts/[id]","PATCH","manage_contracts","PRODUCT_MARKETING","403","expected 403"
"/api/contracts/[id]/entries","POST","edit_contract_pricing","PRODUCT_MARKETING","403","expected 403"
"/api/contracts/[id]/performance","GET","view_pricing","PRODUCT_MARKETING","404","expected pass"
"/api/contracts/[id]/terms","POST","manage_contracts","PRODUCT_MARKETING","403","expected 403"
"/api/contracts/[id]/terms","DELETE","manage_contracts","PRODUCT_MARKETING","403","expected 403"
"/api/contracts/renewals","GET","view_pricing","PRODUCT_MARKETING","200","expected pass"
"/api/costs/import","POST","import_cost_data","PRODUCT_MARKETING","403","expected 403"
"/api/crosses","GET","view_pricing|manage_crosswalk|review_crosswalk_clinical","PRODUCT_MARKETING","200","expected pass"
"/api/crosses","POST","run_cross_reference","PRODUCT_MARKETING","400","expected pass"
"/api/crosses/[id]","PATCH","manage_crosswalk","PRODUCT_MARKETING","404","expected pass"
"/api/crosses/[id]/conflict","POST","manage_crosswalk","PRODUCT_MARKETING","400","expected pass"
"/api/crosswalk/publish","POST","publish_crosswalk","PRODUCT_MARKETING","skip","side-effecting when authorized; not invoked"
"/api/crosswalk/versions","GET","view_pricing|manage_crosswalk|review_crosswalk_clinical","PRODUCT_MARKETING","200","expected pass"
"/api/documents/extract","POST","import_competitor_pricing","PRODUCT_MARKETING","403","expected 403"
"/api/documents/extractions/[id]","GET","view_pricing","PRODUCT_MARKETING","404","expected pass"
"/api/documents/extractions/[id]/import","POST","import_competitor_pricing","PRODUCT_MARKETING","403","expected 403"
"/api/documents/extractions/[id]/verify","POST","verify_competitor_pricing","PRODUCT_MARKETING","403","expected 403"
"/api/feeds","GET","configure_settings","PRODUCT_MARKETING","403","expected 403"
"/api/feeds","POST","configure_settings","PRODUCT_MARKETING","403","expected 403"
"/api/google","GET","session","PRODUCT_MARKETING","200","expected pass"
"/api/health","GET","custom","PRODUCT_MARKETING","200","custom gate"
"/api/intake/preview","POST","run_cross_reference","PRODUCT_MARKETING","400","expected pass"
"/api/integrations","GET","view_pricing","PRODUCT_MARKETING","200","expected pass"
"/api/integrations/config","GET","configure_settings","PRODUCT_MARKETING","403","expected 403"
"/api/integrations/config/[key]","GET","configure_settings","PRODUCT_MARKETING","403","expected 403"
"/api/integrations/config/[key]","PUT","configure_settings","PRODUCT_MARKETING","403","expected 403"
"/api/integrations/config/[key]/jobs","GET","configure_settings","PRODUCT_MARKETING","403","expected 403"
"/api/integrations/config/[key]/sync","POST","configure_settings","PRODUCT_MARKETING","403","expected 403"
"/api/integrations/config/[key]/test","POST","configure_settings","PRODUCT_MARKETING","403","expected 403"
"/api/integrations/config/[key]/upload","POST","configure_settings","PRODUCT_MARKETING","403","expected 403"
"/api/integrations/config/[key]/validate-mapping","POST","configure_settings","PRODUCT_MARKETING","403","expected 403"
"/api/integrations/jobs/[id]","GET","configure_settings","PRODUCT_MARKETING","403","expected 403"
"/api/integrations/review","GET","view_pricing","PRODUCT_MARKETING","200","expected pass"
"/api/integrations/review/[id]","POST","session","PRODUCT_MARKETING","404","expected pass"
"/api/integrations/sync","POST","manage_contracts","PRODUCT_MARKETING","403","expected 403"
"/api/intelligence","GET","view_pricing","PRODUCT_MARKETING","200","expected pass"
"/api/intelligence","POST","import_competitor_pricing","PRODUCT_MARKETING","403","expected 403"
"/api/intelligence/[id]","PATCH","verify_competitor_pricing","PRODUCT_MARKETING","403","expected 403"
"/api/intelligence/bids","GET","view_pricing","PRODUCT_MARKETING","200","expected pass"
"/api/intelligence/bids","POST","import_competitor_pricing","PRODUCT_MARKETING","403","expected 403"
"/api/intelligence/bids/import","POST","import_competitor_pricing","PRODUCT_MARKETING","403","expected 403"
"/api/intelligence/import","POST","import_competitor_pricing","PRODUCT_MARKETING","403","expected 403"
"/api/metrics","GET","custom","PRODUCT_MARKETING","401","custom gate"
"/api/notifications","GET","session","PRODUCT_MARKETING","200","expected pass"
"/api/notifications","POST","session","PRODUCT_MARKETING","400","expected pass"
"/api/notifications/preferences","GET","session","PRODUCT_MARKETING","200","expected pass"
"/api/notifications/preferences","PATCH","session","PRODUCT_MARKETING","400","expected pass"
"/api/observability/export","GET","session","PRODUCT_MARKETING","403","expected 403"
"/api/pricing-policies","GET","view_pricing","PRODUCT_MARKETING","200","expected pass"
"/api/pricing-policies","POST","configure_pricing_rules","PRODUCT_MARKETING","403","expected 403"
"/api/pricing-policies/[id]/activate","POST","configure_pricing_rules","PRODUCT_MARKETING","403","expected 403"
"/api/pricing/import","POST","import_cost_data","PRODUCT_MARKETING","403","expected 403"
"/api/pricing/template","GET","import_cost_data","PRODUCT_MARKETING","403","expected 403"
"/api/proposals","GET","view_pricing","PRODUCT_MARKETING","200","expected pass"
"/api/proposals","POST","edit_proposed_pricing","PRODUCT_MARKETING","403","expected 403"
"/api/proposals/[id]","GET","view_pricing","PRODUCT_MARKETING","404","expected pass"
"/api/proposals/[id]","DELETE","edit_proposed_pricing","PRODUCT_MARKETING","403","expected 403"
"/api/proposals/[id]/audit","GET","view_pricing","PRODUCT_MARKETING","200","expected pass"
"/api/proposals/[id]/conversion","GET","view_pricing","PRODUCT_MARKETING","404","expected pass"
"/api/proposals/[id]/drift","GET","view_pricing","PRODUCT_MARKETING","404","expected pass"
"/api/proposals/[id]/export","GET","export_proposals","PRODUCT_MARKETING","403","expected 403"
"/api/proposals/[id]/lines/[lineId]","PATCH","edit_proposed_pricing","PRODUCT_MARKETING","403","expected 403"
"/api/proposals/[id]/lines/[lineId]/recommend","POST","edit_proposed_pricing","PRODUCT_MARKETING","403","expected 403"
"/api/proposals/[id]/logistics","GET","view_pricing","PRODUCT_MARKETING","404","expected pass"
"/api/proposals/[id]/logistics","POST","edit_proposed_pricing","PRODUCT_MARKETING","403","expected 403"
"/api/proposals/[id]/logistics","PATCH","edit_proposed_pricing","PRODUCT_MARKETING","403","expected 403"
"/api/proposals/[id]/outcome","POST","record_outcomes","PRODUCT_MARKETING","403","expected 403"
"/api/proposals/[id]/push-crm","POST","export_proposals","PRODUCT_MARKETING","403","expected 403"
"/api/proposals/[id]/refresh-context","POST","edit_proposed_pricing","PRODUCT_MARKETING","403","expected 403"
"/api/proposals/[id]/reopen","POST","edit_proposed_pricing","PRODUCT_MARKETING","403","expected 403"
"/api/proposals/[id]/scenarios","GET","view_pricing","PRODUCT_MARKETING","200","expected pass"
"/api/proposals/[id]/scenarios","POST","edit_proposed_pricing","PRODUCT_MARKETING","403","expected 403"
"/api/proposals/[id]/scenarios/[sid]","GET","view_pricing","PRODUCT_MARKETING","404","expected pass"
"/api/proposals/[id]/scenarios/[sid]","PATCH","edit_proposed_pricing","PRODUCT_MARKETING","403","expected 403"
"/api/proposals/[id]/scenarios/[sid]","DELETE","edit_proposed_pricing","PRODUCT_MARKETING","403","expected 403"
"/api/proposals/[id]/scenarios/[sid]/apply","POST","edit_proposed_pricing","PRODUCT_MARKETING","403","expected 403"
"/api/proposals/[id]/submit","POST","edit_proposed_pricing","PRODUCT_MARKETING","403","expected 403"
"/api/proposals/[id]/version","POST","edit_proposed_pricing","PRODUCT_MARKETING","403","expected 403"
"/api/purchases/import","POST","import_purchases","PRODUCT_MARKETING","403","expected 403"
"/api/requests","GET","run_cross_reference","PRODUCT_MARKETING","200","expected pass"
"/api/requests","POST","run_cross_reference","PRODUCT_MARKETING","400","expected pass"
"/api/requests/[id]","GET","run_cross_reference","PRODUCT_MARKETING","404","expected pass"
"/api/requests/[id]","DELETE","run_cross_reference","PRODUCT_MARKETING","404","expected pass"
"/api/requests/[id]/bulk","POST","run_cross_reference","PRODUCT_MARKETING","400","expected pass"
"/api/requests/[id]/cancel","POST","run_cross_reference","PRODUCT_MARKETING","404","expected pass"
"/api/requests/[id]/export","GET","run_cross_reference","PRODUCT_MARKETING","404","expected pass"
"/api/requests/[id]/lines/[lineId]","PATCH","run_cross_reference","PRODUCT_MARKETING","404","expected pass"
"/api/requests/[id]/lines/[lineId]/compare","GET","run_cross_reference","PRODUCT_MARKETING","404","expected pass"
"/api/requests/[id]/run","POST","run_cross_reference","PRODUCT_MARKETING","404","expected pass"
"/api/requests/[id]/sheets","POST","run_cross_reference","PRODUCT_MARKETING","400","expected pass"
"/api/settings","GET","session","PRODUCT_MARKETING","200","expected pass"
"/api/settings","POST","configure_settings","PRODUCT_MARKETING","403","expected 403"
"/api/settings/branding","GET","view_pricing","PRODUCT_MARKETING","200","expected pass"
"/api/settings/branding","PUT","configure_settings","PRODUCT_MARKETING","403","expected 403"
"/api/system","GET","configure_settings","PRODUCT_MARKETING","403","expected 403"
"/api/system","POST","configure_settings","PRODUCT_MARKETING","403","expected 403"
"/api/webhooks/salesforce","POST","custom","PRODUCT_MARKETING","404","custom gate"
"/api/accounts","GET","view_pricing","CLINICAL_REVIEWER","403","expected 403"
"/api/accounts","POST","manage_contracts","CLINICAL_REVIEWER","403","expected 403"
"/api/accounts/[id]","GET","view_pricing","CLINICAL_REVIEWER","403","expected 403"
"/api/accounts/[id]/memberships","POST","manage_contracts","CLINICAL_REVIEWER","403","expected 403"
"/api/analytics/[report]","GET","view_analytics","CLINICAL_REVIEWER","403","expected 403"
"/api/analytics/[report]","POST","view_analytics","CLINICAL_REVIEWER","403","expected 403"
"/api/approvals","GET","view_pricing","CLINICAL_REVIEWER","403","expected 403"
"/api/approvals/[id]","POST","approve_discount","CLINICAL_REVIEWER","403","expected 403"
"/api/approvals/delegations","GET","view_pricing","CLINICAL_REVIEWER","403","expected 403"
"/api/approvals/delegations","POST","approve_discount","CLINICAL_REVIEWER","403","expected 403"
"/api/approvals/delegations/[id]","DELETE","view_pricing","CLINICAL_REVIEWER","403","expected 403"
"/api/audit","GET","view_pricing","CLINICAL_REVIEWER","403","expected 403"
"/api/auth/dev","GET","custom","CLINICAL_REVIEWER","200","custom gate"
"/api/auth/dev","POST","custom","CLINICAL_REVIEWER","400","custom gate"
"/api/auth/dev","DELETE","custom","CLINICAL_REVIEWER","200","custom gate"
"/api/auth/me","GET","custom","CLINICAL_REVIEWER","200","custom gate"
"/api/auth/oidc/callback","GET","custom","CLINICAL_REVIEWER","404","custom gate"
"/api/auth/oidc/logout","POST","custom","CLINICAL_REVIEWER","404","custom gate"
"/api/auth/oidc/start","GET","custom","CLINICAL_REVIEWER","404","custom gate"
"/api/catalog/add","POST","manage_catalog","CLINICAL_REVIEWER","403","expected 403"
"/api/catalog/enrich","GET","manage_catalog","CLINICAL_REVIEWER","403","expected 403"
"/api/catalog/enrich","POST","manage_catalog","CLINICAL_REVIEWER","403","expected 403"
"/api/catalog/gudid","GET","session","CLINICAL_REVIEWER","200","expected pass"
"/api/catalog/gudid","POST","manage_catalog","CLINICAL_REVIEWER","403","expected 403"
"/api/catalog/gudid/[id]","GET","session","CLINICAL_REVIEWER","404","expected pass"
"/api/catalog/gudid/[id]","DELETE","manage_catalog","CLINICAL_REVIEWER","403","expected 403"
"/api/catalog/gudid/adopt","POST","manage_catalog","CLINICAL_REVIEWER","403","expected 403"
"/api/catalog/gudid/plan","POST","manage_catalog","CLINICAL_REVIEWER","403","expected 403"
"/api/catalog/gudid/prune","POST","manage_catalog","CLINICAL_REVIEWER","403","expected 403"
"/api/competitor-sizes/coverage","GET","manage_catalog","CLINICAL_REVIEWER","403","expected 403"
"/api/competitor-sizes/import","POST","manage_catalog","CLINICAL_REVIEWER","403","expected 403"
"/api/competitor-sizes/template","GET","manage_catalog","CLINICAL_REVIEWER","403","expected 403"
"/api/competitor/[id]","PATCH","manage_catalog|run_cross_reference","CLINICAL_REVIEWER","403","expected 403"
"/api/contracts","GET","view_pricing","CLINICAL_REVIEWER","403","expected 403"
"/api/contracts","POST","manage_contracts","CLINICAL_REVIEWER","403","expected 403"
"/api/contracts/[id]","GET","view_pricing","CLINICAL_REVIEWER","403","expected 403"
"/api/contracts/[id]","PATCH","manage_contracts","CLINICAL_REVIEWER","403","expected 403"
"/api/contracts/[id]/entries","POST","edit_contract_pricing","CLINICAL_REVIEWER","403","expected 403"
"/api/contracts/[id]/performance","GET","view_pricing","CLINICAL_REVIEWER","403","expected 403"
"/api/contracts/[id]/terms","POST","manage_contracts","CLINICAL_REVIEWER","403","expected 403"
"/api/contracts/[id]/terms","DELETE","manage_contracts","CLINICAL_REVIEWER","403","expected 403"
"/api/contracts/renewals","GET","view_pricing","CLINICAL_REVIEWER","403","expected 403"
"/api/costs/import","POST","import_cost_data","CLINICAL_REVIEWER","403","expected 403"
"/api/crosses","GET","view_pricing|manage_crosswalk|review_crosswalk_clinical","CLINICAL_REVIEWER","200","expected pass"
"/api/crosses","POST","run_cross_reference","CLINICAL_REVIEWER","403","expected 403"
"/api/crosses/[id]","PATCH","manage_crosswalk","CLINICAL_REVIEWER","404","expected pass"
"/api/crosses/[id]/conflict","POST","manage_crosswalk","CLINICAL_REVIEWER","400","expected pass"
"/api/crosswalk/publish","POST","publish_crosswalk","CLINICAL_REVIEWER","403","expected 403"
"/api/crosswalk/versions","GET","view_pricing|manage_crosswalk|review_crosswalk_clinical","CLINICAL_REVIEWER","200","expected pass"
"/api/documents/extract","POST","import_competitor_pricing","CLINICAL_REVIEWER","403","expected 403"
"/api/documents/extractions/[id]","GET","view_pricing","CLINICAL_REVIEWER","403","expected 403"
"/api/documents/extractions/[id]/import","POST","import_competitor_pricing","CLINICAL_REVIEWER","403","expected 403"
"/api/documents/extractions/[id]/verify","POST","verify_competitor_pricing","CLINICAL_REVIEWER","403","expected 403"
"/api/feeds","GET","configure_settings","CLINICAL_REVIEWER","403","expected 403"
"/api/feeds","POST","configure_settings","CLINICAL_REVIEWER","403","expected 403"
"/api/google","GET","session","CLINICAL_REVIEWER","200","expected pass"
"/api/health","GET","custom","CLINICAL_REVIEWER","200","custom gate"
"/api/intake/preview","POST","run_cross_reference","CLINICAL_REVIEWER","403","expected 403"
"/api/integrations","GET","view_pricing","CLINICAL_REVIEWER","403","expected 403"
"/api/integrations/config","GET","configure_settings","CLINICAL_REVIEWER","403","expected 403"
"/api/integrations/config/[key]","GET","configure_settings","CLINICAL_REVIEWER","403","expected 403"
"/api/integrations/config/[key]","PUT","configure_settings","CLINICAL_REVIEWER","403","expected 403"
"/api/integrations/config/[key]/jobs","GET","configure_settings","CLINICAL_REVIEWER","403","expected 403"
"/api/integrations/config/[key]/sync","POST","configure_settings","CLINICAL_REVIEWER","403","expected 403"
"/api/integrations/config/[key]/test","POST","configure_settings","CLINICAL_REVIEWER","403","expected 403"
"/api/integrations/config/[key]/upload","POST","configure_settings","CLINICAL_REVIEWER","403","expected 403"
"/api/integrations/config/[key]/validate-mapping","POST","configure_settings","CLINICAL_REVIEWER","403","expected 403"
"/api/integrations/jobs/[id]","GET","configure_settings","CLINICAL_REVIEWER","403","expected 403"
"/api/integrations/review","GET","view_pricing","CLINICAL_REVIEWER","403","expected 403"
"/api/integrations/review/[id]","POST","session","CLINICAL_REVIEWER","404","expected pass"
"/api/integrations/sync","POST","manage_contracts","CLINICAL_REVIEWER","403","expected 403"
"/api/intelligence","GET","view_pricing","CLINICAL_REVIEWER","403","expected 403"
"/api/intelligence","POST","import_competitor_pricing","CLINICAL_REVIEWER","403","expected 403"
"/api/intelligence/[id]","PATCH","verify_competitor_pricing","CLINICAL_REVIEWER","403","expected 403"
"/api/intelligence/bids","GET","view_pricing","CLINICAL_REVIEWER","403","expected 403"
"/api/intelligence/bids","POST","import_competitor_pricing","CLINICAL_REVIEWER","403","expected 403"
"/api/intelligence/bids/import","POST","import_competitor_pricing","CLINICAL_REVIEWER","403","expected 403"
"/api/intelligence/import","POST","import_competitor_pricing","CLINICAL_REVIEWER","403","expected 403"
"/api/metrics","GET","custom","CLINICAL_REVIEWER","401","custom gate"
"/api/notifications","GET","session","CLINICAL_REVIEWER","200","expected pass"
"/api/notifications","POST","session","CLINICAL_REVIEWER","400","expected pass"
"/api/notifications/preferences","GET","session","CLINICAL_REVIEWER","200","expected pass"
"/api/notifications/preferences","PATCH","session","CLINICAL_REVIEWER","400","expected pass"
"/api/observability/export","GET","session","CLINICAL_REVIEWER","403","expected 403"
"/api/pricing-policies","GET","view_pricing","CLINICAL_REVIEWER","403","expected 403"
"/api/pricing-policies","POST","configure_pricing_rules","CLINICAL_REVIEWER","403","expected 403"
"/api/pricing-policies/[id]/activate","POST","configure_pricing_rules","CLINICAL_REVIEWER","403","expected 403"
"/api/pricing/import","POST","import_cost_data","CLINICAL_REVIEWER","403","expected 403"
"/api/pricing/template","GET","import_cost_data","CLINICAL_REVIEWER","403","expected 403"
"/api/proposals","GET","view_pricing","CLINICAL_REVIEWER","403","expected 403"
"/api/proposals","POST","edit_proposed_pricing","CLINICAL_REVIEWER","403","expected 403"
"/api/proposals/[id]","GET","view_pricing","CLINICAL_REVIEWER","403","expected 403"
"/api/proposals/[id]","DELETE","edit_proposed_pricing","CLINICAL_REVIEWER","403","expected 403"
"/api/proposals/[id]/audit","GET","view_pricing","CLINICAL_REVIEWER","403","expected 403"
"/api/proposals/[id]/conversion","GET","view_pricing","CLINICAL_REVIEWER","403","expected 403"
"/api/proposals/[id]/drift","GET","view_pricing","CLINICAL_REVIEWER","403","expected 403"
"/api/proposals/[id]/export","GET","export_proposals","CLINICAL_REVIEWER","403","expected 403"
"/api/proposals/[id]/lines/[lineId]","PATCH","edit_proposed_pricing","CLINICAL_REVIEWER","403","expected 403"
"/api/proposals/[id]/lines/[lineId]/recommend","POST","edit_proposed_pricing","CLINICAL_REVIEWER","403","expected 403"
"/api/proposals/[id]/logistics","GET","view_pricing","CLINICAL_REVIEWER","403","expected 403"
"/api/proposals/[id]/logistics","POST","edit_proposed_pricing","CLINICAL_REVIEWER","403","expected 403"
"/api/proposals/[id]/logistics","PATCH","edit_proposed_pricing","CLINICAL_REVIEWER","403","expected 403"
"/api/proposals/[id]/outcome","POST","record_outcomes","CLINICAL_REVIEWER","403","expected 403"
"/api/proposals/[id]/push-crm","POST","export_proposals","CLINICAL_REVIEWER","403","expected 403"
"/api/proposals/[id]/refresh-context","POST","edit_proposed_pricing","CLINICAL_REVIEWER","403","expected 403"
"/api/proposals/[id]/reopen","POST","edit_proposed_pricing","CLINICAL_REVIEWER","403","expected 403"
"/api/proposals/[id]/scenarios","GET","view_pricing","CLINICAL_REVIEWER","403","expected 403"
"/api/proposals/[id]/scenarios","POST","edit_proposed_pricing","CLINICAL_REVIEWER","403","expected 403"
"/api/proposals/[id]/scenarios/[sid]","GET","view_pricing","CLINICAL_REVIEWER","403","expected 403"
"/api/proposals/[id]/scenarios/[sid]","PATCH","edit_proposed_pricing","CLINICAL_REVIEWER","403","expected 403"
"/api/proposals/[id]/scenarios/[sid]","DELETE","edit_proposed_pricing","CLINICAL_REVIEWER","403","expected 403"
"/api/proposals/[id]/scenarios/[sid]/apply","POST","edit_proposed_pricing","CLINICAL_REVIEWER","403","expected 403"
"/api/proposals/[id]/submit","POST","edit_proposed_pricing","CLINICAL_REVIEWER","403","expected 403"
"/api/proposals/[id]/version","POST","edit_proposed_pricing","CLINICAL_REVIEWER","403","expected 403"
"/api/purchases/import","POST","import_purchases","CLINICAL_REVIEWER","403","expected 403"
"/api/requests","GET","run_cross_reference","CLINICAL_REVIEWER","403","expected 403"
"/api/requests","POST","run_cross_reference","CLINICAL_REVIEWER","403","expected 403"
"/api/requests/[id]","GET","run_cross_reference","CLINICAL_REVIEWER","403","expected 403"
"/api/requests/[id]","DELETE","run_cross_reference","CLINICAL_REVIEWER","403","expected 403"
"/api/requests/[id]/bulk","POST","run_cross_reference","CLINICAL_REVIEWER","403","expected 403"
"/api/requests/[id]/cancel","POST","run_cross_reference","CLINICAL_REVIEWER","403","expected 403"
"/api/requests/[id]/export","GET","run_cross_reference","CLINICAL_REVIEWER","403","expected 403"
"/api/requests/[id]/lines/[lineId]","PATCH","run_cross_reference","CLINICAL_REVIEWER","403","expected 403"
"/api/requests/[id]/lines/[lineId]/compare","GET","run_cross_reference","CLINICAL_REVIEWER","403","expected 403"
"/api/requests/[id]/run","POST","run_cross_reference","CLINICAL_REVIEWER","403","expected 403"
"/api/requests/[id]/sheets","POST","run_cross_reference","CLINICAL_REVIEWER","403","expected 403"
"/api/settings","GET","session","CLINICAL_REVIEWER","200","expected pass"
"/api/settings","POST","configure_settings","CLINICAL_REVIEWER","403","expected 403"
"/api/settings/branding","GET","view_pricing","CLINICAL_REVIEWER","403","expected 403"
"/api/settings/branding","PUT","configure_settings","CLINICAL_REVIEWER","403","expected 403"
"/api/system","GET","configure_settings","CLINICAL_REVIEWER","403","expected 403"
"/api/system","POST","configure_settings","CLINICAL_REVIEWER","403","expected 403"
"/api/webhooks/salesforce","POST","custom","CLINICAL_REVIEWER","404","custom gate"
"/api/accounts","GET","view_pricing","FINANCE","200","expected pass"
"/api/accounts","POST","manage_contracts","FINANCE","403","expected 403"
"/api/accounts/[id]","GET","view_pricing","FINANCE","404","expected pass"
"/api/accounts/[id]/memberships","POST","manage_contracts","FINANCE","403","expected 403"
"/api/analytics/[report]","GET","view_analytics","FINANCE","400","expected pass"
"/api/analytics/[report]","POST","view_analytics","FINANCE","skip","side-effecting when authorized; not invoked"
"/api/approvals","GET","view_pricing","FINANCE","200","expected pass"
"/api/approvals/[id]","POST","approve_discount","FINANCE","403","expected 403"
"/api/approvals/delegations","GET","view_pricing","FINANCE","200","expected pass"
"/api/approvals/delegations","POST","approve_discount","FINANCE","403","expected 403"
"/api/approvals/delegations/[id]","DELETE","view_pricing","FINANCE","404","expected pass"
"/api/audit","GET","view_pricing","FINANCE","200","expected pass"
"/api/auth/dev","GET","custom","FINANCE","200","custom gate"
"/api/auth/dev","POST","custom","FINANCE","400","custom gate"
"/api/auth/dev","DELETE","custom","FINANCE","200","custom gate"
"/api/auth/me","GET","custom","FINANCE","200","custom gate"
"/api/auth/oidc/callback","GET","custom","FINANCE","404","custom gate"
"/api/auth/oidc/logout","POST","custom","FINANCE","404","custom gate"
"/api/auth/oidc/start","GET","custom","FINANCE","404","custom gate"
"/api/catalog/add","POST","manage_catalog","FINANCE","403","expected 403"
"/api/catalog/enrich","GET","manage_catalog","FINANCE","403","expected 403"
"/api/catalog/enrich","POST","manage_catalog","FINANCE","403","expected 403"
"/api/catalog/gudid","GET","session","FINANCE","200","expected pass"
"/api/catalog/gudid","POST","manage_catalog","FINANCE","403","expected 403"
"/api/catalog/gudid/[id]","GET","session","FINANCE","404","expected pass"
"/api/catalog/gudid/[id]","DELETE","manage_catalog","FINANCE","403","expected 403"
"/api/catalog/gudid/adopt","POST","manage_catalog","FINANCE","403","expected 403"
"/api/catalog/gudid/plan","POST","manage_catalog","FINANCE","403","expected 403"
"/api/catalog/gudid/prune","POST","manage_catalog","FINANCE","403","expected 403"
"/api/competitor-sizes/coverage","GET","manage_catalog","FINANCE","403","expected 403"
"/api/competitor-sizes/import","POST","manage_catalog","FINANCE","403","expected 403"
"/api/competitor-sizes/template","GET","manage_catalog","FINANCE","403","expected 403"
"/api/competitor/[id]","PATCH","manage_catalog|run_cross_reference","FINANCE","403","expected 403"
"/api/contracts","GET","view_pricing","FINANCE","200","expected pass"
"/api/contracts","POST","manage_contracts","FINANCE","403","expected 403"
"/api/contracts/[id]","GET","view_pricing","FINANCE","404","expected pass"
"/api/contracts/[id]","PATCH","manage_contracts","FINANCE","403","expected 403"
"/api/contracts/[id]/entries","POST","edit_contract_pricing","FINANCE","403","expected 403"
"/api/contracts/[id]/performance","GET","view_pricing","FINANCE","404","expected pass"
"/api/contracts/[id]/terms","POST","manage_contracts","FINANCE","403","expected 403"
"/api/contracts/[id]/terms","DELETE","manage_contracts","FINANCE","403","expected 403"
"/api/contracts/renewals","GET","view_pricing","FINANCE","200","expected pass"
"/api/costs/import","POST","import_cost_data","FINANCE","400","expected pass"
"/api/crosses","GET","view_pricing|manage_crosswalk|review_crosswalk_clinical","FINANCE","200","expected pass"
"/api/crosses","POST","run_cross_reference","FINANCE","403","expected 403"
"/api/crosses/[id]","PATCH","manage_crosswalk","FINANCE","403","expected 403"
"/api/crosses/[id]/conflict","POST","manage_crosswalk","FINANCE","403","expected 403"
"/api/crosswalk/publish","POST","publish_crosswalk","FINANCE","403","expected 403"
"/api/crosswalk/versions","GET","view_pricing|manage_crosswalk|review_crosswalk_clinical","FINANCE","200","expected pass"
"/api/documents/extract","POST","import_competitor_pricing","FINANCE","403","expected 403"
"/api/documents/extractions/[id]","GET","view_pricing","FINANCE","404","expected pass"
"/api/documents/extractions/[id]/import","POST","import_competitor_pricing","FINANCE","403","expected 403"
"/api/documents/extractions/[id]/verify","POST","verify_competitor_pricing","FINANCE","403","expected 403"
"/api/feeds","GET","configure_settings","FINANCE","403","expected 403"
"/api/feeds","POST","configure_settings","FINANCE","403","expected 403"
"/api/google","GET","session","FINANCE","200","expected pass"
"/api/health","GET","custom","FINANCE","200","custom gate"
"/api/intake/preview","POST","run_cross_reference","FINANCE","403","expected 403"
"/api/integrations","GET","view_pricing","FINANCE","200","expected pass"
"/api/integrations/config","GET","configure_settings","FINANCE","403","expected 403"
"/api/integrations/config/[key]","GET","configure_settings","FINANCE","403","expected 403"
"/api/integrations/config/[key]","PUT","configure_settings","FINANCE","403","expected 403"
"/api/integrations/config/[key]/jobs","GET","configure_settings","FINANCE","403","expected 403"
"/api/integrations/config/[key]/sync","POST","configure_settings","FINANCE","403","expected 403"
"/api/integrations/config/[key]/test","POST","configure_settings","FINANCE","403","expected 403"
"/api/integrations/config/[key]/upload","POST","configure_settings","FINANCE","403","expected 403"
"/api/integrations/config/[key]/validate-mapping","POST","configure_settings","FINANCE","403","expected 403"
"/api/integrations/jobs/[id]","GET","configure_settings","FINANCE","403","expected 403"
"/api/integrations/review","GET","view_pricing","FINANCE","200","expected pass"
"/api/integrations/review/[id]","POST","session","FINANCE","404","expected pass"
"/api/integrations/sync","POST","manage_contracts","FINANCE","403","expected 403"
"/api/intelligence","GET","view_pricing","FINANCE","200","expected pass"
"/api/intelligence","POST","import_competitor_pricing","FINANCE","403","expected 403"
"/api/intelligence/[id]","PATCH","verify_competitor_pricing","FINANCE","403","expected 403"
"/api/intelligence/bids","GET","view_pricing","FINANCE","200","expected pass"
"/api/intelligence/bids","POST","import_competitor_pricing","FINANCE","403","expected 403"
"/api/intelligence/bids/import","POST","import_competitor_pricing","FINANCE","403","expected 403"
"/api/intelligence/import","POST","import_competitor_pricing","FINANCE","403","expected 403"
"/api/metrics","GET","custom","FINANCE","401","custom gate"
"/api/notifications","GET","session","FINANCE","200","expected pass"
"/api/notifications","POST","session","FINANCE","400","expected pass"
"/api/notifications/preferences","GET","session","FINANCE","200","expected pass"
"/api/notifications/preferences","PATCH","session","FINANCE","400","expected pass"
"/api/observability/export","GET","session","FINANCE","403","expected 403"
"/api/pricing-policies","GET","view_pricing","FINANCE","200","expected pass"
"/api/pricing-policies","POST","configure_pricing_rules","FINANCE","403","expected 403"
"/api/pricing-policies/[id]/activate","POST","configure_pricing_rules","FINANCE","403","expected 403"
"/api/pricing/import","POST","import_cost_data","FINANCE","400","expected pass"
"/api/pricing/template","GET","import_cost_data","FINANCE","200","expected pass"
"/api/proposals","GET","view_pricing","FINANCE","200","expected pass"
"/api/proposals","POST","edit_proposed_pricing","FINANCE","403","expected 403"
"/api/proposals/[id]","GET","view_pricing","FINANCE","404","expected pass"
"/api/proposals/[id]","DELETE","edit_proposed_pricing","FINANCE","403","expected 403"
"/api/proposals/[id]/audit","GET","view_pricing","FINANCE","200","expected pass"
"/api/proposals/[id]/conversion","GET","view_pricing","FINANCE","404","expected pass"
"/api/proposals/[id]/drift","GET","view_pricing","FINANCE","404","expected pass"
"/api/proposals/[id]/export","GET","export_proposals","FINANCE","403","expected 403"
"/api/proposals/[id]/lines/[lineId]","PATCH","edit_proposed_pricing","FINANCE","403","expected 403"
"/api/proposals/[id]/lines/[lineId]/recommend","POST","edit_proposed_pricing","FINANCE","403","expected 403"
"/api/proposals/[id]/logistics","GET","view_pricing","FINANCE","404","expected pass"
"/api/proposals/[id]/logistics","POST","edit_proposed_pricing","FINANCE","403","expected 403"
"/api/proposals/[id]/logistics","PATCH","edit_proposed_pricing","FINANCE","403","expected 403"
"/api/proposals/[id]/outcome","POST","record_outcomes","FINANCE","403","expected 403"
"/api/proposals/[id]/push-crm","POST","export_proposals","FINANCE","403","expected 403"
"/api/proposals/[id]/refresh-context","POST","edit_proposed_pricing","FINANCE","403","expected 403"
"/api/proposals/[id]/reopen","POST","edit_proposed_pricing","FINANCE","403","expected 403"
"/api/proposals/[id]/scenarios","GET","view_pricing","FINANCE","200","expected pass"
"/api/proposals/[id]/scenarios","POST","edit_proposed_pricing","FINANCE","403","expected 403"
"/api/proposals/[id]/scenarios/[sid]","GET","view_pricing","FINANCE","404","expected pass"
"/api/proposals/[id]/scenarios/[sid]","PATCH","edit_proposed_pricing","FINANCE","403","expected 403"
"/api/proposals/[id]/scenarios/[sid]","DELETE","edit_proposed_pricing","FINANCE","403","expected 403"
"/api/proposals/[id]/scenarios/[sid]/apply","POST","edit_proposed_pricing","FINANCE","403","expected 403"
"/api/proposals/[id]/submit","POST","edit_proposed_pricing","FINANCE","403","expected 403"
"/api/proposals/[id]/version","POST","edit_proposed_pricing","FINANCE","403","expected 403"
"/api/purchases/import","POST","import_purchases","FINANCE","400","expected pass"
"/api/requests","GET","run_cross_reference","FINANCE","403","expected 403"
"/api/requests","POST","run_cross_reference","FINANCE","403","expected 403"
"/api/requests/[id]","GET","run_cross_reference","FINANCE","403","expected 403"
"/api/requests/[id]","DELETE","run_cross_reference","FINANCE","403","expected 403"
"/api/requests/[id]/bulk","POST","run_cross_reference","FINANCE","403","expected 403"
"/api/requests/[id]/cancel","POST","run_cross_reference","FINANCE","403","expected 403"
"/api/requests/[id]/export","GET","run_cross_reference","FINANCE","403","expected 403"
"/api/requests/[id]/lines/[lineId]","PATCH","run_cross_reference","FINANCE","403","expected 403"
"/api/requests/[id]/lines/[lineId]/compare","GET","run_cross_reference","FINANCE","403","expected 403"
"/api/requests/[id]/run","POST","run_cross_reference","FINANCE","403","expected 403"
"/api/requests/[id]/sheets","POST","run_cross_reference","FINANCE","403","expected 403"
"/api/settings","GET","session","FINANCE","200","expected pass"
"/api/settings","POST","configure_settings","FINANCE","403","expected 403"
"/api/settings/branding","GET","view_pricing","FINANCE","200","expected pass"
"/api/settings/branding","PUT","configure_settings","FINANCE","403","expected 403"
"/api/system","GET","configure_settings","FINANCE","403","expected 403"
"/api/system","POST","configure_settings","FINANCE","403","expected 403"
"/api/webhooks/salesforce","POST","custom","FINANCE","404","custom gate"
"/api/accounts","GET","view_pricing","ADMIN","200","expected pass"
"/api/accounts","POST","manage_contracts","ADMIN","400","expected pass"
"/api/accounts/[id]","GET","view_pricing","ADMIN","404","expected pass"
"/api/accounts/[id]/memberships","POST","manage_contracts","ADMIN","400","expected pass"
"/api/analytics/[report]","GET","view_analytics","ADMIN","400","expected pass"
"/api/analytics/[report]","POST","view_analytics","ADMIN","skip","side-effecting when authorized; not invoked"
"/api/approvals","GET","view_pricing","ADMIN","200","expected pass"
"/api/approvals/[id]","POST","approve_discount","ADMIN","400","expected pass"
"/api/approvals/delegations","GET","view_pricing","ADMIN","200","expected pass"
"/api/approvals/delegations","POST","approve_discount","ADMIN","400","expected pass"
"/api/approvals/delegations/[id]","DELETE","view_pricing","ADMIN","404","expected pass"
"/api/audit","GET","view_pricing","ADMIN","200","expected pass"
"/api/auth/dev","GET","custom","ADMIN","200","custom gate"
"/api/auth/dev","POST","custom","ADMIN","400","custom gate"
"/api/auth/dev","DELETE","custom","ADMIN","200","custom gate"
"/api/auth/me","GET","custom","ADMIN","200","custom gate"
"/api/auth/oidc/callback","GET","custom","ADMIN","404","custom gate"
"/api/auth/oidc/logout","POST","custom","ADMIN","404","custom gate"
"/api/auth/oidc/start","GET","custom","ADMIN","404","custom gate"
"/api/catalog/add","POST","manage_catalog","ADMIN","400","expected pass"
"/api/catalog/enrich","GET","manage_catalog","ADMIN","200","expected pass"
"/api/catalog/enrich","POST","manage_catalog","ADMIN","skip","side-effecting when authorized; not invoked"
"/api/catalog/gudid","GET","session","ADMIN","200","expected pass"
"/api/catalog/gudid","POST","manage_catalog","ADMIN","400","expected pass"
"/api/catalog/gudid/[id]","GET","session","ADMIN","404","expected pass"
"/api/catalog/gudid/[id]","DELETE","manage_catalog","ADMIN","404","expected pass"
"/api/catalog/gudid/adopt","POST","manage_catalog","ADMIN","400","expected pass"
"/api/catalog/gudid/plan","POST","manage_catalog","ADMIN","400","expected pass"
"/api/catalog/gudid/prune","POST","manage_catalog","ADMIN","200","expected pass"
"/api/competitor-sizes/coverage","GET","manage_catalog","ADMIN","200","expected pass"
"/api/competitor-sizes/import","POST","manage_catalog","ADMIN","400","expected pass"
"/api/competitor-sizes/template","GET","manage_catalog","ADMIN","200","expected pass"
"/api/competitor/[id]","PATCH","manage_catalog|run_cross_reference","ADMIN","400","expected pass"
"/api/contracts","GET","view_pricing","ADMIN","200","expected pass"
"/api/contracts","POST","manage_contracts","ADMIN","400","expected pass"
"/api/contracts/[id]","GET","view_pricing","ADMIN","404","expected pass"
"/api/contracts/[id]","PATCH","manage_contracts","ADMIN","404","expected pass"
"/api/contracts/[id]/entries","POST","edit_contract_pricing","ADMIN","404","expected pass"
"/api/contracts/[id]/performance","GET","view_pricing","ADMIN","404","expected pass"
"/api/contracts/[id]/terms","POST","manage_contracts","ADMIN","404","expected pass"
"/api/contracts/[id]/terms","DELETE","manage_contracts","ADMIN","400","expected pass"
"/api/contracts/renewals","GET","view_pricing","ADMIN","200","expected pass"
"/api/costs/import","POST","import_cost_data","ADMIN","400","expected pass"
"/api/crosses","GET","view_pricing|manage_crosswalk|review_crosswalk_clinical","ADMIN","200","expected pass"
"/api/crosses","POST","run_cross_reference","ADMIN","400","expected pass"
"/api/crosses/[id]","PATCH","manage_crosswalk","ADMIN","404","expected pass"
"/api/crosses/[id]/conflict","POST","manage_crosswalk","ADMIN","400","expected pass"
"/api/crosswalk/publish","POST","publish_crosswalk","ADMIN","skip","side-effecting when authorized; not invoked"
"/api/crosswalk/versions","GET","view_pricing|manage_crosswalk|review_crosswalk_clinical","ADMIN","200","expected pass"
"/api/documents/extract","POST","import_competitor_pricing","ADMIN","400","expected pass"
"/api/documents/extractions/[id]","GET","view_pricing","ADMIN","404","expected pass"
"/api/documents/extractions/[id]/import","POST","import_competitor_pricing","ADMIN","404","expected pass"
"/api/documents/extractions/[id]/verify","POST","verify_competitor_pricing","ADMIN","200","expected pass"
"/api/feeds","GET","configure_settings","ADMIN","200","expected pass"
"/api/feeds","POST","configure_settings","ADMIN","skip","side-effecting when authorized; not invoked"
"/api/google","GET","session","ADMIN","200","expected pass"
"/api/health","GET","custom","ADMIN","200","custom gate"
"/api/intake/preview","POST","run_cross_reference","ADMIN","400","expected pass"
"/api/integrations","GET","view_pricing","ADMIN","200","expected pass"
"/api/integrations/config","GET","configure_settings","ADMIN","200","expected pass"
"/api/integrations/config/[key]","GET","configure_settings","ADMIN","404","expected pass"
"/api/integrations/config/[key]","PUT","configure_settings","ADMIN","404","expected pass"
"/api/integrations/config/[key]/jobs","GET","configure_settings","ADMIN","404","expected pass"
"/api/integrations/config/[key]/sync","POST","configure_settings","ADMIN","404","expected pass"
"/api/integrations/config/[key]/test","POST","configure_settings","ADMIN","404","expected pass"
"/api/integrations/config/[key]/upload","POST","configure_settings","ADMIN","404","expected pass"
"/api/integrations/config/[key]/validate-mapping","POST","configure_settings","ADMIN","404","expected pass"
"/api/integrations/jobs/[id]","GET","configure_settings","ADMIN","404","expected pass"
"/api/integrations/review","GET","view_pricing","ADMIN","200","expected pass"
"/api/integrations/review/[id]","POST","session","ADMIN","404","expected pass"
"/api/integrations/sync","POST","manage_contracts","ADMIN","400","expected pass"
"/api/intelligence","GET","view_pricing","ADMIN","200","expected pass"
"/api/intelligence","POST","import_competitor_pricing","ADMIN","400","expected pass"
"/api/intelligence/[id]","PATCH","verify_competitor_pricing","ADMIN","404","expected pass"
"/api/intelligence/bids","GET","view_pricing","ADMIN","200","expected pass"
"/api/intelligence/bids","POST","import_competitor_pricing","ADMIN","400","expected pass"
"/api/intelligence/bids/import","POST","import_competitor_pricing","ADMIN","400","expected pass"
"/api/intelligence/import","POST","import_competitor_pricing","ADMIN","400","expected pass"
"/api/metrics","GET","custom","ADMIN","200","custom gate"
"/api/notifications","GET","session","ADMIN","200","expected pass"
"/api/notifications","POST","session","ADMIN","400","expected pass"
"/api/notifications/preferences","GET","session","ADMIN","200","expected pass"
"/api/notifications/preferences","PATCH","session","ADMIN","400","expected pass"
"/api/observability/export","GET","session","ADMIN","200","expected pass"
"/api/pricing-policies","GET","view_pricing","ADMIN","200","expected pass"
"/api/pricing-policies","POST","configure_pricing_rules","ADMIN","400","expected pass"
"/api/pricing-policies/[id]/activate","POST","configure_pricing_rules","ADMIN","404","expected pass"
"/api/pricing/import","POST","import_cost_data","ADMIN","400","expected pass"
"/api/pricing/template","GET","import_cost_data","ADMIN","200","expected pass"
"/api/proposals","GET","view_pricing","ADMIN","200","expected pass"
"/api/proposals","POST","edit_proposed_pricing","ADMIN","400","expected pass"
"/api/proposals/[id]","GET","view_pricing","ADMIN","404","expected pass"
"/api/proposals/[id]","DELETE","edit_proposed_pricing","ADMIN","404","expected pass"
"/api/proposals/[id]/audit","GET","view_pricing","ADMIN","200","expected pass"
"/api/proposals/[id]/conversion","GET","view_pricing","ADMIN","404","expected pass"
"/api/proposals/[id]/drift","GET","view_pricing","ADMIN","404","expected pass"
"/api/proposals/[id]/export","GET","export_proposals","ADMIN","400","expected pass"
"/api/proposals/[id]/lines/[lineId]","PATCH","edit_proposed_pricing","ADMIN","404","expected pass"
"/api/proposals/[id]/lines/[lineId]/recommend","POST","edit_proposed_pricing","ADMIN","404","expected pass"
"/api/proposals/[id]/logistics","GET","view_pricing","ADMIN","404","expected pass"
"/api/proposals/[id]/logistics","POST","edit_proposed_pricing","ADMIN","404","expected pass"
"/api/proposals/[id]/logistics","PATCH","edit_proposed_pricing","ADMIN","404","expected pass"
"/api/proposals/[id]/outcome","POST","record_outcomes","ADMIN","404","expected pass"
"/api/proposals/[id]/push-crm","POST","export_proposals","ADMIN","404","expected pass"
"/api/proposals/[id]/refresh-context","POST","edit_proposed_pricing","ADMIN","404","expected pass"
"/api/proposals/[id]/reopen","POST","edit_proposed_pricing","ADMIN","404","expected pass"
"/api/proposals/[id]/scenarios","GET","view_pricing","ADMIN","200","expected pass"
"/api/proposals/[id]/scenarios","POST","edit_proposed_pricing","ADMIN","404","expected pass"
"/api/proposals/[id]/scenarios/[sid]","GET","view_pricing","ADMIN","404","expected pass"
"/api/proposals/[id]/scenarios/[sid]","PATCH","edit_proposed_pricing","ADMIN","404","expected pass"
"/api/proposals/[id]/scenarios/[sid]","DELETE","edit_proposed_pricing","ADMIN","404","expected pass"
"/api/proposals/[id]/scenarios/[sid]/apply","POST","edit_proposed_pricing","ADMIN","404","expected pass"
"/api/proposals/[id]/submit","POST","edit_proposed_pricing","ADMIN","404","expected pass"
"/api/proposals/[id]/version","POST","edit_proposed_pricing","ADMIN","404","expected pass"
"/api/purchases/import","POST","import_purchases","ADMIN","400","expected pass"
"/api/requests","GET","run_cross_reference","ADMIN","200","expected pass"
"/api/requests","POST","run_cross_reference","ADMIN","400","expected pass"
"/api/requests/[id]","GET","run_cross_reference","ADMIN","404","expected pass"
"/api/requests/[id]","DELETE","run_cross_reference","ADMIN","404","expected pass"
"/api/requests/[id]/bulk","POST","run_cross_reference","ADMIN","400","expected pass"
"/api/requests/[id]/cancel","POST","run_cross_reference","ADMIN","404","expected pass"
"/api/requests/[id]/export","GET","run_cross_reference","ADMIN","404","expected pass"
"/api/requests/[id]/lines/[lineId]","PATCH","run_cross_reference","ADMIN","404","expected pass"
"/api/requests/[id]/lines/[lineId]/compare","GET","run_cross_reference","ADMIN","404","expected pass"
"/api/requests/[id]/run","POST","run_cross_reference","ADMIN","404","expected pass"
"/api/requests/[id]/sheets","POST","run_cross_reference","ADMIN","400","expected pass"
"/api/settings","GET","session","ADMIN","200","expected pass"
"/api/settings","POST","configure_settings","ADMIN","200","expected pass"
"/api/settings/branding","GET","view_pricing","ADMIN","200","expected pass"
"/api/settings/branding","PUT","configure_settings","ADMIN","200","expected pass"
"/api/system","GET","configure_settings","ADMIN","200","expected pass"
"/api/system","POST","configure_settings","ADMIN","skip","side-effecting when authorized; not invoked"
"/api/webhooks/salesforce","POST","custom","ADMIN","404","custom gate"
"/api/accounts","GET","view_pricing","EXECUTIVE","200","expected pass"
"/api/accounts","POST","manage_contracts","EXECUTIVE","403","expected 403"
"/api/accounts/[id]","GET","view_pricing","EXECUTIVE","404","expected pass"
"/api/accounts/[id]/memberships","POST","manage_contracts","EXECUTIVE","403","expected 403"
"/api/analytics/[report]","GET","view_analytics","EXECUTIVE","400","expected pass"
"/api/analytics/[report]","POST","view_analytics","EXECUTIVE","skip","side-effecting when authorized; not invoked"
"/api/approvals","GET","view_pricing","EXECUTIVE","200","expected pass"
"/api/approvals/[id]","POST","approve_discount","EXECUTIVE","403","expected 403"
"/api/approvals/delegations","GET","view_pricing","EXECUTIVE","200","expected pass"
"/api/approvals/delegations","POST","approve_discount","EXECUTIVE","403","expected 403"
"/api/approvals/delegations/[id]","DELETE","view_pricing","EXECUTIVE","404","expected pass"
"/api/audit","GET","view_pricing","EXECUTIVE","200","expected pass"
"/api/auth/dev","GET","custom","EXECUTIVE","200","custom gate"
"/api/auth/dev","POST","custom","EXECUTIVE","400","custom gate"
"/api/auth/dev","DELETE","custom","EXECUTIVE","200","custom gate"
"/api/auth/me","GET","custom","EXECUTIVE","200","custom gate"
"/api/auth/oidc/callback","GET","custom","EXECUTIVE","404","custom gate"
"/api/auth/oidc/logout","POST","custom","EXECUTIVE","404","custom gate"
"/api/auth/oidc/start","GET","custom","EXECUTIVE","404","custom gate"
"/api/catalog/add","POST","manage_catalog","EXECUTIVE","403","expected 403"
"/api/catalog/enrich","GET","manage_catalog","EXECUTIVE","403","expected 403"
"/api/catalog/enrich","POST","manage_catalog","EXECUTIVE","403","expected 403"
"/api/catalog/gudid","GET","session","EXECUTIVE","200","expected pass"
"/api/catalog/gudid","POST","manage_catalog","EXECUTIVE","403","expected 403"
"/api/catalog/gudid/[id]","GET","session","EXECUTIVE","404","expected pass"
"/api/catalog/gudid/[id]","DELETE","manage_catalog","EXECUTIVE","403","expected 403"
"/api/catalog/gudid/adopt","POST","manage_catalog","EXECUTIVE","403","expected 403"
"/api/catalog/gudid/plan","POST","manage_catalog","EXECUTIVE","403","expected 403"
"/api/catalog/gudid/prune","POST","manage_catalog","EXECUTIVE","403","expected 403"
"/api/competitor-sizes/coverage","GET","manage_catalog","EXECUTIVE","403","expected 403"
"/api/competitor-sizes/import","POST","manage_catalog","EXECUTIVE","403","expected 403"
"/api/competitor-sizes/template","GET","manage_catalog","EXECUTIVE","403","expected 403"
"/api/competitor/[id]","PATCH","manage_catalog|run_cross_reference","EXECUTIVE","403","expected 403"
"/api/contracts","GET","view_pricing","EXECUTIVE","200","expected pass"
"/api/contracts","POST","manage_contracts","EXECUTIVE","403","expected 403"
"/api/contracts/[id]","GET","view_pricing","EXECUTIVE","404","expected pass"
"/api/contracts/[id]","PATCH","manage_contracts","EXECUTIVE","403","expected 403"
"/api/contracts/[id]/entries","POST","edit_contract_pricing","EXECUTIVE","403","expected 403"
"/api/contracts/[id]/performance","GET","view_pricing","EXECUTIVE","404","expected pass"
"/api/contracts/[id]/terms","POST","manage_contracts","EXECUTIVE","403","expected 403"
"/api/contracts/[id]/terms","DELETE","manage_contracts","EXECUTIVE","403","expected 403"
"/api/contracts/renewals","GET","view_pricing","EXECUTIVE","200","expected pass"
"/api/costs/import","POST","import_cost_data","EXECUTIVE","403","expected 403"
"/api/crosses","GET","view_pricing|manage_crosswalk|review_crosswalk_clinical","EXECUTIVE","200","expected pass"
"/api/crosses","POST","run_cross_reference","EXECUTIVE","403","expected 403"
"/api/crosses/[id]","PATCH","manage_crosswalk","EXECUTIVE","403","expected 403"
"/api/crosses/[id]/conflict","POST","manage_crosswalk","EXECUTIVE","403","expected 403"
"/api/crosswalk/publish","POST","publish_crosswalk","EXECUTIVE","403","expected 403"
"/api/crosswalk/versions","GET","view_pricing|manage_crosswalk|review_crosswalk_clinical","EXECUTIVE","200","expected pass"
"/api/documents/extract","POST","import_competitor_pricing","EXECUTIVE","403","expected 403"
"/api/documents/extractions/[id]","GET","view_pricing","EXECUTIVE","404","expected pass"
"/api/documents/extractions/[id]/import","POST","import_competitor_pricing","EXECUTIVE","403","expected 403"
"/api/documents/extractions/[id]/verify","POST","verify_competitor_pricing","EXECUTIVE","403","expected 403"
"/api/feeds","GET","configure_settings","EXECUTIVE","403","expected 403"
"/api/feeds","POST","configure_settings","EXECUTIVE","403","expected 403"
"/api/google","GET","session","EXECUTIVE","200","expected pass"
"/api/health","GET","custom","EXECUTIVE","200","custom gate"
"/api/intake/preview","POST","run_cross_reference","EXECUTIVE","403","expected 403"
"/api/integrations","GET","view_pricing","EXECUTIVE","200","expected pass"
"/api/integrations/config","GET","configure_settings","EXECUTIVE","403","expected 403"
"/api/integrations/config/[key]","GET","configure_settings","EXECUTIVE","403","expected 403"
"/api/integrations/config/[key]","PUT","configure_settings","EXECUTIVE","403","expected 403"
"/api/integrations/config/[key]/jobs","GET","configure_settings","EXECUTIVE","403","expected 403"
"/api/integrations/config/[key]/sync","POST","configure_settings","EXECUTIVE","403","expected 403"
"/api/integrations/config/[key]/test","POST","configure_settings","EXECUTIVE","403","expected 403"
"/api/integrations/config/[key]/upload","POST","configure_settings","EXECUTIVE","403","expected 403"
"/api/integrations/config/[key]/validate-mapping","POST","configure_settings","EXECUTIVE","403","expected 403"
"/api/integrations/jobs/[id]","GET","configure_settings","EXECUTIVE","403","expected 403"
"/api/integrations/review","GET","view_pricing","EXECUTIVE","200","expected pass"
"/api/integrations/review/[id]","POST","session","EXECUTIVE","404","expected pass"
"/api/integrations/sync","POST","manage_contracts","EXECUTIVE","403","expected 403"
"/api/intelligence","GET","view_pricing","EXECUTIVE","200","expected pass"
"/api/intelligence","POST","import_competitor_pricing","EXECUTIVE","403","expected 403"
"/api/intelligence/[id]","PATCH","verify_competitor_pricing","EXECUTIVE","403","expected 403"
"/api/intelligence/bids","GET","view_pricing","EXECUTIVE","200","expected pass"
"/api/intelligence/bids","POST","import_competitor_pricing","EXECUTIVE","403","expected 403"
"/api/intelligence/bids/import","POST","import_competitor_pricing","EXECUTIVE","403","expected 403"
"/api/intelligence/import","POST","import_competitor_pricing","EXECUTIVE","403","expected 403"
"/api/metrics","GET","custom","EXECUTIVE","401","custom gate"
"/api/notifications","GET","session","EXECUTIVE","200","expected pass"
"/api/notifications","POST","session","EXECUTIVE","400","expected pass"
"/api/notifications/preferences","GET","session","EXECUTIVE","200","expected pass"
"/api/notifications/preferences","PATCH","session","EXECUTIVE","400","expected pass"
"/api/observability/export","GET","session","EXECUTIVE","403","expected 403"
"/api/pricing-policies","GET","view_pricing","EXECUTIVE","200","expected pass"
"/api/pricing-policies","POST","configure_pricing_rules","EXECUTIVE","403","expected 403"
"/api/pricing-policies/[id]/activate","POST","configure_pricing_rules","EXECUTIVE","403","expected 403"
"/api/pricing/import","POST","import_cost_data","EXECUTIVE","403","expected 403"
"/api/pricing/template","GET","import_cost_data","EXECUTIVE","403","expected 403"
"/api/proposals","GET","view_pricing","EXECUTIVE","200","expected pass"
"/api/proposals","POST","edit_proposed_pricing","EXECUTIVE","403","expected 403"
"/api/proposals/[id]","GET","view_pricing","EXECUTIVE","404","expected pass"
"/api/proposals/[id]","DELETE","edit_proposed_pricing","EXECUTIVE","403","expected 403"
"/api/proposals/[id]/audit","GET","view_pricing","EXECUTIVE","200","expected pass"
"/api/proposals/[id]/conversion","GET","view_pricing","EXECUTIVE","404","expected pass"
"/api/proposals/[id]/drift","GET","view_pricing","EXECUTIVE","404","expected pass"
"/api/proposals/[id]/export","GET","export_proposals","EXECUTIVE","403","expected 403"
"/api/proposals/[id]/lines/[lineId]","PATCH","edit_proposed_pricing","EXECUTIVE","403","expected 403"
"/api/proposals/[id]/lines/[lineId]/recommend","POST","edit_proposed_pricing","EXECUTIVE","403","expected 403"
"/api/proposals/[id]/logistics","GET","view_pricing","EXECUTIVE","404","expected pass"
"/api/proposals/[id]/logistics","POST","edit_proposed_pricing","EXECUTIVE","403","expected 403"
"/api/proposals/[id]/logistics","PATCH","edit_proposed_pricing","EXECUTIVE","403","expected 403"
"/api/proposals/[id]/outcome","POST","record_outcomes","EXECUTIVE","403","expected 403"
"/api/proposals/[id]/push-crm","POST","export_proposals","EXECUTIVE","403","expected 403"
"/api/proposals/[id]/refresh-context","POST","edit_proposed_pricing","EXECUTIVE","403","expected 403"
"/api/proposals/[id]/reopen","POST","edit_proposed_pricing","EXECUTIVE","403","expected 403"
"/api/proposals/[id]/scenarios","GET","view_pricing","EXECUTIVE","200","expected pass"
"/api/proposals/[id]/scenarios","POST","edit_proposed_pricing","EXECUTIVE","403","expected 403"
"/api/proposals/[id]/scenarios/[sid]","GET","view_pricing","EXECUTIVE","404","expected pass"
"/api/proposals/[id]/scenarios/[sid]","PATCH","edit_proposed_pricing","EXECUTIVE","403","expected 403"
"/api/proposals/[id]/scenarios/[sid]","DELETE","edit_proposed_pricing","EXECUTIVE","403","expected 403"
"/api/proposals/[id]/scenarios/[sid]/apply","POST","edit_proposed_pricing","EXECUTIVE","403","expected 403"
"/api/proposals/[id]/submit","POST","edit_proposed_pricing","EXECUTIVE","403","expected 403"
"/api/proposals/[id]/version","POST","edit_proposed_pricing","EXECUTIVE","403","expected 403"
"/api/purchases/import","POST","import_purchases","EXECUTIVE","403","expected 403"
"/api/requests","GET","run_cross_reference","EXECUTIVE","403","expected 403"
"/api/requests","POST","run_cross_reference","EXECUTIVE","403","expected 403"
"/api/requests/[id]","GET","run_cross_reference","EXECUTIVE","403","expected 403"
"/api/requests/[id]","DELETE","run_cross_reference","EXECUTIVE","403","expected 403"
"/api/requests/[id]/bulk","POST","run_cross_reference","EXECUTIVE","403","expected 403"
"/api/requests/[id]/cancel","POST","run_cross_reference","EXECUTIVE","403","expected 403"
"/api/requests/[id]/export","GET","run_cross_reference","EXECUTIVE","403","expected 403"
"/api/requests/[id]/lines/[lineId]","PATCH","run_cross_reference","EXECUTIVE","403","expected 403"
"/api/requests/[id]/lines/[lineId]/compare","GET","run_cross_reference","EXECUTIVE","403","expected 403"
"/api/requests/[id]/run","POST","run_cross_reference","EXECUTIVE","403","expected 403"
"/api/requests/[id]/sheets","POST","run_cross_reference","EXECUTIVE","403","expected 403"
"/api/settings","GET","session","EXECUTIVE","200","expected pass"
"/api/settings","POST","configure_settings","EXECUTIVE","403","expected 403"
"/api/settings/branding","GET","view_pricing","EXECUTIVE","200","expected pass"
"/api/settings/branding","PUT","configure_settings","EXECUTIVE","403","expected 403"
"/api/system","GET","configure_settings","EXECUTIVE","403","expected 403"
"/api/system","POST","configure_settings","EXECUTIVE","403","expected 403"
"/api/webhooks/salesforce","POST","custom","EXECUTIVE","404","custom gate"
"/api/accounts/[id]","GET","view_pricing","stranger-rep","404","expected 404"
"/api/accounts/[id]","GET","view_pricing","owner-rep","200","expected pass"
"/api/accounts/[id]/memberships","POST","manage_contracts","stranger-rep","403","expected 403 (permission missing regardless of id)"
"/api/contracts/[id]","GET","view_pricing","stranger-rep","404","expected 404"
"/api/contracts/[id]","GET","view_pricing","owner-rep","200","expected pass"
"/api/contracts/[id]","PATCH","manage_contracts","stranger-rep","403","expected 403 (permission missing regardless of id)"
"/api/contracts/[id]/entries","POST","edit_contract_pricing","stranger-rep","403","expected 403 (permission missing regardless of id)"
"/api/contracts/[id]/performance","GET","view_pricing","stranger-rep","404","expected 404"
"/api/contracts/[id]/performance","GET","view_pricing","owner-rep","200","expected pass"
"/api/contracts/[id]/terms","POST","manage_contracts","stranger-rep","403","expected 403 (permission missing regardless of id)"
"/api/contracts/[id]/terms","DELETE","manage_contracts","stranger-rep","403","expected 403 (permission missing regardless of id)"
"/api/proposals/[id]","GET","view_pricing","stranger-rep","404","expected 404"
"/api/proposals/[id]","GET","view_pricing","owner-rep","200","expected pass"
"/api/proposals/[id]","DELETE","edit_proposed_pricing","stranger-rep","404","expected 404"
"/api/proposals/[id]/audit","GET","view_pricing","stranger-rep","404","expected 404"
"/api/proposals/[id]/audit","GET","view_pricing","owner-rep","200","expected pass"
"/api/proposals/[id]/conversion","GET","view_pricing","stranger-rep","404","expected 404"
"/api/proposals/[id]/conversion","GET","view_pricing","owner-rep","200","expected pass"
"/api/proposals/[id]/drift","GET","view_pricing","stranger-rep","404","expected 404"
"/api/proposals/[id]/drift","GET","view_pricing","owner-rep","200","expected pass"
"/api/proposals/[id]/export","GET","export_proposals","stranger-rep","404","expected 404"
"/api/proposals/[id]/export","GET","export_proposals","owner-rep","400","expected pass"
"/api/proposals/[id]/lines/[lineId]","PATCH","edit_proposed_pricing","stranger-rep","404","expected 404"
"/api/proposals/[id]/lines/[lineId]/recommend","POST","edit_proposed_pricing","stranger-rep","404","expected 404"
"/api/proposals/[id]/logistics","GET","view_pricing","stranger-rep","404","expected 404"
"/api/proposals/[id]/logistics","GET","view_pricing","owner-rep","200","expected pass"
"/api/proposals/[id]/logistics","POST","edit_proposed_pricing","stranger-rep","404","expected 404"
"/api/proposals/[id]/logistics","PATCH","edit_proposed_pricing","stranger-rep","404","expected 404"
"/api/proposals/[id]/outcome","POST","record_outcomes","stranger-rep","404","expected 404"
"/api/proposals/[id]/push-crm","POST","export_proposals","stranger-rep","404","expected 404"
"/api/proposals/[id]/refresh-context","POST","edit_proposed_pricing","stranger-rep","404","expected 404"
"/api/proposals/[id]/reopen","POST","edit_proposed_pricing","stranger-rep","404","expected 404"
"/api/proposals/[id]/scenarios","GET","view_pricing","stranger-rep","404","expected 404"
"/api/proposals/[id]/scenarios","GET","view_pricing","owner-rep","200","expected pass"
"/api/proposals/[id]/scenarios","POST","edit_proposed_pricing","stranger-rep","404","expected 404"
"/api/proposals/[id]/scenarios/[sid]","GET","view_pricing","stranger-rep","404","expected 404"
"/api/proposals/[id]/scenarios/[sid]","GET","view_pricing","owner-rep","200","expected pass"
"/api/proposals/[id]/scenarios/[sid]","PATCH","edit_proposed_pricing","stranger-rep","404","expected 404"
"/api/proposals/[id]/scenarios/[sid]","DELETE","edit_proposed_pricing","stranger-rep","404","expected 404"
"/api/proposals/[id]/scenarios/[sid]/apply","POST","edit_proposed_pricing","stranger-rep","404","expected 404"
"/api/proposals/[id]/submit","POST","edit_proposed_pricing","stranger-rep","404","expected 404"
"/api/proposals/[id]/version","POST","edit_proposed_pricing","stranger-rep","404","expected 404"
"/api/requests/[id]","GET","run_cross_reference","stranger-rep","404","expected 404"
"/api/requests/[id]","GET","run_cross_reference","owner-rep","200","expected pass"
"/api/requests/[id]","DELETE","run_cross_reference","stranger-rep","404","expected 404"
"/api/requests/[id]/bulk","POST","run_cross_reference","stranger-rep","404","expected 404"
"/api/requests/[id]/cancel","POST","run_cross_reference","stranger-rep","404","expected 404"
"/api/requests/[id]/export","GET","run_cross_reference","stranger-rep","404","expected 404"
"/api/requests/[id]/export","GET","run_cross_reference","owner-rep","200","expected pass"
"/api/requests/[id]/lines/[lineId]","PATCH","run_cross_reference","stranger-rep","404","expected 404"
"/api/requests/[id]/lines/[lineId]/compare","GET","run_cross_reference","stranger-rep","404","expected 404"
"/api/requests/[id]/lines/[lineId]/compare","GET","run_cross_reference","owner-rep","200","expected pass"
"/api/requests/[id]/run","POST","run_cross_reference","stranger-rep","404","expected 404"
"/api/requests/[id]/sheets","POST","run_cross_reference","stranger-rep","404","expected 404"
