"role","page","url","status","h1","console_errors","page_errors","hydration","failed_requests","http_4xx_5xx","csp","has_price","sign_in_screen","controls"
"SIGNED_OUT","/","/","200","","","","0","/catalog/gudid?_rsc=5CB68i4pnAekjehf net::ERR_ABORTED | /crosses?_rsc=5CB68i4pnAekjehf net::ERR_ABORTED | /settings?_rsc=5CB68i4pnAekjehf net::ERR_ABORTED | /catalog?_rsc=5CB68i4pnAekjehf net::ERR_ABORTED | /catalog?_rsc=tXyZJ52UQVBCVsD3 net::ERR_ABORTED | /?_rsc=tXyZJ52UQVBCVsD3 net::ERR_ABORTED","","0","0","1","Choose a user"
"SIGNED_OUT","/requests","/requests","200","","","","0","/catalog?_rsc=p3Q57VochOqcQNsg net::ERR_ABORTED | /catalog/gudid?_rsc=p3Q57VochOqcQNsg net::ERR_ABORTED | /?_rsc=p3Q57VochOqcQNsg net::ERR_ABORTED | /settings?_rsc=p3Q57VochOqcQNsg net::ERR_ABORTED | /?_rsc=nIzLgF1M7nWxnHlV net::ERR_ABORTED | /crosses?_rsc=nIzLgF1M7nWxnHlV net::ERR_ABORTED | /catalog?_rsc=nIzLgF1M7nWxnHlV net::ERR_ABORTED | /catalog/gudid?_rsc=nIzLgF1M7nWxnHlV net::ERR_ABORTED | /settings?_rsc=nIzLgF1M7nWxnHlV net::ERR_ABORTED","","0","0","1","Choose a user"
"SIGNED_OUT","/requests/new","/requests/new","200","","","","0","/?_rsc=4belA-F-xg-XtLdx net::ERR_ABORTED | /catalog?_rsc=4belA-F-xg-XtLdx net::ERR_ABORTED | /catalog/gudid?_rsc=4belA-F-xg-XtLdx net::ERR_ABORTED | /crosses?_rsc=4belA-F-xg-XtLdx net::ERR_ABORTED | /?_rsc=O1p93FFpSnNce0k4 net::ERR_ABORTED | /catalog?_rsc=O1p93FFpSnNce0k4 net::ERR_ABORTED | /catalog/gudid?_rsc=O1p93FFpSnNce0k4 net::ERR_ABORTED","","0","0","1","Choose a user"
"SIGNED_OUT","/requests/[id]","/requests/null","200","","","","0","/?_rsc=76SvvV1TLjtpHtqe net::ERR_ABORTED | /catalog?_rsc=76SvvV1TLjtpHtqe net::ERR_ABORTED | /catalog/gudid?_rsc=76SvvV1TLjtpHtqe net::ERR_ABORTED | /crosses?_rsc=76SvvV1TLjtpHtqe net::ERR_ABORTED | /?_rsc=eoRKZgXY26fq4Ulk net::ERR_ABORTED | /crosses?_rsc=eoRKZgXY26fq4Ulk net::ERR_ABORTED | /catalog?_rsc=eoRKZgXY26fq4Ulk net::ERR_ABORTED | /catalog/gudid?_rsc=eoRKZgXY26fq4Ulk net::ERR_ABORTED | /settings?_rsc=eoRKZgXY26fq4Ulk net::ERR_ABORTED","","0","0","1","Choose a user"
"SIGNED_OUT","/proposals","/proposals","200","","","","0","/catalog?_rsc=8qZH60WsiyOTuseO net::ERR_ABORTED | /catalog/gudid?_rsc=8qZH60WsiyOTuseO net::ERR_ABORTED | /crosses?_rsc=8qZH60WsiyOTuseO net::ERR_ABORTED | /?_rsc=8qZH60WsiyOTuseO net::ERR_ABORTED | /catalog?_rsc=yDw8cg_cK2Tq2IDS net::ERR_ABORTED | /?_rsc=yDw8cg_cK2Tq2IDS net::ERR_ABORTED | /crosses?_rsc=yDw8cg_cK2Tq2IDS net::ERR_ABORTED | /settings?_rsc=yDw8cg_cK2Tq2IDS net::ERR_ABORTED","","0","0","1","Choose a user"
"SIGNED_OUT","/proposals/[id]","/proposals/null","200","","","","0","/catalog/gudid?_rsc=VreOGdJHuaZwqD3- net::ERR_ABORTED | /crosses?_rsc=VreOGdJHuaZwqD3- net::ERR_ABORTED | /?_rsc=VreOGdJHuaZwqD3- net::ERR_ABORTED | /catalog?_rsc=VreOGdJHuaZwqD3- net::ERR_ABORTED | /settings?_rsc=VreOGdJHuaZwqD3- net::ERR_ABORTED | /catalog?_rsc=hzu8hJFrzSYjsRgK net::ERR_ABORTED | /catalog/gudid?_rsc=hzu8hJFrzSYjsRgK net::ERR_ABORTED | /?_rsc=hzu8hJFrzSYjsRgK net::ERR_ABORTED | /crosses?_rsc=hzu8hJFrzSYjsRgK net::ERR_ABORTED | /settings?_rsc=hzu8hJFrzSYjsRgK net::ERR_ABORTED","","0","0","1","Choose a user"
"SIGNED_OUT","/approvals","/approvals","200","","","","0","/catalog/gudid?_rsc=Ut9iRRX_9PZKRdF- net::ERR_ABORTED | /?_rsc=Ut9iRRX_9PZKRdF- net::ERR_ABORTED | /crosses?_rsc=Ut9iRRX_9PZKRdF- net::ERR_ABORTED | /settings?_rsc=Ut9iRRX_9PZKRdF- net::ERR_ABORTED | /?_rsc=AU6DTT46DVXZ7jWj net::ERR_ABORTED | /catalog/gudid?_rsc=AU6DTT46DVXZ7jWj net::ERR_ABORTED | /catalog?_rsc=AU6DTT46DVXZ7jWj net::ERR_ABORTED | /crosses?_rsc=AU6DTT46DVXZ7jWj net::ERR_ABORTED | /settings?_rsc=AU6DTT46DVXZ7jWj net::ERR_ABORTED","","0","0","1","Choose a user"
"SIGNED_OUT","/accounts","/accounts","200","","","","0","/?_rsc=iZGmHDWBA-6V7KTQ net::ERR_ABORTED | /catalog?_rsc=iZGmHDWBA-6V7KTQ net::ERR_ABORTED | /catalog/gudid?_rsc=iZGmHDWBA-6V7KTQ net::ERR_ABORTED | /crosses?_rsc=iZGmHDWBA-6V7KTQ net::ERR_ABORTED | /settings?_rsc=iZGmHDWBA-6V7KTQ net::ERR_ABORTED | /catalog?_rsc=oRxEn_R9e10JER3Z net::ERR_ABORTED | /catalog/gudid?_rsc=oRxEn_R9e10JER3Z net::ERR_ABORTED | /?_rsc=oRxEn_R9e10JER3Z net::ERR_ABORTED | /crosses?_rsc=oRxEn_R9e10JER3Z net::ERR_ABORTED | /settings?_rsc=oRxEn_R9e10JER3Z net::ERR_ABORTED","","0","0","1","Choose a user"
"SIGNED_OUT","/accounts/[id]","/accounts/cmuf6hihm02rkks7drm31yuur","200","","","","0","/crosses?_rsc=pYoAThzR_ryjq0MS net::ERR_ABORTED | /?_rsc=pYoAThzR_ryjq0MS net::ERR_ABORTED | /catalog?_rsc=pYoAThzR_ryjq0MS net::ERR_ABORTED | /catalog/gudid?_rsc=pYoAThzR_ryjq0MS net::ERR_ABORTED | /settings?_rsc=pYoAThzR_ryjq0MS net::ERR_ABORTED | /?_rsc=gRQ4rCW2m6dkjkis net::ERR_ABORTED | /catalog?_rsc=gRQ4rCW2m6dkjkis net::ERR_ABORTED | /catalog/gudid?_rsc=gRQ4rCW2m6dkjkis net::ERR_ABORTED | /crosses?_rsc=gRQ4rCW2m6dkjkis net::ERR_ABORTED | /settings?_rsc=gRQ4rCW2m6dkjkis net::ERR_ABORTED","","0","0","1","Choose a user"
"SIGNED_OUT","/contracts","/contracts","200","","","","0","/?_rsc=DzmfcRRfJeItXkgz net::ERR_ABORTED | /catalog?_rsc=DzmfcRRfJeItXkgz net::ERR_ABORTED | /catalog/gudid?_rsc=DzmfcRRfJeItXkgz net::ERR_ABORTED | /crosses?_rsc=DzmfcRRfJeItXkgz net::ERR_ABORTED | /settings?_rsc=DzmfcRRfJeItXkgz net::ERR_ABORTED | /?_rsc=2Ju2sngZl13OvaTN net::ERR_ABORTED | /catalog?_rsc=2Ju2sngZl13OvaTN net::ERR_ABORTED | /catalog/gudid?_rsc=2Ju2sngZl13OvaTN net::ERR_ABORTED","","0","0","1","Choose a user"
"SIGNED_OUT","/contracts/[id]","/contracts/cmuf6himu02sxks7dkgml1rr2","200","","","","0","/?_rsc=TQOCHQXESAyQ3VEl net::ERR_ABORTED | /catalog?_rsc=TQOCHQXESAyQ3VEl net::ERR_ABORTED | /catalog/gudid?_rsc=TQOCHQXESAyQ3VEl net::ERR_ABORTED | /crosses?_rsc=TQOCHQXESAyQ3VEl net::ERR_ABORTED | /settings?_rsc=TQOCHQXESAyQ3VEl net::ERR_ABORTED | /?_rsc=12web-rdU3k9vLaG net::ERR_ABORTED | /catalog?_rsc=12web-rdU3k9vLaG net::ERR_ABORTED | /catalog/gudid?_rsc=12web-rdU3k9vLaG net::ERR_ABORTED | /crosses?_rsc=12web-rdU3k9vLaG net::ERR_ABORTED | /settings?_rsc=12web-rdU3k9vLaG net::ERR_ABORTED","","0","0","1","Choose a user"
"SIGNED_OUT","/intelligence","/intelligence","200","","","","0","/?_rsc=3fD0047dUoUPXvG2 net::ERR_ABORTED | /catalog?_rsc=3fD0047dUoUPXvG2 net::ERR_ABORTED | /catalog/gudid?_rsc=3fD0047dUoUPXvG2 net::ERR_ABORTED | /settings?_rsc=3fD0047dUoUPXvG2 net::ERR_ABORTED | /?_rsc=gu9LWiAQNzfrKsW2 net::ERR_ABORTED | /catalog?_rsc=gu9LWiAQNzfrKsW2 net::ERR_ABORTED | /crosses?_rsc=gu9LWiAQNzfrKsW2 net::ERR_ABORTED | /catalog/gudid?_rsc=gu9LWiAQNzfrKsW2 net::ERR_ABORTED | /settings?_rsc=gu9LWiAQNzfrKsW2 net::ERR_ABORTED","","0","0","1","Choose a user"
"SIGNED_OUT","/intelligence/bids","/intelligence/bids","200","","","","0","/?_rsc=2gWrMJaxdn-CU2fc net::ERR_ABORTED | /catalog?_rsc=2gWrMJaxdn-CU2fc net::ERR_ABORTED | /catalog/gudid?_rsc=2gWrMJaxdn-CU2fc net::ERR_ABORTED | /settings?_rsc=2gWrMJaxdn-CU2fc net::ERR_ABORTED | /?_rsc=W5McYxvxTMCZbYJx net::ERR_ABORTED | /catalog/gudid?_rsc=W5McYxvxTMCZbYJx net::ERR_ABORTED | /catalog?_rsc=W5McYxvxTMCZbYJx net::ERR_ABORTED | /crosses?_rsc=W5McYxvxTMCZbYJx net::ERR_ABORTED | /settings?_rsc=W5McYxvxTMCZbYJx net::ERR_ABORTED","","0","0","1","Choose a user"
"SIGNED_OUT","/intelligence/extractions/[id]","/intelligence/extractions/missing0000000000000000","200","","","","0","/?_rsc=VJB2dfGule5Oh2L3 net::ERR_ABORTED | /catalog?_rsc=VJB2dfGule5Oh2L3 net::ERR_ABORTED | /crosses?_rsc=VJB2dfGule5Oh2L3 net::ERR_ABORTED | /settings?_rsc=VJB2dfGule5Oh2L3 net::ERR_ABORTED | /?_rsc=wBL8jh-0AxNJNXN_ net::ERR_ABORTED | /catalog?_rsc=wBL8jh-0AxNJNXN_ net::ERR_ABORTED | /catalog/gudid?_rsc=wBL8jh-0AxNJNXN_ net::ERR_ABORTED | /crosses?_rsc=wBL8jh-0AxNJNXN_ net::ERR_ABORTED","","0","0","1","Choose a user"
"SIGNED_OUT","/analytics","/analytics","200","","","","0","/?_rsc=ix5_aAief6TvBg04 net::ERR_ABORTED | /catalog?_rsc=ix5_aAief6TvBg04 net::ERR_ABORTED | /catalog/gudid?_rsc=ix5_aAief6TvBg04 net::ERR_ABORTED | /crosses?_rsc=ix5_aAief6TvBg04 net::ERR_ABORTED | /settings?_rsc=ix5_aAief6TvBg04 net::ERR_ABORTED | /?_rsc=Dt318okBLJyNDlfE net::ERR_ABORTED | /crosses?_rsc=Dt318okBLJyNDlfE net::ERR_ABORTED | /catalog?_rsc=Dt318okBLJyNDlfE net::ERR_ABORTED | /catalog/gudid?_rsc=Dt318okBLJyNDlfE net::ERR_ABORTED | /settings?_rsc=Dt318okBLJyNDlfE net::ERR_ABORTED","","0","0","1","Choose a user"
"SIGNED_OUT","/catalog","/catalog","200","","","","0","/catalog/gudid?_rsc=OYzo7EH3MGwwxBfF net::ERR_ABORTED | /crosses?_rsc=OYzo7EH3MGwwxBfF net::ERR_ABORTED | /settings?_rsc=OYzo7EH3MGwwxBfF net::ERR_ABORTED | /?_rsc=OYzo7EH3MGwwxBfF net::ERR_ABORTED | /catalog/gudid?_rsc=O6cAbYUSgs3KBG-F net::ERR_ABORTED | /catalog?_rsc=O6cAbYUSgs3KBG-F net::ERR_ABORTED | /crosses?_rsc=O6cAbYUSgs3KBG-F net::ERR_ABORTED | /?_rsc=O6cAbYUSgs3KBG-F net::ERR_ABORTED | /settings?_rsc=O6cAbYUSgs3KBG-F net::ERR_ABORTED","","0","0","1","Choose a user"
"SIGNED_OUT","/catalog/gudid","/catalog/gudid","200","","Failed to load resource: the server responded with a status of 429 (Too Many Requests)","","0","/?_rsc=DGmoGnAw5OqJpMhM net::ERR_ABORTED | /catalog?_rsc=DGmoGnAw5OqJpMhM net::ERR_ABORTED | /crosses?_rsc=DGmoGnAw5OqJpMhM net::ERR_ABORTED | /catalog?_rsc=Z9EVd8HHdUwJDdIQ net::ERR_ABORTED | /catalog/gudid?_rsc=Z9EVd8HHdUwJDdIQ net::ERR_ABORTED | /?_rsc=Z9EVd8HHdUwJDdIQ net::ERR_ABORTED | /crosses?_rsc=Z9EVd8HHdUwJDdIQ net::ERR_ABORTED | /settings?_rsc=Z9EVd8HHdUwJDdIQ net::ERR_ABORTED","429 /api/auth/dev","0","0","1","Choose a user"
"SIGNED_OUT","/crosses","/crosses","200","","Failed to load resource: the server responded with a status of 429 (Too Many Requests)","","0","/api/auth/dev net::ERR_ABORTED | /?_rsc=zAn-vlYtEcVbUMJ6 net::ERR_ABORTED | /catalog?_rsc=zAn-vlYtEcVbUMJ6 net::ERR_ABORTED | /catalog/gudid?_rsc=zAn-vlYtEcVbUMJ6 net::ERR_ABORTED | /settings?_rsc=zAn-vlYtEcVbUMJ6 net::ERR_ABORTED | /catalog?_rsc=aniPmKjMQR6zCALO net::ERR_ABORTED | /catalog/gudid?_rsc=aniPmKjMQR6zCALO net::ERR_ABORTED | /?_rsc=aniPmKjMQR6zCALO net::ERR_ABORTED | /settings?_rsc=aniPmKjMQR6zCALO net::ERR_ABORTED","429 /api/auth/dev","0","0","1","Choose a user"
"SIGNED_OUT","/notifications","/notifications","200","","Failed to load resource: the server responded with a status of 429 (Too Many Requests)","","0","/api/auth/dev net::ERR_ABORTED | /?_rsc=oG-rbVP81bj5yHs2 net::ERR_ABORTED | /catalog?_rsc=oG-rbVP81bj5yHs2 net::ERR_ABORTED | /catalog/gudid?_rsc=oG-rbVP81bj5yHs2 net::ERR_ABORTED | /crosses?_rsc=oG-rbVP81bj5yHs2 net::ERR_ABORTED | /settings?_rsc=oG-rbVP81bj5yHs2 net::ERR_ABORTED | /?_rsc=FxIb9Zh5xrkPNSW4 net::ERR_ABORTED | /catalog?_rsc=FxIb9Zh5xrkPNSW4 net::ERR_ABORTED | /catalog/gudid?_rsc=FxIb9Zh5xrkPNSW4 net::ERR_ABORTED | /crosses?_rsc=FxIb9Zh5xrkPNSW4 net::ERR_ABORTED | /settings?_rsc=FxIb9Zh5xrkPNSW4 net::ERR_ABORTED","429 /api/auth/dev","0","0","1","Choose a user"
"SIGNED_OUT","/settings","/settings","200","","Failed to load resource: the server responded with a status of 429 (Too Many Requests)","","0","/api/auth/dev net::ERR_ABORTED | /catalog/gudid?_rsc=DQxjArDrgutTG17x net::ERR_ABORTED | /crosses?_rsc=DQxjArDrgutTG17x net::ERR_ABORTED | /?_rsc=DQxjArDrgutTG17x net::ERR_ABORTED | /catalog?_rsc=DQxjArDrgutTG17x net::ERR_ABORTED | /crosses?_rsc=j-_vjoKOn8bxlRO7 net::ERR_ABORTED | /?_rsc=j-_vjoKOn8bxlRO7 net::ERR_ABORTED | /catalog/gudid?_rsc=j-_vjoKOn8bxlRO7 net::ERR_ABORTED | /catalog?_rsc=j-_vjoKOn8bxlRO7 net::ERR_ABORTED | /settings?_rsc=j-_vjoKOn8bxlRO7 net::ERR_ABORTED","429 /api/auth/dev","0","0","1","Choose a user"
"SIGNED_OUT","/settings/integrations","/settings/integrations","200","","","","0","/api/auth/dev net::ERR_ABORTED | /crosses?_rsc=U-OwWBq-vq-slwyv net::ERR_ABORTED | /?_rsc=U-OwWBq-vq-slwyv net::ERR_ABORTED | /catalog?_rsc=U-OwWBq-vq-slwyv net::ERR_ABORTED | /catalog/gudid?_rsc=U-OwWBq-vq-slwyv net::ERR_ABORTED | /settings?_rsc=U-OwWBq-vq-slwyv net::ERR_ABORTED | /?_rsc=hbetPO-u3vUUlMwr net::ERR_ABORTED | /catalog?_rsc=hbetPO-u3vUUlMwr net::ERR_ABORTED | /settings?_rsc=hbetPO-u3vUUlMwr net::ERR_ABORTED | /crosses?_rsc=hbetPO-u3vUUlMwr net::ERR_ABORTED","","0","0","1","Choose a user"
"SIGNED_OUT","/settings/pricing","/settings/pricing","200","","","","0","/?_rsc=8oSST31HPn0UlEto net::ERR_ABORTED | /catalog?_rsc=8oSST31HPn0UlEto net::ERR_ABORTED | /catalog/gudid?_rsc=8oSST31HPn0UlEto net::ERR_ABORTED | /crosses?_rsc=8oSST31HPn0UlEto net::ERR_ABORTED | /settings?_rsc=8oSST31HPn0UlEto net::ERR_ABORTED | /?_rsc=_Ie442TgELs3Q458 net::ERR_ABORTED | /catalog?_rsc=_Ie442TgELs3Q458 net::ERR_ABORTED | /catalog/gudid?_rsc=_Ie442TgELs3Q458 net::ERR_ABORTED | /crosses?_rsc=_Ie442TgELs3Q458 net::ERR_ABORTED | /settings?_rsc=_Ie442TgELs3Q458 net::ERR_ABORTED","","0","0","1","Choose a user"
"SALES_REP","/","/","200","Competitive cross reference","","","0","/requests?_rsc=5CB68i4pnAekjehf net::ERR_ABORTED | /proposals?_rsc=5CB68i4pnAekjehf net::ERR_ABORTED | /accounts?_rsc=5CB68i4pnAekjehf net::ERR_ABORTED | /contracts?_rsc=5CB68i4pnAekjehf net::ERR_ABORTED | /catalog?_rsc=5CB68i4pnAekjehf net::ERR_ABORTED | /intelligence/bids?_rsc=5CB68i4pnAekjehf net::ERR_ABORTED | /settings?_rsc=5CB68i4pnAekjehf net::ERR_ABORTED | /notifications?_rsc=5CB68i4pnAekjehf net::ERR_ABORTED | /requests/new?_rsc=5CB68i4pnAekjehf net::ERR_ABORTED | /proposals?_rsc=tXyZJ52UQVBCVsD3 net::ERR_ABORTED | /accounts?_rsc=tXyZJ52UQVBCVsD3 net::ERR_ABORTED | /requests?_rsc=tXyZJ52UQVBCVsD3 net::ERR_ABORTED | /?_rsc=tXyZJ52UQVBCVsD3 net::ERR_ABORTED | /catalog?_rsc=tXyZJ52UQVBCVsD3 net::ERR_ABORTED | /contracts?_rsc=tXyZJ52UQVBCVsD3 net::ERR_ABORTED | /intelligence?_rsc=tXyZJ52UQVBCVsD3 net::ERR_ABORTED | /intelligence/bids?_rsc=tXyZJ52UQVBCVsD3 net::ERR_ABORTED | /settings?_rsc=tXyZJ52UQVBCVsD3 net::ERR_ABORTED | /catalog/gudid?_rsc=tXyZJ52UQVBCVsD3 net::ERR_ABORTED | /crosses?_rsc=tXyZJ52UQVBCVsD3 net::ERR_ABORTED | /requests/new?_rsc=tXyZJ52UQVBCVsD3 net::ERR_ABORTED","","0","0","0","New request ; Switch user"
"SALES_REP","/requests","/requests","200","Cross-reference requests","","","0","/?_rsc=p3Q57VochOqcQNsg net::ERR_ABORTED | /proposals?_rsc=p3Q57VochOqcQNsg net::ERR_ABORTED | /accounts?_rsc=p3Q57VochOqcQNsg net::ERR_ABORTED | /contracts?_rsc=p3Q57VochOqcQNsg net::ERR_ABORTED | /intelligence?_rsc=p3Q57VochOqcQNsg net::ERR_ABORTED | /intelligence/bids?_rsc=p3Q57VochOqcQNsg net::ERR_ABORTED | /catalog?_rsc=p3Q57VochOqcQNsg net::ERR_ABORTED | /catalog/gudid?_rsc=p3Q57VochOqcQNsg net::ERR_ABORTED | /crosses?_rsc=p3Q57VochOqcQNsg net::ERR_ABORTED | /settings?_rsc=p3Q57VochOqcQNsg net::ERR_ABORTED | /notifications?_rsc=p3Q57VochOqcQNsg net::ERR_ABORTED | /accounts?_rsc=nIzLgF1M7nWxnHlV net::ERR_ABORTED | /proposals?_rsc=nIzLgF1M7nWxnHlV net::ERR_ABORTED | /?_rsc=nIzLgF1M7nWxnHlV net::ERR_ABORTED | /intelligence?_rsc=nIzLgF1M7nWxnHlV net::ERR_ABORTED | /intelligence/bids?_rsc=nIzLgF1M7nWxnHlV net::ERR_ABORTED | /catalog?_rsc=nIzLgF1M7nWxnHlV net::ERR_ABORTED | /contracts?_rsc=nIzLgF1M7nWxnHlV net::ERR_ABORTED | /crosses?_rsc=nIzLgF1M7nWxnHlV net::ERR_ABORTED | /settings?_rsc=nIzLgF1M7nWxnHlV net::ERR_ABORTED | /notifications?_rsc=nIzLgF1M7nWxnHlV net::ERR_ABORTED | /catalog/gudid?_rsc=nIzLgF1M7nWxnHlV net::ERR_ABORTED | /requests/new?_rsc=nIzLgF1M7nWxnHlV net::ERR_ABORTED","","0","0","0","New request ; Switch user"
"SALES_REP","/requests/new","/requests/new","200","Competitive cross reference","","","0","/proposals?_rsc=4belA-F-xg-XtLdx net::ERR_ABORTED | /accounts?_rsc=4belA-F-xg-XtLdx net::ERR_ABORTED | /?_rsc=4belA-F-xg-XtLdx net::ERR_ABORTED | /requests?_rsc=4belA-F-xg-XtLdx net::ERR_ABORTED | /contracts?_rsc=4belA-F-xg-XtLdx net::ERR_ABORTED | /intelligence?_rsc=4belA-F-xg-XtLdx net::ERR_ABORTED | /intelligence/bids?_rsc=4belA-F-xg-XtLdx net::ERR_ABORTED | /catalog?_rsc=4belA-F-xg-XtLdx net::ERR_ABORTED | /catalog/gudid?_rsc=4belA-F-xg-XtLdx net::ERR_ABORTED | /settings?_rsc=4belA-F-xg-XtLdx net::ERR_ABORTED | /crosses?_rsc=4belA-F-xg-XtLdx net::ERR_ABORTED | /?_rsc=O1p93FFpSnNce0k4 net::ERR_ABORTED | /accounts?_rsc=O1p93FFpSnNce0k4 net::ERR_ABORTED | /requests?_rsc=O1p93FFpSnNce0k4 net::ERR_ABORTED | /proposals?_rsc=O1p93FFpSnNce0k4 net::ERR_ABORTED | /contracts?_rsc=O1p93FFpSnNce0k4 net::ERR_ABORTED | /intelligence?_rsc=O1p93FFpSnNce0k4 net::ERR_ABORTED | /intelligence/bids?_rsc=O1p93FFpSnNce0k4 net::ERR_ABORTED | /catalog?_rsc=O1p93FFpSnNce0k4 net::ERR_ABORTED | /catalog/gudid?_rsc=O1p93FFpSnNce0k4 net::ERR_ABORTED | /crosses?_rsc=O1p93FFpSnNce0k4 net::ERR_ABORTED | /settings?_rsc=O1p93FFpSnNce0k4 net::ERR_ABORTED | /notifications?_rsc=O1p93FFpSnNce0k4 net::ERR_ABORTED | /requests/new?_rsc=O1p93FFpSnNce0k4 net::ERR_ABORTED","","0","0","0","New request ; Switch user ; Google Sheets link ; Upload .xlsx / .csv ; Paste from a sheet ; Read sheet ; Continue request"
"SALES_REP","/requests/[id]","/requests/null","200","","Failed to load resource: the server responded with a status of 404 (Not Found)","","0","/?_rsc=76SvvV1TLjtpHtqe net::ERR_ABORTED | /requests?_rsc=76SvvV1TLjtpHtqe net::ERR_ABORTED | /proposals?_rsc=76SvvV1TLjtpHtqe net::ERR_ABORTED | /accounts?_rsc=76SvvV1TLjtpHtqe net::ERR_ABORTED | /contracts?_rsc=76SvvV1TLjtpHtqe net::ERR_ABORTED | /intelligence?_rsc=76SvvV1TLjtpHtqe net::ERR_ABORTED | /intelligence/bids?_rsc=76SvvV1TLjtpHtqe net::ERR_ABORTED | /catalog?_rsc=76SvvV1TLjtpHtqe net::ERR_ABORTED | /settings?_rsc=76SvvV1TLjtpHtqe net::ERR_ABORTED | /notifications?_rsc=76SvvV1TLjtpHtqe net::ERR_ABORTED | /requests/new?_rsc=76SvvV1TLjtpHtqe net::ERR_ABORTED | /proposals?_rsc=eoRKZgXY26fq4Ulk net::ERR_ABORTED | /?_rsc=eoRKZgXY26fq4Ulk net::ERR_ABORTED | /requests?_rsc=eoRKZgXY26fq4Ulk net::ERR_ABORTED | /intelligence?_rsc=eoRKZgXY26fq4Ulk net::ERR_ABORTED | /catalog?_rsc=eoRKZgXY26fq4Ulk net::ERR_ABORTED | /intelligence/bids?_rsc=eoRKZgXY26fq4Ulk net::ERR_ABORTED | /catalog/gudid?_rsc=eoRKZgXY26fq4Ulk net::ERR_ABORTED | /crosses?_rsc=eoRKZgXY26fq4Ulk net::ERR_ABORTED | /settings?_rsc=eoRKZgXY26fq4Ulk net::ERR_ABORTED | /notifications?_rsc=eoRKZgXY26fq4Ulk net::ERR_ABORTED | /requests/new?_rsc=eoRKZgXY26fq4Ulk net::ERR_ABORTED","404 /api/requests/null","0","0","0","New request ; Switch user"
"SALES_REP","/proposals","/proposals","200","Commercial proposals","","","0","/api/requests/null net::ERR_ABORTED | /contracts?_rsc=8qZH60WsiyOTuseO net::ERR_ABORTED | /?_rsc=8qZH60WsiyOTuseO net::ERR_ABORTED | /accounts?_rsc=8qZH60WsiyOTuseO net::ERR_ABORTED | /intelligence?_rsc=8qZH60WsiyOTuseO net::ERR_ABORTED | /intelligence/bids?_rsc=8qZH60WsiyOTuseO net::ERR_ABORTED | /catalog?_rsc=8qZH60WsiyOTuseO net::ERR_ABORTED | /catalog/gudid?_rsc=8qZH60WsiyOTuseO net::ERR_ABORTED | /crosses?_rsc=8qZH60WsiyOTuseO net::ERR_ABORTED | /settings?_rsc=8qZH60WsiyOTuseO net::ERR_ABORTED | /requests/new?_rsc=8qZH60WsiyOTuseO net::ERR_ABORTED | /notifications?_rsc=8qZH60WsiyOTuseO net::ERR_ABORTED | /proposals?_rsc=yDw8cg_cK2Tq2IDS net::ERR_ABORTED | /accounts?_rsc=yDw8cg_cK2Tq2IDS net::ERR_ABORTED | /?_rsc=yDw8cg_cK2Tq2IDS net::ERR_ABORTED | /requests?_rsc=yDw8cg_cK2Tq2IDS net::ERR_ABORTED | /contracts?_rsc=yDw8cg_cK2Tq2IDS net::ERR_ABORTED | /catalog?_rsc=yDw8cg_cK2Tq2IDS net::ERR_ABORTED | /intelligence?_rsc=yDw8cg_cK2Tq2IDS net::ERR_ABORTED | /intelligence/bids?_rsc=yDw8cg_cK2Tq2IDS net::ERR_ABORTED | /catalog/gudid?_rsc=yDw8cg_cK2Tq2IDS net::ERR_ABORTED | /crosses?_rsc=yDw8cg_cK2Tq2IDS net::ERR_ABORTED | /notifications?_rsc=yDw8cg_cK2Tq2IDS net::ERR_ABORTED | /settings?_rsc=yDw8cg_cK2Tq2IDS net::ERR_ABORTED | /requests/new?_rsc=yDw8cg_cK2Tq2IDS net::ERR_ABORTED","","0","0","0","New request ; Switch user"
"SALES_REP","/proposals/[id]","/proposals/null","200","","Failed to load resource: the server responded with a status of 404 (Not Found)","","0","/requests?_rsc=VreOGdJHuaZwqD3- net::ERR_ABORTED | /proposals?_rsc=VreOGdJHuaZwqD3- net::ERR_ABORTED | /?_rsc=VreOGdJHuaZwqD3- net::ERR_ABORTED | /accounts?_rsc=VreOGdJHuaZwqD3- net::ERR_ABORTED | /catalog?_rsc=VreOGdJHuaZwqD3- net::ERR_ABORTED | /contracts?_rsc=VreOGdJHuaZwqD3- net::ERR_ABORTED | /intelligence?_rsc=VreOGdJHuaZwqD3- net::ERR_ABORTED | /intelligence/bids?_rsc=VreOGdJHuaZwqD3- net::ERR_ABORTED | /catalog/gudid?_rsc=VreOGdJHuaZwqD3- net::ERR_ABORTED | /crosses?_rsc=VreOGdJHuaZwqD3- net::ERR_ABORTED | /settings?_rsc=VreOGdJHuaZwqD3- net::ERR_ABORTED | /notifications?_rsc=VreOGdJHuaZwqD3- net::ERR_ABORTED | /requests/new?_rsc=VreOGdJHuaZwqD3- net::ERR_ABORTED | /?_rsc=hzu8hJFrzSYjsRgK net::ERR_ABORTED | /requests?_rsc=hzu8hJFrzSYjsRgK net::ERR_ABORTED | /accounts?_rsc=hzu8hJFrzSYjsRgK net::ERR_ABORTED | /proposals?_rsc=hzu8hJFrzSYjsRgK net::ERR_ABORTED | /intelligence?_rsc=hzu8hJFrzSYjsRgK net::ERR_ABORTED | /intelligence/bids?_rsc=hzu8hJFrzSYjsRgK net::ERR_ABORTED | /catalog?_rsc=hzu8hJFrzSYjsRgK net::ERR_ABORTED | /catalog/gudid?_rsc=hzu8hJFrzSYjsRgK net::ERR_ABORTED | /notifications?_rsc=hzu8hJFrzSYjsRgK net::ERR_ABORTED | /settings?_rsc=hzu8hJFrzSYjsRgK net::ERR_ABORTED | /requests/new?_rsc=hzu8hJFrzSYjsRgK net::ERR_ABORTED | /crosses?_rsc=hzu8hJFrzSYjsRgK net::ERR_ABORTED","404 /api/proposals/null","0","0","0","New request ; Switch user"
"SALES_REP","/approvals","/approvals","200","Pricing approvals","","","0","/requests?_rsc=Ut9iRRX_9PZKRdF- net::ERR_ABORTED | /proposals?_rsc=Ut9iRRX_9PZKRdF- net::ERR_ABORTED | /accounts?_rsc=Ut9iRRX_9PZKRdF- net::ERR_ABORTED | /?_rsc=Ut9iRRX_9PZKRdF- net::ERR_ABORTED | /intelligence?_rsc=Ut9iRRX_9PZKRdF- net::ERR_ABORTED | /intelligence/bids?_rsc=Ut9iRRX_9PZKRdF- net::ERR_ABORTED | /catalog?_rsc=Ut9iRRX_9PZKRdF- net::ERR_ABORTED | /catalog/gudid?_rsc=Ut9iRRX_9PZKRdF- net::ERR_ABORTED | /crosses?_rsc=Ut9iRRX_9PZKRdF- net::ERR_ABORTED | /settings?_rsc=Ut9iRRX_9PZKRdF- net::ERR_ABORTED | /notifications?_rsc=Ut9iRRX_9PZKRdF- net::ERR_ABORTED | /requests/new?_rsc=Ut9iRRX_9PZKRdF- net::ERR_ABORTED | /?_rsc=AU6DTT46DVXZ7jWj net::ERR_ABORTED | /accounts?_rsc=AU6DTT46DVXZ7jWj net::ERR_ABORTED | /requests?_rsc=AU6DTT46DVXZ7jWj net::ERR_ABORTED | /proposals?_rsc=AU6DTT46DVXZ7jWj net::ERR_ABORTED | /contracts?_rsc=AU6DTT46DVXZ7jWj net::ERR_ABORTED | /intelligence?_rsc=AU6DTT46DVXZ7jWj net::ERR_ABORTED | /intelligence/bids?_rsc=AU6DTT46DVXZ7jWj net::ERR_ABORTED | /crosses?_rsc=AU6DTT46DVXZ7jWj net::ERR_ABORTED | /settings?_rsc=AU6DTT46DVXZ7jWj net::ERR_ABORTED | /notifications?_rsc=AU6DTT46DVXZ7jWj net::ERR_ABORTED | /requests/new?_rsc=AU6DTT46DVXZ7jWj net::ERR_ABORTED","","0","0","0","New request ; Switch user ; Delegate my approvals"
"SALES_REP","/accounts","/accounts","200","Accounts & GPO membership","","","0","/?_rsc=iZGmHDWBA-6V7KTQ net::ERR_ABORTED | /requests?_rsc=iZGmHDWBA-6V7KTQ net::ERR_ABORTED | /proposals?_rsc=iZGmHDWBA-6V7KTQ net::ERR_ABORTED | /contracts?_rsc=iZGmHDWBA-6V7KTQ net::ERR_ABORTED | /intelligence?_rsc=iZGmHDWBA-6V7KTQ net::ERR_ABORTED | /intelligence/bids?_rsc=iZGmHDWBA-6V7KTQ net::ERR_ABORTED | /catalog?_rsc=iZGmHDWBA-6V7KTQ net::ERR_ABORTED | /catalog/gudid?_rsc=iZGmHDWBA-6V7KTQ net::ERR_ABORTED | /crosses?_rsc=iZGmHDWBA-6V7KTQ net::ERR_ABORTED | /settings?_rsc=iZGmHDWBA-6V7KTQ net::ERR_ABORTED | /notifications?_rsc=iZGmHDWBA-6V7KTQ net::ERR_ABORTED | /requests/new?_rsc=iZGmHDWBA-6V7KTQ net::ERR_ABORTED | /accounts/cmuf6hihk02rjks7dyamo9w2u?_rsc=iZGmHDWBA-6V7KTQ net::ERR_ABORTED | /?_rsc=oRxEn_R9e10JER3Z net::ERR_ABORTED | /contracts?_rsc=oRxEn_R9e10JER3Z net::ERR_ABORTED | /intelligence/bids?_rsc=oRxEn_R9e10JER3Z net::ERR_ABORTED | /intelligence?_rsc=oRxEn_R9e10JER3Z net::ERR_ABORTED | /catalog?_rsc=oRxEn_R9e10JER3Z net::ERR_ABORTED | /catalog/gudid?_rsc=oRxEn_R9e10JER3Z net::ERR_ABORTED | /settings?_rsc=oRxEn_R9e10JER3Z net::ERR_ABORTED | /notifications?_rsc=oRxEn_R9e10JER3Z net::ERR_ABORTED | /requests/new?_rsc=oRxEn_R9e10JER3Z net::ERR_ABORTED | /accounts/cmuf6hihm02rkks7drm31yuur?_rsc=oRxEn_R9e10JER3Z net::ERR_ABORTED | /accounts/cmuf6hiho02rlks7d2xz6w5ev?_rsc=oRxEn_R9e10JER3Z net::ERR_ABORTED | /accounts/cmuf6hihq02rmks7did2qxong?_rsc=oRxEn_R9e10JER3Z net::ERR_ABORTED | /accounts/cmuf6hihk02rjks7dyamo9w2u?_rsc=oRxEn_R9e10JER3Z net::ERR_ABORTED","","0","0","0","New request ; Switch user"
"SALES_REP","/accounts/[id]","/accounts/cmuf6hihm02rkks7drm31yuur","200","Hospital A — Mount Vernon General","","","0","/?_rsc=pYoAThzR_ryjq0MS net::ERR_ABORTED | /requests?_rsc=pYoAThzR_ryjq0MS net::ERR_ABORTED | /proposals?_rsc=pYoAThzR_ryjq0MS net::ERR_ABORTED | /accounts?_rsc=pYoAThzR_ryjq0MS net::ERR_ABORTED | /contracts?_rsc=pYoAThzR_ryjq0MS net::ERR_ABORTED | /intelligence?_rsc=pYoAThzR_ryjq0MS net::ERR_ABORTED | /intelligence/bids?_rsc=pYoAThzR_ryjq0MS net::ERR_ABORTED | /catalog?_rsc=pYoAThzR_ryjq0MS net::ERR_ABORTED | /catalog/gudid?_rsc=pYoAThzR_ryjq0MS net::ERR_ABORTED | /crosses?_rsc=pYoAThzR_ryjq0MS net::ERR_ABORTED | /settings?_rsc=pYoAThzR_ryjq0MS net::ERR_ABORTED | /requests/new?_rsc=pYoAThzR_ryjq0MS net::ERR_ABORTED | /contracts/cmuf6himl02swks7dif6nb96r?_rsc=pYoAThzR_ryjq0MS net::ERR_ABORTED | /?_rsc=gRQ4rCW2m6dkjkis net::ERR_ABORTED | /notifications?_rsc=pYoAThzR_ryjq0MS net::ERR_ABORTED | /proposals?_rsc=gRQ4rCW2m6dkjkis net::ERR_ABORTED | /accounts?_rsc=gRQ4rCW2m6dkjkis net::ERR_ABORTED | /contracts?_rsc=gRQ4rCW2m6dkjkis net::ERR_ABORTED | /requests?_rsc=gRQ4rCW2m6dkjkis net::ERR_ABORTED | /intelligence?_rsc=gRQ4rCW2m6dkjkis net::ERR_ABORTED | /intelligence/bids?_rsc=gRQ4rCW2m6dkjkis net::ERR_ABORTED | /crosses?_rsc=gRQ4rCW2m6dkjkis net::ERR_ABORTED | /contracts/cmuf6himl02swks7dif6nb96r?_rsc=gRQ4rCW2m6dkjkis net::ERR_ABORTED | /settings?_rsc=gRQ4rCW2m6dkjkis net::ERR_ABORTED | /requests/new?_rsc=gRQ4rCW2m6dkjkis net::ERR_ABORTED | /notifications?_rsc=gRQ4rCW2m6dkjkis net::ERR_ABORTED","","0","1","0","New request ; Switch user"
"SALES_REP","/contracts","/contracts","200","Contracts & price context","","","0","/?_rsc=DzmfcRRfJeItXkgz net::ERR_ABORTED | /requests?_rsc=DzmfcRRfJeItXkgz net::ERR_ABORTED | /proposals?_rsc=DzmfcRRfJeItXkgz net::ERR_ABORTED | /accounts?_rsc=DzmfcRRfJeItXkgz net::ERR_ABORTED | /crosses?_rsc=DzmfcRRfJeItXkgz net::ERR_ABORTED | /catalog/gudid?_rsc=DzmfcRRfJeItXkgz net::ERR_ABORTED | /intelligence/bids?_rsc=DzmfcRRfJeItXkgz net::ERR_ABORTED | /catalog?_rsc=DzmfcRRfJeItXkgz net::ERR_ABORTED | /contracts/cmuf6himl02swks7dif6nb96r?_rsc=DzmfcRRfJeItXkgz net::ERR_ABORTED | /?_rsc=2Ju2sngZl13OvaTN net::ERR_ABORTED | /requests?_rsc=2Ju2sngZl13OvaTN net::ERR_ABORTED | /proposals?_rsc=2Ju2sngZl13OvaTN net::ERR_ABORTED | /catalog/gudid?_rsc=2Ju2sngZl13OvaTN net::ERR_ABORTED | /crosses?_rsc=2Ju2sngZl13OvaTN net::ERR_ABORTED | /settings?_rsc=2Ju2sngZl13OvaTN net::ERR_ABORTED | /catalog?_rsc=2Ju2sngZl13OvaTN net::ERR_ABORTED | /notifications?_rsc=2Ju2sngZl13OvaTN net::ERR_ABORTED | /requests/new?_rsc=2Ju2sngZl13OvaTN net::ERR_ABORTED | /contracts/cmuf6himu02sxks7dkgml1rr2?_rsc=2Ju2sngZl13OvaTN net::ERR_ABORTED | /contracts/cmuf6himl02swks7dif6nb96r?_rsc=2Ju2sngZl13OvaTN net::ERR_ABORTED","","0","1","0","New request ; Switch user ; New contract"
"SALES_REP","/contracts/[id]","/contracts/cmuf6himu02sxks7dkgml1rr2","200","MSK-LOCAL-2026 · MSK local mesh agreement","","","0","/?_rsc=TQOCHQXESAyQ3VEl net::ERR_ABORTED | /requests?_rsc=TQOCHQXESAyQ3VEl net::ERR_ABORTED | /proposals?_rsc=TQOCHQXESAyQ3VEl net::ERR_ABORTED | /accounts?_rsc=TQOCHQXESAyQ3VEl net::ERR_ABORTED | /contracts?_rsc=TQOCHQXESAyQ3VEl net::ERR_ABORTED | /intelligence?_rsc=TQOCHQXESAyQ3VEl net::ERR_ABORTED | /intelligence/bids?_rsc=TQOCHQXESAyQ3VEl net::ERR_ABORTED | /catalog?_rsc=TQOCHQXESAyQ3VEl net::ERR_ABORTED | /accounts/cmuf6hihk02rjks7dyamo9w2u?_rsc=12web-rdU3k9vLaG net::ERR_ABORTED | /?_rsc=12web-rdU3k9vLaG net::ERR_ABORTED | /accounts?_rsc=12web-rdU3k9vLaG net::ERR_ABORTED | /intelligence/bids?_rsc=12web-rdU3k9vLaG net::ERR_ABORTED | /contracts?_rsc=12web-rdU3k9vLaG net::ERR_ABORTED | /intelligence?_rsc=12web-rdU3k9vLaG net::ERR_ABORTED | /catalog?_rsc=12web-rdU3k9vLaG net::ERR_ABORTED | /catalog/gudid?_rsc=12web-rdU3k9vLaG net::ERR_ABORTED | /crosses?_rsc=12web-rdU3k9vLaG net::ERR_ABORTED | /settings?_rsc=12web-rdU3k9vLaG net::ERR_ABORTED | /notifications?_rsc=12web-rdU3k9vLaG net::ERR_ABORTED | /requests/new?_rsc=12web-rdU3k9vLaG net::ERR_ABORTED","","0","1","0","New request ; Switch user ; Refresh performance ; Terminate ; Save entries"
"SALES_REP","/intelligence","/intelligence","200","Competitor pricing","","","0","/?_rsc=3fD0047dUoUPXvG2 net::ERR_ABORTED | /requests?_rsc=3fD0047dUoUPXvG2 net::ERR_ABORTED | /proposals?_rsc=3fD0047dUoUPXvG2 net::ERR_ABORTED | /accounts?_rsc=3fD0047dUoUPXvG2 net::ERR_ABORTED | /intelligence/bids?_rsc=3fD0047dUoUPXvG2 net::ERR_ABORTED | /contracts?_rsc=3fD0047dUoUPXvG2 net::ERR_ABORTED | /catalog?_rsc=3fD0047dUoUPXvG2 net::ERR_ABORTED | /crosses?_rsc=3fD0047dUoUPXvG2 net::ERR_ABORTED | /settings?_rsc=3fD0047dUoUPXvG2 net::ERR_ABORTED | /notifications?_rsc=3fD0047dUoUPXvG2 net::ERR_ABORTED | /requests/new?_rsc=3fD0047dUoUPXvG2 net::ERR_ABORTED | /requests?_rsc=gu9LWiAQNzfrKsW2 net::ERR_ABORTED | /proposals?_rsc=gu9LWiAQNzfrKsW2 net::ERR_ABORTED | /accounts?_rsc=gu9LWiAQNzfrKsW2 net::ERR_ABORTED | /?_rsc=gu9LWiAQNzfrKsW2 net::ERR_ABORTED | /catalog?_rsc=gu9LWiAQNzfrKsW2 net::ERR_ABORTED | /contracts?_rsc=gu9LWiAQNzfrKsW2 net::ERR_ABORTED | /catalog/gudid?_rsc=gu9LWiAQNzfrKsW2 net::ERR_ABORTED | /crosses?_rsc=gu9LWiAQNzfrKsW2 net::ERR_ABORTED | /settings?_rsc=gu9LWiAQNzfrKsW2 net::ERR_ABORTED | /notifications?_rsc=gu9LWiAQNzfrKsW2 net::ERR_ABORTED | /requests/new?_rsc=gu9LWiAQNzfrKsW2 net::ERR_ABORTED","","0","1","0","New request ; Switch user ; Import .xlsx / .csv ; INPUT ; Extract a document… ; Verify ; Dispute ; 1190500 ; 1410015010 ; 1DLMC03 ; 1DLMC05 ; 112680 ; 1190816 ; SPMII ; 1200710 ; 1201520 ; 113700 ; 112650 ; 112660 ; UPA31015 ; 1190820 ; 1202025 ; 1190300 ; SPMXXL ; Record"
"SALES_REP","/intelligence/bids","/intelligence/bids","200","Public bids and awards","","","0","/?_rsc=2gWrMJaxdn-CU2fc net::ERR_ABORTED | /requests?_rsc=2gWrMJaxdn-CU2fc net::ERR_ABORTED | /proposals?_rsc=2gWrMJaxdn-CU2fc net::ERR_ABORTED | /accounts?_rsc=2gWrMJaxdn-CU2fc net::ERR_ABORTED | /catalog?_rsc=2gWrMJaxdn-CU2fc net::ERR_ABORTED | /contracts?_rsc=2gWrMJaxdn-CU2fc net::ERR_ABORTED | /intelligence?_rsc=2gWrMJaxdn-CU2fc net::ERR_ABORTED | /crosses?_rsc=2gWrMJaxdn-CU2fc net::ERR_ABORTED | /settings?_rsc=2gWrMJaxdn-CU2fc net::ERR_ABORTED | /notifications?_rsc=2gWrMJaxdn-CU2fc net::ERR_ABORTED | /requests/new?_rsc=2gWrMJaxdn-CU2fc net::ERR_ABORTED | /requests?_rsc=W5McYxvxTMCZbYJx net::ERR_ABORTED | /proposals?_rsc=W5McYxvxTMCZbYJx net::ERR_ABORTED | /accounts?_rsc=W5McYxvxTMCZbYJx net::ERR_ABORTED | /contracts?_rsc=W5McYxvxTMCZbYJx net::ERR_ABORTED | /intelligence?_rsc=W5McYxvxTMCZbYJx net::ERR_ABORTED | /intelligence/bids?_rsc=W5McYxvxTMCZbYJx net::ERR_ABORTED | /catalog?_rsc=W5McYxvxTMCZbYJx net::ERR_ABORTED | /catalog/gudid?_rsc=W5McYxvxTMCZbYJx net::ERR_ABORTED | /settings?_rsc=W5McYxvxTMCZbYJx net::ERR_ABORTED | /crosses?_rsc=W5McYxvxTMCZbYJx net::ERR_ABORTED | /notifications?_rsc=W5McYxvxTMCZbYJx net::ERR_ABORTED | /requests/new?_rsc=W5McYxvxTMCZbYJx net::ERR_ABORTED","","0","0","0","New request ; Switch user ; Pull ; Save ; INPUT"
"SALES_REP","/intelligence/extractions/[id]","/intelligence/extractions/missing0000000000000000","200","Extraction","Failed to load resource: the server responded with a status of 404 (Not Found)","","0","/?_rsc=VJB2dfGule5Oh2L3 net::ERR_ABORTED | /requests?_rsc=VJB2dfGule5Oh2L3 net::ERR_ABORTED | /proposals?_rsc=VJB2dfGule5Oh2L3 net::ERR_ABORTED | /accounts?_rsc=VJB2dfGule5Oh2L3 net::ERR_ABORTED | /contracts?_rsc=VJB2dfGule5Oh2L3 net::ERR_ABORTED | /intelligence?_rsc=VJB2dfGule5Oh2L3 net::ERR_ABORTED | /intelligence/bids?_rsc=VJB2dfGule5Oh2L3 net::ERR_ABORTED | /catalog?_rsc=VJB2dfGule5Oh2L3 net::ERR_ABORTED | /catalog/gudid?_rsc=VJB2dfGule5Oh2L3 net::ERR_ABORTED | /crosses?_rsc=VJB2dfGule5Oh2L3 net::ERR_ABORTED | /notifications?_rsc=VJB2dfGule5Oh2L3 net::ERR_ABORTED | /requests/new?_rsc=VJB2dfGule5Oh2L3 net::ERR_ABORTED | /?_rsc=wBL8jh-0AxNJNXN_ net::ERR_ABORTED | /requests?_rsc=wBL8jh-0AxNJNXN_ net::ERR_ABORTED | /accounts?_rsc=wBL8jh-0AxNJNXN_ net::ERR_ABORTED | /proposals?_rsc=wBL8jh-0AxNJNXN_ net::ERR_ABORTED | /catalog?_rsc=wBL8jh-0AxNJNXN_ net::ERR_ABORTED | /contracts?_rsc=wBL8jh-0AxNJNXN_ net::ERR_ABORTED | /intelligence?_rsc=wBL8jh-0AxNJNXN_ net::ERR_ABORTED | /intelligence/bids?_rsc=wBL8jh-0AxNJNXN_ net::ERR_ABORTED | /settings?_rsc=wBL8jh-0AxNJNXN_ net::ERR_ABORTED | /crosses?_rsc=wBL8jh-0AxNJNXN_ net::ERR_ABORTED | /notifications?_rsc=wBL8jh-0AxNJNXN_ net::ERR_ABORTED | /catalog/gudid?_rsc=wBL8jh-0AxNJNXN_ net::ERR_ABORTED | /requests/new?_rsc=wBL8jh-0AxNJNXN_ net::ERR_ABORTED","404 /api/documents/extractions/missing0000000000000000","0","0","0","New request ; Switch user"
"SALES_REP","/analytics","/analytics","200","","","","0","/?_rsc=ix5_aAief6TvBg04 net::ERR_ABORTED | /requests?_rsc=ix5_aAief6TvBg04 net::ERR_ABORTED | /proposals?_rsc=ix5_aAief6TvBg04 net::ERR_ABORTED | /accounts?_rsc=ix5_aAief6TvBg04 net::ERR_ABORTED | /contracts?_rsc=ix5_aAief6TvBg04 net::ERR_ABORTED | /intelligence?_rsc=ix5_aAief6TvBg04 net::ERR_ABORTED | /catalog?_rsc=ix5_aAief6TvBg04 net::ERR_ABORTED | /notifications?_rsc=ix5_aAief6TvBg04 net::ERR_ABORTED | /catalog/gudid?_rsc=ix5_aAief6TvBg04 net::ERR_ABORTED | /crosses?_rsc=ix5_aAief6TvBg04 net::ERR_ABORTED | /settings?_rsc=ix5_aAief6TvBg04 net::ERR_ABORTED | /requests/new?_rsc=ix5_aAief6TvBg04 net::ERR_ABORTED | /requests?_rsc=Dt318okBLJyNDlfE net::ERR_ABORTED | /accounts?_rsc=Dt318okBLJyNDlfE net::ERR_ABORTED | /contracts?_rsc=Dt318okBLJyNDlfE net::ERR_ABORTED | /intelligence?_rsc=Dt318okBLJyNDlfE net::ERR_ABORTED | /intelligence/bids?_rsc=Dt318okBLJyNDlfE net::ERR_ABORTED | /catalog?_rsc=Dt318okBLJyNDlfE net::ERR_ABORTED | /notifications?_rsc=Dt318okBLJyNDlfE net::ERR_ABORTED | /crosses?_rsc=Dt318okBLJyNDlfE net::ERR_ABORTED | /catalog/gudid?_rsc=Dt318okBLJyNDlfE net::ERR_ABORTED | /settings?_rsc=Dt318okBLJyNDlfE net::ERR_ABORTED | /requests/new?_rsc=Dt318okBLJyNDlfE net::ERR_ABORTED","","0","0","0","New request ; Switch user"
"SALES_REP","/catalog","/catalog","200","Our catalog","","","0","/?_rsc=OYzo7EH3MGwwxBfF net::ERR_ABORTED | /requests?_rsc=OYzo7EH3MGwwxBfF net::ERR_ABORTED | /proposals?_rsc=OYzo7EH3MGwwxBfF net::ERR_ABORTED | /accounts?_rsc=OYzo7EH3MGwwxBfF net::ERR_ABORTED | /intelligence?_rsc=OYzo7EH3MGwwxBfF net::ERR_ABORTED | /intelligence/bids?_rsc=OYzo7EH3MGwwxBfF net::ERR_ABORTED | /crosses?_rsc=OYzo7EH3MGwwxBfF net::ERR_ABORTED | /settings?_rsc=OYzo7EH3MGwwxBfF net::ERR_ABORTED | /catalog/gudid?_rsc=OYzo7EH3MGwwxBfF net::ERR_ABORTED | /?_rsc=O6cAbYUSgs3KBG-F net::ERR_ABORTED | /requests?_rsc=O6cAbYUSgs3KBG-F net::ERR_ABORTED | /proposals?_rsc=O6cAbYUSgs3KBG-F net::ERR_ABORTED | /accounts?_rsc=O6cAbYUSgs3KBG-F net::ERR_ABORTED | /intelligence/bids?_rsc=O6cAbYUSgs3KBG-F net::ERR_ABORTED | /catalog?_rsc=O6cAbYUSgs3KBG-F net::ERR_ABORTED | /catalog/gudid?_rsc=O6cAbYUSgs3KBG-F net::ERR_ABORTED | /crosses?_rsc=O6cAbYUSgs3KBG-F net::ERR_ABORTED | /settings?_rsc=O6cAbYUSgs3KBG-F net::ERR_ABORTED | /notifications?_rsc=O6cAbYUSgs3KBG-F net::ERR_ABORTED | /requests/new?_rsc=O6cAbYUSgs3KBG-F net::ERR_ABORTED","","0","1","0","New request ; Switch user ; GUDID library"
"SALES_REP","/catalog/gudid","/catalog/gudid","200","GUDID library","","","0","/?_rsc=DGmoGnAw5OqJpMhM net::ERR_ABORTED | /requests?_rsc=DGmoGnAw5OqJpMhM net::ERR_ABORTED | /proposals?_rsc=DGmoGnAw5OqJpMhM net::ERR_ABORTED | /accounts?_rsc=DGmoGnAw5OqJpMhM net::ERR_ABORTED | /contracts?_rsc=DGmoGnAw5OqJpMhM net::ERR_ABORTED | /intelligence?_rsc=DGmoGnAw5OqJpMhM net::ERR_ABORTED | /intelligence/bids?_rsc=DGmoGnAw5OqJpMhM net::ERR_ABORTED | /catalog?_rsc=DGmoGnAw5OqJpMhM net::ERR_ABORTED | /crosses?_rsc=DGmoGnAw5OqJpMhM net::ERR_ABORTED | /settings?_rsc=DGmoGnAw5OqJpMhM net::ERR_ABORTED | /notifications?_rsc=DGmoGnAw5OqJpMhM net::ERR_ABORTED | /requests/new?_rsc=DGmoGnAw5OqJpMhM net::ERR_ABORTED | /requests?_rsc=Z9EVd8HHdUwJDdIQ net::ERR_ABORTED | /proposals?_rsc=Z9EVd8HHdUwJDdIQ net::ERR_ABORTED | /accounts?_rsc=Z9EVd8HHdUwJDdIQ net::ERR_ABORTED | /?_rsc=Z9EVd8HHdUwJDdIQ net::ERR_ABORTED | /catalog?_rsc=Z9EVd8HHdUwJDdIQ net::ERR_ABORTED | /intelligence/bids?_rsc=Z9EVd8HHdUwJDdIQ net::ERR_ABORTED | /intelligence?_rsc=Z9EVd8HHdUwJDdIQ net::ERR_ABORTED | /contracts?_rsc=Z9EVd8HHdUwJDdIQ net::ERR_ABORTED | /notifications?_rsc=Z9EVd8HHdUwJDdIQ net::ERR_ABORTED | /catalog/gudid?_rsc=Z9EVd8HHdUwJDdIQ net::ERR_ABORTED | /crosses?_rsc=Z9EVd8HHdUwJDdIQ net::ERR_ABORTED | /settings?_rsc=Z9EVd8HHdUwJDdIQ net::ERR_ABORTED | /requests/new?_rsc=Z9EVd8HHdUwJDdIQ net::ERR_ABORTED","","0","0","0","New request ; Switch user"
"SALES_REP","/crosses","/crosses","200","Crosswalk","Failed to load resource: the server responded with a status of 429 (Too Many Requests)","","0","/requests?_rsc=zAn-vlYtEcVbUMJ6 net::ERR_ABORTED | /proposals?_rsc=zAn-vlYtEcVbUMJ6 net::ERR_ABORTED | /?_rsc=zAn-vlYtEcVbUMJ6 net::ERR_ABORTED | /accounts?_rsc=zAn-vlYtEcVbUMJ6 net::ERR_ABORTED | /intelligence?_rsc=zAn-vlYtEcVbUMJ6 net::ERR_ABORTED | /catalog/gudid?_rsc=zAn-vlYtEcVbUMJ6 net::ERR_ABORTED | /settings?_rsc=zAn-vlYtEcVbUMJ6 net::ERR_ABORTED | /notifications?_rsc=zAn-vlYtEcVbUMJ6 net::ERR_ABORTED | /requests/new?_rsc=zAn-vlYtEcVbUMJ6 net::ERR_ABORTED | /?_rsc=aniPmKjMQR6zCALO net::ERR_ABORTED | /proposals?_rsc=aniPmKjMQR6zCALO net::ERR_ABORTED | /accounts?_rsc=aniPmKjMQR6zCALO net::ERR_ABORTED | /contracts?_rsc=aniPmKjMQR6zCALO net::ERR_ABORTED | /intelligence?_rsc=aniPmKjMQR6zCALO net::ERR_ABORTED | /crosses?_rsc=aniPmKjMQR6zCALO net::ERR_ABORTED | /catalog/gudid?_rsc=aniPmKjMQR6zCALO net::ERR_ABORTED | /intelligence/bids?_rsc=aniPmKjMQR6zCALO net::ERR_ABORTED | /catalog?_rsc=aniPmKjMQR6zCALO net::ERR_ABORTED | /requests/new?_rsc=aniPmKjMQR6zCALO net::ERR_ABORTED | /settings?_rsc=aniPmKjMQR6zCALO net::ERR_ABORTED | /notifications?_rsc=aniPmKjMQR6zCALO net::ERR_ABORTED","429 /api/auth/dev","0","0","0","New request ; Switch user"
"SALES_REP","/notifications","/notifications","200","Notifications","Failed to load resource: the server responded with a status of 429 (Too Many Requests)","","0","/api/auth/dev net::ERR_ABORTED | /?_rsc=oG-rbVP81bj5yHs2 net::ERR_ABORTED | /requests?_rsc=oG-rbVP81bj5yHs2 net::ERR_ABORTED | /proposals?_rsc=oG-rbVP81bj5yHs2 net::ERR_ABORTED | /accounts?_rsc=oG-rbVP81bj5yHs2 net::ERR_ABORTED | /contracts?_rsc=oG-rbVP81bj5yHs2 net::ERR_ABORTED | /intelligence?_rsc=oG-rbVP81bj5yHs2 net::ERR_ABORTED | /intelligence/bids?_rsc=oG-rbVP81bj5yHs2 net::ERR_ABORTED | /proposals/cmuf6lrhk005bzp7dd7l78s5h?_rsc=oG-rbVP81bj5yHs2 net::ERR_ABORTED | /proposals/cmuf6ir1u009zqe7dw78869rl?_rsc=oG-rbVP81bj5yHs2 net::ERR_ABORTED | /proposals/cmuf6leuu0014yg7dwvwktqvx?_rsc=oG-rbVP81bj5yHs2 net::ERR_ABORTED | /proposals/cmuf6le5x0000yg7dy4rw6phu?_rsc=oG-rbVP81bj5yHs2 net::ERR_ABORTED | /catalog/gudid?_rsc=oG-rbVP81bj5yHs2 net::ERR_ABORTED | /requests/new?_rsc=oG-rbVP81bj5yHs2 net::ERR_ABORTED | /crosses?_rsc=oG-rbVP81bj5yHs2 net::ERR_ABORTED | /settings?_rsc=oG-rbVP81bj5yHs2 net::ERR_ABORTED | /proposals/cmuf6lrhk005bzp7dd7l78s5h?_rsc=FxIb9Zh5xrkPNSW4 net::ERR_ABORTED | /proposals/cmuf6ir1u009zqe7dw78869rl?_rsc=FxIb9Zh5xrkPNSW4 net::ERR_ABORTED | /proposals/cmuf6leuu0014yg7dwvwktqvx?_rsc=FxIb9Zh5xrkPNSW4 net::ERR_ABORTED | /?_rsc=FxIb9Zh5xrkPNSW4 net::ERR_ABORTED | /proposals/cmuf6le5x0000yg7dy4rw6phu?_rsc=FxIb9Zh5xrkPNSW4 net::ERR_ABORTED | /contracts?_rsc=FxIb9Zh5xrkPNSW4 net::ERR_ABORTED | /requests?_rsc=FxIb9Zh5xrkPNSW4 net::ERR_ABORTED | /proposals?_rsc=FxIb9Zh5xrkPNSW4 net::ERR_ABORTED | /accounts?_rsc=FxIb9Zh5xrkPNSW4 net::ERR_ABORTED | /intelligence?_rsc=FxIb9Zh5xrkPNSW4 net::ERR_ABORTED | /catalog?_rsc=FxIb9Zh5xrkPNSW4 net::ERR_ABORTED | /intelligence/bids?_rsc=FxIb9Zh5xrkPNSW4 net::ERR_ABORTED | /requests/new?_rsc=FxIb9Zh5xrkPNSW4 net::ERR_ABORTED | /crosses?_rsc=FxIb9Zh5xrkPNSW4 net::ERR_ABORTED | /notifications?_rsc=FxIb9Zh5xrkPNSW4 net::ERR_ABORTED | /settings?_rsc=FxIb9Zh5xrkPNSW4 net::ERR_ABORTED","429 /api/auth/dev","0","0","0","New request ; Switch user ; Mark all read ; Read"
"SALES_REP","/settings","/settings","200","Settings","Failed to load resource: the server responded with a status of 429 (Too Many Requests) | Failed to load resource: the server responded with a status of 404 (Not Found)","","0","/api/auth/dev net::ERR_ABORTED | /?_rsc=DQxjArDrgutTG17x net::ERR_ABORTED | /requests?_rsc=DQxjArDrgutTG17x net::ERR_ABORTED | /proposals?_rsc=DQxjArDrgutTG17x net::ERR_ABORTED | /accounts?_rsc=DQxjArDrgutTG17x net::ERR_ABORTED | /contracts?_rsc=DQxjArDrgutTG17x net::ERR_ABORTED | /catalog/gudid?_rsc=DQxjArDrgutTG17x net::ERR_ABORTED | /crosses?_rsc=DQxjArDrgutTG17x net::ERR_ABORTED | /notifications?_rsc=DQxjArDrgutTG17x net::ERR_ABORTED | /settings/pricing?_rsc=DQxjArDrgutTG17x net::ERR_ABORTED | /?_rsc=j-_vjoKOn8bxlRO7 net::ERR_ABORTED | /requests?_rsc=j-_vjoKOn8bxlRO7 net::ERR_ABORTED | /proposals?_rsc=j-_vjoKOn8bxlRO7 net::ERR_ABORTED | /contracts?_rsc=j-_vjoKOn8bxlRO7 net::ERR_ABORTED | /intelligence?_rsc=j-_vjoKOn8bxlRO7 net::ERR_ABORTED | /intelligence/bids?_rsc=j-_vjoKOn8bxlRO7 net::ERR_ABORTED | /catalog?_rsc=j-_vjoKOn8bxlRO7 net::ERR_ABORTED | /catalog/gudid?_rsc=j-_vjoKOn8bxlRO7 net::ERR_ABORTED | /crosses?_rsc=j-_vjoKOn8bxlRO7 net::ERR_ABORTED | /settings?_rsc=j-_vjoKOn8bxlRO7 net::ERR_ABORTED | /notifications?_rsc=j-_vjoKOn8bxlRO7 net::ERR_ABORTED | /requests/new?_rsc=j-_vjoKOn8bxlRO7 net::ERR_ABORTED | /settings/integrations?_rsc=j-_vjoKOn8bxlRO7 net::ERR_ABORTED | /settings/pricing?_rsc=j-_vjoKOn8bxlRO7 net::ERR_ABORTED","429 /api/auth/dev | 404 /docs/INTEGRATIONS.md?_rsc=DQxjArDrgutTG17x","0","0","0","New request ; Switch user ; Save ; Edit ; Configure integrations → ; How to connect"
"SALES_REP","/settings/integrations","/settings/integrations","200","Settings","Failed to load resource: the server responded with a status of 429 (Too Many Requests) | Failed to load resource: the server responded with a status of 404 (Not Found)","","0","/docs/INTEGRATIONS.md?_rsc=DQxjArDrgutTG17x net::ERR_ABORTED | /api/auth/dev net::ERR_ABORTED | /?_rsc=DQxjArDrgutTG17x net::ERR_ABORTED | /requests?_rsc=DQxjArDrgutTG17x net::ERR_ABORTED | /accounts?_rsc=DQxjArDrgutTG17x net::ERR_ABORTED | /proposals?_rsc=DQxjArDrgutTG17x net::ERR_ABORTED | /catalog?_rsc=DQxjArDrgutTG17x net::ERR_ABORTED | /contracts?_rsc=DQxjArDrgutTG17x net::ERR_ABORTED | /intelligence?_rsc=DQxjArDrgutTG17x net::ERR_ABORTED | /intelligence/bids?_rsc=DQxjArDrgutTG17x net::ERR_ABORTED | /catalog/gudid?_rsc=DQxjArDrgutTG17x net::ERR_ABORTED | /crosses?_rsc=DQxjArDrgutTG17x net::ERR_ABORTED | /notifications?_rsc=DQxjArDrgutTG17x net::ERR_ABORTED | /settings/pricing?_rsc=DQxjArDrgutTG17x net::ERR_ABORTED | /?_rsc=j-_vjoKOn8bxlRO7 net::ERR_ABORTED | /requests?_rsc=j-_vjoKOn8bxlRO7 net::ERR_ABORTED | /settings/integrations?_rsc=DQxjArDrgutTG17x net::ERR_ABORTED | /accounts?_rsc=j-_vjoKOn8bxlRO7 net::ERR_ABORTED | /contracts?_rsc=j-_vjoKOn8bxlRO7 net::ERR_ABORTED | /intelligence?_rsc=j-_vjoKOn8bxlRO7 net::ERR_ABORTED | /proposals?_rsc=j-_vjoKOn8bxlRO7 net::ERR_ABORTED | /notifications?_rsc=j-_vjoKOn8bxlRO7 net::ERR_ABORTED | /catalog/gudid?_rsc=j-_vjoKOn8bxlRO7 net::ERR_ABORTED | /crosses?_rsc=j-_vjoKOn8bxlRO7 net::ERR_ABORTED | /settings?_rsc=j-_vjoKOn8bxlRO7 net::ERR_ABORTED | /requests/new?_rsc=j-_vjoKOn8bxlRO7 net::ERR_ABORTED | /settings/pricing?_rsc=j-_vjoKOn8bxlRO7 net::ERR_ABORTED | /settings/integrations?_rsc=j-_vjoKOn8bxlRO7 net::ERR_ABORTED","429 /api/auth/dev | 404 /docs/INTEGRATIONS.md?_rsc=DQxjArDrgutTG17x","0","0","0","New request ; Switch user ; Save ; Edit ; Configure integrations → ; How to connect"
"SALES_REP","/settings/pricing","/settings/pricing","200","Pricing policies","Failed to load resource: the server responded with a status of 429 (Too Many Requests)","","0","/docs/INTEGRATIONS.md?_rsc=DQxjArDrgutTG17x net::ERR_ABORTED | /api/auth/dev net::ERR_ABORTED | /proposals?_rsc=8oSST31HPn0UlEto net::ERR_ABORTED | /?_rsc=8oSST31HPn0UlEto net::ERR_ABORTED | /requests?_rsc=8oSST31HPn0UlEto net::ERR_ABORTED | /catalog?_rsc=8oSST31HPn0UlEto net::ERR_ABORTED | /catalog/gudid?_rsc=8oSST31HPn0UlEto net::ERR_ABORTED | /crosses?_rsc=8oSST31HPn0UlEto net::ERR_ABORTED | /requests/new?_rsc=8oSST31HPn0UlEto net::ERR_ABORTED | /notifications?_rsc=8oSST31HPn0UlEto net::ERR_ABORTED | /requests?_rsc=_Ie442TgELs3Q458 net::ERR_ABORTED | /?_rsc=_Ie442TgELs3Q458 net::ERR_ABORTED | /intelligence?_rsc=_Ie442TgELs3Q458 net::ERR_ABORTED | /contracts?_rsc=_Ie442TgELs3Q458 net::ERR_ABORTED | /accounts?_rsc=_Ie442TgELs3Q458 net::ERR_ABORTED | /proposals?_rsc=_Ie442TgELs3Q458 net::ERR_ABORTED | /intelligence/bids?_rsc=_Ie442TgELs3Q458 net::ERR_ABORTED | /catalog/gudid?_rsc=_Ie442TgELs3Q458 net::ERR_ABORTED | /crosses?_rsc=_Ie442TgELs3Q458 net::ERR_ABORTED | /catalog?_rsc=_Ie442TgELs3Q458 net::ERR_ABORTED | /settings?_rsc=_Ie442TgELs3Q458 net::ERR_ABORTED | /notifications?_rsc=_Ie442TgELs3Q458 net::ERR_ABORTED | /requests/new?_rsc=_Ie442TgELs3Q458 net::ERR_ABORTED","429 /api/auth/dev","0","0","0","New request ; Switch user ; New draft ; New version"
"REGIONAL_MANAGER","/","/","200","Competitive cross reference","","","0","/requests?_rsc=5CB68i4pnAekjehf net::ERR_ABORTED | /proposals?_rsc=5CB68i4pnAekjehf net::ERR_ABORTED | /approvals?_rsc=5CB68i4pnAekjehf net::ERR_ABORTED | /accounts?_rsc=5CB68i4pnAekjehf net::ERR_ABORTED | /analytics?_rsc=5CB68i4pnAekjehf net::ERR_ABORTED | /contracts?_rsc=5CB68i4pnAekjehf net::ERR_ABORTED | /intelligence?_rsc=5CB68i4pnAekjehf net::ERR_ABORTED | /intelligence/bids?_rsc=5CB68i4pnAekjehf net::ERR_ABORTED | /catalog?_rsc=5CB68i4pnAekjehf net::ERR_ABORTED | /catalog/gudid?_rsc=5CB68i4pnAekjehf net::ERR_ABORTED | /crosses?_rsc=5CB68i4pnAekjehf net::ERR_ABORTED | /settings?_rsc=5CB68i4pnAekjehf net::ERR_ABORTED | /notifications?_rsc=5CB68i4pnAekjehf net::ERR_ABORTED | /requests/new?_rsc=5CB68i4pnAekjehf net::ERR_ABORTED | /?_rsc=tXyZJ52UQVBCVsD3 net::ERR_ABORTED | /requests?_rsc=tXyZJ52UQVBCVsD3 net::ERR_ABORTED | /proposals?_rsc=tXyZJ52UQVBCVsD3 net::ERR_ABORTED | /approvals?_rsc=tXyZJ52UQVBCVsD3 net::ERR_ABORTED | /accounts?_rsc=tXyZJ52UQVBCVsD3 net::ERR_ABORTED | /contracts?_rsc=tXyZJ52UQVBCVsD3 net::ERR_ABORTED | /intelligence?_rsc=tXyZJ52UQVBCVsD3 net::ERR_ABORTED | /intelligence/bids?_rsc=tXyZJ52UQVBCVsD3 net::ERR_ABORTED | /analytics?_rsc=tXyZJ52UQVBCVsD3 net::ERR_ABORTED | /catalog?_rsc=tXyZJ52UQVBCVsD3 net::ERR_ABORTED | /catalog/gudid?_rsc=tXyZJ52UQVBCVsD3 net::ERR_ABORTED | /crosses?_rsc=tXyZJ52UQVBCVsD3 net::ERR_ABORTED | /settings?_rsc=tXyZJ52UQVBCVsD3 net::ERR_ABORTED | /notifications?_rsc=tXyZJ52UQVBCVsD3 net::ERR_ABORTED | /requests/new?_rsc=tXyZJ52UQVBCVsD3 net::ERR_ABORTED","","0","0","0","New request ; Switch user"
"REGIONAL_MANAGER","/requests","/requests","200","Cross-reference requests","","","0","/approvals?_rsc=p3Q57VochOqcQNsg net::ERR_ABORTED | /?_rsc=p3Q57VochOqcQNsg net::ERR_ABORTED | /proposals?_rsc=p3Q57VochOqcQNsg net::ERR_ABORTED | /intelligence?_rsc=p3Q57VochOqcQNsg net::ERR_ABORTED | /contracts?_rsc=p3Q57VochOqcQNsg net::ERR_ABORTED | /intelligence/bids?_rsc=p3Q57VochOqcQNsg net::ERR_ABORTED | /analytics?_rsc=p3Q57VochOqcQNsg net::ERR_ABORTED | /catalog?_rsc=p3Q57VochOqcQNsg net::ERR_ABORTED | /crosses?_rsc=p3Q57VochOqcQNsg net::ERR_ABORTED | /catalog/gudid?_rsc=p3Q57VochOqcQNsg net::ERR_ABORTED | /settings?_rsc=p3Q57VochOqcQNsg net::ERR_ABORTED | /requests/new?_rsc=p3Q57VochOqcQNsg net::ERR_ABORTED | /?_rsc=nIzLgF1M7nWxnHlV net::ERR_ABORTED | /requests?_rsc=nIzLgF1M7nWxnHlV net::ERR_ABORTED | /proposals?_rsc=nIzLgF1M7nWxnHlV net::ERR_ABORTED | /accounts?_rsc=nIzLgF1M7nWxnHlV net::ERR_ABORTED | /contracts?_rsc=nIzLgF1M7nWxnHlV net::ERR_ABORTED | /intelligence?_rsc=nIzLgF1M7nWxnHlV net::ERR_ABORTED | /intelligence/bids?_rsc=nIzLgF1M7nWxnHlV net::ERR_ABORTED | /analytics?_rsc=nIzLgF1M7nWxnHlV net::ERR_ABORTED | /catalog?_rsc=nIzLgF1M7nWxnHlV net::ERR_ABORTED | /catalog/gudid?_rsc=nIzLgF1M7nWxnHlV net::ERR_ABORTED | /crosses?_rsc=nIzLgF1M7nWxnHlV net::ERR_ABORTED | /requests/new?_rsc=nIzLgF1M7nWxnHlV net::ERR_ABORTED | /settings?_rsc=nIzLgF1M7nWxnHlV net::ERR_ABORTED | /notifications?_rsc=nIzLgF1M7nWxnHlV net::ERR_ABORTED","","0","0","0","New request ; Switch user"
"REGIONAL_MANAGER","/requests/new","/requests/new","200","Competitive cross reference","","","0","/?_rsc=4belA-F-xg-XtLdx net::ERR_ABORTED | /requests?_rsc=4belA-F-xg-XtLdx net::ERR_ABORTED | /approvals?_rsc=4belA-F-xg-XtLdx net::ERR_ABORTED | /proposals?_rsc=4belA-F-xg-XtLdx net::ERR_ABORTED | /accounts?_rsc=4belA-F-xg-XtLdx net::ERR_ABORTED | /intelligence?_rsc=4belA-F-xg-XtLdx net::ERR_ABORTED | /intelligence/bids?_rsc=4belA-F-xg-XtLdx net::ERR_ABORTED | /contracts?_rsc=4belA-F-xg-XtLdx net::ERR_ABORTED | /analytics?_rsc=4belA-F-xg-XtLdx net::ERR_ABORTED | /catalog?_rsc=4belA-F-xg-XtLdx net::ERR_ABORTED | /catalog/gudid?_rsc=4belA-F-xg-XtLdx net::ERR_ABORTED | /crosses?_rsc=4belA-F-xg-XtLdx net::ERR_ABORTED | /settings?_rsc=4belA-F-xg-XtLdx net::ERR_ABORTED | /notifications?_rsc=4belA-F-xg-XtLdx net::ERR_ABORTED | /?_rsc=O1p93FFpSnNce0k4 net::ERR_ABORTED | /requests?_rsc=O1p93FFpSnNce0k4 net::ERR_ABORTED | /proposals?_rsc=O1p93FFpSnNce0k4 net::ERR_ABORTED | /approvals?_rsc=O1p93FFpSnNce0k4 net::ERR_ABORTED | /accounts?_rsc=O1p93FFpSnNce0k4 net::ERR_ABORTED | /contracts?_rsc=O1p93FFpSnNce0k4 net::ERR_ABORTED | /intelligence?_rsc=O1p93FFpSnNce0k4 net::ERR_ABORTED | /intelligence/bids?_rsc=O1p93FFpSnNce0k4 net::ERR_ABORTED | /analytics?_rsc=O1p93FFpSnNce0k4 net::ERR_ABORTED | /catalog?_rsc=O1p93FFpSnNce0k4 net::ERR_ABORTED | /catalog/gudid?_rsc=O1p93FFpSnNce0k4 net::ERR_ABORTED | /crosses?_rsc=O1p93FFpSnNce0k4 net::ERR_ABORTED | /settings?_rsc=O1p93FFpSnNce0k4 net::ERR_ABORTED | /notifications?_rsc=O1p93FFpSnNce0k4 net::ERR_ABORTED | /requests/new?_rsc=O1p93FFpSnNce0k4 net::ERR_ABORTED","","0","0","0","New request ; Switch user ; Google Sheets link ; Upload .xlsx / .csv ; Paste from a sheet ; Read sheet ; Continue request"
"REGIONAL_MANAGER","/requests/[id]","/requests/null","200","","Failed to load resource: the server responded with a status of 404 (Not Found)","","0","/?_rsc=76SvvV1TLjtpHtqe net::ERR_ABORTED | /requests?_rsc=76SvvV1TLjtpHtqe net::ERR_ABORTED | /proposals?_rsc=76SvvV1TLjtpHtqe net::ERR_ABORTED | /accounts?_rsc=76SvvV1TLjtpHtqe net::ERR_ABORTED | /contracts?_rsc=76SvvV1TLjtpHtqe net::ERR_ABORTED | /intelligence?_rsc=76SvvV1TLjtpHtqe net::ERR_ABORTED | /catalog?_rsc=76SvvV1TLjtpHtqe net::ERR_ABORTED | /catalog/gudid?_rsc=76SvvV1TLjtpHtqe net::ERR_ABORTED | /crosses?_rsc=76SvvV1TLjtpHtqe net::ERR_ABORTED | /settings?_rsc=76SvvV1TLjtpHtqe net::ERR_ABORTED | /notifications?_rsc=76SvvV1TLjtpHtqe net::ERR_ABORTED | /requests/new?_rsc=76SvvV1TLjtpHtqe net::ERR_ABORTED | /proposals?_rsc=eoRKZgXY26fq4Ulk net::ERR_ABORTED | /?_rsc=eoRKZgXY26fq4Ulk net::ERR_ABORTED | /requests?_rsc=eoRKZgXY26fq4Ulk net::ERR_ABORTED | /approvals?_rsc=eoRKZgXY26fq4Ulk net::ERR_ABORTED | /intelligence?_rsc=eoRKZgXY26fq4Ulk net::ERR_ABORTED | /intelligence/bids?_rsc=eoRKZgXY26fq4Ulk net::ERR_ABORTED | /accounts?_rsc=eoRKZgXY26fq4Ulk net::ERR_ABORTED | /catalog?_rsc=eoRKZgXY26fq4Ulk net::ERR_ABORTED | /catalog/gudid?_rsc=eoRKZgXY26fq4Ulk net::ERR_ABORTED | /crosses?_rsc=eoRKZgXY26fq4Ulk net::ERR_ABORTED | /analytics?_rsc=eoRKZgXY26fq4Ulk net::ERR_ABORTED | /requests/new?_rsc=eoRKZgXY26fq4Ulk net::ERR_ABORTED | /settings?_rsc=eoRKZgXY26fq4Ulk net::ERR_ABORTED | /notifications?_rsc=eoRKZgXY26fq4Ulk net::ERR_ABORTED","404 /api/requests/null","0","0","0","New request ; Switch user"
"REGIONAL_MANAGER","/proposals","/proposals","200","Commercial proposals","","","0","/api/requests/null net::ERR_ABORTED | /?_rsc=8qZH60WsiyOTuseO net::ERR_ABORTED | /contracts?_rsc=8qZH60WsiyOTuseO net::ERR_ABORTED | /intelligence?_rsc=8qZH60WsiyOTuseO net::ERR_ABORTED | /intelligence/bids?_rsc=8qZH60WsiyOTuseO net::ERR_ABORTED | /analytics?_rsc=8qZH60WsiyOTuseO net::ERR_ABORTED | /catalog?_rsc=8qZH60WsiyOTuseO net::ERR_ABORTED | /catalog/gudid?_rsc=8qZH60WsiyOTuseO net::ERR_ABORTED | /crosses?_rsc=8qZH60WsiyOTuseO net::ERR_ABORTED | /settings?_rsc=8qZH60WsiyOTuseO net::ERR_ABORTED | /notifications?_rsc=8qZH60WsiyOTuseO net::ERR_ABORTED | /requests/new?_rsc=8qZH60WsiyOTuseO net::ERR_ABORTED | /?_rsc=yDw8cg_cK2Tq2IDS net::ERR_ABORTED | /requests?_rsc=yDw8cg_cK2Tq2IDS net::ERR_ABORTED | /proposals?_rsc=yDw8cg_cK2Tq2IDS net::ERR_ABORTED | /approvals?_rsc=yDw8cg_cK2Tq2IDS net::ERR_ABORTED | /intelligence?_rsc=yDw8cg_cK2Tq2IDS net::ERR_ABORTED | /accounts?_rsc=yDw8cg_cK2Tq2IDS net::ERR_ABORTED | /contracts?_rsc=yDw8cg_cK2Tq2IDS net::ERR_ABORTED | /analytics?_rsc=yDw8cg_cK2Tq2IDS net::ERR_ABORTED | /catalog/gudid?_rsc=yDw8cg_cK2Tq2IDS net::ERR_ABORTED | /catalog?_rsc=yDw8cg_cK2Tq2IDS net::ERR_ABORTED | /crosses?_rsc=yDw8cg_cK2Tq2IDS net::ERR_ABORTED | /settings?_rsc=yDw8cg_cK2Tq2IDS net::ERR_ABORTED | /notifications?_rsc=yDw8cg_cK2Tq2IDS net::ERR_ABORTED | /requests/new?_rsc=yDw8cg_cK2Tq2IDS net::ERR_ABORTED","","0","0","0","New request ; Switch user"
"REGIONAL_MANAGER","/proposals/[id]","/proposals/null","200","","Failed to load resource: the server responded with a status of 404 (Not Found)","","0","/?_rsc=VreOGdJHuaZwqD3- net::ERR_ABORTED | /requests?_rsc=VreOGdJHuaZwqD3- net::ERR_ABORTED | /proposals?_rsc=VreOGdJHuaZwqD3- net::ERR_ABORTED | /approvals?_rsc=VreOGdJHuaZwqD3- net::ERR_ABORTED | /accounts?_rsc=VreOGdJHuaZwqD3- net::ERR_ABORTED | /contracts?_rsc=VreOGdJHuaZwqD3- net::ERR_ABORTED | /intelligence?_rsc=VreOGdJHuaZwqD3- net::ERR_ABORTED | /intelligence/bids?_rsc=VreOGdJHuaZwqD3- net::ERR_ABORTED | /analytics?_rsc=VreOGdJHuaZwqD3- net::ERR_ABORTED | /catalog?_rsc=VreOGdJHuaZwqD3- net::ERR_ABORTED | /catalog/gudid?_rsc=VreOGdJHuaZwqD3- net::ERR_ABORTED | /crosses?_rsc=VreOGdJHuaZwqD3- net::ERR_ABORTED | /settings?_rsc=VreOGdJHuaZwqD3- net::ERR_ABORTED | /notifications?_rsc=VreOGdJHuaZwqD3- net::ERR_ABORTED | /requests/new?_rsc=VreOGdJHuaZwqD3- net::ERR_ABORTED | /?_rsc=hzu8hJFrzSYjsRgK net::ERR_ABORTED | /proposals?_rsc=hzu8hJFrzSYjsRgK net::ERR_ABORTED | /requests?_rsc=hzu8hJFrzSYjsRgK net::ERR_ABORTED | /approvals?_rsc=hzu8hJFrzSYjsRgK net::ERR_ABORTED | /accounts?_rsc=hzu8hJFrzSYjsRgK net::ERR_ABORTED | /contracts?_rsc=hzu8hJFrzSYjsRgK net::ERR_ABORTED | /intelligence?_rsc=hzu8hJFrzSYjsRgK net::ERR_ABORTED | /intelligence/bids?_rsc=hzu8hJFrzSYjsRgK net::ERR_ABORTED | /analytics?_rsc=hzu8hJFrzSYjsRgK net::ERR_ABORTED | /catalog?_rsc=hzu8hJFrzSYjsRgK net::ERR_ABORTED | /catalog/gudid?_rsc=hzu8hJFrzSYjsRgK net::ERR_ABORTED | /crosses?_rsc=hzu8hJFrzSYjsRgK net::ERR_ABORTED | /settings?_rsc=hzu8hJFrzSYjsRgK net::ERR_ABORTED | /requests/new?_rsc=hzu8hJFrzSYjsRgK net::ERR_ABORTED | /notifications?_rsc=hzu8hJFrzSYjsRgK net::ERR_ABORTED","404 /api/proposals/null","0","0","0","New request ; Switch user"
"REGIONAL_MANAGER","/approvals","/approvals","200","Pricing approvals","","","0","/?_rsc=Ut9iRRX_9PZKRdF- net::ERR_ABORTED | /requests?_rsc=Ut9iRRX_9PZKRdF- net::ERR_ABORTED | /proposals?_rsc=Ut9iRRX_9PZKRdF- net::ERR_ABORTED | /accounts?_rsc=Ut9iRRX_9PZKRdF- net::ERR_ABORTED | /contracts?_rsc=Ut9iRRX_9PZKRdF- net::ERR_ABORTED | /intelligence?_rsc=Ut9iRRX_9PZKRdF- net::ERR_ABORTED | /intelligence/bids?_rsc=Ut9iRRX_9PZKRdF- net::ERR_ABORTED | /analytics?_rsc=Ut9iRRX_9PZKRdF- net::ERR_ABORTED | /catalog?_rsc=Ut9iRRX_9PZKRdF- net::ERR_ABORTED | /catalog/gudid?_rsc=Ut9iRRX_9PZKRdF- net::ERR_ABORTED | /crosses?_rsc=Ut9iRRX_9PZKRdF- net::ERR_ABORTED | /settings?_rsc=Ut9iRRX_9PZKRdF- net::ERR_ABORTED | /notifications?_rsc=Ut9iRRX_9PZKRdF- net::ERR_ABORTED | /requests/new?_rsc=Ut9iRRX_9PZKRdF- net::ERR_ABORTED | /?_rsc=AU6DTT46DVXZ7jWj net::ERR_ABORTED | /proposals?_rsc=AU6DTT46DVXZ7jWj net::ERR_ABORTED | /approvals?_rsc=AU6DTT46DVXZ7jWj net::ERR_ABORTED | /intelligence?_rsc=AU6DTT46DVXZ7jWj net::ERR_ABORTED | /intelligence/bids?_rsc=AU6DTT46DVXZ7jWj net::ERR_ABORTED | /accounts?_rsc=AU6DTT46DVXZ7jWj net::ERR_ABORTED | /contracts?_rsc=AU6DTT46DVXZ7jWj net::ERR_ABORTED | /catalog?_rsc=AU6DTT46DVXZ7jWj net::ERR_ABORTED | /catalog/gudid?_rsc=AU6DTT46DVXZ7jWj net::ERR_ABORTED | /crosses?_rsc=AU6DTT46DVXZ7jWj net::ERR_ABORTED | /analytics?_rsc=AU6DTT46DVXZ7jWj net::ERR_ABORTED | /requests/new?_rsc=AU6DTT46DVXZ7jWj net::ERR_ABORTED | /settings?_rsc=AU6DTT46DVXZ7jWj net::ERR_ABORTED","","0","0","0","New request ; Switch user ; Delegate my approvals"
"REGIONAL_MANAGER","/accounts","/accounts","200","Accounts & GPO membership","","","0","/requests?_rsc=iZGmHDWBA-6V7KTQ net::ERR_ABORTED | /proposals?_rsc=iZGmHDWBA-6V7KTQ net::ERR_ABORTED | /approvals?_rsc=iZGmHDWBA-6V7KTQ net::ERR_ABORTED | /contracts?_rsc=iZGmHDWBA-6V7KTQ net::ERR_ABORTED | /analytics?_rsc=iZGmHDWBA-6V7KTQ net::ERR_ABORTED | /intelligence?_rsc=iZGmHDWBA-6V7KTQ net::ERR_ABORTED | /intelligence/bids?_rsc=iZGmHDWBA-6V7KTQ net::ERR_ABORTED | /catalog?_rsc=iZGmHDWBA-6V7KTQ net::ERR_ABORTED | /settings?_rsc=iZGmHDWBA-6V7KTQ net::ERR_ABORTED | /notifications?_rsc=iZGmHDWBA-6V7KTQ net::ERR_ABORTED | /requests/new?_rsc=iZGmHDWBA-6V7KTQ net::ERR_ABORTED | /accounts/cmuf6hihm02rkks7drm31yuur?_rsc=iZGmHDWBA-6V7KTQ net::ERR_ABORTED | /accounts/cmuf6hiho02rlks7d2xz6w5ev?_rsc=iZGmHDWBA-6V7KTQ net::ERR_ABORTED | /accounts/cmuf6hihq02rmks7did2qxong?_rsc=iZGmHDWBA-6V7KTQ net::ERR_ABORTED | /accounts/cmuf6hihk02rjks7dyamo9w2u?_rsc=iZGmHDWBA-6V7KTQ net::ERR_ABORTED | /?_rsc=oRxEn_R9e10JER3Z net::ERR_ABORTED | /requests?_rsc=oRxEn_R9e10JER3Z net::ERR_ABORTED | /accounts?_rsc=oRxEn_R9e10JER3Z net::ERR_ABORTED | /proposals?_rsc=oRxEn_R9e10JER3Z net::ERR_ABORTED | /approvals?_rsc=oRxEn_R9e10JER3Z net::ERR_ABORTED | /analytics?_rsc=oRxEn_R9e10JER3Z net::ERR_ABORTED | /catalog?_rsc=oRxEn_R9e10JER3Z net::ERR_ABORTED | /catalog/gudid?_rsc=oRxEn_R9e10JER3Z net::ERR_ABORTED | /crosses?_rsc=oRxEn_R9e10JER3Z net::ERR_ABORTED | /requests/new?_rsc=oRxEn_R9e10JER3Z net::ERR_ABORTED | /accounts/cmuf6hihm02rkks7drm31yuur?_rsc=oRxEn_R9e10JER3Z net::ERR_ABORTED | /accounts/cmuf6hihq02rmks7did2qxong?_rsc=oRxEn_R9e10JER3Z net::ERR_ABORTED | /accounts/cmuf6hihh02riks7dkuig0cbl?_rsc=oRxEn_R9e10JER3Z net::ERR_ABORTED | /accounts/cmuf6hihk02rjks7dyamo9w2u?_rsc=oRxEn_R9e10JER3Z net::ERR_ABORTED","","0","0","0","New request ; Switch user"
"REGIONAL_MANAGER","/accounts/[id]","/accounts/cmuf6hihm02rkks7drm31yuur","200","Hospital A — Mount Vernon General","","","0","/requests?_rsc=pYoAThzR_ryjq0MS net::ERR_ABORTED | /approvals?_rsc=pYoAThzR_ryjq0MS net::ERR_ABORTED | /?_rsc=pYoAThzR_ryjq0MS net::ERR_ABORTED | /accounts?_rsc=pYoAThzR_ryjq0MS net::ERR_ABORTED | /intelligence?_rsc=pYoAThzR_ryjq0MS net::ERR_ABORTED | /contracts?_rsc=pYoAThzR_ryjq0MS net::ERR_ABORTED | /intelligence/bids?_rsc=pYoAThzR_ryjq0MS net::ERR_ABORTED | /analytics?_rsc=pYoAThzR_ryjq0MS net::ERR_ABORTED | /catalog?_rsc=pYoAThzR_ryjq0MS net::ERR_ABORTED | /catalog/gudid?_rsc=pYoAThzR_ryjq0MS net::ERR_ABORTED | /crosses?_rsc=pYoAThzR_ryjq0MS net::ERR_ABORTED | /settings?_rsc=pYoAThzR_ryjq0MS net::ERR_ABORTED | /notifications?_rsc=pYoAThzR_ryjq0MS net::ERR_ABORTED | /requests/new?_rsc=pYoAThzR_ryjq0MS net::ERR_ABORTED | /contracts/cmuf6himl02swks7dif6nb96r?_rsc=pYoAThzR_ryjq0MS net::ERR_ABORTED | /?_rsc=gRQ4rCW2m6dkjkis net::ERR_ABORTED | /requests?_rsc=gRQ4rCW2m6dkjkis net::ERR_ABORTED | /proposals?_rsc=gRQ4rCW2m6dkjkis net::ERR_ABORTED | /approvals?_rsc=gRQ4rCW2m6dkjkis net::ERR_ABORTED | /accounts?_rsc=gRQ4rCW2m6dkjkis net::ERR_ABORTED | /contracts?_rsc=gRQ4rCW2m6dkjkis net::ERR_ABORTED | /intelligence?_rsc=gRQ4rCW2m6dkjkis net::ERR_ABORTED | /intelligence/bids?_rsc=gRQ4rCW2m6dkjkis net::ERR_ABORTED | /analytics?_rsc=gRQ4rCW2m6dkjkis net::ERR_ABORTED | /catalog?_rsc=gRQ4rCW2m6dkjkis net::ERR_ABORTED | /catalog/gudid?_rsc=gRQ4rCW2m6dkjkis net::ERR_ABORTED | /crosses?_rsc=gRQ4rCW2m6dkjkis net::ERR_ABORTED | /settings?_rsc=gRQ4rCW2m6dkjkis net::ERR_ABORTED | /notifications?_rsc=gRQ4rCW2m6dkjkis net::ERR_ABORTED | /contracts/cmuf6himl02swks7dif6nb96r?_rsc=gRQ4rCW2m6dkjkis net::ERR_ABORTED | /requests/new?_rsc=gRQ4rCW2m6dkjkis net::ERR_ABORTED","","0","1","0","New request ; Switch user"
"REGIONAL_MANAGER","/contracts","/contracts","200","Contracts & price context","","","0","/?_rsc=DzmfcRRfJeItXkgz net::ERR_ABORTED | /approvals?_rsc=DzmfcRRfJeItXkgz net::ERR_ABORTED | /requests?_rsc=DzmfcRRfJeItXkgz net::ERR_ABORTED | /proposals?_rsc=DzmfcRRfJeItXkgz net::ERR_ABORTED | /intelligence?_rsc=DzmfcRRfJeItXkgz net::ERR_ABORTED | /intelligence/bids?_rsc=DzmfcRRfJeItXkgz net::ERR_ABORTED | /accounts?_rsc=DzmfcRRfJeItXkgz net::ERR_ABORTED | /analytics?_rsc=DzmfcRRfJeItXkgz net::ERR_ABORTED | /catalog?_rsc=DzmfcRRfJeItXkgz net::ERR_ABORTED | /catalog/gudid?_rsc=DzmfcRRfJeItXkgz net::ERR_ABORTED | /settings?_rsc=DzmfcRRfJeItXkgz net::ERR_ABORTED | /crosses?_rsc=DzmfcRRfJeItXkgz net::ERR_ABORTED | /contracts/cmuf6himu02sxks7dkgml1rr2?_rsc=DzmfcRRfJeItXkgz net::ERR_ABORTED | /contracts/cmuf6himl02swks7dif6nb96r?_rsc=DzmfcRRfJeItXkgz net::ERR_ABORTED | /notifications?_rsc=DzmfcRRfJeItXkgz net::ERR_ABORTED | /requests/new?_rsc=DzmfcRRfJeItXkgz net::ERR_ABORTED | /?_rsc=2Ju2sngZl13OvaTN net::ERR_ABORTED | /requests?_rsc=2Ju2sngZl13OvaTN net::ERR_ABORTED | /proposals?_rsc=2Ju2sngZl13OvaTN net::ERR_ABORTED | /approvals?_rsc=2Ju2sngZl13OvaTN net::ERR_ABORTED | /accounts?_rsc=2Ju2sngZl13OvaTN net::ERR_ABORTED | /contracts?_rsc=2Ju2sngZl13OvaTN net::ERR_ABORTED | /intelligence?_rsc=2Ju2sngZl13OvaTN net::ERR_ABORTED | /intelligence/bids?_rsc=2Ju2sngZl13OvaTN net::ERR_ABORTED | /analytics?_rsc=2Ju2sngZl13OvaTN net::ERR_ABORTED | /crosses?_rsc=2Ju2sngZl13OvaTN net::ERR_ABORTED | /catalog?_rsc=2Ju2sngZl13OvaTN net::ERR_ABORTED | /catalog/gudid?_rsc=2Ju2sngZl13OvaTN net::ERR_ABORTED | /settings?_rsc=2Ju2sngZl13OvaTN net::ERR_ABORTED | /notifications?_rsc=2Ju2sngZl13OvaTN net::ERR_ABORTED | /contracts/cmuf6himu02sxks7dkgml1rr2?_rsc=2Ju2sngZl13OvaTN net::ERR_ABORTED | /requests/new?_rsc=2Ju2sngZl13OvaTN net::ERR_ABORTED | /contracts/cmuf6himl02swks7dif6nb96r?_rsc=2Ju2sngZl13OvaTN net::ERR_ABORTED","","0","1","0","New request ; Switch user ; New contract"
"REGIONAL_MANAGER","/contracts/[id]","/contracts/cmuf6himu02sxks7dkgml1rr2","200","MSK-LOCAL-2026 · MSK local mesh agreement","","","0","/?_rsc=TQOCHQXESAyQ3VEl net::ERR_ABORTED | /requests?_rsc=TQOCHQXESAyQ3VEl net::ERR_ABORTED | /proposals?_rsc=TQOCHQXESAyQ3VEl net::ERR_ABORTED | /approvals?_rsc=TQOCHQXESAyQ3VEl net::ERR_ABORTED | /accounts?_rsc=TQOCHQXESAyQ3VEl net::ERR_ABORTED | /contracts?_rsc=TQOCHQXESAyQ3VEl net::ERR_ABORTED | /analytics?_rsc=TQOCHQXESAyQ3VEl net::ERR_ABORTED | /catalog?_rsc=TQOCHQXESAyQ3VEl net::ERR_ABORTED | /catalog/gudid?_rsc=TQOCHQXESAyQ3VEl net::ERR_ABORTED | /accounts/cmuf6hihk02rjks7dyamo9w2u?_rsc=TQOCHQXESAyQ3VEl net::ERR_ABORTED | /crosses?_rsc=TQOCHQXESAyQ3VEl net::ERR_ABORTED | /settings?_rsc=TQOCHQXESAyQ3VEl net::ERR_ABORTED | /notifications?_rsc=TQOCHQXESAyQ3VEl net::ERR_ABORTED | /requests/new?_rsc=TQOCHQXESAyQ3VEl net::ERR_ABORTED | /accounts/cmuf6hihk02rjks7dyamo9w2u?_rsc=12web-rdU3k9vLaG net::ERR_ABORTED | /?_rsc=12web-rdU3k9vLaG net::ERR_ABORTED | /requests?_rsc=12web-rdU3k9vLaG net::ERR_ABORTED | /proposals?_rsc=12web-rdU3k9vLaG net::ERR_ABORTED | /approvals?_rsc=12web-rdU3k9vLaG net::ERR_ABORTED | /accounts?_rsc=12web-rdU3k9vLaG net::ERR_ABORTED | /contracts?_rsc=12web-rdU3k9vLaG net::ERR_ABORTED | /intelligence?_rsc=12web-rdU3k9vLaG net::ERR_ABORTED | /intelligence/bids?_rsc=12web-rdU3k9vLaG net::ERR_ABORTED | /analytics?_rsc=12web-rdU3k9vLaG net::ERR_ABORTED | /catalog?_rsc=12web-rdU3k9vLaG net::ERR_ABORTED | /catalog/gudid?_rsc=12web-rdU3k9vLaG net::ERR_ABORTED | /crosses?_rsc=12web-rdU3k9vLaG net::ERR_ABORTED | /settings?_rsc=12web-rdU3k9vLaG net::ERR_ABORTED | /notifications?_rsc=12web-rdU3k9vLaG net::ERR_ABORTED | /requests/new?_rsc=12web-rdU3k9vLaG net::ERR_ABORTED","","0","1","0","New request ; Switch user ; Refresh performance ; Terminate ; Save entries"
"REGIONAL_MANAGER","/intelligence","/intelligence","200","Competitor pricing","","","0","/?_rsc=3fD0047dUoUPXvG2 net::ERR_ABORTED | /requests?_rsc=3fD0047dUoUPXvG2 net::ERR_ABORTED | /proposals?_rsc=3fD0047dUoUPXvG2 net::ERR_ABORTED | /approvals?_rsc=3fD0047dUoUPXvG2 net::ERR_ABORTED | /contracts?_rsc=3fD0047dUoUPXvG2 net::ERR_ABORTED | /accounts?_rsc=3fD0047dUoUPXvG2 net::ERR_ABORTED | /intelligence/bids?_rsc=3fD0047dUoUPXvG2 net::ERR_ABORTED | /analytics?_rsc=3fD0047dUoUPXvG2 net::ERR_ABORTED | /catalog?_rsc=3fD0047dUoUPXvG2 net::ERR_ABORTED | /catalog/gudid?_rsc=3fD0047dUoUPXvG2 net::ERR_ABORTED | /crosses?_rsc=3fD0047dUoUPXvG2 net::ERR_ABORTED | /settings?_rsc=3fD0047dUoUPXvG2 net::ERR_ABORTED | /requests?_rsc=gu9LWiAQNzfrKsW2 net::ERR_ABORTED | /notifications?_rsc=3fD0047dUoUPXvG2 net::ERR_ABORTED | /requests/new?_rsc=3fD0047dUoUPXvG2 net::ERR_ABORTED | /?_rsc=gu9LWiAQNzfrKsW2 net::ERR_ABORTED | /proposals?_rsc=gu9LWiAQNzfrKsW2 net::ERR_ABORTED | /approvals?_rsc=gu9LWiAQNzfrKsW2 net::ERR_ABORTED | /accounts?_rsc=gu9LWiAQNzfrKsW2 net::ERR_ABORTED | /contracts?_rsc=gu9LWiAQNzfrKsW2 net::ERR_ABORTED | /intelligence?_rsc=gu9LWiAQNzfrKsW2 net::ERR_ABORTED | /intelligence/bids?_rsc=gu9LWiAQNzfrKsW2 net::ERR_ABORTED | /analytics?_rsc=gu9LWiAQNzfrKsW2 net::ERR_ABORTED | /catalog?_rsc=gu9LWiAQNzfrKsW2 net::ERR_ABORTED | /catalog/gudid?_rsc=gu9LWiAQNzfrKsW2 net::ERR_ABORTED | /crosses?_rsc=gu9LWiAQNzfrKsW2 net::ERR_ABORTED | /settings?_rsc=gu9LWiAQNzfrKsW2 net::ERR_ABORTED | /notifications?_rsc=gu9LWiAQNzfrKsW2 net::ERR_ABORTED | /requests/new?_rsc=gu9LWiAQNzfrKsW2 net::ERR_ABORTED","","0","1","0","New request ; Switch user ; Import .xlsx / .csv ; INPUT ; Extract a document… ; Verify ; Dispute ; 1190500 ; 1410015010 ; 1DLMC03 ; 1DLMC05 ; 112680 ; 1190816 ; SPMII ; 1200710 ; 1201520 ; 113700 ; 112650 ; 112660 ; UPA31015 ; 1190820 ; 1202025 ; 1190300 ; SPMXXL ; Record"
"REGIONAL_MANAGER","/intelligence/bids","/intelligence/bids","200","Public bids and awards","","","0","/?_rsc=2gWrMJaxdn-CU2fc net::ERR_ABORTED | /requests?_rsc=2gWrMJaxdn-CU2fc net::ERR_ABORTED | /proposals?_rsc=2gWrMJaxdn-CU2fc net::ERR_ABORTED | /approvals?_rsc=2gWrMJaxdn-CU2fc net::ERR_ABORTED | /accounts?_rsc=2gWrMJaxdn-CU2fc net::ERR_ABORTED | /contracts?_rsc=2gWrMJaxdn-CU2fc net::ERR_ABORTED | /intelligence?_rsc=2gWrMJaxdn-CU2fc net::ERR_ABORTED | /analytics?_rsc=2gWrMJaxdn-CU2fc net::ERR_ABORTED | /catalog?_rsc=2gWrMJaxdn-CU2fc net::ERR_ABORTED | /catalog/gudid?_rsc=2gWrMJaxdn-CU2fc net::ERR_ABORTED | /crosses?_rsc=2gWrMJaxdn-CU2fc net::ERR_ABORTED | /notifications?_rsc=2gWrMJaxdn-CU2fc net::ERR_ABORTED | /settings?_rsc=2gWrMJaxdn-CU2fc net::ERR_ABORTED | /?_rsc=W5McYxvxTMCZbYJx net::ERR_ABORTED | /requests/new?_rsc=2gWrMJaxdn-CU2fc net::ERR_ABORTED | /requests?_rsc=W5McYxvxTMCZbYJx net::ERR_ABORTED | /proposals?_rsc=W5McYxvxTMCZbYJx net::ERR_ABORTED | /approvals?_rsc=W5McYxvxTMCZbYJx net::ERR_ABORTED | /accounts?_rsc=W5McYxvxTMCZbYJx net::ERR_ABORTED | /contracts?_rsc=W5McYxvxTMCZbYJx net::ERR_ABORTED | /intelligence?_rsc=W5McYxvxTMCZbYJx net::ERR_ABORTED | /intelligence/bids?_rsc=W5McYxvxTMCZbYJx net::ERR_ABORTED | /analytics?_rsc=W5McYxvxTMCZbYJx net::ERR_ABORTED | /catalog/gudid?_rsc=W5McYxvxTMCZbYJx net::ERR_ABORTED | /crosses?_rsc=W5McYxvxTMCZbYJx net::ERR_ABORTED | /settings?_rsc=W5McYxvxTMCZbYJx net::ERR_ABORTED | /catalog?_rsc=W5McYxvxTMCZbYJx net::ERR_ABORTED | /notifications?_rsc=W5McYxvxTMCZbYJx net::ERR_ABORTED","","0","0","0","New request ; Switch user ; Pull ; Save ; INPUT"
"REGIONAL_MANAGER","/intelligence/extractions/[id]","/intelligence/extractions/missing0000000000000000","200","Extraction","Failed to load resource: the server responded with a status of 404 (Not Found)","","0","/?_rsc=VJB2dfGule5Oh2L3 net::ERR_ABORTED | /requests?_rsc=VJB2dfGule5Oh2L3 net::ERR_ABORTED | /proposals?_rsc=VJB2dfGule5Oh2L3 net::ERR_ABORTED | /approvals?_rsc=VJB2dfGule5Oh2L3 net::ERR_ABORTED | /accounts?_rsc=VJB2dfGule5Oh2L3 net::ERR_ABORTED | /contracts?_rsc=VJB2dfGule5Oh2L3 net::ERR_ABORTED | /intelligence?_rsc=VJB2dfGule5Oh2L3 net::ERR_ABORTED | /intelligence/bids?_rsc=VJB2dfGule5Oh2L3 net::ERR_ABORTED | /analytics?_rsc=VJB2dfGule5Oh2L3 net::ERR_ABORTED | /catalog?_rsc=VJB2dfGule5Oh2L3 net::ERR_ABORTED | /catalog/gudid?_rsc=VJB2dfGule5Oh2L3 net::ERR_ABORTED | /crosses?_rsc=VJB2dfGule5Oh2L3 net::ERR_ABORTED | /?_rsc=wBL8jh-0AxNJNXN_ net::ERR_ABORTED | /requests/new?_rsc=VJB2dfGule5Oh2L3 net::ERR_ABORTED | /settings?_rsc=VJB2dfGule5Oh2L3 net::ERR_ABORTED | /notifications?_rsc=VJB2dfGule5Oh2L3 net::ERR_ABORTED | /accounts?_rsc=wBL8jh-0AxNJNXN_ net::ERR_ABORTED | /approvals?_rsc=wBL8jh-0AxNJNXN_ net::ERR_ABORTED | /proposals?_rsc=wBL8jh-0AxNJNXN_ net::ERR_ABORTED | /requests?_rsc=wBL8jh-0AxNJNXN_ net::ERR_ABORTED | /contracts?_rsc=wBL8jh-0AxNJNXN_ net::ERR_ABORTED | /intelligence/bids?_rsc=wBL8jh-0AxNJNXN_ net::ERR_ABORTED | /catalog?_rsc=wBL8jh-0AxNJNXN_ net::ERR_ABORTED | /requests/new?_rsc=wBL8jh-0AxNJNXN_ net::ERR_ABORTED | /crosses?_rsc=wBL8jh-0AxNJNXN_ net::ERR_ABORTED | /settings?_rsc=wBL8jh-0AxNJNXN_ net::ERR_ABORTED | /notifications?_rsc=wBL8jh-0AxNJNXN_ net::ERR_ABORTED","404 /api/documents/extractions/missing0000000000000000","0","0","0","New request ; Switch user"
"REGIONAL_MANAGER","/analytics","/analytics","200","Commercial feedback loop","","","0","/?_rsc=ix5_aAief6TvBg04 net::ERR_ABORTED | /requests?_rsc=ix5_aAief6TvBg04 net::ERR_ABORTED | /proposals?_rsc=ix5_aAief6TvBg04 net::ERR_ABORTED | /accounts?_rsc=ix5_aAief6TvBg04 net::ERR_ABORTED | /contracts?_rsc=ix5_aAief6TvBg04 net::ERR_ABORTED | /intelligence?_rsc=ix5_aAief6TvBg04 net::ERR_ABORTED | /intelligence/bids?_rsc=ix5_aAief6TvBg04 net::ERR_ABORTED | /catalog?_rsc=ix5_aAief6TvBg04 net::ERR_ABORTED | /catalog/gudid?_rsc=ix5_aAief6TvBg04 net::ERR_ABORTED | /crosses?_rsc=ix5_aAief6TvBg04 net::ERR_ABORTED | /settings?_rsc=ix5_aAief6TvBg04 net::ERR_ABORTED | /notifications?_rsc=ix5_aAief6TvBg04 net::ERR_ABORTED | /requests/new?_rsc=ix5_aAief6TvBg04 net::ERR_ABORTED | /approvals?_rsc=Dt318okBLJyNDlfE net::ERR_ABORTED | /?_rsc=Dt318okBLJyNDlfE net::ERR_ABORTED | /requests?_rsc=Dt318okBLJyNDlfE net::ERR_ABORTED | /proposals?_rsc=Dt318okBLJyNDlfE net::ERR_ABORTED | /accounts?_rsc=Dt318okBLJyNDlfE net::ERR_ABORTED | /contracts?_rsc=Dt318okBLJyNDlfE net::ERR_ABORTED | /intelligence?_rsc=Dt318okBLJyNDlfE net::ERR_ABORTED | /intelligence/bids?_rsc=Dt318okBLJyNDlfE net::ERR_ABORTED | /analytics?_rsc=Dt318okBLJyNDlfE net::ERR_ABORTED | /catalog?_rsc=Dt318okBLJyNDlfE net::ERR_ABORTED | /catalog/gudid?_rsc=Dt318okBLJyNDlfE net::ERR_ABORTED | /crosses?_rsc=Dt318okBLJyNDlfE net::ERR_ABORTED | /settings?_rsc=Dt318okBLJyNDlfE net::ERR_ABORTED | /notifications?_rsc=Dt318okBLJyNDlfE net::ERR_ABORTED | /requests/new?_rsc=Dt318okBLJyNDlfE net::ERR_ABORTED","","0","1","0","New request ; Switch user ; Refresh"
"REGIONAL_MANAGER","/catalog","/catalog","200","Our catalog","","","0","/requests?_rsc=OYzo7EH3MGwwxBfF net::ERR_ABORTED | /proposals?_rsc=OYzo7EH3MGwwxBfF net::ERR_ABORTED | /approvals?_rsc=OYzo7EH3MGwwxBfF net::ERR_ABORTED | /?_rsc=OYzo7EH3MGwwxBfF net::ERR_ABORTED | /analytics?_rsc=OYzo7EH3MGwwxBfF net::ERR_ABORTED | /intelligence?_rsc=OYzo7EH3MGwwxBfF net::ERR_ABORTED | /intelligence/bids?_rsc=OYzo7EH3MGwwxBfF net::ERR_ABORTED | /contracts?_rsc=OYzo7EH3MGwwxBfF net::ERR_ABORTED | /crosses?_rsc=OYzo7EH3MGwwxBfF net::ERR_ABORTED | /catalog/gudid?_rsc=OYzo7EH3MGwwxBfF net::ERR_ABORTED | /settings?_rsc=OYzo7EH3MGwwxBfF net::ERR_ABORTED | /notifications?_rsc=OYzo7EH3MGwwxBfF net::ERR_ABORTED | /requests/new?_rsc=OYzo7EH3MGwwxBfF net::ERR_ABORTED | /proposals?_rsc=O6cAbYUSgs3KBG-F net::ERR_ABORTED | /?_rsc=O6cAbYUSgs3KBG-F net::ERR_ABORTED | /requests?_rsc=O6cAbYUSgs3KBG-F net::ERR_ABORTED | /intelligence?_rsc=O6cAbYUSgs3KBG-F net::ERR_ABORTED | /approvals?_rsc=O6cAbYUSgs3KBG-F net::ERR_ABORTED | /accounts?_rsc=O6cAbYUSgs3KBG-F net::ERR_ABORTED | /contracts?_rsc=O6cAbYUSgs3KBG-F net::ERR_ABORTED | /intelligence/bids?_rsc=O6cAbYUSgs3KBG-F net::ERR_ABORTED | /analytics?_rsc=O6cAbYUSgs3KBG-F net::ERR_ABORTED | /crosses?_rsc=O6cAbYUSgs3KBG-F net::ERR_ABORTED | /catalog?_rsc=O6cAbYUSgs3KBG-F net::ERR_ABORTED | /catalog/gudid?_rsc=O6cAbYUSgs3KBG-F net::ERR_ABORTED | /notifications?_rsc=O6cAbYUSgs3KBG-F net::ERR_ABORTED | /settings?_rsc=O6cAbYUSgs3KBG-F net::ERR_ABORTED | /requests/new?_rsc=O6cAbYUSgs3KBG-F net::ERR_ABORTED","","0","1","0","New request ; Switch user ; GUDID library"
"REGIONAL_MANAGER","/catalog/gudid","/catalog/gudid","200","GUDID library","","","0","/?_rsc=DGmoGnAw5OqJpMhM net::ERR_ABORTED | /requests?_rsc=DGmoGnAw5OqJpMhM net::ERR_ABORTED | /approvals?_rsc=DGmoGnAw5OqJpMhM net::ERR_ABORTED | /proposals?_rsc=DGmoGnAw5OqJpMhM net::ERR_ABORTED | /accounts?_rsc=DGmoGnAw5OqJpMhM net::ERR_ABORTED | /contracts?_rsc=DGmoGnAw5OqJpMhM net::ERR_ABORTED | /intelligence?_rsc=DGmoGnAw5OqJpMhM net::ERR_ABORTED | /intelligence/bids?_rsc=DGmoGnAw5OqJpMhM net::ERR_ABORTED | /analytics?_rsc=DGmoGnAw5OqJpMhM net::ERR_ABORTED | /catalog?_rsc=DGmoGnAw5OqJpMhM net::ERR_ABORTED | /crosses?_rsc=DGmoGnAw5OqJpMhM net::ERR_ABORTED | /settings?_rsc=DGmoGnAw5OqJpMhM net::ERR_ABORTED | /notifications?_rsc=DGmoGnAw5OqJpMhM net::ERR_ABORTED | /requests/new?_rsc=DGmoGnAw5OqJpMhM net::ERR_ABORTED | /?_rsc=Z9EVd8HHdUwJDdIQ net::ERR_ABORTED | /requests?_rsc=Z9EVd8HHdUwJDdIQ net::ERR_ABORTED | /proposals?_rsc=Z9EVd8HHdUwJDdIQ net::ERR_ABORTED | /approvals?_rsc=Z9EVd8HHdUwJDdIQ net::ERR_ABORTED | /accounts?_rsc=Z9EVd8HHdUwJDdIQ net::ERR_ABORTED | /contracts?_rsc=Z9EVd8HHdUwJDdIQ net::ERR_ABORTED | /analytics?_rsc=Z9EVd8HHdUwJDdIQ net::ERR_ABORTED | /intelligence?_rsc=Z9EVd8HHdUwJDdIQ net::ERR_ABORTED | /intelligence/bids?_rsc=Z9EVd8HHdUwJDdIQ net::ERR_ABORTED | /catalog?_rsc=Z9EVd8HHdUwJDdIQ net::ERR_ABORTED | /catalog/gudid?_rsc=Z9EVd8HHdUwJDdIQ net::ERR_ABORTED | /crosses?_rsc=Z9EVd8HHdUwJDdIQ net::ERR_ABORTED | /settings?_rsc=Z9EVd8HHdUwJDdIQ net::ERR_ABORTED | /notifications?_rsc=Z9EVd8HHdUwJDdIQ net::ERR_ABORTED | /requests/new?_rsc=Z9EVd8HHdUwJDdIQ net::ERR_ABORTED","","0","0","0","New request ; Switch user"
"REGIONAL_MANAGER","/crosses","/crosses","200","Crosswalk","","","0","/?_rsc=zAn-vlYtEcVbUMJ6 net::ERR_ABORTED | /requests?_rsc=zAn-vlYtEcVbUMJ6 net::ERR_ABORTED | /proposals?_rsc=zAn-vlYtEcVbUMJ6 net::ERR_ABORTED | /approvals?_rsc=zAn-vlYtEcVbUMJ6 net::ERR_ABORTED | /contracts?_rsc=zAn-vlYtEcVbUMJ6 net::ERR_ABORTED | /intelligence?_rsc=zAn-vlYtEcVbUMJ6 net::ERR_ABORTED | /intelligence/bids?_rsc=zAn-vlYtEcVbUMJ6 net::ERR_ABORTED | /analytics?_rsc=zAn-vlYtEcVbUMJ6 net::ERR_ABORTED | /catalog?_rsc=zAn-vlYtEcVbUMJ6 net::ERR_ABORTED | /catalog/gudid?_rsc=zAn-vlYtEcVbUMJ6 net::ERR_ABORTED | /settings?_rsc=zAn-vlYtEcVbUMJ6 net::ERR_ABORTED | /requests/new?_rsc=zAn-vlYtEcVbUMJ6 net::ERR_ABORTED | /notifications?_rsc=zAn-vlYtEcVbUMJ6 net::ERR_ABORTED | /approvals?_rsc=aniPmKjMQR6zCALO net::ERR_ABORTED | /?_rsc=aniPmKjMQR6zCALO net::ERR_ABORTED | /requests?_rsc=aniPmKjMQR6zCALO net::ERR_ABORTED | /proposals?_rsc=aniPmKjMQR6zCALO net::ERR_ABORTED | /accounts?_rsc=aniPmKjMQR6zCALO net::ERR_ABORTED | /contracts?_rsc=aniPmKjMQR6zCALO net::ERR_ABORTED | /intelligence?_rsc=aniPmKjMQR6zCALO net::ERR_ABORTED | /intelligence/bids?_rsc=aniPmKjMQR6zCALO net::ERR_ABORTED | /catalog/gudid?_rsc=aniPmKjMQR6zCALO net::ERR_ABORTED | /crosses?_rsc=aniPmKjMQR6zCALO net::ERR_ABORTED | /analytics?_rsc=aniPmKjMQR6zCALO net::ERR_ABORTED | /catalog?_rsc=aniPmKjMQR6zCALO net::ERR_ABORTED | /notifications?_rsc=aniPmKjMQR6zCALO net::ERR_ABORTED | /settings?_rsc=aniPmKjMQR6zCALO net::ERR_ABORTED | /requests/new?_rsc=aniPmKjMQR6zCALO net::ERR_ABORTED","","0","0","0","New request ; Switch user"
"REGIONAL_MANAGER","/notifications","/notifications","200","Notifications","","","0","/requests?_rsc=oG-rbVP81bj5yHs2 net::ERR_ABORTED | /proposals?_rsc=oG-rbVP81bj5yHs2 net::ERR_ABORTED | /?_rsc=oG-rbVP81bj5yHs2 net::ERR_ABORTED | /approvals?_rsc=oG-rbVP81bj5yHs2 net::ERR_ABORTED | /accounts?_rsc=oG-rbVP81bj5yHs2 net::ERR_ABORTED | /contracts?_rsc=oG-rbVP81bj5yHs2 net::ERR_ABORTED | /intelligence?_rsc=oG-rbVP81bj5yHs2 net::ERR_ABORTED | /intelligence/bids?_rsc=oG-rbVP81bj5yHs2 net::ERR_ABORTED | /analytics?_rsc=oG-rbVP81bj5yHs2 net::ERR_ABORTED | /catalog?_rsc=oG-rbVP81bj5yHs2 net::ERR_ABORTED | /catalog/gudid?_rsc=oG-rbVP81bj5yHs2 net::ERR_ABORTED | /crosses?_rsc=oG-rbVP81bj5yHs2 net::ERR_ABORTED | /?_rsc=FxIb9Zh5xrkPNSW4 net::ERR_ABORTED | /settings?_rsc=oG-rbVP81bj5yHs2 net::ERR_ABORTED | /requests/new?_rsc=oG-rbVP81bj5yHs2 net::ERR_ABORTED | /approvals?_rsc=FxIb9Zh5xrkPNSW4 net::ERR_ABORTED | /requests?_rsc=FxIb9Zh5xrkPNSW4 net::ERR_ABORTED | /proposals?_rsc=FxIb9Zh5xrkPNSW4 net::ERR_ABORTED | /accounts?_rsc=FxIb9Zh5xrkPNSW4 net::ERR_ABORTED | /contracts?_rsc=FxIb9Zh5xrkPNSW4 net::ERR_ABORTED | /intelligence?_rsc=FxIb9Zh5xrkPNSW4 net::ERR_ABORTED | /catalog?_rsc=FxIb9Zh5xrkPNSW4 net::ERR_ABORTED | /catalog/gudid?_rsc=FxIb9Zh5xrkPNSW4 net::ERR_ABORTED | /analytics?_rsc=FxIb9Zh5xrkPNSW4 net::ERR_ABORTED | /intelligence/bids?_rsc=FxIb9Zh5xrkPNSW4 net::ERR_ABORTED | /crosses?_rsc=FxIb9Zh5xrkPNSW4 net::ERR_ABORTED | /notifications?_rsc=FxIb9Zh5xrkPNSW4 net::ERR_ABORTED | /settings?_rsc=FxIb9Zh5xrkPNSW4 net::ERR_ABORTED | /requests/new?_rsc=FxIb9Zh5xrkPNSW4 net::ERR_ABORTED","","0","0","0","New request ; Switch user ; Mark all read ; Read"
"REGIONAL_MANAGER","/settings","/settings","200","Settings","Failed to load resource: the server responded with a status of 429 (Too Many Requests) | Failed to load resource: the server responded with a status of 404 (Not Found)","","0","/?_rsc=DQxjArDrgutTG17x net::ERR_ABORTED | /requests?_rsc=DQxjArDrgutTG17x net::ERR_ABORTED | /proposals?_rsc=DQxjArDrgutTG17x net::ERR_ABORTED | /approvals?_rsc=DQxjArDrgutTG17x net::ERR_ABORTED | /accounts?_rsc=DQxjArDrgutTG17x net::ERR_ABORTED | /contracts?_rsc=DQxjArDrgutTG17x net::ERR_ABORTED | /intelligence?_rsc=DQxjArDrgutTG17x net::ERR_ABORTED | /intelligence/bids?_rsc=DQxjArDrgutTG17x net::ERR_ABORTED | /notifications?_rsc=DQxjArDrgutTG17x net::ERR_ABORTED | /crosses?_rsc=DQxjArDrgutTG17x net::ERR_ABORTED | /catalog?_rsc=DQxjArDrgutTG17x net::ERR_ABORTED | /catalog/gudid?_rsc=DQxjArDrgutTG17x net::ERR_ABORTED | /requests/new?_rsc=DQxjArDrgutTG17x net::ERR_ABORTED | /settings/integrations?_rsc=DQxjArDrgutTG17x net::ERR_ABORTED | /settings/pricing?_rsc=DQxjArDrgutTG17x net::ERR_ABORTED | /?_rsc=j-_vjoKOn8bxlRO7 net::ERR_ABORTED | /requests?_rsc=j-_vjoKOn8bxlRO7 net::ERR_ABORTED | /proposals?_rsc=j-_vjoKOn8bxlRO7 net::ERR_ABORTED | /approvals?_rsc=j-_vjoKOn8bxlRO7 net::ERR_ABORTED | /accounts?_rsc=j-_vjoKOn8bxlRO7 net::ERR_ABORTED | /contracts?_rsc=j-_vjoKOn8bxlRO7 net::ERR_ABORTED | /intelligence?_rsc=j-_vjoKOn8bxlRO7 net::ERR_ABORTED | /intelligence/bids?_rsc=j-_vjoKOn8bxlRO7 net::ERR_ABORTED | /analytics?_rsc=j-_vjoKOn8bxlRO7 net::ERR_ABORTED | /catalog?_rsc=j-_vjoKOn8bxlRO7 net::ERR_ABORTED | /crosses?_rsc=j-_vjoKOn8bxlRO7 net::ERR_ABORTED | /catalog/gudid?_rsc=j-_vjoKOn8bxlRO7 net::ERR_ABORTED | /settings?_rsc=j-_vjoKOn8bxlRO7 net::ERR_ABORTED | /notifications?_rsc=j-_vjoKOn8bxlRO7 net::ERR_ABORTED | /settings/integrations?_rsc=j-_vjoKOn8bxlRO7 net::ERR_ABORTED | /requests/new?_rsc=j-_vjoKOn8bxlRO7 net::ERR_ABORTED | /settings/pricing?_rsc=j-_vjoKOn8bxlRO7 net::ERR_ABORTED","429 /api/auth/dev | 404 /docs/INTEGRATIONS.md?_rsc=DQxjArDrgutTG17x","0","0","0","New request ; Switch user ; Save ; Edit ; Configure integrations → ; How to connect"
"REGIONAL_MANAGER","/settings/integrations","/settings/integrations","200","Settings","Failed to load resource: the server responded with a status of 429 (Too Many Requests) | Failed to load resource: the server responded with a status of 404 (Not Found)","","0","/docs/INTEGRATIONS.md?_rsc=DQxjArDrgutTG17x net::ERR_ABORTED | /api/auth/dev net::ERR_ABORTED | /?_rsc=DQxjArDrgutTG17x net::ERR_ABORTED | /requests?_rsc=DQxjArDrgutTG17x net::ERR_ABORTED | /proposals?_rsc=DQxjArDrgutTG17x net::ERR_ABORTED | /approvals?_rsc=DQxjArDrgutTG17x net::ERR_ABORTED | /contracts?_rsc=DQxjArDrgutTG17x net::ERR_ABORTED | /intelligence/bids?_rsc=DQxjArDrgutTG17x net::ERR_ABORTED | /intelligence?_rsc=DQxjArDrgutTG17x net::ERR_ABORTED | /requests/new?_rsc=DQxjArDrgutTG17x net::ERR_ABORTED | /notifications?_rsc=DQxjArDrgutTG17x net::ERR_ABORTED | /settings/pricing?_rsc=DQxjArDrgutTG17x net::ERR_ABORTED | /?_rsc=j-_vjoKOn8bxlRO7 net::ERR_ABORTED | /proposals?_rsc=j-_vjoKOn8bxlRO7 net::ERR_ABORTED | /approvals?_rsc=j-_vjoKOn8bxlRO7 net::ERR_ABORTED | /requests?_rsc=j-_vjoKOn8bxlRO7 net::ERR_ABORTED | /accounts?_rsc=j-_vjoKOn8bxlRO7 net::ERR_ABORTED | /intelligence/bids?_rsc=j-_vjoKOn8bxlRO7 net::ERR_ABORTED | /intelligence?_rsc=j-_vjoKOn8bxlRO7 net::ERR_ABORTED | /contracts?_rsc=j-_vjoKOn8bxlRO7 net::ERR_ABORTED | /analytics?_rsc=j-_vjoKOn8bxlRO7 net::ERR_ABORTED | /crosses?_rsc=j-_vjoKOn8bxlRO7 net::ERR_ABORTED | /catalog?_rsc=j-_vjoKOn8bxlRO7 net::ERR_ABORTED | /catalog/gudid?_rsc=j-_vjoKOn8bxlRO7 net::ERR_ABORTED | /settings?_rsc=j-_vjoKOn8bxlRO7 net::ERR_ABORTED | /notifications?_rsc=j-_vjoKOn8bxlRO7 net::ERR_ABORTED | /settings/integrations?_rsc=j-_vjoKOn8bxlRO7 net::ERR_ABORTED | /requests/new?_rsc=j-_vjoKOn8bxlRO7 net::ERR_ABORTED | /settings/pricing?_rsc=j-_vjoKOn8bxlRO7 net::ERR_ABORTED","429 /api/auth/dev | 404 /docs/INTEGRATIONS.md?_rsc=DQxjArDrgutTG17x","0","0","0","New request ; Switch user ; Save ; Edit ; Configure integrations → ; How to connect"
"REGIONAL_MANAGER","/settings/pricing","/settings/pricing","200","Pricing policies","Failed to load resource: the server responded with a status of 429 (Too Many Requests)","","0","/docs/INTEGRATIONS.md?_rsc=DQxjArDrgutTG17x net::ERR_ABORTED | /api/auth/dev net::ERR_ABORTED | /?_rsc=8oSST31HPn0UlEto net::ERR_ABORTED | /requests?_rsc=8oSST31HPn0UlEto net::ERR_ABORTED | /proposals?_rsc=8oSST31HPn0UlEto net::ERR_ABORTED | /accounts?_rsc=8oSST31HPn0UlEto net::ERR_ABORTED | /contracts?_rsc=8oSST31HPn0UlEto net::ERR_ABORTED | /approvals?_rsc=8oSST31HPn0UlEto net::ERR_ABORTED | /intelligence?_rsc=8oSST31HPn0UlEto net::ERR_ABORTED | /intelligence/bids?_rsc=8oSST31HPn0UlEto net::ERR_ABORTED | /analytics?_rsc=8oSST31HPn0UlEto net::ERR_ABORTED | /catalog?_rsc=8oSST31HPn0UlEto net::ERR_ABORTED | /crosses?_rsc=8oSST31HPn0UlEto net::ERR_ABORTED | /settings?_rsc=8oSST31HPn0UlEto net::ERR_ABORTED | /notifications?_rsc=8oSST31HPn0UlEto net::ERR_ABORTED | /requests/new?_rsc=8oSST31HPn0UlEto net::ERR_ABORTED | /requests?_rsc=_Ie442TgELs3Q458 net::ERR_ABORTED | /approvals?_rsc=_Ie442TgELs3Q458 net::ERR_ABORTED | /?_rsc=_Ie442TgELs3Q458 net::ERR_ABORTED | /proposals?_rsc=_Ie442TgELs3Q458 net::ERR_ABORTED | /contracts?_rsc=_Ie442TgELs3Q458 net::ERR_ABORTED | /intelligence/bids?_rsc=_Ie442TgELs3Q458 net::ERR_ABORTED | /intelligence?_rsc=_Ie442TgELs3Q458 net::ERR_ABORTED | /accounts?_rsc=_Ie442TgELs3Q458 net::ERR_ABORTED | /analytics?_rsc=_Ie442TgELs3Q458 net::ERR_ABORTED | /catalog/gudid?_rsc=_Ie442TgELs3Q458 net::ERR_ABORTED | /catalog?_rsc=_Ie442TgELs3Q458 net::ERR_ABORTED | /crosses?_rsc=_Ie442TgELs3Q458 net::ERR_ABORTED | /settings?_rsc=_Ie442TgELs3Q458 net::ERR_ABORTED | /notifications?_rsc=_Ie442TgELs3Q458 net::ERR_ABORTED | /requests/new?_rsc=_Ie442TgELs3Q458 net::ERR_ABORTED","429 /api/auth/dev","0","0","0","New request ; Switch user ; New draft ; New version"
"CONTRACTING_MANAGER","/","/","200","Competitive cross reference","","","0","/requests?_rsc=5CB68i4pnAekjehf net::ERR_ABORTED | /proposals?_rsc=5CB68i4pnAekjehf net::ERR_ABORTED | /approvals?_rsc=5CB68i4pnAekjehf net::ERR_ABORTED | /accounts?_rsc=5CB68i4pnAekjehf net::ERR_ABORTED | /intelligence/bids?_rsc=5CB68i4pnAekjehf net::ERR_ABORTED | /contracts?_rsc=5CB68i4pnAekjehf net::ERR_ABORTED | /intelligence?_rsc=5CB68i4pnAekjehf net::ERR_ABORTED | /analytics?_rsc=5CB68i4pnAekjehf net::ERR_ABORTED | /catalog?_rsc=5CB68i4pnAekjehf net::ERR_ABORTED | /catalog/gudid?_rsc=5CB68i4pnAekjehf net::ERR_ABORTED | /crosses?_rsc=5CB68i4pnAekjehf net::ERR_ABORTED | /settings?_rsc=5CB68i4pnAekjehf net::ERR_ABORTED | /notifications?_rsc=5CB68i4pnAekjehf net::ERR_ABORTED | /requests/new?_rsc=5CB68i4pnAekjehf net::ERR_ABORTED | /?_rsc=tXyZJ52UQVBCVsD3 net::ERR_ABORTED | /proposals?_rsc=tXyZJ52UQVBCVsD3 net::ERR_ABORTED | /requests?_rsc=tXyZJ52UQVBCVsD3 net::ERR_ABORTED | /contracts?_rsc=tXyZJ52UQVBCVsD3 net::ERR_ABORTED | /analytics?_rsc=tXyZJ52UQVBCVsD3 net::ERR_ABORTED | /intelligence?_rsc=tXyZJ52UQVBCVsD3 net::ERR_ABORTED | /intelligence/bids?_rsc=tXyZJ52UQVBCVsD3 net::ERR_ABORTED | /catalog?_rsc=tXyZJ52UQVBCVsD3 net::ERR_ABORTED | /catalog/gudid?_rsc=tXyZJ52UQVBCVsD3 net::ERR_ABORTED | /settings?_rsc=tXyZJ52UQVBCVsD3 net::ERR_ABORTED | /crosses?_rsc=tXyZJ52UQVBCVsD3 net::ERR_ABORTED | /notifications?_rsc=tXyZJ52UQVBCVsD3 net::ERR_ABORTED","","0","0","0","New request ; Switch user"
"CONTRACTING_MANAGER","/requests","/requests","200","Cross-reference requests","","","0","/?_rsc=p3Q57VochOqcQNsg net::ERR_ABORTED | /proposals?_rsc=p3Q57VochOqcQNsg net::ERR_ABORTED | /approvals?_rsc=p3Q57VochOqcQNsg net::ERR_ABORTED | /accounts?_rsc=p3Q57VochOqcQNsg net::ERR_ABORTED | /contracts?_rsc=p3Q57VochOqcQNsg net::ERR_ABORTED | /intelligence?_rsc=p3Q57VochOqcQNsg net::ERR_ABORTED | /intelligence/bids?_rsc=p3Q57VochOqcQNsg net::ERR_ABORTED | /analytics?_rsc=p3Q57VochOqcQNsg net::ERR_ABORTED | /catalog?_rsc=p3Q57VochOqcQNsg net::ERR_ABORTED | /catalog/gudid?_rsc=p3Q57VochOqcQNsg net::ERR_ABORTED | /crosses?_rsc=p3Q57VochOqcQNsg net::ERR_ABORTED | /settings?_rsc=p3Q57VochOqcQNsg net::ERR_ABORTED | /proposals?_rsc=nIzLgF1M7nWxnHlV net::ERR_ABORTED | /approvals?_rsc=nIzLgF1M7nWxnHlV net::ERR_ABORTED | /accounts?_rsc=nIzLgF1M7nWxnHlV net::ERR_ABORTED | /contracts?_rsc=nIzLgF1M7nWxnHlV net::ERR_ABORTED | /intelligence?_rsc=nIzLgF1M7nWxnHlV net::ERR_ABORTED | /intelligence/bids?_rsc=nIzLgF1M7nWxnHlV net::ERR_ABORTED | /analytics?_rsc=nIzLgF1M7nWxnHlV net::ERR_ABORTED | /catalog?_rsc=nIzLgF1M7nWxnHlV net::ERR_ABORTED | /catalog/gudid?_rsc=nIzLgF1M7nWxnHlV net::ERR_ABORTED | /crosses?_rsc=nIzLgF1M7nWxnHlV net::ERR_ABORTED | /settings?_rsc=nIzLgF1M7nWxnHlV net::ERR_ABORTED | /notifications?_rsc=nIzLgF1M7nWxnHlV net::ERR_ABORTED | /requests/new?_rsc=nIzLgF1M7nWxnHlV net::ERR_ABORTED","","0","0","0","New request ; Switch user"
"CONTRACTING_MANAGER","/requests/new","/requests/new","200","Competitive cross reference","","","0","/proposals?_rsc=4belA-F-xg-XtLdx net::ERR_ABORTED | /requests?_rsc=4belA-F-xg-XtLdx net::ERR_ABORTED | /approvals?_rsc=4belA-F-xg-XtLdx net::ERR_ABORTED | /accounts?_rsc=4belA-F-xg-XtLdx net::ERR_ABORTED | /contracts?_rsc=4belA-F-xg-XtLdx net::ERR_ABORTED | /intelligence?_rsc=4belA-F-xg-XtLdx net::ERR_ABORTED | /intelligence/bids?_rsc=4belA-F-xg-XtLdx net::ERR_ABORTED | /analytics?_rsc=4belA-F-xg-XtLdx net::ERR_ABORTED | /catalog?_rsc=4belA-F-xg-XtLdx net::ERR_ABORTED | /catalog/gudid?_rsc=4belA-F-xg-XtLdx net::ERR_ABORTED | /settings?_rsc=4belA-F-xg-XtLdx net::ERR_ABORTED | /crosses?_rsc=4belA-F-xg-XtLdx net::ERR_ABORTED | /notifications?_rsc=4belA-F-xg-XtLdx net::ERR_ABORTED | /approvals?_rsc=O1p93FFpSnNce0k4 net::ERR_ABORTED | /?_rsc=O1p93FFpSnNce0k4 net::ERR_ABORTED | /requests?_rsc=O1p93FFpSnNce0k4 net::ERR_ABORTED | /proposals?_rsc=O1p93FFpSnNce0k4 net::ERR_ABORTED | /accounts?_rsc=O1p93FFpSnNce0k4 net::ERR_ABORTED | /contracts?_rsc=O1p93FFpSnNce0k4 net::ERR_ABORTED | /intelligence?_rsc=O1p93FFpSnNce0k4 net::ERR_ABORTED | /intelligence/bids?_rsc=O1p93FFpSnNce0k4 net::ERR_ABORTED | /catalog?_rsc=O1p93FFpSnNce0k4 net::ERR_ABORTED | /analytics?_rsc=O1p93FFpSnNce0k4 net::ERR_ABORTED | /catalog/gudid?_rsc=O1p93FFpSnNce0k4 net::ERR_ABORTED | /crosses?_rsc=O1p93FFpSnNce0k4 net::ERR_ABORTED | /settings?_rsc=O1p93FFpSnNce0k4 net::ERR_ABORTED | /notifications?_rsc=O1p93FFpSnNce0k4 net::ERR_ABORTED | /requests/new?_rsc=O1p93FFpSnNce0k4 net::ERR_ABORTED","","0","0","0","New request ; Switch user ; Google Sheets link ; Upload .xlsx / .csv ; Paste from a sheet ; Read sheet ; Continue request"
"CONTRACTING_MANAGER","/requests/[id]","/requests/null","200","","Failed to load resource: the server responded with a status of 404 (Not Found)","","0","/?_rsc=76SvvV1TLjtpHtqe net::ERR_ABORTED | /requests?_rsc=76SvvV1TLjtpHtqe net::ERR_ABORTED | /proposals?_rsc=76SvvV1TLjtpHtqe net::ERR_ABORTED | /approvals?_rsc=76SvvV1TLjtpHtqe net::ERR_ABORTED | /accounts?_rsc=76SvvV1TLjtpHtqe net::ERR_ABORTED | /contracts?_rsc=76SvvV1TLjtpHtqe net::ERR_ABORTED | /intelligence?_rsc=76SvvV1TLjtpHtqe net::ERR_ABORTED | /intelligence/bids?_rsc=76SvvV1TLjtpHtqe net::ERR_ABORTED | /analytics?_rsc=76SvvV1TLjtpHtqe net::ERR_ABORTED | /catalog?_rsc=76SvvV1TLjtpHtqe net::ERR_ABORTED | /catalog/gudid?_rsc=76SvvV1TLjtpHtqe net::ERR_ABORTED | /crosses?_rsc=76SvvV1TLjtpHtqe net::ERR_ABORTED | /settings?_rsc=76SvvV1TLjtpHtqe net::ERR_ABORTED | /notifications?_rsc=76SvvV1TLjtpHtqe net::ERR_ABORTED | /requests/new?_rsc=76SvvV1TLjtpHtqe net::ERR_ABORTED | /?_rsc=eoRKZgXY26fq4Ulk net::ERR_ABORTED | /requests?_rsc=eoRKZgXY26fq4Ulk net::ERR_ABORTED | /proposals?_rsc=eoRKZgXY26fq4Ulk net::ERR_ABORTED | /approvals?_rsc=eoRKZgXY26fq4Ulk net::ERR_ABORTED | /accounts?_rsc=eoRKZgXY26fq4Ulk net::ERR_ABORTED | /contracts?_rsc=eoRKZgXY26fq4Ulk net::ERR_ABORTED | /intelligence?_rsc=eoRKZgXY26fq4Ulk net::ERR_ABORTED | /intelligence/bids?_rsc=eoRKZgXY26fq4Ulk net::ERR_ABORTED | /analytics?_rsc=eoRKZgXY26fq4Ulk net::ERR_ABORTED | /crosses?_rsc=eoRKZgXY26fq4Ulk net::ERR_ABORTED | /catalog/gudid?_rsc=eoRKZgXY26fq4Ulk net::ERR_ABORTED | /catalog?_rsc=eoRKZgXY26fq4Ulk net::ERR_ABORTED | /settings?_rsc=eoRKZgXY26fq4Ulk net::ERR_ABORTED | /notifications?_rsc=eoRKZgXY26fq4Ulk net::ERR_ABORTED | /requests/new?_rsc=eoRKZgXY26fq4Ulk net::ERR_ABORTED","404 /api/requests/null","0","0","0","New request ; Switch user"
"CONTRACTING_MANAGER","/proposals","/proposals","200","Commercial proposals","","","0","/api/requests/null net::ERR_ABORTED | /?_rsc=8qZH60WsiyOTuseO net::ERR_ABORTED | /requests?_rsc=8qZH60WsiyOTuseO net::ERR_ABORTED | /approvals?_rsc=8qZH60WsiyOTuseO net::ERR_ABORTED | /accounts?_rsc=8qZH60WsiyOTuseO net::ERR_ABORTED | /analytics?_rsc=8qZH60WsiyOTuseO net::ERR_ABORTED | /contracts?_rsc=8qZH60WsiyOTuseO net::ERR_ABORTED | /intelligence?_rsc=8qZH60WsiyOTuseO net::ERR_ABORTED | /intelligence/bids?_rsc=8qZH60WsiyOTuseO net::ERR_ABORTED | /catalog?_rsc=8qZH60WsiyOTuseO net::ERR_ABORTED | /catalog/gudid?_rsc=8qZH60WsiyOTuseO net::ERR_ABORTED | /crosses?_rsc=8qZH60WsiyOTuseO net::ERR_ABORTED | /settings?_rsc=8qZH60WsiyOTuseO net::ERR_ABORTED | /requests/new?_rsc=8qZH60WsiyOTuseO net::ERR_ABORTED | /notifications?_rsc=8qZH60WsiyOTuseO net::ERR_ABORTED | /?_rsc=yDw8cg_cK2Tq2IDS net::ERR_ABORTED | /requests?_rsc=yDw8cg_cK2Tq2IDS net::ERR_ABORTED | /approvals?_rsc=yDw8cg_cK2Tq2IDS net::ERR_ABORTED | /contracts?_rsc=yDw8cg_cK2Tq2IDS net::ERR_ABORTED | /accounts?_rsc=yDw8cg_cK2Tq2IDS net::ERR_ABORTED | /intelligence/bids?_rsc=yDw8cg_cK2Tq2IDS net::ERR_ABORTED | /analytics?_rsc=yDw8cg_cK2Tq2IDS net::ERR_ABORTED | /catalog?_rsc=yDw8cg_cK2Tq2IDS net::ERR_ABORTED | /catalog/gudid?_rsc=yDw8cg_cK2Tq2IDS net::ERR_ABORTED | /crosses?_rsc=yDw8cg_cK2Tq2IDS net::ERR_ABORTED | /settings?_rsc=yDw8cg_cK2Tq2IDS net::ERR_ABORTED | /notifications?_rsc=yDw8cg_cK2Tq2IDS net::ERR_ABORTED | /requests/new?_rsc=yDw8cg_cK2Tq2IDS net::ERR_ABORTED","","0","0","0","New request ; Switch user"
"CONTRACTING_MANAGER","/proposals/[id]","/proposals/null","200","","Failed to load resource: the server responded with a status of 404 (Not Found)","","0","/?_rsc=VreOGdJHuaZwqD3- net::ERR_ABORTED | /requests?_rsc=VreOGdJHuaZwqD3- net::ERR_ABORTED | /proposals?_rsc=VreOGdJHuaZwqD3- net::ERR_ABORTED | /approvals?_rsc=VreOGdJHuaZwqD3- net::ERR_ABORTED | /accounts?_rsc=VreOGdJHuaZwqD3- net::ERR_ABORTED | /contracts?_rsc=VreOGdJHuaZwqD3- net::ERR_ABORTED | /intelligence?_rsc=VreOGdJHuaZwqD3- net::ERR_ABORTED | /intelligence/bids?_rsc=VreOGdJHuaZwqD3- net::ERR_ABORTED | /analytics?_rsc=VreOGdJHuaZwqD3- net::ERR_ABORTED | /catalog?_rsc=VreOGdJHuaZwqD3- net::ERR_ABORTED | /catalog/gudid?_rsc=VreOGdJHuaZwqD3- net::ERR_ABORTED | /crosses?_rsc=VreOGdJHuaZwqD3- net::ERR_ABORTED | /settings?_rsc=VreOGdJHuaZwqD3- net::ERR_ABORTED | /notifications?_rsc=VreOGdJHuaZwqD3- net::ERR_ABORTED | /requests/new?_rsc=VreOGdJHuaZwqD3- net::ERR_ABORTED | /?_rsc=hzu8hJFrzSYjsRgK net::ERR_ABORTED | /requests?_rsc=hzu8hJFrzSYjsRgK net::ERR_ABORTED | /proposals?_rsc=hzu8hJFrzSYjsRgK net::ERR_ABORTED | /approvals?_rsc=hzu8hJFrzSYjsRgK net::ERR_ABORTED | /accounts?_rsc=hzu8hJFrzSYjsRgK net::ERR_ABORTED | /intelligence?_rsc=hzu8hJFrzSYjsRgK net::ERR_ABORTED | /contracts?_rsc=hzu8hJFrzSYjsRgK net::ERR_ABORTED | /intelligence/bids?_rsc=hzu8hJFrzSYjsRgK net::ERR_ABORTED | /analytics?_rsc=hzu8hJFrzSYjsRgK net::ERR_ABORTED | /catalog?_rsc=hzu8hJFrzSYjsRgK net::ERR_ABORTED | /catalog/gudid?_rsc=hzu8hJFrzSYjsRgK net::ERR_ABORTED | /notifications?_rsc=hzu8hJFrzSYjsRgK net::ERR_ABORTED | /settings?_rsc=hzu8hJFrzSYjsRgK net::ERR_ABORTED","404 /api/proposals/null","0","0","0","New request ; Switch user"
"CONTRACTING_MANAGER","/approvals","/approvals","200","Pricing approvals","","","0","/?_rsc=Ut9iRRX_9PZKRdF- net::ERR_ABORTED | /proposals?_rsc=Ut9iRRX_9PZKRdF- net::ERR_ABORTED | /accounts?_rsc=Ut9iRRX_9PZKRdF- net::ERR_ABORTED | /contracts?_rsc=Ut9iRRX_9PZKRdF- net::ERR_ABORTED | /intelligence?_rsc=Ut9iRRX_9PZKRdF- net::ERR_ABORTED | /intelligence/bids?_rsc=Ut9iRRX_9PZKRdF- net::ERR_ABORTED | /analytics?_rsc=Ut9iRRX_9PZKRdF- net::ERR_ABORTED | /catalog?_rsc=Ut9iRRX_9PZKRdF- net::ERR_ABORTED | /catalog/gudid?_rsc=Ut9iRRX_9PZKRdF- net::ERR_ABORTED | /crosses?_rsc=Ut9iRRX_9PZKRdF- net::ERR_ABORTED | /settings?_rsc=Ut9iRRX_9PZKRdF- net::ERR_ABORTED | /notifications?_rsc=Ut9iRRX_9PZKRdF- net::ERR_ABORTED | /requests/new?_rsc=Ut9iRRX_9PZKRdF- net::ERR_ABORTED | /?_rsc=AU6DTT46DVXZ7jWj net::ERR_ABORTED | /requests?_rsc=AU6DTT46DVXZ7jWj net::ERR_ABORTED | /proposals?_rsc=AU6DTT46DVXZ7jWj net::ERR_ABORTED | /accounts?_rsc=AU6DTT46DVXZ7jWj net::ERR_ABORTED | /contracts?_rsc=AU6DTT46DVXZ7jWj net::ERR_ABORTED | /analytics?_rsc=AU6DTT46DVXZ7jWj net::ERR_ABORTED | /catalog/gudid?_rsc=AU6DTT46DVXZ7jWj net::ERR_ABORTED | /catalog?_rsc=AU6DTT46DVXZ7jWj net::ERR_ABORTED | /crosses?_rsc=AU6DTT46DVXZ7jWj net::ERR_ABORTED | /settings?_rsc=AU6DTT46DVXZ7jWj net::ERR_ABORTED | /notifications?_rsc=AU6DTT46DVXZ7jWj net::ERR_ABORTED | /requests/new?_rsc=AU6DTT46DVXZ7jWj net::ERR_ABORTED","","0","0","0","New request ; Switch user ; Delegate my approvals"
"CONTRACTING_MANAGER","/accounts","/accounts","200","Accounts & GPO membership","","","0","/?_rsc=iZGmHDWBA-6V7KTQ net::ERR_ABORTED | /requests?_rsc=iZGmHDWBA-6V7KTQ net::ERR_ABORTED | /proposals?_rsc=iZGmHDWBA-6V7KTQ net::ERR_ABORTED | /approvals?_rsc=iZGmHDWBA-6V7KTQ net::ERR_ABORTED | /contracts?_rsc=iZGmHDWBA-6V7KTQ net::ERR_ABORTED | /intelligence?_rsc=iZGmHDWBA-6V7KTQ net::ERR_ABORTED | /intelligence/bids?_rsc=iZGmHDWBA-6V7KTQ net::ERR_ABORTED | /analytics?_rsc=iZGmHDWBA-6V7KTQ net::ERR_ABORTED | /catalog?_rsc=iZGmHDWBA-6V7KTQ net::ERR_ABORTED | /catalog/gudid?_rsc=iZGmHDWBA-6V7KTQ net::ERR_ABORTED | /crosses?_rsc=iZGmHDWBA-6V7KTQ net::ERR_ABORTED | /settings?_rsc=iZGmHDWBA-6V7KTQ net::ERR_ABORTED | /notifications?_rsc=iZGmHDWBA-6V7KTQ net::ERR_ABORTED | /requests/new?_rsc=iZGmHDWBA-6V7KTQ net::ERR_ABORTED | /accounts/cmuf6hihm02rkks7drm31yuur?_rsc=iZGmHDWBA-6V7KTQ net::ERR_ABORTED | /accounts/cmuf6hiho02rlks7d2xz6w5ev?_rsc=iZGmHDWBA-6V7KTQ net::ERR_ABORTED | /accounts/cmuf6hihq02rmks7did2qxong?_rsc=iZGmHDWBA-6V7KTQ net::ERR_ABORTED | /accounts/cmuf6hihk02rjks7dyamo9w2u?_rsc=iZGmHDWBA-6V7KTQ net::ERR_ABORTED | /?_rsc=oRxEn_R9e10JER3Z net::ERR_ABORTED | /requests?_rsc=oRxEn_R9e10JER3Z net::ERR_ABORTED | /proposals?_rsc=oRxEn_R9e10JER3Z net::ERR_ABORTED | /approvals?_rsc=oRxEn_R9e10JER3Z net::ERR_ABORTED | /accounts?_rsc=oRxEn_R9e10JER3Z net::ERR_ABORTED | /contracts?_rsc=oRxEn_R9e10JER3Z net::ERR_ABORTED | /analytics?_rsc=oRxEn_R9e10JER3Z net::ERR_ABORTED | /intelligence?_rsc=oRxEn_R9e10JER3Z net::ERR_ABORTED | /intelligence/bids?_rsc=oRxEn_R9e10JER3Z net::ERR_ABORTED | /settings?_rsc=oRxEn_R9e10JER3Z net::ERR_ABORTED | /catalog?_rsc=oRxEn_R9e10JER3Z net::ERR_ABORTED | /notifications?_rsc=oRxEn_R9e10JER3Z net::ERR_ABORTED | /requests/new?_rsc=oRxEn_R9e10JER3Z net::ERR_ABORTED | /accounts/cmuf6hihm02rkks7drm31yuur?_rsc=oRxEn_R9e10JER3Z net::ERR_ABORTED | /accounts/cmuf6hiho02rlks7d2xz6w5ev?_rsc=oRxEn_R9e10JER3Z net::ERR_ABORTED | /accounts/cmuf6hihq02rmks7did2qxong?_rsc=oRxEn_R9e10JER3Z net::ERR_ABORTED | /accounts/cmuf6hihk02rjks7dyamo9w2u?_rsc=oRxEn_R9e10JER3Z net::ERR_ABORTED | /accounts/cmuf6hihh02riks7dkuig0cbl?_rsc=oRxEn_R9e10JER3Z net::ERR_ABORTED","","0","0","0","New request ; Switch user"
"CONTRACTING_MANAGER","/accounts/[id]","/accounts/cmuf6hihm02rkks7drm31yuur","200","Hospital A — Mount Vernon General","","","0","/?_rsc=pYoAThzR_ryjq0MS net::ERR_ABORTED | /proposals?_rsc=pYoAThzR_ryjq0MS net::ERR_ABORTED | /approvals?_rsc=pYoAThzR_ryjq0MS net::ERR_ABORTED | /requests?_rsc=pYoAThzR_ryjq0MS net::ERR_ABORTED | /accounts?_rsc=pYoAThzR_ryjq0MS net::ERR_ABORTED | /contracts?_rsc=pYoAThzR_ryjq0MS net::ERR_ABORTED | /intelligence?_rsc=pYoAThzR_ryjq0MS net::ERR_ABORTED | /intelligence/bids?_rsc=pYoAThzR_ryjq0MS net::ERR_ABORTED | /analytics?_rsc=pYoAThzR_ryjq0MS net::ERR_ABORTED | /catalog?_rsc=pYoAThzR_ryjq0MS net::ERR_ABORTED | /catalog/gudid?_rsc=pYoAThzR_ryjq0MS net::ERR_ABORTED | /crosses?_rsc=pYoAThzR_ryjq0MS net::ERR_ABORTED | /requests/new?_rsc=pYoAThzR_ryjq0MS net::ERR_ABORTED | /notifications?_rsc=pYoAThzR_ryjq0MS net::ERR_ABORTED | /settings?_rsc=pYoAThzR_ryjq0MS net::ERR_ABORTED | /contracts/cmuf6himl02swks7dif6nb96r?_rsc=pYoAThzR_ryjq0MS net::ERR_ABORTED | /requests?_rsc=gRQ4rCW2m6dkjkis net::ERR_ABORTED | /?_rsc=gRQ4rCW2m6dkjkis net::ERR_ABORTED | /proposals?_rsc=gRQ4rCW2m6dkjkis net::ERR_ABORTED | /approvals?_rsc=gRQ4rCW2m6dkjkis net::ERR_ABORTED | /accounts?_rsc=gRQ4rCW2m6dkjkis net::ERR_ABORTED | /contracts?_rsc=gRQ4rCW2m6dkjkis net::ERR_ABORTED | /intelligence?_rsc=gRQ4rCW2m6dkjkis net::ERR_ABORTED | /intelligence/bids?_rsc=gRQ4rCW2m6dkjkis net::ERR_ABORTED | /catalog?_rsc=gRQ4rCW2m6dkjkis net::ERR_ABORTED | /analytics?_rsc=gRQ4rCW2m6dkjkis net::ERR_ABORTED | /catalog/gudid?_rsc=gRQ4rCW2m6dkjkis net::ERR_ABORTED | /crosses?_rsc=gRQ4rCW2m6dkjkis net::ERR_ABORTED | /settings?_rsc=gRQ4rCW2m6dkjkis net::ERR_ABORTED | /notifications?_rsc=gRQ4rCW2m6dkjkis net::ERR_ABORTED | /contracts/cmuf6himl02swks7dif6nb96r?_rsc=gRQ4rCW2m6dkjkis net::ERR_ABORTED | /requests/new?_rsc=gRQ4rCW2m6dkjkis net::ERR_ABORTED","","0","1","0","New request ; Switch user"
"CONTRACTING_MANAGER","/contracts","/contracts","200","Contracts & price context","","","0","/?_rsc=DzmfcRRfJeItXkgz net::ERR_ABORTED | /requests?_rsc=DzmfcRRfJeItXkgz net::ERR_ABORTED | /proposals?_rsc=DzmfcRRfJeItXkgz net::ERR_ABORTED | /approvals?_rsc=DzmfcRRfJeItXkgz net::ERR_ABORTED | /accounts?_rsc=DzmfcRRfJeItXkgz net::ERR_ABORTED | /intelligence?_rsc=DzmfcRRfJeItXkgz net::ERR_ABORTED | /intelligence/bids?_rsc=DzmfcRRfJeItXkgz net::ERR_ABORTED | /analytics?_rsc=DzmfcRRfJeItXkgz net::ERR_ABORTED | /crosses?_rsc=DzmfcRRfJeItXkgz net::ERR_ABORTED | /settings?_rsc=DzmfcRRfJeItXkgz net::ERR_ABORTED | /catalog?_rsc=DzmfcRRfJeItXkgz net::ERR_ABORTED | /catalog/gudid?_rsc=DzmfcRRfJeItXkgz net::ERR_ABORTED | /notifications?_rsc=DzmfcRRfJeItXkgz net::ERR_ABORTED | /requests/new?_rsc=DzmfcRRfJeItXkgz net::ERR_ABORTED | /contracts/cmuf6himu02sxks7dkgml1rr2?_rsc=DzmfcRRfJeItXkgz net::ERR_ABORTED | /contracts/cmuf6himl02swks7dif6nb96r?_rsc=DzmfcRRfJeItXkgz net::ERR_ABORTED | /approvals?_rsc=2Ju2sngZl13OvaTN net::ERR_ABORTED | /requests?_rsc=2Ju2sngZl13OvaTN net::ERR_ABORTED | /?_rsc=2Ju2sngZl13OvaTN net::ERR_ABORTED | /proposals?_rsc=2Ju2sngZl13OvaTN net::ERR_ABORTED | /intelligence?_rsc=2Ju2sngZl13OvaTN net::ERR_ABORTED | /intelligence/bids?_rsc=2Ju2sngZl13OvaTN net::ERR_ABORTED | /contracts?_rsc=2Ju2sngZl13OvaTN net::ERR_ABORTED | /accounts?_rsc=2Ju2sngZl13OvaTN net::ERR_ABORTED | /analytics?_rsc=2Ju2sngZl13OvaTN net::ERR_ABORTED | /catalog?_rsc=2Ju2sngZl13OvaTN net::ERR_ABORTED | /catalog/gudid?_rsc=2Ju2sngZl13OvaTN net::ERR_ABORTED | /crosses?_rsc=2Ju2sngZl13OvaTN net::ERR_ABORTED | /requests/new?_rsc=2Ju2sngZl13OvaTN net::ERR_ABORTED | /contracts/cmuf6himu02sxks7dkgml1rr2?_rsc=2Ju2sngZl13OvaTN net::ERR_ABORTED | /settings?_rsc=2Ju2sngZl13OvaTN net::ERR_ABORTED | /notifications?_rsc=2Ju2sngZl13OvaTN net::ERR_ABORTED | /contracts/cmuf6himl02swks7dif6nb96r?_rsc=2Ju2sngZl13OvaTN net::ERR_ABORTED","","0","1","0","New request ; Switch user ; New contract"
"CONTRACTING_MANAGER","/contracts/[id]","/contracts/cmuf6himu02sxks7dkgml1rr2","200","MSK-LOCAL-2026 · MSK local mesh agreement","","","0","/?_rsc=TQOCHQXESAyQ3VEl net::ERR_ABORTED | /requests?_rsc=TQOCHQXESAyQ3VEl net::ERR_ABORTED | /approvals?_rsc=TQOCHQXESAyQ3VEl net::ERR_ABORTED | /catalog/gudid?_rsc=TQOCHQXESAyQ3VEl net::ERR_ABORTED | /accounts/cmuf6hihk02rjks7dyamo9w2u?_rsc=TQOCHQXESAyQ3VEl net::ERR_ABORTED | /analytics?_rsc=TQOCHQXESAyQ3VEl net::ERR_ABORTED | /crosses?_rsc=TQOCHQXESAyQ3VEl net::ERR_ABORTED | /settings?_rsc=TQOCHQXESAyQ3VEl net::ERR_ABORTED | /notifications?_rsc=TQOCHQXESAyQ3VEl net::ERR_ABORTED | /requests/new?_rsc=TQOCHQXESAyQ3VEl net::ERR_ABORTED | /requests?_rsc=12web-rdU3k9vLaG net::ERR_ABORTED | /proposals?_rsc=12web-rdU3k9vLaG net::ERR_ABORTED | /?_rsc=12web-rdU3k9vLaG net::ERR_ABORTED | /accounts/cmuf6hihk02rjks7dyamo9w2u?_rsc=12web-rdU3k9vLaG net::ERR_ABORTED | /contracts?_rsc=12web-rdU3k9vLaG net::ERR_ABORTED | /intelligence?_rsc=12web-rdU3k9vLaG net::ERR_ABORTED | /approvals?_rsc=12web-rdU3k9vLaG net::ERR_ABORTED | /accounts?_rsc=12web-rdU3k9vLaG net::ERR_ABORTED | /analytics?_rsc=12web-rdU3k9vLaG net::ERR_ABORTED | /catalog?_rsc=12web-rdU3k9vLaG net::ERR_ABORTED | /catalog/gudid?_rsc=12web-rdU3k9vLaG net::ERR_ABORTED | /intelligence/bids?_rsc=12web-rdU3k9vLaG net::ERR_ABORTED | /crosses?_rsc=12web-rdU3k9vLaG net::ERR_ABORTED | /settings?_rsc=12web-rdU3k9vLaG net::ERR_ABORTED | /notifications?_rsc=12web-rdU3k9vLaG net::ERR_ABORTED | /requests/new?_rsc=12web-rdU3k9vLaG net::ERR_ABORTED","","0","1","0","New request ; Switch user ; Refresh performance ; Terminate ; Save entries"
"CONTRACTING_MANAGER","/intelligence","/intelligence","200","Competitor pricing","","","0","/?_rsc=3fD0047dUoUPXvG2 net::ERR_ABORTED | /requests?_rsc=3fD0047dUoUPXvG2 net::ERR_ABORTED | /proposals?_rsc=3fD0047dUoUPXvG2 net::ERR_ABORTED | /approvals?_rsc=3fD0047dUoUPXvG2 net::ERR_ABORTED | /accounts?_rsc=3fD0047dUoUPXvG2 net::ERR_ABORTED | /contracts?_rsc=3fD0047dUoUPXvG2 net::ERR_ABORTED | /intelligence/bids?_rsc=3fD0047dUoUPXvG2 net::ERR_ABORTED | /analytics?_rsc=3fD0047dUoUPXvG2 net::ERR_ABORTED | /catalog?_rsc=3fD0047dUoUPXvG2 net::ERR_ABORTED | /catalog/gudid?_rsc=3fD0047dUoUPXvG2 net::ERR_ABORTED | /crosses?_rsc=3fD0047dUoUPXvG2 net::ERR_ABORTED | /?_rsc=gu9LWiAQNzfrKsW2 net::ERR_ABORTED | /proposals?_rsc=gu9LWiAQNzfrKsW2 net::ERR_ABORTED | /approvals?_rsc=gu9LWiAQNzfrKsW2 net::ERR_ABORTED | /accounts?_rsc=gu9LWiAQNzfrKsW2 net::ERR_ABORTED | /requests?_rsc=gu9LWiAQNzfrKsW2 net::ERR_ABORTED | /contracts?_rsc=gu9LWiAQNzfrKsW2 net::ERR_ABORTED | /intelligence?_rsc=gu9LWiAQNzfrKsW2 net::ERR_ABORTED | /analytics?_rsc=gu9LWiAQNzfrKsW2 net::ERR_ABORTED | /intelligence/bids?_rsc=gu9LWiAQNzfrKsW2 net::ERR_ABORTED | /catalog/gudid?_rsc=gu9LWiAQNzfrKsW2 net::ERR_ABORTED | /crosses?_rsc=gu9LWiAQNzfrKsW2 net::ERR_ABORTED | /catalog?_rsc=gu9LWiAQNzfrKsW2 net::ERR_ABORTED | /settings?_rsc=gu9LWiAQNzfrKsW2 net::ERR_ABORTED | /notifications?_rsc=gu9LWiAQNzfrKsW2 net::ERR_ABORTED | /requests/new?_rsc=gu9LWiAQNzfrKsW2 net::ERR_ABORTED","","0","1","0","New request ; Switch user ; Import .xlsx / .csv ; INPUT ; Extract a document… ; Verify ; Dispute ; 1190500 ; 1410015010 ; 1DLMC03 ; 1DLMC05 ; 112680 ; 1190816 ; SPMII ; 1200710 ; 1201520 ; 113700 ; 112650 ; 112660 ; UPA31015 ; 1190820 ; 1202025 ; 1190300 ; SPMXXL ; Record"
"CONTRACTING_MANAGER","/intelligence/bids","/intelligence/bids","200","Public bids and awards","","","0","/?_rsc=2gWrMJaxdn-CU2fc net::ERR_ABORTED | /requests?_rsc=2gWrMJaxdn-CU2fc net::ERR_ABORTED | /catalog?_rsc=2gWrMJaxdn-CU2fc net::ERR_ABORTED | /catalog/gudid?_rsc=2gWrMJaxdn-CU2fc net::ERR_ABORTED | /crosses?_rsc=2gWrMJaxdn-CU2fc net::ERR_ABORTED | /settings?_rsc=2gWrMJaxdn-CU2fc net::ERR_ABORTED | /notifications?_rsc=2gWrMJaxdn-CU2fc net::ERR_ABORTED | /proposals?_rsc=W5McYxvxTMCZbYJx net::ERR_ABORTED | /approvals?_rsc=W5McYxvxTMCZbYJx net::ERR_ABORTED | /accounts?_rsc=W5McYxvxTMCZbYJx net::ERR_ABORTED | /contracts?_rsc=W5McYxvxTMCZbYJx net::ERR_ABORTED | /catalog?_rsc=W5McYxvxTMCZbYJx net::ERR_ABORTED | /intelligence?_rsc=W5McYxvxTMCZbYJx net::ERR_ABORTED | /intelligence/bids?_rsc=W5McYxvxTMCZbYJx net::ERR_ABORTED | /analytics?_rsc=W5McYxvxTMCZbYJx net::ERR_ABORTED | /settings?_rsc=W5McYxvxTMCZbYJx net::ERR_ABORTED | /notifications?_rsc=W5McYxvxTMCZbYJx net::ERR_ABORTED | /catalog/gudid?_rsc=W5McYxvxTMCZbYJx net::ERR_ABORTED | /crosses?_rsc=W5McYxvxTMCZbYJx net::ERR_ABORTED | /requests/new?_rsc=W5McYxvxTMCZbYJx net::ERR_ABORTED","","0","0","0","New request ; Switch user ; Pull ; Save ; INPUT"
"CONTRACTING_MANAGER","/intelligence/extractions/[id]","/intelligence/extractions/missing0000000000000000","200","Extraction","Failed to load resource: the server responded with a status of 404 (Not Found)","","0","/?_rsc=VJB2dfGule5Oh2L3 net::ERR_ABORTED | /requests?_rsc=VJB2dfGule5Oh2L3 net::ERR_ABORTED | /proposals?_rsc=VJB2dfGule5Oh2L3 net::ERR_ABORTED | /approvals?_rsc=VJB2dfGule5Oh2L3 net::ERR_ABORTED | /accounts?_rsc=VJB2dfGule5Oh2L3 net::ERR_ABORTED | /contracts?_rsc=VJB2dfGule5Oh2L3 net::ERR_ABORTED | /intelligence?_rsc=VJB2dfGule5Oh2L3 net::ERR_ABORTED | /intelligence/bids?_rsc=VJB2dfGule5Oh2L3 net::ERR_ABORTED | /analytics?_rsc=VJB2dfGule5Oh2L3 net::ERR_ABORTED | /catalog?_rsc=VJB2dfGule5Oh2L3 net::ERR_ABORTED | /catalog/gudid?_rsc=VJB2dfGule5Oh2L3 net::ERR_ABORTED | /crosses?_rsc=VJB2dfGule5Oh2L3 net::ERR_ABORTED | /settings?_rsc=VJB2dfGule5Oh2L3 net::ERR_ABORTED | /notifications?_rsc=VJB2dfGule5Oh2L3 net::ERR_ABORTED | /requests/new?_rsc=VJB2dfGule5Oh2L3 net::ERR_ABORTED | /proposals?_rsc=wBL8jh-0AxNJNXN_ net::ERR_ABORTED | /approvals?_rsc=wBL8jh-0AxNJNXN_ net::ERR_ABORTED | /?_rsc=wBL8jh-0AxNJNXN_ net::ERR_ABORTED | /requests?_rsc=wBL8jh-0AxNJNXN_ net::ERR_ABORTED | /accounts?_rsc=wBL8jh-0AxNJNXN_ net::ERR_ABORTED | /contracts?_rsc=wBL8jh-0AxNJNXN_ net::ERR_ABORTED | /intelligence?_rsc=wBL8jh-0AxNJNXN_ net::ERR_ABORTED | /intelligence/bids?_rsc=wBL8jh-0AxNJNXN_ net::ERR_ABORTED | /crosses?_rsc=wBL8jh-0AxNJNXN_ net::ERR_ABORTED | /catalog/gudid?_rsc=wBL8jh-0AxNJNXN_ net::ERR_ABORTED | /analytics?_rsc=wBL8jh-0AxNJNXN_ net::ERR_ABORTED | /catalog?_rsc=wBL8jh-0AxNJNXN_ net::ERR_ABORTED | /settings?_rsc=wBL8jh-0AxNJNXN_ net::ERR_ABORTED | /notifications?_rsc=wBL8jh-0AxNJNXN_ net::ERR_ABORTED | /requests/new?_rsc=wBL8jh-0AxNJNXN_ net::ERR_ABORTED","404 /api/documents/extractions/missing0000000000000000","0","0","0","New request ; Switch user"
"CONTRACTING_MANAGER","/analytics","/analytics","200","Commercial feedback loop","","","0","/proposals?_rsc=ix5_aAief6TvBg04 net::ERR_ABORTED | /approvals?_rsc=ix5_aAief6TvBg04 net::ERR_ABORTED | /?_rsc=ix5_aAief6TvBg04 net::ERR_ABORTED | /requests?_rsc=ix5_aAief6TvBg04 net::ERR_ABORTED | /accounts?_rsc=ix5_aAief6TvBg04 net::ERR_ABORTED | /contracts?_rsc=ix5_aAief6TvBg04 net::ERR_ABORTED | /intelligence?_rsc=ix5_aAief6TvBg04 net::ERR_ABORTED | /intelligence/bids?_rsc=ix5_aAief6TvBg04 net::ERR_ABORTED | /crosses?_rsc=ix5_aAief6TvBg04 net::ERR_ABORTED | /settings?_rsc=ix5_aAief6TvBg04 net::ERR_ABORTED | /catalog?_rsc=ix5_aAief6TvBg04 net::ERR_ABORTED | /catalog/gudid?_rsc=ix5_aAief6TvBg04 net::ERR_ABORTED | /notifications?_rsc=ix5_aAief6TvBg04 net::ERR_ABORTED | /requests/new?_rsc=ix5_aAief6TvBg04 net::ERR_ABORTED | /?_rsc=Dt318okBLJyNDlfE net::ERR_ABORTED | /requests?_rsc=Dt318okBLJyNDlfE net::ERR_ABORTED | /proposals?_rsc=Dt318okBLJyNDlfE net::ERR_ABORTED | /approvals?_rsc=Dt318okBLJyNDlfE net::ERR_ABORTED | /accounts?_rsc=Dt318okBLJyNDlfE net::ERR_ABORTED | /contracts?_rsc=Dt318okBLJyNDlfE net::ERR_ABORTED | /intelligence?_rsc=Dt318okBLJyNDlfE net::ERR_ABORTED | /intelligence/bids?_rsc=Dt318okBLJyNDlfE net::ERR_ABORTED | /analytics?_rsc=Dt318okBLJyNDlfE net::ERR_ABORTED | /catalog?_rsc=Dt318okBLJyNDlfE net::ERR_ABORTED | /catalog/gudid?_rsc=Dt318okBLJyNDlfE net::ERR_ABORTED | /crosses?_rsc=Dt318okBLJyNDlfE net::ERR_ABORTED | /settings?_rsc=Dt318okBLJyNDlfE net::ERR_ABORTED | /requests/new?_rsc=Dt318okBLJyNDlfE net::ERR_ABORTED | /notifications?_rsc=Dt318okBLJyNDlfE net::ERR_ABORTED","","0","1","0","New request ; Switch user ; Refresh"
"CONTRACTING_MANAGER","/catalog","/catalog","200","Our catalog","","","0","/?_rsc=OYzo7EH3MGwwxBfF net::ERR_ABORTED | /requests?_rsc=OYzo7EH3MGwwxBfF net::ERR_ABORTED | /proposals?_rsc=OYzo7EH3MGwwxBfF net::ERR_ABORTED | /approvals?_rsc=OYzo7EH3MGwwxBfF net::ERR_ABORTED | /accounts?_rsc=OYzo7EH3MGwwxBfF net::ERR_ABORTED | /contracts?_rsc=OYzo7EH3MGwwxBfF net::ERR_ABORTED | /intelligence?_rsc=OYzo7EH3MGwwxBfF net::ERR_ABORTED | /intelligence/bids?_rsc=OYzo7EH3MGwwxBfF net::ERR_ABORTED | /analytics?_rsc=OYzo7EH3MGwwxBfF net::ERR_ABORTED | /catalog/gudid?_rsc=OYzo7EH3MGwwxBfF net::ERR_ABORTED | /crosses?_rsc=OYzo7EH3MGwwxBfF net::ERR_ABORTED | /settings?_rsc=OYzo7EH3MGwwxBfF net::ERR_ABORTED | /notifications?_rsc=OYzo7EH3MGwwxBfF net::ERR_ABORTED | /requests/new?_rsc=OYzo7EH3MGwwxBfF net::ERR_ABORTED | /?_rsc=O6cAbYUSgs3KBG-F net::ERR_ABORTED | /requests?_rsc=O6cAbYUSgs3KBG-F net::ERR_ABORTED | /proposals?_rsc=O6cAbYUSgs3KBG-F net::ERR_ABORTED | /approvals?_rsc=O6cAbYUSgs3KBG-F net::ERR_ABORTED | /accounts?_rsc=O6cAbYUSgs3KBG-F net::ERR_ABORTED | /contracts?_rsc=O6cAbYUSgs3KBG-F net::ERR_ABORTED | /intelligence/bids?_rsc=O6cAbYUSgs3KBG-F net::ERR_ABORTED | /intelligence?_rsc=O6cAbYUSgs3KBG-F net::ERR_ABORTED | /analytics?_rsc=O6cAbYUSgs3KBG-F net::ERR_ABORTED | /catalog?_rsc=O6cAbYUSgs3KBG-F net::ERR_ABORTED | /catalog/gudid?_rsc=O6cAbYUSgs3KBG-F net::ERR_ABORTED | /crosses?_rsc=O6cAbYUSgs3KBG-F net::ERR_ABORTED | /settings?_rsc=O6cAbYUSgs3KBG-F net::ERR_ABORTED | /notifications?_rsc=O6cAbYUSgs3KBG-F net::ERR_ABORTED | /requests/new?_rsc=O6cAbYUSgs3KBG-F net::ERR_ABORTED","","0","1","0","New request ; Switch user ; GUDID library ; Enrich from GUDID ; Competitor sizes ; Add SKUs"
"CONTRACTING_MANAGER","/catalog/gudid","/catalog/gudid","200","GUDID library","","","0","/?_rsc=DGmoGnAw5OqJpMhM net::ERR_ABORTED | /requests?_rsc=DGmoGnAw5OqJpMhM net::ERR_ABORTED | /proposals?_rsc=DGmoGnAw5OqJpMhM net::ERR_ABORTED | /approvals?_rsc=DGmoGnAw5OqJpMhM net::ERR_ABORTED | /accounts?_rsc=DGmoGnAw5OqJpMhM net::ERR_ABORTED | /contracts?_rsc=DGmoGnAw5OqJpMhM net::ERR_ABORTED | /intelligence?_rsc=DGmoGnAw5OqJpMhM net::ERR_ABORTED | /intelligence/bids?_rsc=DGmoGnAw5OqJpMhM net::ERR_ABORTED | /analytics?_rsc=DGmoGnAw5OqJpMhM net::ERR_ABORTED | /catalog?_rsc=DGmoGnAw5OqJpMhM net::ERR_ABORTED | /crosses?_rsc=DGmoGnAw5OqJpMhM net::ERR_ABORTED | /settings?_rsc=DGmoGnAw5OqJpMhM net::ERR_ABORTED | /notifications?_rsc=DGmoGnAw5OqJpMhM net::ERR_ABORTED | /requests/new?_rsc=DGmoGnAw5OqJpMhM net::ERR_ABORTED | /?_rsc=Z9EVd8HHdUwJDdIQ net::ERR_ABORTED | /requests?_rsc=Z9EVd8HHdUwJDdIQ net::ERR_ABORTED | /proposals?_rsc=Z9EVd8HHdUwJDdIQ net::ERR_ABORTED | /approvals?_rsc=Z9EVd8HHdUwJDdIQ net::ERR_ABORTED | /accounts?_rsc=Z9EVd8HHdUwJDdIQ net::ERR_ABORTED | /contracts?_rsc=Z9EVd8HHdUwJDdIQ net::ERR_ABORTED | /intelligence?_rsc=Z9EVd8HHdUwJDdIQ net::ERR_ABORTED | /intelligence/bids?_rsc=Z9EVd8HHdUwJDdIQ net::ERR_ABORTED | /analytics?_rsc=Z9EVd8HHdUwJDdIQ net::ERR_ABORTED | /catalog?_rsc=Z9EVd8HHdUwJDdIQ net::ERR_ABORTED | /catalog/gudid?_rsc=Z9EVd8HHdUwJDdIQ net::ERR_ABORTED | /crosses?_rsc=Z9EVd8HHdUwJDdIQ net::ERR_ABORTED | /settings?_rsc=Z9EVd8HHdUwJDdIQ net::ERR_ABORTED | /notifications?_rsc=Z9EVd8HHdUwJDdIQ net::ERR_ABORTED | /requests/new?_rsc=Z9EVd8HHdUwJDdIQ net::ERR_ABORTED","","0","0","0","New request ; Switch user ; Import from GUDID"
"CONTRACTING_MANAGER","/crosses","/crosses","200","Crosswalk","","","0","/?_rsc=zAn-vlYtEcVbUMJ6 net::ERR_ABORTED | /requests?_rsc=zAn-vlYtEcVbUMJ6 net::ERR_ABORTED | /proposals?_rsc=zAn-vlYtEcVbUMJ6 net::ERR_ABORTED | /approvals?_rsc=zAn-vlYtEcVbUMJ6 net::ERR_ABORTED | /accounts?_rsc=zAn-vlYtEcVbUMJ6 net::ERR_ABORTED | /contracts?_rsc=zAn-vlYtEcVbUMJ6 net::ERR_ABORTED | /intelligence?_rsc=zAn-vlYtEcVbUMJ6 net::ERR_ABORTED | /intelligence/bids?_rsc=zAn-vlYtEcVbUMJ6 net::ERR_ABORTED | /analytics?_rsc=zAn-vlYtEcVbUMJ6 net::ERR_ABORTED | /catalog?_rsc=zAn-vlYtEcVbUMJ6 net::ERR_ABORTED | /catalog/gudid?_rsc=zAn-vlYtEcVbUMJ6 net::ERR_ABORTED | /settings?_rsc=zAn-vlYtEcVbUMJ6 net::ERR_ABORTED | /notifications?_rsc=zAn-vlYtEcVbUMJ6 net::ERR_ABORTED | /requests/new?_rsc=zAn-vlYtEcVbUMJ6 net::ERR_ABORTED | /?_rsc=aniPmKjMQR6zCALO net::ERR_ABORTED | /requests?_rsc=aniPmKjMQR6zCALO net::ERR_ABORTED | /proposals?_rsc=aniPmKjMQR6zCALO net::ERR_ABORTED | /approvals?_rsc=aniPmKjMQR6zCALO net::ERR_ABORTED | /accounts?_rsc=aniPmKjMQR6zCALO net::ERR_ABORTED | /contracts?_rsc=aniPmKjMQR6zCALO net::ERR_ABORTED | /intelligence?_rsc=aniPmKjMQR6zCALO net::ERR_ABORTED | /intelligence/bids?_rsc=aniPmKjMQR6zCALO net::ERR_ABORTED | /analytics?_rsc=aniPmKjMQR6zCALO net::ERR_ABORTED | /catalog?_rsc=aniPmKjMQR6zCALO net::ERR_ABORTED | /catalog/gudid?_rsc=aniPmKjMQR6zCALO net::ERR_ABORTED | /crosses?_rsc=aniPmKjMQR6zCALO net::ERR_ABORTED | /settings?_rsc=aniPmKjMQR6zCALO net::ERR_ABORTED | /notifications?_rsc=aniPmKjMQR6zCALO net::ERR_ABORTED | /requests/new?_rsc=aniPmKjMQR6zCALO net::ERR_ABORTED","","0","0","0","New request ; Switch user"
"CONTRACTING_MANAGER","/notifications","/notifications","200","Notifications","","","0","/?_rsc=oG-rbVP81bj5yHs2 net::ERR_ABORTED | /requests?_rsc=oG-rbVP81bj5yHs2 net::ERR_ABORTED | /proposals?_rsc=oG-rbVP81bj5yHs2 net::ERR_ABORTED | /approvals?_rsc=oG-rbVP81bj5yHs2 net::ERR_ABORTED | /accounts?_rsc=oG-rbVP81bj5yHs2 net::ERR_ABORTED | /contracts?_rsc=oG-rbVP81bj5yHs2 net::ERR_ABORTED | /intelligence?_rsc=oG-rbVP81bj5yHs2 net::ERR_ABORTED | /intelligence/bids?_rsc=oG-rbVP81bj5yHs2 net::ERR_ABORTED | /analytics?_rsc=oG-rbVP81bj5yHs2 net::ERR_ABORTED | /catalog?_rsc=oG-rbVP81bj5yHs2 net::ERR_ABORTED | /catalog/gudid?_rsc=oG-rbVP81bj5yHs2 net::ERR_ABORTED | /crosses?_rsc=oG-rbVP81bj5yHs2 net::ERR_ABORTED | /settings?_rsc=oG-rbVP81bj5yHs2 net::ERR_ABORTED | /requests/new?_rsc=oG-rbVP81bj5yHs2 net::ERR_ABORTED | /requests?_rsc=FxIb9Zh5xrkPNSW4 net::ERR_ABORTED | /approvals?_rsc=FxIb9Zh5xrkPNSW4 net::ERR_ABORTED | /?_rsc=FxIb9Zh5xrkPNSW4 net::ERR_ABORTED | /proposals?_rsc=FxIb9Zh5xrkPNSW4 net::ERR_ABORTED | /accounts?_rsc=FxIb9Zh5xrkPNSW4 net::ERR_ABORTED | /intelligence/bids?_rsc=FxIb9Zh5xrkPNSW4 net::ERR_ABORTED | /intelligence?_rsc=FxIb9Zh5xrkPNSW4 net::ERR_ABORTED | /contracts?_rsc=FxIb9Zh5xrkPNSW4 net::ERR_ABORTED | /catalog/gudid?_rsc=FxIb9Zh5xrkPNSW4 net::ERR_ABORTED | /crosses?_rsc=FxIb9Zh5xrkPNSW4 net::ERR_ABORTED | /analytics?_rsc=FxIb9Zh5xrkPNSW4 net::ERR_ABORTED | /catalog?_rsc=FxIb9Zh5xrkPNSW4 net::ERR_ABORTED | /settings?_rsc=FxIb9Zh5xrkPNSW4 net::ERR_ABORTED | /notifications?_rsc=FxIb9Zh5xrkPNSW4 net::ERR_ABORTED | /requests/new?_rsc=FxIb9Zh5xrkPNSW4 net::ERR_ABORTED","","0","0","0","New request ; Switch user ; Mark all read ; Read"
"CONTRACTING_MANAGER","/settings","/settings","200","Settings","Failed to load resource: the server responded with a status of 429 (Too Many Requests) | Failed to load resource: the server responded with a status of 404 (Not Found)","","0","/requests?_rsc=DQxjArDrgutTG17x net::ERR_ABORTED | /?_rsc=DQxjArDrgutTG17x net::ERR_ABORTED | /approvals?_rsc=DQxjArDrgutTG17x net::ERR_ABORTED | /accounts?_rsc=DQxjArDrgutTG17x net::ERR_ABORTED | /proposals?_rsc=DQxjArDrgutTG17x net::ERR_ABORTED | /contracts?_rsc=DQxjArDrgutTG17x net::ERR_ABORTED | /intelligence?_rsc=DQxjArDrgutTG17x net::ERR_ABORTED | /intelligence/bids?_rsc=DQxjArDrgutTG17x net::ERR_ABORTED | /analytics?_rsc=DQxjArDrgutTG17x net::ERR_ABORTED | /catalog?_rsc=DQxjArDrgutTG17x net::ERR_ABORTED | /catalog/gudid?_rsc=DQxjArDrgutTG17x net::ERR_ABORTED | /crosses?_rsc=DQxjArDrgutTG17x net::ERR_ABORTED | /requests/new?_rsc=DQxjArDrgutTG17x net::ERR_ABORTED | /notifications?_rsc=DQxjArDrgutTG17x net::ERR_ABORTED | /settings/integrations?_rsc=DQxjArDrgutTG17x net::ERR_ABORTED | /settings/pricing?_rsc=DQxjArDrgutTG17x net::ERR_ABORTED | /?_rsc=j-_vjoKOn8bxlRO7 net::ERR_ABORTED | /requests?_rsc=j-_vjoKOn8bxlRO7 net::ERR_ABORTED | /proposals?_rsc=j-_vjoKOn8bxlRO7 net::ERR_ABORTED | /approvals?_rsc=j-_vjoKOn8bxlRO7 net::ERR_ABORTED | /accounts?_rsc=j-_vjoKOn8bxlRO7 net::ERR_ABORTED | /contracts?_rsc=j-_vjoKOn8bxlRO7 net::ERR_ABORTED | /intelligence/bids?_rsc=j-_vjoKOn8bxlRO7 net::ERR_ABORTED | /intelligence?_rsc=j-_vjoKOn8bxlRO7 net::ERR_ABORTED | /crosses?_rsc=j-_vjoKOn8bxlRO7 net::ERR_ABORTED | /analytics?_rsc=j-_vjoKOn8bxlRO7 net::ERR_ABORTED | /catalog?_rsc=j-_vjoKOn8bxlRO7 net::ERR_ABORTED | /catalog/gudid?_rsc=j-_vjoKOn8bxlRO7 net::ERR_ABORTED | /settings?_rsc=j-_vjoKOn8bxlRO7 net::ERR_ABORTED | /settings/integrations?_rsc=j-_vjoKOn8bxlRO7 net::ERR_ABORTED | /notifications?_rsc=j-_vjoKOn8bxlRO7 net::ERR_ABORTED | /requests/new?_rsc=j-_vjoKOn8bxlRO7 net::ERR_ABORTED | /settings/pricing?_rsc=j-_vjoKOn8bxlRO7 net::ERR_ABORTED","429 /api/auth/dev | 404 /docs/INTEGRATIONS.md?_rsc=DQxjArDrgutTG17x","0","0","0","New request ; Switch user ; Save ; Edit ; Configure integrations → ; How to connect ; Sync now"
"CONTRACTING_MANAGER","/settings/integrations","/settings/integrations","200","Settings","Failed to load resource: the server responded with a status of 429 (Too Many Requests) | Failed to load resource: the server responded with a status of 404 (Not Found)","","0","/docs/INTEGRATIONS.md?_rsc=DQxjArDrgutTG17x net::ERR_ABORTED | /api/auth/dev net::ERR_ABORTED | /?_rsc=DQxjArDrgutTG17x net::ERR_ABORTED | /requests?_rsc=DQxjArDrgutTG17x net::ERR_ABORTED | /proposals?_rsc=DQxjArDrgutTG17x net::ERR_ABORTED | /accounts?_rsc=DQxjArDrgutTG17x net::ERR_ABORTED | /contracts?_rsc=DQxjArDrgutTG17x net::ERR_ABORTED | /intelligence?_rsc=DQxjArDrgutTG17x net::ERR_ABORTED | /approvals?_rsc=DQxjArDrgutTG17x net::ERR_ABORTED | /intelligence/bids?_rsc=DQxjArDrgutTG17x net::ERR_ABORTED | /analytics?_rsc=DQxjArDrgutTG17x net::ERR_ABORTED | /catalog?_rsc=DQxjArDrgutTG17x net::ERR_ABORTED | /catalog/gudid?_rsc=DQxjArDrgutTG17x net::ERR_ABORTED | /crosses?_rsc=DQxjArDrgutTG17x net::ERR_ABORTED | /notifications?_rsc=DQxjArDrgutTG17x net::ERR_ABORTED | /requests/new?_rsc=DQxjArDrgutTG17x net::ERR_ABORTED | /settings/integrations?_rsc=DQxjArDrgutTG17x net::ERR_ABORTED | /settings/pricing?_rsc=DQxjArDrgutTG17x net::ERR_ABORTED | /requests?_rsc=j-_vjoKOn8bxlRO7 net::ERR_ABORTED | /?_rsc=j-_vjoKOn8bxlRO7 net::ERR_ABORTED | /proposals?_rsc=j-_vjoKOn8bxlRO7 net::ERR_ABORTED | /approvals?_rsc=j-_vjoKOn8bxlRO7 net::ERR_ABORTED | /accounts?_rsc=j-_vjoKOn8bxlRO7 net::ERR_ABORTED | /contracts?_rsc=j-_vjoKOn8bxlRO7 net::ERR_ABORTED | /intelligence?_rsc=j-_vjoKOn8bxlRO7 net::ERR_ABORTED | /intelligence/bids?_rsc=j-_vjoKOn8bxlRO7 net::ERR_ABORTED | /catalog/gudid?_rsc=j-_vjoKOn8bxlRO7 net::ERR_ABORTED | /analytics?_rsc=j-_vjoKOn8bxlRO7 net::ERR_ABORTED | /catalog?_rsc=j-_vjoKOn8bxlRO7 net::ERR_ABORTED | /crosses?_rsc=j-_vjoKOn8bxlRO7 net::ERR_ABORTED | /settings?_rsc=j-_vjoKOn8bxlRO7 net::ERR_ABORTED | /requests/new?_rsc=j-_vjoKOn8bxlRO7 net::ERR_ABORTED | /notifications?_rsc=j-_vjoKOn8bxlRO7 net::ERR_ABORTED | /settings/integrations?_rsc=j-_vjoKOn8bxlRO7 net::ERR_ABORTED | /settings/pricing?_rsc=j-_vjoKOn8bxlRO7 net::ERR_ABORTED","429 /api/auth/dev | 404 /docs/INTEGRATIONS.md?_rsc=DQxjArDrgutTG17x","0","0","0","New request ; Switch user ; Save ; Edit ; Configure integrations → ; How to connect ; Sync now"
"CONTRACTING_MANAGER","/settings/pricing","/settings/pricing","200","Pricing policies","Failed to load resource: the server responded with a status of 429 (Too Many Requests)","","0","/docs/INTEGRATIONS.md?_rsc=DQxjArDrgutTG17x net::ERR_ABORTED | /api/auth/dev net::ERR_ABORTED | /?_rsc=8oSST31HPn0UlEto net::ERR_ABORTED | /requests?_rsc=8oSST31HPn0UlEto net::ERR_ABORTED | /contracts?_rsc=8oSST31HPn0UlEto net::ERR_ABORTED | /intelligence?_rsc=8oSST31HPn0UlEto net::ERR_ABORTED | /intelligence/bids?_rsc=8oSST31HPn0UlEto net::ERR_ABORTED | /analytics?_rsc=8oSST31HPn0UlEto net::ERR_ABORTED | /settings?_rsc=8oSST31HPn0UlEto net::ERR_ABORTED | /catalog?_rsc=8oSST31HPn0UlEto net::ERR_ABORTED | /catalog/gudid?_rsc=8oSST31HPn0UlEto net::ERR_ABORTED | /crosses?_rsc=8oSST31HPn0UlEto net::ERR_ABORTED | /notifications?_rsc=8oSST31HPn0UlEto net::ERR_ABORTED | /requests/new?_rsc=8oSST31HPn0UlEto net::ERR_ABORTED | /requests?_rsc=_Ie442TgELs3Q458 net::ERR_ABORTED | /?_rsc=_Ie442TgELs3Q458 net::ERR_ABORTED | /accounts?_rsc=_Ie442TgELs3Q458 net::ERR_ABORTED | /proposals?_rsc=_Ie442TgELs3Q458 net::ERR_ABORTED | /approvals?_rsc=_Ie442TgELs3Q458 net::ERR_ABORTED | /contracts?_rsc=_Ie442TgELs3Q458 net::ERR_ABORTED | /intelligence?_rsc=_Ie442TgELs3Q458 net::ERR_ABORTED | /intelligence/bids?_rsc=_Ie442TgELs3Q458 net::ERR_ABORTED | /analytics?_rsc=_Ie442TgELs3Q458 net::ERR_ABORTED | /catalog?_rsc=_Ie442TgELs3Q458 net::ERR_ABORTED | /catalog/gudid?_rsc=_Ie442TgELs3Q458 net::ERR_ABORTED | /requests/new?_rsc=_Ie442TgELs3Q458 net::ERR_ABORTED | /settings?_rsc=_Ie442TgELs3Q458 net::ERR_ABORTED | /crosses?_rsc=_Ie442TgELs3Q458 net::ERR_ABORTED | /notifications?_rsc=_Ie442TgELs3Q458 net::ERR_ABORTED","429 /api/auth/dev","0","0","0","New request ; Switch user ; New draft ; New version"
"PRICING_ANALYST","/","/","200","Competitive cross reference","","","0","/requests?_rsc=5CB68i4pnAekjehf net::ERR_ABORTED | /proposals?_rsc=5CB68i4pnAekjehf net::ERR_ABORTED | /accounts?_rsc=5CB68i4pnAekjehf net::ERR_ABORTED | /contracts?_rsc=5CB68i4pnAekjehf net::ERR_ABORTED | /intelligence?_rsc=5CB68i4pnAekjehf net::ERR_ABORTED | /intelligence/bids?_rsc=5CB68i4pnAekjehf net::ERR_ABORTED | /catalog?_rsc=5CB68i4pnAekjehf net::ERR_ABORTED | /analytics?_rsc=5CB68i4pnAekjehf net::ERR_ABORTED | /catalog/gudid?_rsc=5CB68i4pnAekjehf net::ERR_ABORTED | /crosses?_rsc=5CB68i4pnAekjehf net::ERR_ABORTED | /notifications?_rsc=5CB68i4pnAekjehf net::ERR_ABORTED | /settings?_rsc=5CB68i4pnAekjehf net::ERR_ABORTED | /requests/new?_rsc=5CB68i4pnAekjehf net::ERR_ABORTED | /?_rsc=tXyZJ52UQVBCVsD3 net::ERR_ABORTED | /requests?_rsc=tXyZJ52UQVBCVsD3 net::ERR_ABORTED | /contracts?_rsc=tXyZJ52UQVBCVsD3 net::ERR_ABORTED | /analytics?_rsc=tXyZJ52UQVBCVsD3 net::ERR_ABORTED | /intelligence?_rsc=tXyZJ52UQVBCVsD3 net::ERR_ABORTED | /intelligence/bids?_rsc=tXyZJ52UQVBCVsD3 net::ERR_ABORTED | /catalog?_rsc=tXyZJ52UQVBCVsD3 net::ERR_ABORTED | /crosses?_rsc=tXyZJ52UQVBCVsD3 net::ERR_ABORTED | /notifications?_rsc=tXyZJ52UQVBCVsD3 net::ERR_ABORTED | /settings?_rsc=tXyZJ52UQVBCVsD3 net::ERR_ABORTED | /catalog/gudid?_rsc=tXyZJ52UQVBCVsD3 net::ERR_ABORTED | /requests/new?_rsc=tXyZJ52UQVBCVsD3 net::ERR_ABORTED","","0","0","0","New request ; Switch user"
"PRICING_ANALYST","/requests","/requests","200","Cross-reference requests","","","0","/?_rsc=p3Q57VochOqcQNsg net::ERR_ABORTED | /proposals?_rsc=p3Q57VochOqcQNsg net::ERR_ABORTED | /accounts?_rsc=p3Q57VochOqcQNsg net::ERR_ABORTED | /intelligence/bids?_rsc=p3Q57VochOqcQNsg net::ERR_ABORTED | /analytics?_rsc=p3Q57VochOqcQNsg net::ERR_ABORTED | /catalog?_rsc=p3Q57VochOqcQNsg net::ERR_ABORTED | /notifications?_rsc=p3Q57VochOqcQNsg net::ERR_ABORTED | /catalog/gudid?_rsc=p3Q57VochOqcQNsg net::ERR_ABORTED | /crosses?_rsc=p3Q57VochOqcQNsg net::ERR_ABORTED | /settings?_rsc=p3Q57VochOqcQNsg net::ERR_ABORTED | /requests/new?_rsc=p3Q57VochOqcQNsg net::ERR_ABORTED | /?_rsc=nIzLgF1M7nWxnHlV net::ERR_ABORTED | /requests?_rsc=nIzLgF1M7nWxnHlV net::ERR_ABORTED | /proposals?_rsc=nIzLgF1M7nWxnHlV net::ERR_ABORTED | /accounts?_rsc=nIzLgF1M7nWxnHlV net::ERR_ABORTED | /contracts?_rsc=nIzLgF1M7nWxnHlV net::ERR_ABORTED | /intelligence?_rsc=nIzLgF1M7nWxnHlV net::ERR_ABORTED | /intelligence/bids?_rsc=nIzLgF1M7nWxnHlV net::ERR_ABORTED | /crosses?_rsc=nIzLgF1M7nWxnHlV net::ERR_ABORTED | /analytics?_rsc=nIzLgF1M7nWxnHlV net::ERR_ABORTED | /catalog?_rsc=nIzLgF1M7nWxnHlV net::ERR_ABORTED | /catalog/gudid?_rsc=nIzLgF1M7nWxnHlV net::ERR_ABORTED | /notifications?_rsc=nIzLgF1M7nWxnHlV net::ERR_ABORTED | /requests/new?_rsc=nIzLgF1M7nWxnHlV net::ERR_ABORTED","","0","0","0","New request ; Switch user"
"PRICING_ANALYST","/requests/new","/requests/new","200","Competitive cross reference","","","0","/requests?_rsc=4belA-F-xg-XtLdx net::ERR_ABORTED | /proposals?_rsc=4belA-F-xg-XtLdx net::ERR_ABORTED | /accounts?_rsc=4belA-F-xg-XtLdx net::ERR_ABORTED | /?_rsc=4belA-F-xg-XtLdx net::ERR_ABORTED | /analytics?_rsc=4belA-F-xg-XtLdx net::ERR_ABORTED | /intelligence/bids?_rsc=4belA-F-xg-XtLdx net::ERR_ABORTED | /intelligence?_rsc=4belA-F-xg-XtLdx net::ERR_ABORTED | /contracts?_rsc=4belA-F-xg-XtLdx net::ERR_ABORTED | /settings?_rsc=4belA-F-xg-XtLdx net::ERR_ABORTED | /catalog?_rsc=4belA-F-xg-XtLdx net::ERR_ABORTED | /catalog/gudid?_rsc=4belA-F-xg-XtLdx net::ERR_ABORTED | /crosses?_rsc=4belA-F-xg-XtLdx net::ERR_ABORTED | /notifications?_rsc=4belA-F-xg-XtLdx net::ERR_ABORTED | /?_rsc=O1p93FFpSnNce0k4 net::ERR_ABORTED | /requests?_rsc=O1p93FFpSnNce0k4 net::ERR_ABORTED | /proposals?_rsc=O1p93FFpSnNce0k4 net::ERR_ABORTED | /intelligence?_rsc=O1p93FFpSnNce0k4 net::ERR_ABORTED | /intelligence/bids?_rsc=O1p93FFpSnNce0k4 net::ERR_ABORTED | /accounts?_rsc=O1p93FFpSnNce0k4 net::ERR_ABORTED | /contracts?_rsc=O1p93FFpSnNce0k4 net::ERR_ABORTED | /crosses?_rsc=O1p93FFpSnNce0k4 net::ERR_ABORTED | /catalog/gudid?_rsc=O1p93FFpSnNce0k4 net::ERR_ABORTED | /catalog?_rsc=O1p93FFpSnNce0k4 net::ERR_ABORTED | /settings?_rsc=O1p93FFpSnNce0k4 net::ERR_ABORTED | /requests/new?_rsc=O1p93FFpSnNce0k4 net::ERR_ABORTED | /notifications?_rsc=O1p93FFpSnNce0k4 net::ERR_ABORTED","","0","0","0","New request ; Switch user ; Google Sheets link ; Upload .xlsx / .csv ; Paste from a sheet ; Read sheet ; Continue request"
"PRICING_ANALYST","/requests/[id]","/requests/null","200","","Failed to load resource: the server responded with a status of 404 (Not Found)","","0","/proposals?_rsc=76SvvV1TLjtpHtqe net::ERR_ABORTED | /accounts?_rsc=76SvvV1TLjtpHtqe net::ERR_ABORTED | /?_rsc=76SvvV1TLjtpHtqe net::ERR_ABORTED | /requests?_rsc=76SvvV1TLjtpHtqe net::ERR_ABORTED | /analytics?_rsc=76SvvV1TLjtpHtqe net::ERR_ABORTED | /intelligence?_rsc=76SvvV1TLjtpHtqe net::ERR_ABORTED | /intelligence/bids?_rsc=76SvvV1TLjtpHtqe net::ERR_ABORTED | /catalog?_rsc=76SvvV1TLjtpHtqe net::ERR_ABORTED | /settings?_rsc=76SvvV1TLjtpHtqe net::ERR_ABORTED | /catalog/gudid?_rsc=76SvvV1TLjtpHtqe net::ERR_ABORTED | /crosses?_rsc=76SvvV1TLjtpHtqe net::ERR_ABORTED | /notifications?_rsc=76SvvV1TLjtpHtqe net::ERR_ABORTED | /?_rsc=eoRKZgXY26fq4Ulk net::ERR_ABORTED | /requests?_rsc=eoRKZgXY26fq4Ulk net::ERR_ABORTED | /proposals?_rsc=eoRKZgXY26fq4Ulk net::ERR_ABORTED | /accounts?_rsc=eoRKZgXY26fq4Ulk net::ERR_ABORTED | /contracts?_rsc=eoRKZgXY26fq4Ulk net::ERR_ABORTED | /intelligence/bids?_rsc=eoRKZgXY26fq4Ulk net::ERR_ABORTED | /intelligence?_rsc=eoRKZgXY26fq4Ulk net::ERR_ABORTED | /crosses?_rsc=eoRKZgXY26fq4Ulk net::ERR_ABORTED | /settings?_rsc=eoRKZgXY26fq4Ulk net::ERR_ABORTED | /notifications?_rsc=eoRKZgXY26fq4Ulk net::ERR_ABORTED | /catalog/gudid?_rsc=eoRKZgXY26fq4Ulk net::ERR_ABORTED | /requests/new?_rsc=eoRKZgXY26fq4Ulk net::ERR_ABORTED","404 /api/requests/null","0","0","0","New request ; Switch user"
"PRICING_ANALYST","/proposals","/proposals","200","Commercial proposals","","","0","/api/requests/null net::ERR_ABORTED | /?_rsc=8qZH60WsiyOTuseO net::ERR_ABORTED | /requests?_rsc=8qZH60WsiyOTuseO net::ERR_ABORTED | /catalog?_rsc=8qZH60WsiyOTuseO net::ERR_ABORTED | /intelligence?_rsc=8qZH60WsiyOTuseO net::ERR_ABORTED | /analytics?_rsc=8qZH60WsiyOTuseO net::ERR_ABORTED | /catalog/gudid?_rsc=8qZH60WsiyOTuseO net::ERR_ABORTED | /crosses?_rsc=8qZH60WsiyOTuseO net::ERR_ABORTED | /settings?_rsc=8qZH60WsiyOTuseO net::ERR_ABORTED | /notifications?_rsc=8qZH60WsiyOTuseO net::ERR_ABORTED | /requests/new?_rsc=8qZH60WsiyOTuseO net::ERR_ABORTED | /?_rsc=yDw8cg_cK2Tq2IDS net::ERR_ABORTED | /requests?_rsc=yDw8cg_cK2Tq2IDS net::ERR_ABORTED | /proposals?_rsc=yDw8cg_cK2Tq2IDS net::ERR_ABORTED | /intelligence/bids?_rsc=yDw8cg_cK2Tq2IDS net::ERR_ABORTED | /accounts?_rsc=yDw8cg_cK2Tq2IDS net::ERR_ABORTED | /contracts?_rsc=yDw8cg_cK2Tq2IDS net::ERR_ABORTED | /intelligence?_rsc=yDw8cg_cK2Tq2IDS net::ERR_ABORTED | /analytics?_rsc=yDw8cg_cK2Tq2IDS net::ERR_ABORTED | /catalog?_rsc=yDw8cg_cK2Tq2IDS net::ERR_ABORTED | /catalog/gudid?_rsc=yDw8cg_cK2Tq2IDS net::ERR_ABORTED | /settings?_rsc=yDw8cg_cK2Tq2IDS net::ERR_ABORTED | /crosses?_rsc=yDw8cg_cK2Tq2IDS net::ERR_ABORTED | /notifications?_rsc=yDw8cg_cK2Tq2IDS net::ERR_ABORTED | /requests/new?_rsc=yDw8cg_cK2Tq2IDS net::ERR_ABORTED","","0","0","0","New request ; Switch user"
"PRICING_ANALYST","/proposals/[id]","/proposals/null","200","","Failed to load resource: the server responded with a status of 404 (Not Found)","","0","/?_rsc=VreOGdJHuaZwqD3- net::ERR_ABORTED | /requests?_rsc=VreOGdJHuaZwqD3- net::ERR_ABORTED | /proposals?_rsc=VreOGdJHuaZwqD3- net::ERR_ABORTED | /accounts?_rsc=VreOGdJHuaZwqD3- net::ERR_ABORTED | /intelligence/bids?_rsc=VreOGdJHuaZwqD3- net::ERR_ABORTED | /contracts?_rsc=VreOGdJHuaZwqD3- net::ERR_ABORTED | /intelligence?_rsc=VreOGdJHuaZwqD3- net::ERR_ABORTED | /catalog/gudid?_rsc=VreOGdJHuaZwqD3- net::ERR_ABORTED | /crosses?_rsc=VreOGdJHuaZwqD3- net::ERR_ABORTED | /settings?_rsc=VreOGdJHuaZwqD3- net::ERR_ABORTED | /notifications?_rsc=VreOGdJHuaZwqD3- net::ERR_ABORTED | /requests/new?_rsc=VreOGdJHuaZwqD3- net::ERR_ABORTED | /?_rsc=hzu8hJFrzSYjsRgK net::ERR_ABORTED | /requests?_rsc=hzu8hJFrzSYjsRgK net::ERR_ABORTED | /proposals?_rsc=hzu8hJFrzSYjsRgK net::ERR_ABORTED | /accounts?_rsc=hzu8hJFrzSYjsRgK net::ERR_ABORTED | /contracts?_rsc=hzu8hJFrzSYjsRgK net::ERR_ABORTED | /intelligence/bids?_rsc=hzu8hJFrzSYjsRgK net::ERR_ABORTED | /analytics?_rsc=hzu8hJFrzSYjsRgK net::ERR_ABORTED | /intelligence?_rsc=hzu8hJFrzSYjsRgK net::ERR_ABORTED | /catalog?_rsc=hzu8hJFrzSYjsRgK net::ERR_ABORTED | /crosses?_rsc=hzu8hJFrzSYjsRgK net::ERR_ABORTED | /settings?_rsc=hzu8hJFrzSYjsRgK net::ERR_ABORTED | /notifications?_rsc=hzu8hJFrzSYjsRgK net::ERR_ABORTED | /catalog/gudid?_rsc=hzu8hJFrzSYjsRgK net::ERR_ABORTED","404 /api/proposals/null","0","0","0","New request ; Switch user"
"PRICING_ANALYST","/approvals","/approvals","200","Pricing approvals","","","0","/?_rsc=Ut9iRRX_9PZKRdF- net::ERR_ABORTED | /requests?_rsc=Ut9iRRX_9PZKRdF- net::ERR_ABORTED | /proposals?_rsc=Ut9iRRX_9PZKRdF- net::ERR_ABORTED | /accounts?_rsc=Ut9iRRX_9PZKRdF- net::ERR_ABORTED | /contracts?_rsc=Ut9iRRX_9PZKRdF- net::ERR_ABORTED | /intelligence?_rsc=Ut9iRRX_9PZKRdF- net::ERR_ABORTED | /intelligence/bids?_rsc=Ut9iRRX_9PZKRdF- net::ERR_ABORTED | /settings?_rsc=Ut9iRRX_9PZKRdF- net::ERR_ABORTED | /catalog?_rsc=Ut9iRRX_9PZKRdF- net::ERR_ABORTED | /catalog/gudid?_rsc=Ut9iRRX_9PZKRdF- net::ERR_ABORTED | /crosses?_rsc=Ut9iRRX_9PZKRdF- net::ERR_ABORTED | /notifications?_rsc=Ut9iRRX_9PZKRdF- net::ERR_ABORTED | /requests/new?_rsc=Ut9iRRX_9PZKRdF- net::ERR_ABORTED | /?_rsc=AU6DTT46DVXZ7jWj net::ERR_ABORTED | /proposals?_rsc=AU6DTT46DVXZ7jWj net::ERR_ABORTED | /requests?_rsc=AU6DTT46DVXZ7jWj net::ERR_ABORTED | /contracts?_rsc=AU6DTT46DVXZ7jWj net::ERR_ABORTED | /accounts?_rsc=AU6DTT46DVXZ7jWj net::ERR_ABORTED | /intelligence?_rsc=AU6DTT46DVXZ7jWj net::ERR_ABORTED | /catalog?_rsc=AU6DTT46DVXZ7jWj net::ERR_ABORTED | /catalog/gudid?_rsc=AU6DTT46DVXZ7jWj net::ERR_ABORTED | /crosses?_rsc=AU6DTT46DVXZ7jWj net::ERR_ABORTED | /settings?_rsc=AU6DTT46DVXZ7jWj net::ERR_ABORTED | /notifications?_rsc=AU6DTT46DVXZ7jWj net::ERR_ABORTED | /requests/new?_rsc=AU6DTT46DVXZ7jWj net::ERR_ABORTED","","0","0","0","New request ; Switch user ; Delegate my approvals"
"PRICING_ANALYST","/accounts","/accounts","200","Accounts & GPO membership","","","0","/?_rsc=iZGmHDWBA-6V7KTQ net::ERR_ABORTED | /requests?_rsc=iZGmHDWBA-6V7KTQ net::ERR_ABORTED | /proposals?_rsc=iZGmHDWBA-6V7KTQ net::ERR_ABORTED | /intelligence?_rsc=iZGmHDWBA-6V7KTQ net::ERR_ABORTED | /intelligence/bids?_rsc=iZGmHDWBA-6V7KTQ net::ERR_ABORTED | /crosses?_rsc=iZGmHDWBA-6V7KTQ net::ERR_ABORTED | /analytics?_rsc=iZGmHDWBA-6V7KTQ net::ERR_ABORTED | /catalog?_rsc=iZGmHDWBA-6V7KTQ net::ERR_ABORTED | /catalog/gudid?_rsc=iZGmHDWBA-6V7KTQ net::ERR_ABORTED | /settings?_rsc=iZGmHDWBA-6V7KTQ net::ERR_ABORTED | /notifications?_rsc=iZGmHDWBA-6V7KTQ net::ERR_ABORTED | /accounts/cmuf6hihm02rkks7drm31yuur?_rsc=iZGmHDWBA-6V7KTQ net::ERR_ABORTED | /requests/new?_rsc=iZGmHDWBA-6V7KTQ net::ERR_ABORTED | /accounts/cmuf6hiho02rlks7d2xz6w5ev?_rsc=iZGmHDWBA-6V7KTQ net::ERR_ABORTED | /accounts/cmuf6hihq02rmks7did2qxong?_rsc=iZGmHDWBA-6V7KTQ net::ERR_ABORTED | /?_rsc=oRxEn_R9e10JER3Z net::ERR_ABORTED | /requests?_rsc=oRxEn_R9e10JER3Z net::ERR_ABORTED | /proposals?_rsc=oRxEn_R9e10JER3Z net::ERR_ABORTED | /accounts?_rsc=oRxEn_R9e10JER3Z net::ERR_ABORTED | /contracts?_rsc=oRxEn_R9e10JER3Z net::ERR_ABORTED | /intelligence?_rsc=oRxEn_R9e10JER3Z net::ERR_ABORTED | /intelligence/bids?_rsc=oRxEn_R9e10JER3Z net::ERR_ABORTED | /analytics?_rsc=oRxEn_R9e10JER3Z net::ERR_ABORTED | /catalog?_rsc=oRxEn_R9e10JER3Z net::ERR_ABORTED | /catalog/gudid?_rsc=oRxEn_R9e10JER3Z net::ERR_ABORTED | /settings?_rsc=oRxEn_R9e10JER3Z net::ERR_ABORTED | /crosses?_rsc=oRxEn_R9e10JER3Z net::ERR_ABORTED | /notifications?_rsc=oRxEn_R9e10JER3Z net::ERR_ABORTED | /requests/new?_rsc=oRxEn_R9e10JER3Z net::ERR_ABORTED | /accounts/cmuf6hiho02rlks7d2xz6w5ev?_rsc=oRxEn_R9e10JER3Z net::ERR_ABORTED | /accounts/cmuf6hihq02rmks7did2qxong?_rsc=oRxEn_R9e10JER3Z net::ERR_ABORTED | /accounts/cmuf6hihk02rjks7dyamo9w2u?_rsc=oRxEn_R9e10JER3Z net::ERR_ABORTED | /accounts/cmuf6hihm02rkks7drm31yuur?_rsc=oRxEn_R9e10JER3Z net::ERR_ABORTED | /accounts/cmuf6hihh02riks7dkuig0cbl?_rsc=oRxEn_R9e10JER3Z net::ERR_ABORTED","","0","0","0","New request ; Switch user"
"PRICING_ANALYST","/accounts/[id]","/accounts/cmuf6hihm02rkks7drm31yuur","200","Hospital A — Mount Vernon General","","","0","/contracts?_rsc=pYoAThzR_ryjq0MS net::ERR_ABORTED | /intelligence?_rsc=pYoAThzR_ryjq0MS net::ERR_ABORTED | /intelligence/bids?_rsc=pYoAThzR_ryjq0MS net::ERR_ABORTED | /analytics?_rsc=pYoAThzR_ryjq0MS net::ERR_ABORTED | /catalog?_rsc=pYoAThzR_ryjq0MS net::ERR_ABORTED | /catalog/gudid?_rsc=pYoAThzR_ryjq0MS net::ERR_ABORTED | /crosses?_rsc=pYoAThzR_ryjq0MS net::ERR_ABORTED | /settings?_rsc=pYoAThzR_ryjq0MS net::ERR_ABORTED | /notifications?_rsc=pYoAThzR_ryjq0MS net::ERR_ABORTED | /requests/new?_rsc=pYoAThzR_ryjq0MS net::ERR_ABORTED | /contracts/cmuf6himl02swks7dif6nb96r?_rsc=pYoAThzR_ryjq0MS net::ERR_ABORTED | /?_rsc=gRQ4rCW2m6dkjkis net::ERR_ABORTED | /proposals?_rsc=gRQ4rCW2m6dkjkis net::ERR_ABORTED | /requests?_rsc=gRQ4rCW2m6dkjkis net::ERR_ABORTED | /accounts?_rsc=gRQ4rCW2m6dkjkis net::ERR_ABORTED | /contracts?_rsc=gRQ4rCW2m6dkjkis net::ERR_ABORTED | /intelligence?_rsc=gRQ4rCW2m6dkjkis net::ERR_ABORTED | /intelligence/bids?_rsc=gRQ4rCW2m6dkjkis net::ERR_ABORTED | /analytics?_rsc=gRQ4rCW2m6dkjkis net::ERR_ABORTED | /catalog/gudid?_rsc=gRQ4rCW2m6dkjkis net::ERR_ABORTED | /crosses?_rsc=gRQ4rCW2m6dkjkis net::ERR_ABORTED | /settings?_rsc=gRQ4rCW2m6dkjkis net::ERR_ABORTED | /catalog?_rsc=gRQ4rCW2m6dkjkis net::ERR_ABORTED | /notifications?_rsc=gRQ4rCW2m6dkjkis net::ERR_ABORTED | /requests/new?_rsc=gRQ4rCW2m6dkjkis net::ERR_ABORTED | /contracts/cmuf6himl02swks7dif6nb96r?_rsc=gRQ4rCW2m6dkjkis net::ERR_ABORTED","","0","1","0","New request ; Switch user"
"PRICING_ANALYST","/contracts","/contracts","200","Contracts & price context","","","0","/?_rsc=DzmfcRRfJeItXkgz net::ERR_ABORTED | /requests?_rsc=DzmfcRRfJeItXkgz net::ERR_ABORTED | /accounts?_rsc=DzmfcRRfJeItXkgz net::ERR_ABORTED | /proposals?_rsc=DzmfcRRfJeItXkgz net::ERR_ABORTED | /intelligence?_rsc=DzmfcRRfJeItXkgz net::ERR_ABORTED | /intelligence/bids?_rsc=DzmfcRRfJeItXkgz net::ERR_ABORTED | /catalog?_rsc=DzmfcRRfJeItXkgz net::ERR_ABORTED | /analytics?_rsc=DzmfcRRfJeItXkgz net::ERR_ABORTED | /catalog/gudid?_rsc=DzmfcRRfJeItXkgz net::ERR_ABORTED | /crosses?_rsc=DzmfcRRfJeItXkgz net::ERR_ABORTED | /settings?_rsc=DzmfcRRfJeItXkgz net::ERR_ABORTED | /notifications?_rsc=DzmfcRRfJeItXkgz net::ERR_ABORTED | /contracts/cmuf6himl02swks7dif6nb96r?_rsc=DzmfcRRfJeItXkgz net::ERR_ABORTED | /?_rsc=2Ju2sngZl13OvaTN net::ERR_ABORTED | /proposals?_rsc=2Ju2sngZl13OvaTN net::ERR_ABORTED | /accounts?_rsc=2Ju2sngZl13OvaTN net::ERR_ABORTED | /contracts?_rsc=2Ju2sngZl13OvaTN net::ERR_ABORTED | /intelligence/bids?_rsc=2Ju2sngZl13OvaTN net::ERR_ABORTED | /intelligence?_rsc=2Ju2sngZl13OvaTN net::ERR_ABORTED | /analytics?_rsc=2Ju2sngZl13OvaTN net::ERR_ABORTED | /catalog?_rsc=2Ju2sngZl13OvaTN net::ERR_ABORTED | /crosses?_rsc=2Ju2sngZl13OvaTN net::ERR_ABORTED | /settings?_rsc=2Ju2sngZl13OvaTN net::ERR_ABORTED | /catalog/gudid?_rsc=2Ju2sngZl13OvaTN net::ERR_ABORTED | /notifications?_rsc=2Ju2sngZl13OvaTN net::ERR_ABORTED | /requests/new?_rsc=2Ju2sngZl13OvaTN net::ERR_ABORTED | /contracts/cmuf6himu02sxks7dkgml1rr2?_rsc=2Ju2sngZl13OvaTN net::ERR_ABORTED | /contracts/cmuf6himl02swks7dif6nb96r?_rsc=2Ju2sngZl13OvaTN net::ERR_ABORTED","","0","1","0","New request ; Switch user ; New contract"
"PRICING_ANALYST","/contracts/[id]","/contracts/cmuf6himu02sxks7dkgml1rr2","200","MSK-LOCAL-2026 · MSK local mesh agreement","","","0","/proposals?_rsc=TQOCHQXESAyQ3VEl net::ERR_ABORTED | /requests?_rsc=TQOCHQXESAyQ3VEl net::ERR_ABORTED | /?_rsc=TQOCHQXESAyQ3VEl net::ERR_ABORTED | /accounts/cmuf6hihk02rjks7dyamo9w2u?_rsc=TQOCHQXESAyQ3VEl net::ERR_ABORTED | /catalog?_rsc=TQOCHQXESAyQ3VEl net::ERR_ABORTED | /catalog/gudid?_rsc=TQOCHQXESAyQ3VEl net::ERR_ABORTED | /notifications?_rsc=TQOCHQXESAyQ3VEl net::ERR_ABORTED | /requests/new?_rsc=TQOCHQXESAyQ3VEl net::ERR_ABORTED | /accounts/cmuf6hihk02rjks7dyamo9w2u?_rsc=12web-rdU3k9vLaG net::ERR_ABORTED | /accounts?_rsc=12web-rdU3k9vLaG net::ERR_ABORTED | /?_rsc=12web-rdU3k9vLaG net::ERR_ABORTED | /requests?_rsc=12web-rdU3k9vLaG net::ERR_ABORTED | /proposals?_rsc=12web-rdU3k9vLaG net::ERR_ABORTED | /intelligence?_rsc=12web-rdU3k9vLaG net::ERR_ABORTED | /intelligence/bids?_rsc=12web-rdU3k9vLaG net::ERR_ABORTED | /analytics?_rsc=12web-rdU3k9vLaG net::ERR_ABORTED | /contracts?_rsc=12web-rdU3k9vLaG net::ERR_ABORTED | /catalog?_rsc=12web-rdU3k9vLaG net::ERR_ABORTED | /catalog/gudid?_rsc=12web-rdU3k9vLaG net::ERR_ABORTED | /crosses?_rsc=12web-rdU3k9vLaG net::ERR_ABORTED | /settings?_rsc=12web-rdU3k9vLaG net::ERR_ABORTED | /notifications?_rsc=12web-rdU3k9vLaG net::ERR_ABORTED | /requests/new?_rsc=12web-rdU3k9vLaG net::ERR_ABORTED","","0","1","0","New request ; Switch user ; Refresh performance ; Terminate ; Save entries"
"PRICING_ANALYST","/intelligence","/intelligence","200","Competitor pricing","","","0","/?_rsc=3fD0047dUoUPXvG2 net::ERR_ABORTED | /requests?_rsc=3fD0047dUoUPXvG2 net::ERR_ABORTED | /proposals?_rsc=3fD0047dUoUPXvG2 net::ERR_ABORTED | /intelligence/bids?_rsc=3fD0047dUoUPXvG2 net::ERR_ABORTED | /contracts?_rsc=3fD0047dUoUPXvG2 net::ERR_ABORTED | /analytics?_rsc=3fD0047dUoUPXvG2 net::ERR_ABORTED | /catalog/gudid?_rsc=3fD0047dUoUPXvG2 net::ERR_ABORTED | /crosses?_rsc=3fD0047dUoUPXvG2 net::ERR_ABORTED | /settings?_rsc=3fD0047dUoUPXvG2 net::ERR_ABORTED | /notifications?_rsc=3fD0047dUoUPXvG2 net::ERR_ABORTED | /requests/new?_rsc=3fD0047dUoUPXvG2 net::ERR_ABORTED | /?_rsc=gu9LWiAQNzfrKsW2 net::ERR_ABORTED | /proposals?_rsc=gu9LWiAQNzfrKsW2 net::ERR_ABORTED | /accounts?_rsc=gu9LWiAQNzfrKsW2 net::ERR_ABORTED | /requests?_rsc=gu9LWiAQNzfrKsW2 net::ERR_ABORTED | /analytics?_rsc=gu9LWiAQNzfrKsW2 net::ERR_ABORTED | /intelligence/bids?_rsc=gu9LWiAQNzfrKsW2 net::ERR_ABORTED | /contracts?_rsc=gu9LWiAQNzfrKsW2 net::ERR_ABORTED | /intelligence?_rsc=gu9LWiAQNzfrKsW2 net::ERR_ABORTED | /catalog?_rsc=gu9LWiAQNzfrKsW2 net::ERR_ABORTED | /settings?_rsc=gu9LWiAQNzfrKsW2 net::ERR_ABORTED | /catalog/gudid?_rsc=gu9LWiAQNzfrKsW2 net::ERR_ABORTED | /crosses?_rsc=gu9LWiAQNzfrKsW2 net::ERR_ABORTED | /notifications?_rsc=gu9LWiAQNzfrKsW2 net::ERR_ABORTED | /requests/new?_rsc=gu9LWiAQNzfrKsW2 net::ERR_ABORTED","","0","1","0","New request ; Switch user ; Import .xlsx / .csv ; INPUT ; Extract a document… ; Verify ; Dispute ; 1190500 ; 1410015010 ; 1DLMC03 ; 1DLMC05 ; 112680 ; 1190816 ; SPMII ; 1200710 ; 1201520 ; 113700 ; 112650 ; 112660 ; UPA31015 ; 1190820 ; 1202025 ; 1190300 ; SPMXXL ; Record"
"PRICING_ANALYST","/intelligence/bids","/intelligence/bids","200","Public bids and awards","","","0","/?_rsc=2gWrMJaxdn-CU2fc net::ERR_ABORTED | /requests?_rsc=2gWrMJaxdn-CU2fc net::ERR_ABORTED | /accounts?_rsc=2gWrMJaxdn-CU2fc net::ERR_ABORTED | /contracts?_rsc=2gWrMJaxdn-CU2fc net::ERR_ABORTED | /analytics?_rsc=2gWrMJaxdn-CU2fc net::ERR_ABORTED | /catalog?_rsc=2gWrMJaxdn-CU2fc net::ERR_ABORTED | /catalog/gudid?_rsc=2gWrMJaxdn-CU2fc net::ERR_ABORTED | /intelligence?_rsc=2gWrMJaxdn-CU2fc net::ERR_ABORTED | /crosses?_rsc=2gWrMJaxdn-CU2fc net::ERR_ABORTED | /settings?_rsc=2gWrMJaxdn-CU2fc net::ERR_ABORTED | /notifications?_rsc=2gWrMJaxdn-CU2fc net::ERR_ABORTED | /requests/new?_rsc=2gWrMJaxdn-CU2fc net::ERR_ABORTED | /requests?_rsc=W5McYxvxTMCZbYJx net::ERR_ABORTED | /proposals?_rsc=W5McYxvxTMCZbYJx net::ERR_ABORTED | /intelligence?_rsc=W5McYxvxTMCZbYJx net::ERR_ABORTED | /contracts?_rsc=W5McYxvxTMCZbYJx net::ERR_ABORTED | /analytics?_rsc=W5McYxvxTMCZbYJx net::ERR_ABORTED | /catalog?_rsc=W5McYxvxTMCZbYJx net::ERR_ABORTED | /crosses?_rsc=W5McYxvxTMCZbYJx net::ERR_ABORTED | /catalog/gudid?_rsc=W5McYxvxTMCZbYJx net::ERR_ABORTED | /notifications?_rsc=W5McYxvxTMCZbYJx net::ERR_ABORTED | /settings?_rsc=W5McYxvxTMCZbYJx net::ERR_ABORTED","","0","0","0","New request ; Switch user ; Pull ; Save ; INPUT"
"PRICING_ANALYST","/intelligence/extractions/[id]","/intelligence/extractions/missing0000000000000000","200","Extraction","Failed to load resource: the server responded with a status of 404 (Not Found)","","0","/proposals?_rsc=VJB2dfGule5Oh2L3 net::ERR_ABORTED | /?_rsc=VJB2dfGule5Oh2L3 net::ERR_ABORTED | /accounts?_rsc=VJB2dfGule5Oh2L3 net::ERR_ABORTED | /contracts?_rsc=VJB2dfGule5Oh2L3 net::ERR_ABORTED | /intelligence?_rsc=VJB2dfGule5Oh2L3 net::ERR_ABORTED | /intelligence/bids?_rsc=VJB2dfGule5Oh2L3 net::ERR_ABORTED | /analytics?_rsc=VJB2dfGule5Oh2L3 net::ERR_ABORTED | /settings?_rsc=VJB2dfGule5Oh2L3 net::ERR_ABORTED | /catalog/gudid?_rsc=VJB2dfGule5Oh2L3 net::ERR_ABORTED | /catalog?_rsc=VJB2dfGule5Oh2L3 net::ERR_ABORTED | /crosses?_rsc=VJB2dfGule5Oh2L3 net::ERR_ABORTED | /notifications?_rsc=VJB2dfGule5Oh2L3 net::ERR_ABORTED | /requests/new?_rsc=VJB2dfGule5Oh2L3 net::ERR_ABORTED | /?_rsc=wBL8jh-0AxNJNXN_ net::ERR_ABORTED | /requests?_rsc=wBL8jh-0AxNJNXN_ net::ERR_ABORTED | /accounts?_rsc=wBL8jh-0AxNJNXN_ net::ERR_ABORTED | /contracts?_rsc=wBL8jh-0AxNJNXN_ net::ERR_ABORTED | /intelligence?_rsc=wBL8jh-0AxNJNXN_ net::ERR_ABORTED | /analytics?_rsc=wBL8jh-0AxNJNXN_ net::ERR_ABORTED | /intelligence/bids?_rsc=wBL8jh-0AxNJNXN_ net::ERR_ABORTED | /catalog?_rsc=wBL8jh-0AxNJNXN_ net::ERR_ABORTED | /catalog/gudid?_rsc=wBL8jh-0AxNJNXN_ net::ERR_ABORTED | /crosses?_rsc=wBL8jh-0AxNJNXN_ net::ERR_ABORTED | /settings?_rsc=wBL8jh-0AxNJNXN_ net::ERR_ABORTED | /requests/new?_rsc=wBL8jh-0AxNJNXN_ net::ERR_ABORTED | /notifications?_rsc=wBL8jh-0AxNJNXN_ net::ERR_ABORTED","404 /api/documents/extractions/missing0000000000000000","0","0","0","New request ; Switch user"
"PRICING_ANALYST","/analytics","/analytics","200","Commercial feedback loop","","","0","/?_rsc=ix5_aAief6TvBg04 net::ERR_ABORTED | /requests?_rsc=ix5_aAief6TvBg04 net::ERR_ABORTED | /proposals?_rsc=ix5_aAief6TvBg04 net::ERR_ABORTED | /accounts?_rsc=ix5_aAief6TvBg04 net::ERR_ABORTED | /contracts?_rsc=ix5_aAief6TvBg04 net::ERR_ABORTED | /intelligence?_rsc=ix5_aAief6TvBg04 net::ERR_ABORTED | /intelligence/bids?_rsc=ix5_aAief6TvBg04 net::ERR_ABORTED | /catalog?_rsc=ix5_aAief6TvBg04 net::ERR_ABORTED | /catalog/gudid?_rsc=ix5_aAief6TvBg04 net::ERR_ABORTED | /crosses?_rsc=ix5_aAief6TvBg04 net::ERR_ABORTED | /settings?_rsc=ix5_aAief6TvBg04 net::ERR_ABORTED | /notifications?_rsc=ix5_aAief6TvBg04 net::ERR_ABORTED | /requests?_rsc=Dt318okBLJyNDlfE net::ERR_ABORTED | /proposals?_rsc=Dt318okBLJyNDlfE net::ERR_ABORTED | /requests/new?_rsc=ix5_aAief6TvBg04 net::ERR_ABORTED | /?_rsc=Dt318okBLJyNDlfE net::ERR_ABORTED | /intelligence?_rsc=Dt318okBLJyNDlfE net::ERR_ABORTED | /intelligence/bids?_rsc=Dt318okBLJyNDlfE net::ERR_ABORTED | /accounts?_rsc=Dt318okBLJyNDlfE net::ERR_ABORTED | /contracts?_rsc=Dt318okBLJyNDlfE net::ERR_ABORTED | /analytics?_rsc=Dt318okBLJyNDlfE net::ERR_ABORTED | /catalog?_rsc=Dt318okBLJyNDlfE net::ERR_ABORTED | /catalog/gudid?_rsc=Dt318okBLJyNDlfE net::ERR_ABORTED | /crosses?_rsc=Dt318okBLJyNDlfE net::ERR_ABORTED | /requests/new?_rsc=Dt318okBLJyNDlfE net::ERR_ABORTED | /settings?_rsc=Dt318okBLJyNDlfE net::ERR_ABORTED | /notifications?_rsc=Dt318okBLJyNDlfE net::ERR_ABORTED","","0","1","0","New request ; Switch user ; Refresh"
"PRICING_ANALYST","/catalog","/catalog","200","Our catalog","","","0","/?_rsc=OYzo7EH3MGwwxBfF net::ERR_ABORTED | /requests?_rsc=OYzo7EH3MGwwxBfF net::ERR_ABORTED | /accounts?_rsc=OYzo7EH3MGwwxBfF net::ERR_ABORTED | /proposals?_rsc=OYzo7EH3MGwwxBfF net::ERR_ABORTED | /contracts?_rsc=OYzo7EH3MGwwxBfF net::ERR_ABORTED | /intelligence?_rsc=OYzo7EH3MGwwxBfF net::ERR_ABORTED | /analytics?_rsc=OYzo7EH3MGwwxBfF net::ERR_ABORTED | /notifications?_rsc=OYzo7EH3MGwwxBfF net::ERR_ABORTED | /catalog/gudid?_rsc=OYzo7EH3MGwwxBfF net::ERR_ABORTED | /crosses?_rsc=OYzo7EH3MGwwxBfF net::ERR_ABORTED | /settings?_rsc=OYzo7EH3MGwwxBfF net::ERR_ABORTED | /requests/new?_rsc=OYzo7EH3MGwwxBfF net::ERR_ABORTED | /?_rsc=O6cAbYUSgs3KBG-F net::ERR_ABORTED | /proposals?_rsc=O6cAbYUSgs3KBG-F net::ERR_ABORTED | /requests?_rsc=O6cAbYUSgs3KBG-F net::ERR_ABORTED | /accounts?_rsc=O6cAbYUSgs3KBG-F net::ERR_ABORTED | /intelligence?_rsc=O6cAbYUSgs3KBG-F net::ERR_ABORTED | /intelligence/bids?_rsc=O6cAbYUSgs3KBG-F net::ERR_ABORTED | /contracts?_rsc=O6cAbYUSgs3KBG-F net::ERR_ABORTED | /crosses?_rsc=O6cAbYUSgs3KBG-F net::ERR_ABORTED | /catalog/gudid?_rsc=O6cAbYUSgs3KBG-F net::ERR_ABORTED | /catalog?_rsc=O6cAbYUSgs3KBG-F net::ERR_ABORTED | /analytics?_rsc=O6cAbYUSgs3KBG-F net::ERR_ABORTED | /requests/new?_rsc=O6cAbYUSgs3KBG-F net::ERR_ABORTED | /settings?_rsc=O6cAbYUSgs3KBG-F net::ERR_ABORTED | /notifications?_rsc=O6cAbYUSgs3KBG-F net::ERR_ABORTED","","0","1","0","New request ; Switch user ; GUDID library ; Enrich from GUDID ; Pricing ; Competitor sizes ; Add SKUs"
"PRICING_ANALYST","/catalog/gudid","/catalog/gudid","200","GUDID library","","","0","/accounts?_rsc=DGmoGnAw5OqJpMhM net::ERR_ABORTED | /?_rsc=DGmoGnAw5OqJpMhM net::ERR_ABORTED | /requests?_rsc=DGmoGnAw5OqJpMhM net::ERR_ABORTED | /proposals?_rsc=DGmoGnAw5OqJpMhM net::ERR_ABORTED | /intelligence?_rsc=DGmoGnAw5OqJpMhM net::ERR_ABORTED | /intelligence/bids?_rsc=DGmoGnAw5OqJpMhM net::ERR_ABORTED | /analytics?_rsc=DGmoGnAw5OqJpMhM net::ERR_ABORTED | /contracts?_rsc=DGmoGnAw5OqJpMhM net::ERR_ABORTED | /crosses?_rsc=DGmoGnAw5OqJpMhM net::ERR_ABORTED | /catalog?_rsc=DGmoGnAw5OqJpMhM net::ERR_ABORTED | /settings?_rsc=DGmoGnAw5OqJpMhM net::ERR_ABORTED | /notifications?_rsc=DGmoGnAw5OqJpMhM net::ERR_ABORTED | /requests/new?_rsc=DGmoGnAw5OqJpMhM net::ERR_ABORTED | /?_rsc=Z9EVd8HHdUwJDdIQ net::ERR_ABORTED | /requests?_rsc=Z9EVd8HHdUwJDdIQ net::ERR_ABORTED | /accounts?_rsc=Z9EVd8HHdUwJDdIQ net::ERR_ABORTED | /contracts?_rsc=Z9EVd8HHdUwJDdIQ net::ERR_ABORTED | /proposals?_rsc=Z9EVd8HHdUwJDdIQ net::ERR_ABORTED | /intelligence?_rsc=Z9EVd8HHdUwJDdIQ net::ERR_ABORTED | /intelligence/bids?_rsc=Z9EVd8HHdUwJDdIQ net::ERR_ABORTED | /analytics?_rsc=Z9EVd8HHdUwJDdIQ net::ERR_ABORTED | /catalog?_rsc=Z9EVd8HHdUwJDdIQ net::ERR_ABORTED | /catalog/gudid?_rsc=Z9EVd8HHdUwJDdIQ net::ERR_ABORTED | /crosses?_rsc=Z9EVd8HHdUwJDdIQ net::ERR_ABORTED | /notifications?_rsc=Z9EVd8HHdUwJDdIQ net::ERR_ABORTED | /requests/new?_rsc=Z9EVd8HHdUwJDdIQ net::ERR_ABORTED | /settings?_rsc=Z9EVd8HHdUwJDdIQ net::ERR_ABORTED","","0","0","0","New request ; Switch user ; Import from GUDID"
"PRICING_ANALYST","/crosses","/crosses","200","Crosswalk","","","0","/?_rsc=zAn-vlYtEcVbUMJ6 net::ERR_ABORTED | /requests?_rsc=zAn-vlYtEcVbUMJ6 net::ERR_ABORTED | /proposals?_rsc=zAn-vlYtEcVbUMJ6 net::ERR_ABORTED | /accounts?_rsc=zAn-vlYtEcVbUMJ6 net::ERR_ABORTED | /contracts?_rsc=zAn-vlYtEcVbUMJ6 net::ERR_ABORTED | /intelligence?_rsc=zAn-vlYtEcVbUMJ6 net::ERR_ABORTED | /intelligence/bids?_rsc=zAn-vlYtEcVbUMJ6 net::ERR_ABORTED | /analytics?_rsc=zAn-vlYtEcVbUMJ6 net::ERR_ABORTED | /catalog?_rsc=zAn-vlYtEcVbUMJ6 net::ERR_ABORTED | /catalog/gudid?_rsc=zAn-vlYtEcVbUMJ6 net::ERR_ABORTED | /settings?_rsc=zAn-vlYtEcVbUMJ6 net::ERR_ABORTED | /notifications?_rsc=zAn-vlYtEcVbUMJ6 net::ERR_ABORTED | /requests/new?_rsc=zAn-vlYtEcVbUMJ6 net::ERR_ABORTED | /intelligence/bids?_rsc=aniPmKjMQR6zCALO net::ERR_ABORTED | /intelligence?_rsc=aniPmKjMQR6zCALO net::ERR_ABORTED | /accounts?_rsc=aniPmKjMQR6zCALO net::ERR_ABORTED | /contracts?_rsc=aniPmKjMQR6zCALO net::ERR_ABORTED | /analytics?_rsc=aniPmKjMQR6zCALO net::ERR_ABORTED | /catalog?_rsc=aniPmKjMQR6zCALO net::ERR_ABORTED | /catalog/gudid?_rsc=aniPmKjMQR6zCALO net::ERR_ABORTED | /crosses?_rsc=aniPmKjMQR6zCALO net::ERR_ABORTED | /settings?_rsc=aniPmKjMQR6zCALO net::ERR_ABORTED | /notifications?_rsc=aniPmKjMQR6zCALO net::ERR_ABORTED | /requests/new?_rsc=aniPmKjMQR6zCALO net::ERR_ABORTED","","0","0","0","New request ; Switch user"
"PRICING_ANALYST","/notifications","/notifications","200","Notifications","","","0","/?_rsc=oG-rbVP81bj5yHs2 net::ERR_ABORTED | /requests?_rsc=oG-rbVP81bj5yHs2 net::ERR_ABORTED | /proposals?_rsc=oG-rbVP81bj5yHs2 net::ERR_ABORTED | /accounts?_rsc=oG-rbVP81bj5yHs2 net::ERR_ABORTED | /intelligence?_rsc=oG-rbVP81bj5yHs2 net::ERR_ABORTED | /contracts?_rsc=oG-rbVP81bj5yHs2 net::ERR_ABORTED | /intelligence/bids?_rsc=oG-rbVP81bj5yHs2 net::ERR_ABORTED | /analytics?_rsc=oG-rbVP81bj5yHs2 net::ERR_ABORTED | /catalog?_rsc=oG-rbVP81bj5yHs2 net::ERR_ABORTED | /requests/new?_rsc=oG-rbVP81bj5yHs2 net::ERR_ABORTED | /requests?_rsc=FxIb9Zh5xrkPNSW4 net::ERR_ABORTED | /proposals?_rsc=FxIb9Zh5xrkPNSW4 net::ERR_ABORTED | /accounts?_rsc=FxIb9Zh5xrkPNSW4 net::ERR_ABORTED | /analytics?_rsc=FxIb9Zh5xrkPNSW4 net::ERR_ABORTED | /settings?_rsc=FxIb9Zh5xrkPNSW4 net::ERR_ABORTED | /catalog/gudid?_rsc=FxIb9Zh5xrkPNSW4 net::ERR_ABORTED | /crosses?_rsc=FxIb9Zh5xrkPNSW4 net::ERR_ABORTED | /catalog?_rsc=FxIb9Zh5xrkPNSW4 net::ERR_ABORTED | /notifications?_rsc=FxIb9Zh5xrkPNSW4 net::ERR_ABORTED | /requests/new?_rsc=FxIb9Zh5xrkPNSW4 net::ERR_ABORTED","","0","0","0","New request ; Switch user ; Mark all read"
"PRICING_ANALYST","/settings","/settings","200","Settings","Failed to load resource: the server responded with a status of 429 (Too Many Requests) | Failed to load resource: the server responded with a status of 404 (Not Found)","","0","/?_rsc=DQxjArDrgutTG17x net::ERR_ABORTED | /requests?_rsc=DQxjArDrgutTG17x net::ERR_ABORTED | /proposals?_rsc=DQxjArDrgutTG17x net::ERR_ABORTED | /accounts?_rsc=DQxjArDrgutTG17x net::ERR_ABORTED | /contracts?_rsc=DQxjArDrgutTG17x net::ERR_ABORTED | /intelligence?_rsc=DQxjArDrgutTG17x net::ERR_ABORTED | /intelligence/bids?_rsc=DQxjArDrgutTG17x net::ERR_ABORTED | /analytics?_rsc=DQxjArDrgutTG17x net::ERR_ABORTED | /catalog?_rsc=DQxjArDrgutTG17x net::ERR_ABORTED | /crosses?_rsc=DQxjArDrgutTG17x net::ERR_ABORTED | /catalog/gudid?_rsc=DQxjArDrgutTG17x net::ERR_ABORTED | /requests/new?_rsc=DQxjArDrgutTG17x net::ERR_ABORTED | /settings/integrations?_rsc=DQxjArDrgutTG17x net::ERR_ABORTED | /settings/pricing?_rsc=DQxjArDrgutTG17x net::ERR_ABORTED | /proposals?_rsc=j-_vjoKOn8bxlRO7 net::ERR_ABORTED | /accounts?_rsc=j-_vjoKOn8bxlRO7 net::ERR_ABORTED | /contracts?_rsc=j-_vjoKOn8bxlRO7 net::ERR_ABORTED | /intelligence?_rsc=j-_vjoKOn8bxlRO7 net::ERR_ABORTED | /intelligence/bids?_rsc=j-_vjoKOn8bxlRO7 net::ERR_ABORTED | /catalog?_rsc=j-_vjoKOn8bxlRO7 net::ERR_ABORTED | /catalog/gudid?_rsc=j-_vjoKOn8bxlRO7 net::ERR_ABORTED | /crosses?_rsc=j-_vjoKOn8bxlRO7 net::ERR_ABORTED | /requests/new?_rsc=j-_vjoKOn8bxlRO7 net::ERR_ABORTED | /settings/integrations?_rsc=j-_vjoKOn8bxlRO7 net::ERR_ABORTED | /notifications?_rsc=j-_vjoKOn8bxlRO7 net::ERR_ABORTED | /settings?_rsc=j-_vjoKOn8bxlRO7 net::ERR_ABORTED | /settings/pricing?_rsc=j-_vjoKOn8bxlRO7 net::ERR_ABORTED","429 /api/auth/dev | 404 /docs/INTEGRATIONS.md?_rsc=DQxjArDrgutTG17x","0","0","0","New request ; Switch user ; Save ; Edit ; Configure integrations → ; How to connect"
"PRICING_ANALYST","/settings/integrations","/settings/integrations","200","Settings","Failed to load resource: the server responded with a status of 429 (Too Many Requests) | Failed to load resource: the server responded with a status of 404 (Not Found)","","0","/docs/INTEGRATIONS.md?_rsc=DQxjArDrgutTG17x net::ERR_ABORTED | /api/auth/dev net::ERR_ABORTED | /?_rsc=DQxjArDrgutTG17x net::ERR_ABORTED | /requests?_rsc=DQxjArDrgutTG17x net::ERR_ABORTED | /proposals?_rsc=DQxjArDrgutTG17x net::ERR_ABORTED | /accounts?_rsc=DQxjArDrgutTG17x net::ERR_ABORTED | /contracts?_rsc=DQxjArDrgutTG17x net::ERR_ABORTED | /intelligence/bids?_rsc=DQxjArDrgutTG17x net::ERR_ABORTED | /analytics?_rsc=DQxjArDrgutTG17x net::ERR_ABORTED | /catalog?_rsc=DQxjArDrgutTG17x net::ERR_ABORTED | /catalog/gudid?_rsc=DQxjArDrgutTG17x net::ERR_ABORTED | /requests/new?_rsc=DQxjArDrgutTG17x net::ERR_ABORTED | /crosses?_rsc=DQxjArDrgutTG17x net::ERR_ABORTED | /notifications?_rsc=DQxjArDrgutTG17x net::ERR_ABORTED | /settings/integrations?_rsc=DQxjArDrgutTG17x net::ERR_ABORTED | /settings/pricing?_rsc=DQxjArDrgutTG17x net::ERR_ABORTED | /proposals?_rsc=j-_vjoKOn8bxlRO7 net::ERR_ABORTED | /?_rsc=j-_vjoKOn8bxlRO7 net::ERR_ABORTED | /requests?_rsc=j-_vjoKOn8bxlRO7 net::ERR_ABORTED | /accounts?_rsc=j-_vjoKOn8bxlRO7 net::ERR_ABORTED | /contracts?_rsc=j-_vjoKOn8bxlRO7 net::ERR_ABORTED | /intelligence?_rsc=j-_vjoKOn8bxlRO7 net::ERR_ABORTED | /intelligence/bids?_rsc=j-_vjoKOn8bxlRO7 net::ERR_ABORTED | /analytics?_rsc=j-_vjoKOn8bxlRO7 net::ERR_ABORTED | /crosses?_rsc=j-_vjoKOn8bxlRO7 net::ERR_ABORTED | /settings?_rsc=j-_vjoKOn8bxlRO7 net::ERR_ABORTED | /catalog?_rsc=j-_vjoKOn8bxlRO7 net::ERR_ABORTED | /catalog/gudid?_rsc=j-_vjoKOn8bxlRO7 net::ERR_ABORTED | /settings/integrations?_rsc=j-_vjoKOn8bxlRO7 net::ERR_ABORTED | /settings/pricing?_rsc=j-_vjoKOn8bxlRO7 net::ERR_ABORTED | /requests/new?_rsc=j-_vjoKOn8bxlRO7 net::ERR_ABORTED | /notifications?_rsc=j-_vjoKOn8bxlRO7 net::ERR_ABORTED","429 /api/auth/dev | 404 /docs/INTEGRATIONS.md?_rsc=DQxjArDrgutTG17x","0","0","0","New request ; Switch user ; Save ; Edit ; Configure integrations → ; How to connect"
"PRICING_ANALYST","/settings/pricing","/settings/pricing","200","Pricing policies","Failed to load resource: the server responded with a status of 429 (Too Many Requests)","","0","/api/auth/dev net::ERR_ABORTED | /docs/INTEGRATIONS.md?_rsc=DQxjArDrgutTG17x net::ERR_ABORTED | /?_rsc=8oSST31HPn0UlEto net::ERR_ABORTED | /accounts?_rsc=8oSST31HPn0UlEto net::ERR_ABORTED | /requests?_rsc=8oSST31HPn0UlEto net::ERR_ABORTED | /proposals?_rsc=8oSST31HPn0UlEto net::ERR_ABORTED | /catalog?_rsc=8oSST31HPn0UlEto net::ERR_ABORTED | /catalog/gudid?_rsc=8oSST31HPn0UlEto net::ERR_ABORTED | /settings?_rsc=8oSST31HPn0UlEto net::ERR_ABORTED | /crosses?_rsc=8oSST31HPn0UlEto net::ERR_ABORTED | /notifications?_rsc=8oSST31HPn0UlEto net::ERR_ABORTED | /requests/new?_rsc=8oSST31HPn0UlEto net::ERR_ABORTED | /?_rsc=_Ie442TgELs3Q458 net::ERR_ABORTED | /proposals?_rsc=_Ie442TgELs3Q458 net::ERR_ABORTED | /accounts?_rsc=_Ie442TgELs3Q458 net::ERR_ABORTED | /requests?_rsc=_Ie442TgELs3Q458 net::ERR_ABORTED | /contracts?_rsc=_Ie442TgELs3Q458 net::ERR_ABORTED | /intelligence?_rsc=_Ie442TgELs3Q458 net::ERR_ABORTED | /analytics?_rsc=_Ie442TgELs3Q458 net::ERR_ABORTED | /intelligence/bids?_rsc=_Ie442TgELs3Q458 net::ERR_ABORTED | /catalog/gudid?_rsc=_Ie442TgELs3Q458 net::ERR_ABORTED | /crosses?_rsc=_Ie442TgELs3Q458 net::ERR_ABORTED | /catalog?_rsc=_Ie442TgELs3Q458 net::ERR_ABORTED | /settings?_rsc=_Ie442TgELs3Q458 net::ERR_ABORTED","429 /api/auth/dev","0","0","0","New request ; Switch user ; New draft ; New version"
"PRICING_DIRECTOR","/","/","200","Competitive cross reference","","","0","/proposals?_rsc=5CB68i4pnAekjehf net::ERR_ABORTED | /approvals?_rsc=5CB68i4pnAekjehf net::ERR_ABORTED | /accounts?_rsc=5CB68i4pnAekjehf net::ERR_ABORTED | /requests?_rsc=5CB68i4pnAekjehf net::ERR_ABORTED | /analytics?_rsc=5CB68i4pnAekjehf net::ERR_ABORTED | /contracts?_rsc=5CB68i4pnAekjehf net::ERR_ABORTED | /intelligence?_rsc=5CB68i4pnAekjehf net::ERR_ABORTED | /intelligence/bids?_rsc=5CB68i4pnAekjehf net::ERR_ABORTED | /catalog?_rsc=5CB68i4pnAekjehf net::ERR_ABORTED | /settings?_rsc=5CB68i4pnAekjehf net::ERR_ABORTED | /catalog/gudid?_rsc=5CB68i4pnAekjehf net::ERR_ABORTED | /crosses?_rsc=5CB68i4pnAekjehf net::ERR_ABORTED | /notifications?_rsc=5CB68i4pnAekjehf net::ERR_ABORTED | /requests/new?_rsc=5CB68i4pnAekjehf net::ERR_ABORTED | /?_rsc=tXyZJ52UQVBCVsD3 net::ERR_ABORTED | /requests?_rsc=tXyZJ52UQVBCVsD3 net::ERR_ABORTED | /proposals?_rsc=tXyZJ52UQVBCVsD3 net::ERR_ABORTED | /contracts?_rsc=tXyZJ52UQVBCVsD3 net::ERR_ABORTED | /approvals?_rsc=tXyZJ52UQVBCVsD3 net::ERR_ABORTED | /accounts?_rsc=tXyZJ52UQVBCVsD3 net::ERR_ABORTED | /intelligence?_rsc=tXyZJ52UQVBCVsD3 net::ERR_ABORTED | /intelligence/bids?_rsc=tXyZJ52UQVBCVsD3 net::ERR_ABORTED | /analytics?_rsc=tXyZJ52UQVBCVsD3 net::ERR_ABORTED | /catalog?_rsc=tXyZJ52UQVBCVsD3 net::ERR_ABORTED | /catalog/gudid?_rsc=tXyZJ52UQVBCVsD3 net::ERR_ABORTED | /crosses?_rsc=tXyZJ52UQVBCVsD3 net::ERR_ABORTED | /notifications?_rsc=tXyZJ52UQVBCVsD3 net::ERR_ABORTED | /requests/new?_rsc=tXyZJ52UQVBCVsD3 net::ERR_ABORTED | /settings?_rsc=tXyZJ52UQVBCVsD3 net::ERR_ABORTED","","0","0","0","New request ; Switch user"
"PRICING_DIRECTOR","/requests","/requests","200","Cross-reference requests","","","0","/proposals?_rsc=p3Q57VochOqcQNsg net::ERR_ABORTED | /approvals?_rsc=p3Q57VochOqcQNsg net::ERR_ABORTED | /contracts?_rsc=p3Q57VochOqcQNsg net::ERR_ABORTED | /intelligence?_rsc=p3Q57VochOqcQNsg net::ERR_ABORTED | /intelligence/bids?_rsc=p3Q57VochOqcQNsg net::ERR_ABORTED | /analytics?_rsc=p3Q57VochOqcQNsg net::ERR_ABORTED | /catalog?_rsc=p3Q57VochOqcQNsg net::ERR_ABORTED | /catalog/gudid?_rsc=p3Q57VochOqcQNsg net::ERR_ABORTED | /crosses?_rsc=p3Q57VochOqcQNsg net::ERR_ABORTED | /settings?_rsc=p3Q57VochOqcQNsg net::ERR_ABORTED | /notifications?_rsc=p3Q57VochOqcQNsg net::ERR_ABORTED | /requests/new?_rsc=p3Q57VochOqcQNsg net::ERR_ABORTED | /?_rsc=nIzLgF1M7nWxnHlV net::ERR_ABORTED | /requests?_rsc=nIzLgF1M7nWxnHlV net::ERR_ABORTED | /proposals?_rsc=nIzLgF1M7nWxnHlV net::ERR_ABORTED | /intelligence?_rsc=nIzLgF1M7nWxnHlV net::ERR_ABORTED | /approvals?_rsc=nIzLgF1M7nWxnHlV net::ERR_ABORTED | /accounts?_rsc=nIzLgF1M7nWxnHlV net::ERR_ABORTED | /contracts?_rsc=nIzLgF1M7nWxnHlV net::ERR_ABORTED | /intelligence/bids?_rsc=nIzLgF1M7nWxnHlV net::ERR_ABORTED | /catalog?_rsc=nIzLgF1M7nWxnHlV net::ERR_ABORTED | /catalog/gudid?_rsc=nIzLgF1M7nWxnHlV net::ERR_ABORTED | /analytics?_rsc=nIzLgF1M7nWxnHlV net::ERR_ABORTED | /crosses?_rsc=nIzLgF1M7nWxnHlV net::ERR_ABORTED | /notifications?_rsc=nIzLgF1M7nWxnHlV net::ERR_ABORTED | /requests/new?_rsc=nIzLgF1M7nWxnHlV net::ERR_ABORTED | /settings?_rsc=nIzLgF1M7nWxnHlV net::ERR_ABORTED","","0","0","0","New request ; Switch user"
"PRICING_DIRECTOR","/requests/new","/requests/new","200","Competitive cross reference","","","0","/?_rsc=4belA-F-xg-XtLdx net::ERR_ABORTED | /requests?_rsc=4belA-F-xg-XtLdx net::ERR_ABORTED | /accounts?_rsc=4belA-F-xg-XtLdx net::ERR_ABORTED | /contracts?_rsc=4belA-F-xg-XtLdx net::ERR_ABORTED | /intelligence?_rsc=4belA-F-xg-XtLdx net::ERR_ABORTED | /catalog/gudid?_rsc=4belA-F-xg-XtLdx net::ERR_ABORTED | /crosses?_rsc=4belA-F-xg-XtLdx net::ERR_ABORTED | /settings?_rsc=4belA-F-xg-XtLdx net::ERR_ABORTED | /notifications?_rsc=4belA-F-xg-XtLdx net::ERR_ABORTED | /approvals?_rsc=O1p93FFpSnNce0k4 net::ERR_ABORTED | /requests?_rsc=O1p93FFpSnNce0k4 net::ERR_ABORTED | /proposals?_rsc=O1p93FFpSnNce0k4 net::ERR_ABORTED | /?_rsc=O1p93FFpSnNce0k4 net::ERR_ABORTED | /accounts?_rsc=O1p93FFpSnNce0k4 net::ERR_ABORTED | /contracts?_rsc=O1p93FFpSnNce0k4 net::ERR_ABORTED | /intelligence?_rsc=O1p93FFpSnNce0k4 net::ERR_ABORTED | /analytics?_rsc=O1p93FFpSnNce0k4 net::ERR_ABORTED | /catalog?_rsc=O1p93FFpSnNce0k4 net::ERR_ABORTED | /crosses?_rsc=O1p93FFpSnNce0k4 net::ERR_ABORTED | /catalog/gudid?_rsc=O1p93FFpSnNce0k4 net::ERR_ABORTED | /requests/new?_rsc=O1p93FFpSnNce0k4 net::ERR_ABORTED | /notifications?_rsc=O1p93FFpSnNce0k4 net::ERR_ABORTED | /settings?_rsc=O1p93FFpSnNce0k4 net::ERR_ABORTED","","0","0","0","New request ; Switch user ; Google Sheets link ; Upload .xlsx / .csv ; Paste from a sheet ; Read sheet ; Continue request"
"PRICING_DIRECTOR","/requests/[id]","/requests/null","200","","Failed to load resource: the server responded with a status of 404 (Not Found)","","0","/?_rsc=76SvvV1TLjtpHtqe net::ERR_ABORTED | /requests?_rsc=76SvvV1TLjtpHtqe net::ERR_ABORTED | /proposals?_rsc=76SvvV1TLjtpHtqe net::ERR_ABORTED | /approvals?_rsc=76SvvV1TLjtpHtqe net::ERR_ABORTED | /accounts?_rsc=76SvvV1TLjtpHtqe net::ERR_ABORTED | /contracts?_rsc=76SvvV1TLjtpHtqe net::ERR_ABORTED | /intelligence?_rsc=76SvvV1TLjtpHtqe net::ERR_ABORTED | /intelligence/bids?_rsc=76SvvV1TLjtpHtqe net::ERR_ABORTED | /catalog?_rsc=76SvvV1TLjtpHtqe net::ERR_ABORTED | /catalog/gudid?_rsc=76SvvV1TLjtpHtqe net::ERR_ABORTED | /crosses?_rsc=76SvvV1TLjtpHtqe net::ERR_ABORTED | /analytics?_rsc=76SvvV1TLjtpHtqe net::ERR_ABORTED | /settings?_rsc=76SvvV1TLjtpHtqe net::ERR_ABORTED | /notifications?_rsc=76SvvV1TLjtpHtqe net::ERR_ABORTED | /requests/new?_rsc=76SvvV1TLjtpHtqe net::ERR_ABORTED | /approvals?_rsc=eoRKZgXY26fq4Ulk net::ERR_ABORTED | /requests?_rsc=eoRKZgXY26fq4Ulk net::ERR_ABORTED | /proposals?_rsc=eoRKZgXY26fq4Ulk net::ERR_ABORTED | /?_rsc=eoRKZgXY26fq4Ulk net::ERR_ABORTED | /accounts?_rsc=eoRKZgXY26fq4Ulk net::ERR_ABORTED | /contracts?_rsc=eoRKZgXY26fq4Ulk net::ERR_ABORTED | /intelligence?_rsc=eoRKZgXY26fq4Ulk net::ERR_ABORTED | /intelligence/bids?_rsc=eoRKZgXY26fq4Ulk net::ERR_ABORTED | /analytics?_rsc=eoRKZgXY26fq4Ulk net::ERR_ABORTED | /settings?_rsc=eoRKZgXY26fq4Ulk net::ERR_ABORTED | /requests/new?_rsc=eoRKZgXY26fq4Ulk net::ERR_ABORTED | /notifications?_rsc=eoRKZgXY26fq4Ulk net::ERR_ABORTED","404 /api/requests/null","0","0","0","New request ; Switch user"
"PRICING_DIRECTOR","/proposals","/proposals","200","Commercial proposals","","","0","/api/requests/null net::ERR_ABORTED | /?_rsc=8qZH60WsiyOTuseO net::ERR_ABORTED | /requests?_rsc=8qZH60WsiyOTuseO net::ERR_ABORTED | /approvals?_rsc=8qZH60WsiyOTuseO net::ERR_ABORTED | /accounts?_rsc=8qZH60WsiyOTuseO net::ERR_ABORTED | /analytics?_rsc=8qZH60WsiyOTuseO net::ERR_ABORTED | /contracts?_rsc=8qZH60WsiyOTuseO net::ERR_ABORTED | /intelligence?_rsc=8qZH60WsiyOTuseO net::ERR_ABORTED | /intelligence/bids?_rsc=8qZH60WsiyOTuseO net::ERR_ABORTED | /catalog/gudid?_rsc=8qZH60WsiyOTuseO net::ERR_ABORTED | /crosses?_rsc=8qZH60WsiyOTuseO net::ERR_ABORTED | /settings?_rsc=8qZH60WsiyOTuseO net::ERR_ABORTED | /catalog?_rsc=8qZH60WsiyOTuseO net::ERR_ABORTED | /notifications?_rsc=8qZH60WsiyOTuseO net::ERR_ABORTED | /requests/new?_rsc=8qZH60WsiyOTuseO net::ERR_ABORTED | /?_rsc=yDw8cg_cK2Tq2IDS net::ERR_ABORTED | /requests?_rsc=yDw8cg_cK2Tq2IDS net::ERR_ABORTED | /contracts?_rsc=yDw8cg_cK2Tq2IDS net::ERR_ABORTED | /proposals?_rsc=yDw8cg_cK2Tq2IDS net::ERR_ABORTED | /approvals?_rsc=yDw8cg_cK2Tq2IDS net::ERR_ABORTED | /accounts?_rsc=yDw8cg_cK2Tq2IDS net::ERR_ABORTED | /intelligence/bids?_rsc=yDw8cg_cK2Tq2IDS net::ERR_ABORTED | /analytics?_rsc=yDw8cg_cK2Tq2IDS net::ERR_ABORTED | /intelligence?_rsc=yDw8cg_cK2Tq2IDS net::ERR_ABORTED | /catalog?_rsc=yDw8cg_cK2Tq2IDS net::ERR_ABORTED | /catalog/gudid?_rsc=yDw8cg_cK2Tq2IDS net::ERR_ABORTED | /crosses?_rsc=yDw8cg_cK2Tq2IDS net::ERR_ABORTED | /settings?_rsc=yDw8cg_cK2Tq2IDS net::ERR_ABORTED | /requests/new?_rsc=yDw8cg_cK2Tq2IDS net::ERR_ABORTED | /notifications?_rsc=yDw8cg_cK2Tq2IDS net::ERR_ABORTED","","0","0","0","New request ; Switch user"
"PRICING_DIRECTOR","/proposals/[id]","/proposals/null","200","","Failed to load resource: the server responded with a status of 404 (Not Found)","","0","/?_rsc=VreOGdJHuaZwqD3- net::ERR_ABORTED | /requests?_rsc=VreOGdJHuaZwqD3- net::ERR_ABORTED | /proposals?_rsc=VreOGdJHuaZwqD3- net::ERR_ABORTED | /approvals?_rsc=VreOGdJHuaZwqD3- net::ERR_ABORTED | /accounts?_rsc=VreOGdJHuaZwqD3- net::ERR_ABORTED | /contracts?_rsc=VreOGdJHuaZwqD3- net::ERR_ABORTED | /intelligence?_rsc=VreOGdJHuaZwqD3- net::ERR_ABORTED | /intelligence/bids?_rsc=VreOGdJHuaZwqD3- net::ERR_ABORTED | /analytics?_rsc=VreOGdJHuaZwqD3- net::ERR_ABORTED | /catalog?_rsc=VreOGdJHuaZwqD3- net::ERR_ABORTED | /catalog/gudid?_rsc=VreOGdJHuaZwqD3- net::ERR_ABORTED | /crosses?_rsc=VreOGdJHuaZwqD3- net::ERR_ABORTED | /requests/new?_rsc=VreOGdJHuaZwqD3- net::ERR_ABORTED | /settings?_rsc=VreOGdJHuaZwqD3- net::ERR_ABORTED | /notifications?_rsc=VreOGdJHuaZwqD3- net::ERR_ABORTED | /?_rsc=hzu8hJFrzSYjsRgK net::ERR_ABORTED | /requests?_rsc=hzu8hJFrzSYjsRgK net::ERR_ABORTED | /proposals?_rsc=hzu8hJFrzSYjsRgK net::ERR_ABORTED | /approvals?_rsc=hzu8hJFrzSYjsRgK net::ERR_ABORTED | /accounts?_rsc=hzu8hJFrzSYjsRgK net::ERR_ABORTED | /analytics?_rsc=hzu8hJFrzSYjsRgK net::ERR_ABORTED | /intelligence?_rsc=hzu8hJFrzSYjsRgK net::ERR_ABORTED | /intelligence/bids?_rsc=hzu8hJFrzSYjsRgK net::ERR_ABORTED | /contracts?_rsc=hzu8hJFrzSYjsRgK net::ERR_ABORTED | /catalog?_rsc=hzu8hJFrzSYjsRgK net::ERR_ABORTED | /catalog/gudid?_rsc=hzu8hJFrzSYjsRgK net::ERR_ABORTED | /crosses?_rsc=hzu8hJFrzSYjsRgK net::ERR_ABORTED | /settings?_rsc=hzu8hJFrzSYjsRgK net::ERR_ABORTED | /notifications?_rsc=hzu8hJFrzSYjsRgK net::ERR_ABORTED | /requests/new?_rsc=hzu8hJFrzSYjsRgK net::ERR_ABORTED","404 /api/proposals/null","0","0","0","New request ; Switch user"
"PRICING_DIRECTOR","/approvals","/approvals","200","Pricing approvals","","","0","/?_rsc=Ut9iRRX_9PZKRdF- net::ERR_ABORTED | /requests?_rsc=Ut9iRRX_9PZKRdF- net::ERR_ABORTED | /proposals?_rsc=Ut9iRRX_9PZKRdF- net::ERR_ABORTED | /accounts?_rsc=Ut9iRRX_9PZKRdF- net::ERR_ABORTED | /contracts?_rsc=Ut9iRRX_9PZKRdF- net::ERR_ABORTED | /intelligence?_rsc=Ut9iRRX_9PZKRdF- net::ERR_ABORTED | /catalog?_rsc=Ut9iRRX_9PZKRdF- net::ERR_ABORTED | /intelligence/bids?_rsc=Ut9iRRX_9PZKRdF- net::ERR_ABORTED | /analytics?_rsc=Ut9iRRX_9PZKRdF- net::ERR_ABORTED | /catalog/gudid?_rsc=Ut9iRRX_9PZKRdF- net::ERR_ABORTED | /notifications?_rsc=Ut9iRRX_9PZKRdF- net::ERR_ABORTED | /crosses?_rsc=Ut9iRRX_9PZKRdF- net::ERR_ABORTED | /settings?_rsc=Ut9iRRX_9PZKRdF- net::ERR_ABORTED | /proposals?_rsc=AU6DTT46DVXZ7jWj net::ERR_ABORTED | /requests/new?_rsc=Ut9iRRX_9PZKRdF- net::ERR_ABORTED | /?_rsc=AU6DTT46DVXZ7jWj net::ERR_ABORTED | /requests?_rsc=AU6DTT46DVXZ7jWj net::ERR_ABORTED | /accounts?_rsc=AU6DTT46DVXZ7jWj net::ERR_ABORTED | /approvals?_rsc=AU6DTT46DVXZ7jWj net::ERR_ABORTED | /contracts?_rsc=AU6DTT46DVXZ7jWj net::ERR_ABORTED | /intelligence?_rsc=AU6DTT46DVXZ7jWj net::ERR_ABORTED | /analytics?_rsc=AU6DTT46DVXZ7jWj net::ERR_ABORTED | /catalog?_rsc=AU6DTT46DVXZ7jWj net::ERR_ABORTED | /intelligence/bids?_rsc=AU6DTT46DVXZ7jWj net::ERR_ABORTED | /catalog/gudid?_rsc=AU6DTT46DVXZ7jWj net::ERR_ABORTED | /notifications?_rsc=AU6DTT46DVXZ7jWj net::ERR_ABORTED | /settings?_rsc=AU6DTT46DVXZ7jWj net::ERR_ABORTED | /crosses?_rsc=AU6DTT46DVXZ7jWj net::ERR_ABORTED | /requests/new?_rsc=AU6DTT46DVXZ7jWj net::ERR_ABORTED","","0","0","0","New request ; Switch user ; Delegate my approvals"
"PRICING_DIRECTOR","/accounts","/accounts","200","Accounts & GPO membership","","","0","/proposals?_rsc=iZGmHDWBA-6V7KTQ net::ERR_ABORTED | /approvals?_rsc=iZGmHDWBA-6V7KTQ net::ERR_ABORTED | /?_rsc=iZGmHDWBA-6V7KTQ net::ERR_ABORTED | /requests?_rsc=iZGmHDWBA-6V7KTQ net::ERR_ABORTED | /contracts?_rsc=iZGmHDWBA-6V7KTQ net::ERR_ABORTED | /intelligence?_rsc=iZGmHDWBA-6V7KTQ net::ERR_ABORTED | /analytics?_rsc=iZGmHDWBA-6V7KTQ net::ERR_ABORTED | /settings?_rsc=iZGmHDWBA-6V7KTQ net::ERR_ABORTED | /catalog?_rsc=iZGmHDWBA-6V7KTQ net::ERR_ABORTED | /catalog/gudid?_rsc=iZGmHDWBA-6V7KTQ net::ERR_ABORTED | /crosses?_rsc=iZGmHDWBA-6V7KTQ net::ERR_ABORTED | /accounts/cmuf6hihm02rkks7drm31yuur?_rsc=iZGmHDWBA-6V7KTQ net::ERR_ABORTED | /notifications?_rsc=iZGmHDWBA-6V7KTQ net::ERR_ABORTED | /requests/new?_rsc=iZGmHDWBA-6V7KTQ net::ERR_ABORTED | /accounts/cmuf6hiho02rlks7d2xz6w5ev?_rsc=iZGmHDWBA-6V7KTQ net::ERR_ABORTED | /?_rsc=oRxEn_R9e10JER3Z net::ERR_ABORTED | /requests?_rsc=oRxEn_R9e10JER3Z net::ERR_ABORTED | /approvals?_rsc=oRxEn_R9e10JER3Z net::ERR_ABORTED | /proposals?_rsc=oRxEn_R9e10JER3Z net::ERR_ABORTED | /intelligence/bids?_rsc=oRxEn_R9e10JER3Z net::ERR_ABORTED | /accounts?_rsc=oRxEn_R9e10JER3Z net::ERR_ABORTED | /intelligence?_rsc=oRxEn_R9e10JER3Z net::ERR_ABORTED | /contracts?_rsc=oRxEn_R9e10JER3Z net::ERR_ABORTED | /crosses?_rsc=oRxEn_R9e10JER3Z net::ERR_ABORTED | /analytics?_rsc=oRxEn_R9e10JER3Z net::ERR_ABORTED | /catalog?_rsc=oRxEn_R9e10JER3Z net::ERR_ABORTED | /catalog/gudid?_rsc=oRxEn_R9e10JER3Z net::ERR_ABORTED | /accounts/cmuf6hihm02rkks7drm31yuur?_rsc=oRxEn_R9e10JER3Z net::ERR_ABORTED | /settings?_rsc=oRxEn_R9e10JER3Z net::ERR_ABORTED | /requests/new?_rsc=oRxEn_R9e10JER3Z net::ERR_ABORTED | /notifications?_rsc=oRxEn_R9e10JER3Z net::ERR_ABORTED | /accounts/cmuf6hiho02rlks7d2xz6w5ev?_rsc=oRxEn_R9e10JER3Z net::ERR_ABORTED | /accounts/cmuf6hihq02rmks7did2qxong?_rsc=oRxEn_R9e10JER3Z net::ERR_ABORTED | /accounts/cmuf6hihk02rjks7dyamo9w2u?_rsc=oRxEn_R9e10JER3Z net::ERR_ABORTED | /accounts/cmuf6hihh02riks7dkuig0cbl?_rsc=oRxEn_R9e10JER3Z net::ERR_ABORTED","","0","0","0","New request ; Switch user"
"PRICING_DIRECTOR","/accounts/[id]","/accounts/cmuf6hihm02rkks7drm31yuur","200","Hospital A — Mount Vernon General","","","0","/?_rsc=pYoAThzR_ryjq0MS net::ERR_ABORTED | /approvals?_rsc=pYoAThzR_ryjq0MS net::ERR_ABORTED | /requests?_rsc=pYoAThzR_ryjq0MS net::ERR_ABORTED | /proposals?_rsc=pYoAThzR_ryjq0MS net::ERR_ABORTED | /intelligence?_rsc=pYoAThzR_ryjq0MS net::ERR_ABORTED | /accounts?_rsc=pYoAThzR_ryjq0MS net::ERR_ABORTED | /contracts?_rsc=pYoAThzR_ryjq0MS net::ERR_ABORTED | /intelligence/bids?_rsc=pYoAThzR_ryjq0MS net::ERR_ABORTED | /crosses?_rsc=pYoAThzR_ryjq0MS net::ERR_ABORTED | /analytics?_rsc=pYoAThzR_ryjq0MS net::ERR_ABORTED | /catalog/gudid?_rsc=pYoAThzR_ryjq0MS net::ERR_ABORTED | /catalog?_rsc=pYoAThzR_ryjq0MS net::ERR_ABORTED | /settings?_rsc=pYoAThzR_ryjq0MS net::ERR_ABORTED | /notifications?_rsc=pYoAThzR_ryjq0MS net::ERR_ABORTED | /requests/new?_rsc=pYoAThzR_ryjq0MS net::ERR_ABORTED | /contracts/cmuf6himl02swks7dif6nb96r?_rsc=pYoAThzR_ryjq0MS net::ERR_ABORTED | /?_rsc=gRQ4rCW2m6dkjkis net::ERR_ABORTED | /requests?_rsc=gRQ4rCW2m6dkjkis net::ERR_ABORTED | /proposals?_rsc=gRQ4rCW2m6dkjkis net::ERR_ABORTED | /approvals?_rsc=gRQ4rCW2m6dkjkis net::ERR_ABORTED | /accounts?_rsc=gRQ4rCW2m6dkjkis net::ERR_ABORTED | /contracts?_rsc=gRQ4rCW2m6dkjkis net::ERR_ABORTED | /intelligence?_rsc=gRQ4rCW2m6dkjkis net::ERR_ABORTED | /intelligence/bids?_rsc=gRQ4rCW2m6dkjkis net::ERR_ABORTED | /crosses?_rsc=gRQ4rCW2m6dkjkis net::ERR_ABORTED | /catalog?_rsc=gRQ4rCW2m6dkjkis net::ERR_ABORTED | /catalog/gudid?_rsc=gRQ4rCW2m6dkjkis net::ERR_ABORTED | /analytics?_rsc=gRQ4rCW2m6dkjkis net::ERR_ABORTED | /settings?_rsc=gRQ4rCW2m6dkjkis net::ERR_ABORTED | /notifications?_rsc=gRQ4rCW2m6dkjkis net::ERR_ABORTED | /requests/new?_rsc=gRQ4rCW2m6dkjkis net::ERR_ABORTED | /contracts/cmuf6himl02swks7dif6nb96r?_rsc=gRQ4rCW2m6dkjkis net::ERR_ABORTED","","0","1","0","New request ; Switch user"
"PRICING_DIRECTOR","/contracts","/contracts","200","Contracts & price context","","","0","/?_rsc=DzmfcRRfJeItXkgz net::ERR_ABORTED | /requests?_rsc=DzmfcRRfJeItXkgz net::ERR_ABORTED | /proposals?_rsc=DzmfcRRfJeItXkgz net::ERR_ABORTED | /approvals?_rsc=DzmfcRRfJeItXkgz net::ERR_ABORTED | /accounts?_rsc=DzmfcRRfJeItXkgz net::ERR_ABORTED | /intelligence?_rsc=DzmfcRRfJeItXkgz net::ERR_ABORTED | /intelligence/bids?_rsc=DzmfcRRfJeItXkgz net::ERR_ABORTED | /analytics?_rsc=DzmfcRRfJeItXkgz net::ERR_ABORTED | /catalog?_rsc=DzmfcRRfJeItXkgz net::ERR_ABORTED | /catalog/gudid?_rsc=DzmfcRRfJeItXkgz net::ERR_ABORTED | /crosses?_rsc=DzmfcRRfJeItXkgz net::ERR_ABORTED | /settings?_rsc=DzmfcRRfJeItXkgz net::ERR_ABORTED | /notifications?_rsc=DzmfcRRfJeItXkgz net::ERR_ABORTED | /requests/new?_rsc=DzmfcRRfJeItXkgz net::ERR_ABORTED | /contracts/cmuf6himu02sxks7dkgml1rr2?_rsc=DzmfcRRfJeItXkgz net::ERR_ABORTED | /contracts/cmuf6himl02swks7dif6nb96r?_rsc=DzmfcRRfJeItXkgz net::ERR_ABORTED | /?_rsc=2Ju2sngZl13OvaTN net::ERR_ABORTED | /requests?_rsc=2Ju2sngZl13OvaTN net::ERR_ABORTED | /proposals?_rsc=2Ju2sngZl13OvaTN net::ERR_ABORTED | /approvals?_rsc=2Ju2sngZl13OvaTN net::ERR_ABORTED | /accounts?_rsc=2Ju2sngZl13OvaTN net::ERR_ABORTED | /contracts?_rsc=2Ju2sngZl13OvaTN net::ERR_ABORTED | /intelligence?_rsc=2Ju2sngZl13OvaTN net::ERR_ABORTED | /analytics?_rsc=2Ju2sngZl13OvaTN net::ERR_ABORTED | /catalog?_rsc=2Ju2sngZl13OvaTN net::ERR_ABORTED | /catalog/gudid?_rsc=2Ju2sngZl13OvaTN net::ERR_ABORTED | /crosses?_rsc=2Ju2sngZl13OvaTN net::ERR_ABORTED | /settings?_rsc=2Ju2sngZl13OvaTN net::ERR_ABORTED | /requests/new?_rsc=2Ju2sngZl13OvaTN net::ERR_ABORTED | /contracts/cmuf6himu02sxks7dkgml1rr2?_rsc=2Ju2sngZl13OvaTN net::ERR_ABORTED | /contracts/cmuf6himl02swks7dif6nb96r?_rsc=2Ju2sngZl13OvaTN net::ERR_ABORTED","","0","1","0","New request ; Switch user ; New contract"
"PRICING_DIRECTOR","/contracts/[id]","/contracts/cmuf6himu02sxks7dkgml1rr2","200","MSK-LOCAL-2026 · MSK local mesh agreement","","","0","/accounts/cmuf6hihk02rjks7dyamo9w2u?_rsc=TQOCHQXESAyQ3VEl net::ERR_ABORTED | /accounts?_rsc=TQOCHQXESAyQ3VEl net::ERR_ABORTED | /contracts?_rsc=TQOCHQXESAyQ3VEl net::ERR_ABORTED | /intelligence?_rsc=TQOCHQXESAyQ3VEl net::ERR_ABORTED | /catalog?_rsc=TQOCHQXESAyQ3VEl net::ERR_ABORTED | /catalog/gudid?_rsc=TQOCHQXESAyQ3VEl net::ERR_ABORTED | /intelligence/bids?_rsc=TQOCHQXESAyQ3VEl net::ERR_ABORTED | /analytics?_rsc=TQOCHQXESAyQ3VEl net::ERR_ABORTED | /settings?_rsc=TQOCHQXESAyQ3VEl net::ERR_ABORTED | /notifications?_rsc=TQOCHQXESAyQ3VEl net::ERR_ABORTED | /requests/new?_rsc=TQOCHQXESAyQ3VEl net::ERR_ABORTED | /crosses?_rsc=TQOCHQXESAyQ3VEl net::ERR_ABORTED | /accounts/cmuf6hihk02rjks7dyamo9w2u?_rsc=12web-rdU3k9vLaG net::ERR_ABORTED | /?_rsc=12web-rdU3k9vLaG net::ERR_ABORTED | /requests?_rsc=12web-rdU3k9vLaG net::ERR_ABORTED | /proposals?_rsc=12web-rdU3k9vLaG net::ERR_ABORTED | /approvals?_rsc=12web-rdU3k9vLaG net::ERR_ABORTED | /accounts?_rsc=12web-rdU3k9vLaG net::ERR_ABORTED | /contracts?_rsc=12web-rdU3k9vLaG net::ERR_ABORTED | /intelligence?_rsc=12web-rdU3k9vLaG net::ERR_ABORTED | /intelligence/bids?_rsc=12web-rdU3k9vLaG net::ERR_ABORTED | /analytics?_rsc=12web-rdU3k9vLaG net::ERR_ABORTED | /catalog?_rsc=12web-rdU3k9vLaG net::ERR_ABORTED | /catalog/gudid?_rsc=12web-rdU3k9vLaG net::ERR_ABORTED | /crosses?_rsc=12web-rdU3k9vLaG net::ERR_ABORTED | /settings?_rsc=12web-rdU3k9vLaG net::ERR_ABORTED | /notifications?_rsc=12web-rdU3k9vLaG net::ERR_ABORTED | /requests/new?_rsc=12web-rdU3k9vLaG net::ERR_ABORTED","","0","1","0","New request ; Switch user ; Refresh performance ; Terminate ; Save entries"
"PRICING_DIRECTOR","/intelligence","/intelligence","200","Competitor pricing","","","0","/?_rsc=3fD0047dUoUPXvG2 net::ERR_ABORTED | /requests?_rsc=3fD0047dUoUPXvG2 net::ERR_ABORTED | /proposals?_rsc=3fD0047dUoUPXvG2 net::ERR_ABORTED | /approvals?_rsc=3fD0047dUoUPXvG2 net::ERR_ABORTED | /accounts?_rsc=3fD0047dUoUPXvG2 net::ERR_ABORTED | /contracts?_rsc=3fD0047dUoUPXvG2 net::ERR_ABORTED | /intelligence/bids?_rsc=3fD0047dUoUPXvG2 net::ERR_ABORTED | /analytics?_rsc=3fD0047dUoUPXvG2 net::ERR_ABORTED | /catalog?_rsc=3fD0047dUoUPXvG2 net::ERR_ABORTED | /catalog/gudid?_rsc=3fD0047dUoUPXvG2 net::ERR_ABORTED | /crosses?_rsc=3fD0047dUoUPXvG2 net::ERR_ABORTED | /settings?_rsc=3fD0047dUoUPXvG2 net::ERR_ABORTED | /notifications?_rsc=3fD0047dUoUPXvG2 net::ERR_ABORTED | /requests/new?_rsc=3fD0047dUoUPXvG2 net::ERR_ABORTED | /?_rsc=gu9LWiAQNzfrKsW2 net::ERR_ABORTED | /requests?_rsc=gu9LWiAQNzfrKsW2 net::ERR_ABORTED | /proposals?_rsc=gu9LWiAQNzfrKsW2 net::ERR_ABORTED | /approvals?_rsc=gu9LWiAQNzfrKsW2 net::ERR_ABORTED | /accounts?_rsc=gu9LWiAQNzfrKsW2 net::ERR_ABORTED | /contracts?_rsc=gu9LWiAQNzfrKsW2 net::ERR_ABORTED | /intelligence?_rsc=gu9LWiAQNzfrKsW2 net::ERR_ABORTED | /intelligence/bids?_rsc=gu9LWiAQNzfrKsW2 net::ERR_ABORTED | /catalog/gudid?_rsc=gu9LWiAQNzfrKsW2 net::ERR_ABORTED | /crosses?_rsc=gu9LWiAQNzfrKsW2 net::ERR_ABORTED | /settings?_rsc=gu9LWiAQNzfrKsW2 net::ERR_ABORTED | /notifications?_rsc=gu9LWiAQNzfrKsW2 net::ERR_ABORTED | /requests/new?_rsc=gu9LWiAQNzfrKsW2 net::ERR_ABORTED","","0","1","0","New request ; Switch user ; Import .xlsx / .csv ; INPUT ; Extract a document… ; Verify ; Dispute ; 1190500 ; 1410015010 ; 1DLMC03 ; 1DLMC05 ; 112680 ; 1190816 ; SPMII ; 1200710 ; 1201520 ; 113700 ; 112650 ; 112660 ; UPA31015 ; 1190820 ; 1202025 ; 1190300 ; SPMXXL ; Record"
"PRICING_DIRECTOR","/intelligence/bids","/intelligence/bids","200","Public bids and awards","","","0","/?_rsc=2gWrMJaxdn-CU2fc net::ERR_ABORTED | /requests?_rsc=2gWrMJaxdn-CU2fc net::ERR_ABORTED | /proposals?_rsc=2gWrMJaxdn-CU2fc net::ERR_ABORTED | /accounts?_rsc=2gWrMJaxdn-CU2fc net::ERR_ABORTED | /approvals?_rsc=2gWrMJaxdn-CU2fc net::ERR_ABORTED | /intelligence?_rsc=2gWrMJaxdn-CU2fc net::ERR_ABORTED | /contracts?_rsc=2gWrMJaxdn-CU2fc net::ERR_ABORTED | /analytics?_rsc=2gWrMJaxdn-CU2fc net::ERR_ABORTED | /catalog?_rsc=2gWrMJaxdn-CU2fc net::ERR_ABORTED | /catalog/gudid?_rsc=2gWrMJaxdn-CU2fc net::ERR_ABORTED | /crosses?_rsc=2gWrMJaxdn-CU2fc net::ERR_ABORTED | /settings?_rsc=2gWrMJaxdn-CU2fc net::ERR_ABORTED | /notifications?_rsc=2gWrMJaxdn-CU2fc net::ERR_ABORTED | /requests/new?_rsc=2gWrMJaxdn-CU2fc net::ERR_ABORTED | /?_rsc=W5McYxvxTMCZbYJx net::ERR_ABORTED | /requests?_rsc=W5McYxvxTMCZbYJx net::ERR_ABORTED | /proposals?_rsc=W5McYxvxTMCZbYJx net::ERR_ABORTED | /approvals?_rsc=W5McYxvxTMCZbYJx net::ERR_ABORTED | /accounts?_rsc=W5McYxvxTMCZbYJx net::ERR_ABORTED | /contracts?_rsc=W5McYxvxTMCZbYJx net::ERR_ABORTED | /intelligence?_rsc=W5McYxvxTMCZbYJx net::ERR_ABORTED | /intelligence/bids?_rsc=W5McYxvxTMCZbYJx net::ERR_ABORTED | /analytics?_rsc=W5McYxvxTMCZbYJx net::ERR_ABORTED | /catalog?_rsc=W5McYxvxTMCZbYJx net::ERR_ABORTED | /crosses?_rsc=W5McYxvxTMCZbYJx net::ERR_ABORTED | /catalog/gudid?_rsc=W5McYxvxTMCZbYJx net::ERR_ABORTED | /settings?_rsc=W5McYxvxTMCZbYJx net::ERR_ABORTED | /notifications?_rsc=W5McYxvxTMCZbYJx net::ERR_ABORTED | /requests/new?_rsc=W5McYxvxTMCZbYJx net::ERR_ABORTED","","0","0","0","New request ; Switch user ; Pull ; Save ; INPUT"
"PRICING_DIRECTOR","/intelligence/extractions/[id]","/intelligence/extractions/missing0000000000000000","200","Extraction","Failed to load resource: the server responded with a status of 404 (Not Found)","","0","/?_rsc=VJB2dfGule5Oh2L3 net::ERR_ABORTED | /requests?_rsc=VJB2dfGule5Oh2L3 net::ERR_ABORTED | /proposals?_rsc=VJB2dfGule5Oh2L3 net::ERR_ABORTED | /approvals?_rsc=VJB2dfGule5Oh2L3 net::ERR_ABORTED | /accounts?_rsc=VJB2dfGule5Oh2L3 net::ERR_ABORTED | /contracts?_rsc=VJB2dfGule5Oh2L3 net::ERR_ABORTED | /intelligence?_rsc=VJB2dfGule5Oh2L3 net::ERR_ABORTED | /intelligence/bids?_rsc=VJB2dfGule5Oh2L3 net::ERR_ABORTED | /analytics?_rsc=VJB2dfGule5Oh2L3 net::ERR_ABORTED | /catalog?_rsc=VJB2dfGule5Oh2L3 net::ERR_ABORTED | /catalog/gudid?_rsc=VJB2dfGule5Oh2L3 net::ERR_ABORTED | /crosses?_rsc=VJB2dfGule5Oh2L3 net::ERR_ABORTED | /settings?_rsc=VJB2dfGule5Oh2L3 net::ERR_ABORTED | /notifications?_rsc=VJB2dfGule5Oh2L3 net::ERR_ABORTED | /requests/new?_rsc=VJB2dfGule5Oh2L3 net::ERR_ABORTED | /requests?_rsc=wBL8jh-0AxNJNXN_ net::ERR_ABORTED | /proposals?_rsc=wBL8jh-0AxNJNXN_ net::ERR_ABORTED | /?_rsc=wBL8jh-0AxNJNXN_ net::ERR_ABORTED | /approvals?_rsc=wBL8jh-0AxNJNXN_ net::ERR_ABORTED | /accounts?_rsc=wBL8jh-0AxNJNXN_ net::ERR_ABORTED | /contracts?_rsc=wBL8jh-0AxNJNXN_ net::ERR_ABORTED | /intelligence?_rsc=wBL8jh-0AxNJNXN_ net::ERR_ABORTED | /intelligence/bids?_rsc=wBL8jh-0AxNJNXN_ net::ERR_ABORTED | /analytics?_rsc=wBL8jh-0AxNJNXN_ net::ERR_ABORTED | /catalog?_rsc=wBL8jh-0AxNJNXN_ net::ERR_ABORTED | /catalog/gudid?_rsc=wBL8jh-0AxNJNXN_ net::ERR_ABORTED | /crosses?_rsc=wBL8jh-0AxNJNXN_ net::ERR_ABORTED | /settings?_rsc=wBL8jh-0AxNJNXN_ net::ERR_ABORTED | /notifications?_rsc=wBL8jh-0AxNJNXN_ net::ERR_ABORTED | /requests/new?_rsc=wBL8jh-0AxNJNXN_ net::ERR_ABORTED","404 /api/documents/extractions/missing0000000000000000","0","0","0","New request ; Switch user"
"PRICING_DIRECTOR","/analytics","/analytics","200","Commercial feedback loop","","","0","/approvals?_rsc=ix5_aAief6TvBg04 net::ERR_ABORTED | /?_rsc=ix5_aAief6TvBg04 net::ERR_ABORTED | /requests?_rsc=ix5_aAief6TvBg04 net::ERR_ABORTED | /proposals?_rsc=ix5_aAief6TvBg04 net::ERR_ABORTED | /accounts?_rsc=ix5_aAief6TvBg04 net::ERR_ABORTED | /intelligence?_rsc=ix5_aAief6TvBg04 net::ERR_ABORTED | /intelligence/bids?_rsc=ix5_aAief6TvBg04 net::ERR_ABORTED | /contracts?_rsc=ix5_aAief6TvBg04 net::ERR_ABORTED | /catalog?_rsc=ix5_aAief6TvBg04 net::ERR_ABORTED | /crosses?_rsc=ix5_aAief6TvBg04 net::ERR_ABORTED | /settings?_rsc=ix5_aAief6TvBg04 net::ERR_ABORTED | /notifications?_rsc=ix5_aAief6TvBg04 net::ERR_ABORTED | /requests/new?_rsc=ix5_aAief6TvBg04 net::ERR_ABORTED | /requests?_rsc=Dt318okBLJyNDlfE net::ERR_ABORTED | /proposals?_rsc=Dt318okBLJyNDlfE net::ERR_ABORTED | /?_rsc=Dt318okBLJyNDlfE net::ERR_ABORTED | /approvals?_rsc=Dt318okBLJyNDlfE net::ERR_ABORTED | /accounts?_rsc=Dt318okBLJyNDlfE net::ERR_ABORTED | /contracts?_rsc=Dt318okBLJyNDlfE net::ERR_ABORTED | /intelligence?_rsc=Dt318okBLJyNDlfE net::ERR_ABORTED | /intelligence/bids?_rsc=Dt318okBLJyNDlfE net::ERR_ABORTED | /catalog?_rsc=Dt318okBLJyNDlfE net::ERR_ABORTED | /catalog/gudid?_rsc=Dt318okBLJyNDlfE net::ERR_ABORTED | /analytics?_rsc=Dt318okBLJyNDlfE net::ERR_ABORTED | /crosses?_rsc=Dt318okBLJyNDlfE net::ERR_ABORTED | /settings?_rsc=Dt318okBLJyNDlfE net::ERR_ABORTED | /requests/new?_rsc=Dt318okBLJyNDlfE net::ERR_ABORTED | /notifications?_rsc=Dt318okBLJyNDlfE net::ERR_ABORTED","","0","1","0","New request ; Switch user ; Refresh"
"PRICING_DIRECTOR","/catalog","/catalog","200","Our catalog","","","0","/?_rsc=OYzo7EH3MGwwxBfF net::ERR_ABORTED | /requests?_rsc=OYzo7EH3MGwwxBfF net::ERR_ABORTED | /proposals?_rsc=OYzo7EH3MGwwxBfF net::ERR_ABORTED | /approvals?_rsc=OYzo7EH3MGwwxBfF net::ERR_ABORTED | /contracts?_rsc=OYzo7EH3MGwwxBfF net::ERR_ABORTED | /intelligence?_rsc=OYzo7EH3MGwwxBfF net::ERR_ABORTED | /analytics?_rsc=OYzo7EH3MGwwxBfF net::ERR_ABORTED | /intelligence/bids?_rsc=OYzo7EH3MGwwxBfF net::ERR_ABORTED | /crosses?_rsc=OYzo7EH3MGwwxBfF net::ERR_ABORTED | /catalog/gudid?_rsc=OYzo7EH3MGwwxBfF net::ERR_ABORTED | /settings?_rsc=OYzo7EH3MGwwxBfF net::ERR_ABORTED | /notifications?_rsc=OYzo7EH3MGwwxBfF net::ERR_ABORTED | /requests/new?_rsc=OYzo7EH3MGwwxBfF net::ERR_ABORTED | /?_rsc=O6cAbYUSgs3KBG-F net::ERR_ABORTED | /requests?_rsc=O6cAbYUSgs3KBG-F net::ERR_ABORTED | /proposals?_rsc=O6cAbYUSgs3KBG-F net::ERR_ABORTED | /approvals?_rsc=O6cAbYUSgs3KBG-F net::ERR_ABORTED | /accounts?_rsc=O6cAbYUSgs3KBG-F net::ERR_ABORTED | /contracts?_rsc=O6cAbYUSgs3KBG-F net::ERR_ABORTED | /intelligence/bids?_rsc=O6cAbYUSgs3KBG-F net::ERR_ABORTED | /intelligence?_rsc=O6cAbYUSgs3KBG-F net::ERR_ABORTED | /analytics?_rsc=O6cAbYUSgs3KBG-F net::ERR_ABORTED | /catalog?_rsc=O6cAbYUSgs3KBG-F net::ERR_ABORTED | /catalog/gudid?_rsc=O6cAbYUSgs3KBG-F net::ERR_ABORTED | /crosses?_rsc=O6cAbYUSgs3KBG-F net::ERR_ABORTED | /settings?_rsc=O6cAbYUSgs3KBG-F net::ERR_ABORTED | /notifications?_rsc=O6cAbYUSgs3KBG-F net::ERR_ABORTED | /requests/new?_rsc=O6cAbYUSgs3KBG-F net::ERR_ABORTED","","0","1","0","New request ; Switch user ; GUDID library ; Pricing"
"PRICING_DIRECTOR","/catalog/gudid","/catalog/gudid","200","GUDID library","","","0","/requests?_rsc=DGmoGnAw5OqJpMhM net::ERR_ABORTED | /proposals?_rsc=DGmoGnAw5OqJpMhM net::ERR_ABORTED | /approvals?_rsc=DGmoGnAw5OqJpMhM net::ERR_ABORTED | /?_rsc=DGmoGnAw5OqJpMhM net::ERR_ABORTED | /accounts?_rsc=DGmoGnAw5OqJpMhM net::ERR_ABORTED | /contracts?_rsc=DGmoGnAw5OqJpMhM net::ERR_ABORTED | /intelligence/bids?_rsc=DGmoGnAw5OqJpMhM net::ERR_ABORTED | /intelligence?_rsc=DGmoGnAw5OqJpMhM net::ERR_ABORTED | /analytics?_rsc=DGmoGnAw5OqJpMhM net::ERR_ABORTED | /catalog?_rsc=DGmoGnAw5OqJpMhM net::ERR_ABORTED | /crosses?_rsc=DGmoGnAw5OqJpMhM net::ERR_ABORTED | /settings?_rsc=DGmoGnAw5OqJpMhM net::ERR_ABORTED | /notifications?_rsc=DGmoGnAw5OqJpMhM net::ERR_ABORTED | /requests/new?_rsc=DGmoGnAw5OqJpMhM net::ERR_ABORTED | /?_rsc=Z9EVd8HHdUwJDdIQ net::ERR_ABORTED | /proposals?_rsc=Z9EVd8HHdUwJDdIQ net::ERR_ABORTED | /approvals?_rsc=Z9EVd8HHdUwJDdIQ net::ERR_ABORTED | /requests?_rsc=Z9EVd8HHdUwJDdIQ net::ERR_ABORTED | /accounts?_rsc=Z9EVd8HHdUwJDdIQ net::ERR_ABORTED | /contracts?_rsc=Z9EVd8HHdUwJDdIQ net::ERR_ABORTED | /intelligence?_rsc=Z9EVd8HHdUwJDdIQ net::ERR_ABORTED | /intelligence/bids?_rsc=Z9EVd8HHdUwJDdIQ net::ERR_ABORTED | /analytics?_rsc=Z9EVd8HHdUwJDdIQ net::ERR_ABORTED | /catalog?_rsc=Z9EVd8HHdUwJDdIQ net::ERR_ABORTED | /catalog/gudid?_rsc=Z9EVd8HHdUwJDdIQ net::ERR_ABORTED | /crosses?_rsc=Z9EVd8HHdUwJDdIQ net::ERR_ABORTED | /settings?_rsc=Z9EVd8HHdUwJDdIQ net::ERR_ABORTED | /notifications?_rsc=Z9EVd8HHdUwJDdIQ net::ERR_ABORTED | /requests/new?_rsc=Z9EVd8HHdUwJDdIQ net::ERR_ABORTED","","0","0","0","New request ; Switch user"
"PRICING_DIRECTOR","/crosses","/crosses","200","Crosswalk","","","0","/?_rsc=zAn-vlYtEcVbUMJ6 net::ERR_ABORTED | /requests?_rsc=zAn-vlYtEcVbUMJ6 net::ERR_ABORTED | /proposals?_rsc=zAn-vlYtEcVbUMJ6 net::ERR_ABORTED | /approvals?_rsc=zAn-vlYtEcVbUMJ6 net::ERR_ABORTED | /accounts?_rsc=zAn-vlYtEcVbUMJ6 net::ERR_ABORTED | /contracts?_rsc=zAn-vlYtEcVbUMJ6 net::ERR_ABORTED | /intelligence?_rsc=zAn-vlYtEcVbUMJ6 net::ERR_ABORTED | /intelligence/bids?_rsc=zAn-vlYtEcVbUMJ6 net::ERR_ABORTED | /analytics?_rsc=zAn-vlYtEcVbUMJ6 net::ERR_ABORTED | /catalog?_rsc=zAn-vlYtEcVbUMJ6 net::ERR_ABORTED | /catalog/gudid?_rsc=zAn-vlYtEcVbUMJ6 net::ERR_ABORTED | /settings?_rsc=zAn-vlYtEcVbUMJ6 net::ERR_ABORTED | /notifications?_rsc=zAn-vlYtEcVbUMJ6 net::ERR_ABORTED | /requests/new?_rsc=zAn-vlYtEcVbUMJ6 net::ERR_ABORTED | /?_rsc=aniPmKjMQR6zCALO net::ERR_ABORTED | /approvals?_rsc=aniPmKjMQR6zCALO net::ERR_ABORTED | /requests?_rsc=aniPmKjMQR6zCALO net::ERR_ABORTED | /proposals?_rsc=aniPmKjMQR6zCALO net::ERR_ABORTED | /contracts?_rsc=aniPmKjMQR6zCALO net::ERR_ABORTED | /intelligence?_rsc=aniPmKjMQR6zCALO net::ERR_ABORTED | /intelligence/bids?_rsc=aniPmKjMQR6zCALO net::ERR_ABORTED | /analytics?_rsc=aniPmKjMQR6zCALO net::ERR_ABORTED | /catalog?_rsc=aniPmKjMQR6zCALO net::ERR_ABORTED | /catalog/gudid?_rsc=aniPmKjMQR6zCALO net::ERR_ABORTED | /crosses?_rsc=aniPmKjMQR6zCALO net::ERR_ABORTED | /settings?_rsc=aniPmKjMQR6zCALO net::ERR_ABORTED | /notifications?_rsc=aniPmKjMQR6zCALO net::ERR_ABORTED | /requests/new?_rsc=aniPmKjMQR6zCALO net::ERR_ABORTED","","0","0","0","New request ; Switch user"
"PRICING_DIRECTOR","/notifications","/notifications","200","Notifications","","","0","/?_rsc=oG-rbVP81bj5yHs2 net::ERR_ABORTED | /requests?_rsc=oG-rbVP81bj5yHs2 net::ERR_ABORTED | /intelligence?_rsc=oG-rbVP81bj5yHs2 net::ERR_ABORTED | /contracts?_rsc=oG-rbVP81bj5yHs2 net::ERR_ABORTED | /intelligence/bids?_rsc=oG-rbVP81bj5yHs2 net::ERR_ABORTED | /analytics?_rsc=oG-rbVP81bj5yHs2 net::ERR_ABORTED | /catalog?_rsc=oG-rbVP81bj5yHs2 net::ERR_ABORTED | /catalog/gudid?_rsc=oG-rbVP81bj5yHs2 net::ERR_ABORTED | /proposals/cmuf6j1zv000qs87djshzz5uj?_rsc=oG-rbVP81bj5yHs2 net::ERR_ABORTED | /settings?_rsc=oG-rbVP81bj5yHs2 net::ERR_ABORTED | /crosses?_rsc=oG-rbVP81bj5yHs2 net::ERR_ABORTED | /requests/new?_rsc=oG-rbVP81bj5yHs2 net::ERR_ABORTED | /approvals?_rsc=FxIb9Zh5xrkPNSW4 net::ERR_ABORTED | /requests?_rsc=FxIb9Zh5xrkPNSW4 net::ERR_ABORTED | /proposals/cmuf6j1zv000qs87djshzz5uj?_rsc=FxIb9Zh5xrkPNSW4 net::ERR_ABORTED | /settings?_rsc=FxIb9Zh5xrkPNSW4 net::ERR_ABORTED | /?_rsc=FxIb9Zh5xrkPNSW4 net::ERR_ABORTED | /proposals?_rsc=FxIb9Zh5xrkPNSW4 net::ERR_ABORTED | /accounts?_rsc=FxIb9Zh5xrkPNSW4 net::ERR_ABORTED | /contracts?_rsc=FxIb9Zh5xrkPNSW4 net::ERR_ABORTED | /intelligence?_rsc=FxIb9Zh5xrkPNSW4 net::ERR_ABORTED | /intelligence/bids?_rsc=FxIb9Zh5xrkPNSW4 net::ERR_ABORTED | /analytics?_rsc=FxIb9Zh5xrkPNSW4 net::ERR_ABORTED | /catalog?_rsc=FxIb9Zh5xrkPNSW4 net::ERR_ABORTED | /catalog/gudid?_rsc=FxIb9Zh5xrkPNSW4 net::ERR_ABORTED | /crosses?_rsc=FxIb9Zh5xrkPNSW4 net::ERR_ABORTED | /notifications?_rsc=FxIb9Zh5xrkPNSW4 net::ERR_ABORTED | /requests/new?_rsc=FxIb9Zh5xrkPNSW4 net::ERR_ABORTED","","0","0","0","New request ; Switch user ; Mark all read ; Read"
"PRICING_DIRECTOR","/settings","/settings","200","Settings","Failed to load resource: the server responded with a status of 429 (Too Many Requests) | Failed to load resource: the server responded with a status of 404 (Not Found)","","0","/?_rsc=DQxjArDrgutTG17x net::ERR_ABORTED | /requests?_rsc=DQxjArDrgutTG17x net::ERR_ABORTED | /proposals?_rsc=DQxjArDrgutTG17x net::ERR_ABORTED | /approvals?_rsc=DQxjArDrgutTG17x net::ERR_ABORTED | /accounts?_rsc=DQxjArDrgutTG17x net::ERR_ABORTED | /contracts?_rsc=DQxjArDrgutTG17x net::ERR_ABORTED | /intelligence?_rsc=DQxjArDrgutTG17x net::ERR_ABORTED | /intelligence/bids?_rsc=DQxjArDrgutTG17x net::ERR_ABORTED | /analytics?_rsc=DQxjArDrgutTG17x net::ERR_ABORTED | /catalog?_rsc=DQxjArDrgutTG17x net::ERR_ABORTED | /catalog/gudid?_rsc=DQxjArDrgutTG17x net::ERR_ABORTED | /crosses?_rsc=DQxjArDrgutTG17x net::ERR_ABORTED | /approvals?_rsc=j-_vjoKOn8bxlRO7 net::ERR_ABORTED | /?_rsc=j-_vjoKOn8bxlRO7 net::ERR_ABORTED | /proposals?_rsc=j-_vjoKOn8bxlRO7 net::ERR_ABORTED | /requests?_rsc=j-_vjoKOn8bxlRO7 net::ERR_ABORTED | /accounts?_rsc=j-_vjoKOn8bxlRO7 net::ERR_ABORTED | /contracts?_rsc=j-_vjoKOn8bxlRO7 net::ERR_ABORTED | /intelligence?_rsc=j-_vjoKOn8bxlRO7 net::ERR_ABORTED | /analytics?_rsc=j-_vjoKOn8bxlRO7 net::ERR_ABORTED | /catalog?_rsc=j-_vjoKOn8bxlRO7 net::ERR_ABORTED | /intelligence/bids?_rsc=j-_vjoKOn8bxlRO7 net::ERR_ABORTED | /catalog/gudid?_rsc=j-_vjoKOn8bxlRO7 net::ERR_ABORTED | /crosses?_rsc=j-_vjoKOn8bxlRO7 net::ERR_ABORTED | /settings?_rsc=j-_vjoKOn8bxlRO7 net::ERR_ABORTED | /requests/new?_rsc=j-_vjoKOn8bxlRO7 net::ERR_ABORTED","429 /api/auth/dev | 404 /docs/INTEGRATIONS.md?_rsc=DQxjArDrgutTG17x","0","0","0","New request ; Switch user ; Save ; Evaluate alerts now ; Refresh stale records ; Edit ; Configure integrations → ; How to connect ; Sync now"
"PRICING_DIRECTOR","/settings/integrations","/settings/integrations","200","Integrations","Failed to load resource: the server responded with a status of 429 (Too Many Requests)","","0","/api/auth/dev net::ERR_ABORTED | /docs/INTEGRATIONS.md?_rsc=DQxjArDrgutTG17x net::ERR_ABORTED | /proposals?_rsc=U-OwWBq-vq-slwyv net::ERR_ABORTED | /?_rsc=U-OwWBq-vq-slwyv net::ERR_ABORTED | /requests?_rsc=U-OwWBq-vq-slwyv net::ERR_ABORTED | /accounts?_rsc=U-OwWBq-vq-slwyv net::ERR_ABORTED | /intelligence/bids?_rsc=U-OwWBq-vq-slwyv net::ERR_ABORTED | /contracts?_rsc=U-OwWBq-vq-slwyv net::ERR_ABORTED | /intelligence?_rsc=U-OwWBq-vq-slwyv net::ERR_ABORTED | /catalog?_rsc=U-OwWBq-vq-slwyv net::ERR_ABORTED | /catalog/gudid?_rsc=U-OwWBq-vq-slwyv net::ERR_ABORTED | /crosses?_rsc=U-OwWBq-vq-slwyv net::ERR_ABORTED | /settings?_rsc=U-OwWBq-vq-slwyv net::ERR_ABORTED | /requests/new?_rsc=U-OwWBq-vq-slwyv net::ERR_ABORTED | /notifications?_rsc=U-OwWBq-vq-slwyv net::ERR_ABORTED | /?_rsc=hbetPO-u3vUUlMwr net::ERR_ABORTED | /requests?_rsc=hbetPO-u3vUUlMwr net::ERR_ABORTED | /proposals?_rsc=hbetPO-u3vUUlMwr net::ERR_ABORTED | /approvals?_rsc=hbetPO-u3vUUlMwr net::ERR_ABORTED | /accounts?_rsc=hbetPO-u3vUUlMwr net::ERR_ABORTED | /contracts?_rsc=hbetPO-u3vUUlMwr net::ERR_ABORTED | /intelligence?_rsc=hbetPO-u3vUUlMwr net::ERR_ABORTED | /intelligence/bids?_rsc=hbetPO-u3vUUlMwr net::ERR_ABORTED | /analytics?_rsc=hbetPO-u3vUUlMwr net::ERR_ABORTED | /catalog?_rsc=hbetPO-u3vUUlMwr net::ERR_ABORTED | /catalog/gudid?_rsc=hbetPO-u3vUUlMwr net::ERR_ABORTED | /crosses?_rsc=hbetPO-u3vUUlMwr net::ERR_ABORTED | /settings?_rsc=hbetPO-u3vUUlMwr net::ERR_ABORTED | /notifications?_rsc=hbetPO-u3vUUlMwr net::ERR_ABORTED | /requests/new?_rsc=hbetPO-u3vUUlMwr net::ERR_ABORTED","429 /api/auth/dev","0","0","0","New request ; Switch user ; Salesforce (CRM)not configuredno provide ; SAP ERP (OData)not configuredno provider ; Premier rosternot configuredno provider ; Vizient rosternot configuredno provider ; HealthTrust rosternot configuredno provi ; Document extraction (OCR)not configuredn ; Exchange ratesnot configuredno provider ; Competitor GPO contract pricesnot config ; Review queue0 open items across all inte"
"PRICING_DIRECTOR","/settings/pricing","/settings/pricing","200","Pricing policies","Failed to load resource: the server responded with a status of 429 (Too Many Requests)","","0","/api/auth/dev net::ERR_ABORTED | /?_rsc=8oSST31HPn0UlEto net::ERR_ABORTED | /accounts?_rsc=8oSST31HPn0UlEto net::ERR_ABORTED | /contracts?_rsc=8oSST31HPn0UlEto net::ERR_ABORTED | /intelligence/bids?_rsc=8oSST31HPn0UlEto net::ERR_ABORTED | /intelligence?_rsc=8oSST31HPn0UlEto net::ERR_ABORTED | /catalog/gudid?_rsc=8oSST31HPn0UlEto net::ERR_ABORTED | /requests/new?_rsc=8oSST31HPn0UlEto net::ERR_ABORTED | /?_rsc=_Ie442TgELs3Q458 net::ERR_ABORTED | /requests?_rsc=_Ie442TgELs3Q458 net::ERR_ABORTED | /proposals?_rsc=_Ie442TgELs3Q458 net::ERR_ABORTED | /approvals?_rsc=_Ie442TgELs3Q458 net::ERR_ABORTED | /accounts?_rsc=_Ie442TgELs3Q458 net::ERR_ABORTED | /contracts?_rsc=_Ie442TgELs3Q458 net::ERR_ABORTED | /intelligence?_rsc=_Ie442TgELs3Q458 net::ERR_ABORTED | /intelligence/bids?_rsc=_Ie442TgELs3Q458 net::ERR_ABORTED | /analytics?_rsc=_Ie442TgELs3Q458 net::ERR_ABORTED | /catalog?_rsc=_Ie442TgELs3Q458 net::ERR_ABORTED | /catalog/gudid?_rsc=_Ie442TgELs3Q458 net::ERR_ABORTED | /crosses?_rsc=_Ie442TgELs3Q458 net::ERR_ABORTED | /requests/new?_rsc=_Ie442TgELs3Q458 net::ERR_ABORTED | /settings?_rsc=_Ie442TgELs3Q458 net::ERR_ABORTED | /notifications?_rsc=_Ie442TgELs3Q458 net::ERR_ABORTED","429 /api/auth/dev","0","0","0","New request ; Switch user ; New draft ; New version"
"PRICING_COMMITTEE","/","/","200","Competitive cross reference","","","0","/proposals?_rsc=5CB68i4pnAekjehf net::ERR_ABORTED | /approvals?_rsc=5CB68i4pnAekjehf net::ERR_ABORTED | /accounts?_rsc=5CB68i4pnAekjehf net::ERR_ABORTED | /contracts?_rsc=5CB68i4pnAekjehf net::ERR_ABORTED | /intelligence/bids?_rsc=5CB68i4pnAekjehf net::ERR_ABORTED | /analytics?_rsc=5CB68i4pnAekjehf net::ERR_ABORTED | /catalog?_rsc=5CB68i4pnAekjehf net::ERR_ABORTED | /catalog/gudid?_rsc=5CB68i4pnAekjehf net::ERR_ABORTED | /requests/new?_rsc=5CB68i4pnAekjehf net::ERR_ABORTED | /notifications?_rsc=5CB68i4pnAekjehf net::ERR_ABORTED | /requests?_rsc=5CB68i4pnAekjehf net::ERR_ABORTED | /proposals?_rsc=tXyZJ52UQVBCVsD3 net::ERR_ABORTED | /approvals?_rsc=tXyZJ52UQVBCVsD3 net::ERR_ABORTED | /?_rsc=tXyZJ52UQVBCVsD3 net::ERR_ABORTED | /accounts?_rsc=tXyZJ52UQVBCVsD3 net::ERR_ABORTED | /contracts?_rsc=tXyZJ52UQVBCVsD3 net::ERR_ABORTED | /intelligence?_rsc=tXyZJ52UQVBCVsD3 net::ERR_ABORTED | /intelligence/bids?_rsc=tXyZJ52UQVBCVsD3 net::ERR_ABORTED | /catalog/gudid?_rsc=tXyZJ52UQVBCVsD3 net::ERR_ABORTED | /catalog?_rsc=tXyZJ52UQVBCVsD3 net::ERR_ABORTED | /analytics?_rsc=tXyZJ52UQVBCVsD3 net::ERR_ABORTED | /crosses?_rsc=tXyZJ52UQVBCVsD3 net::ERR_ABORTED | /requests?_rsc=tXyZJ52UQVBCVsD3 net::ERR_ABORTED | /settings?_rsc=tXyZJ52UQVBCVsD3 net::ERR_ABORTED | /notifications?_rsc=tXyZJ52UQVBCVsD3 net::ERR_ABORTED | /requests/new?_rsc=tXyZJ52UQVBCVsD3 net::ERR_ABORTED","","0","0","0","Switch user ; New request"
"PRICING_COMMITTEE","/requests","/requests","200","","","","0","/?_rsc=p3Q57VochOqcQNsg net::ERR_ABORTED | /proposals?_rsc=p3Q57VochOqcQNsg net::ERR_ABORTED | /approvals?_rsc=p3Q57VochOqcQNsg net::ERR_ABORTED | /accounts?_rsc=p3Q57VochOqcQNsg net::ERR_ABORTED | /contracts?_rsc=p3Q57VochOqcQNsg net::ERR_ABORTED | /intelligence/bids?_rsc=p3Q57VochOqcQNsg net::ERR_ABORTED | /analytics?_rsc=p3Q57VochOqcQNsg net::ERR_ABORTED | /intelligence?_rsc=p3Q57VochOqcQNsg net::ERR_ABORTED | /catalog?_rsc=p3Q57VochOqcQNsg net::ERR_ABORTED | /crosses?_rsc=p3Q57VochOqcQNsg net::ERR_ABORTED | /settings?_rsc=p3Q57VochOqcQNsg net::ERR_ABORTED | /catalog/gudid?_rsc=p3Q57VochOqcQNsg net::ERR_ABORTED | /notifications?_rsc=p3Q57VochOqcQNsg net::ERR_ABORTED | /approvals?_rsc=nIzLgF1M7nWxnHlV net::ERR_ABORTED | /?_rsc=nIzLgF1M7nWxnHlV net::ERR_ABORTED | /proposals?_rsc=nIzLgF1M7nWxnHlV net::ERR_ABORTED | /accounts?_rsc=nIzLgF1M7nWxnHlV net::ERR_ABORTED | /intelligence?_rsc=nIzLgF1M7nWxnHlV net::ERR_ABORTED | /intelligence/bids?_rsc=nIzLgF1M7nWxnHlV net::ERR_ABORTED | /analytics?_rsc=nIzLgF1M7nWxnHlV net::ERR_ABORTED | /catalog?_rsc=nIzLgF1M7nWxnHlV net::ERR_ABORTED | /crosses?_rsc=nIzLgF1M7nWxnHlV net::ERR_ABORTED | /catalog/gudid?_rsc=nIzLgF1M7nWxnHlV net::ERR_ABORTED | /settings?_rsc=nIzLgF1M7nWxnHlV net::ERR_ABORTED | /notifications?_rsc=nIzLgF1M7nWxnHlV net::ERR_ABORTED","","0","0","0","Switch user"
"PRICING_COMMITTEE","/requests/new","/requests/new","200","Competitive cross reference","","","0","/proposals?_rsc=4belA-F-xg-XtLdx net::ERR_ABORTED | /accounts?_rsc=4belA-F-xg-XtLdx net::ERR_ABORTED | /?_rsc=4belA-F-xg-XtLdx net::ERR_ABORTED | /analytics?_rsc=4belA-F-xg-XtLdx net::ERR_ABORTED | /contracts?_rsc=4belA-F-xg-XtLdx net::ERR_ABORTED | /intelligence?_rsc=4belA-F-xg-XtLdx net::ERR_ABORTED | /intelligence/bids?_rsc=4belA-F-xg-XtLdx net::ERR_ABORTED | /crosses?_rsc=4belA-F-xg-XtLdx net::ERR_ABORTED | /catalog?_rsc=4belA-F-xg-XtLdx net::ERR_ABORTED | /notifications?_rsc=4belA-F-xg-XtLdx net::ERR_ABORTED | /?_rsc=O1p93FFpSnNce0k4 net::ERR_ABORTED | /approvals?_rsc=O1p93FFpSnNce0k4 net::ERR_ABORTED | /proposals?_rsc=O1p93FFpSnNce0k4 net::ERR_ABORTED | /contracts?_rsc=O1p93FFpSnNce0k4 net::ERR_ABORTED | /accounts?_rsc=O1p93FFpSnNce0k4 net::ERR_ABORTED | /intelligence?_rsc=O1p93FFpSnNce0k4 net::ERR_ABORTED | /intelligence/bids?_rsc=O1p93FFpSnNce0k4 net::ERR_ABORTED | /catalog/gudid?_rsc=O1p93FFpSnNce0k4 net::ERR_ABORTED | /crosses?_rsc=O1p93FFpSnNce0k4 net::ERR_ABORTED | /settings?_rsc=O1p93FFpSnNce0k4 net::ERR_ABORTED","","0","0","0","Switch user ; Google Sheets link ; Upload .xlsx / .csv ; Paste from a sheet ; Read sheet ; Continue request"
"PRICING_COMMITTEE","/requests/[id]","/requests/null","200","","Failed to load resource: the server responded with a status of 403 (Forbidden)","","0","/accounts?_rsc=76SvvV1TLjtpHtqe net::ERR_ABORTED | /?_rsc=76SvvV1TLjtpHtqe net::ERR_ABORTED | /proposals?_rsc=76SvvV1TLjtpHtqe net::ERR_ABORTED | /approvals?_rsc=76SvvV1TLjtpHtqe net::ERR_ABORTED | /contracts?_rsc=76SvvV1TLjtpHtqe net::ERR_ABORTED | /analytics?_rsc=76SvvV1TLjtpHtqe net::ERR_ABORTED | /intelligence?_rsc=76SvvV1TLjtpHtqe net::ERR_ABORTED | /intelligence/bids?_rsc=76SvvV1TLjtpHtqe net::ERR_ABORTED | /catalog?_rsc=76SvvV1TLjtpHtqe net::ERR_ABORTED | /catalog/gudid?_rsc=76SvvV1TLjtpHtqe net::ERR_ABORTED | /notifications?_rsc=76SvvV1TLjtpHtqe net::ERR_ABORTED | /crosses?_rsc=76SvvV1TLjtpHtqe net::ERR_ABORTED | /settings?_rsc=76SvvV1TLjtpHtqe net::ERR_ABORTED | /?_rsc=eoRKZgXY26fq4Ulk net::ERR_ABORTED | /accounts?_rsc=eoRKZgXY26fq4Ulk net::ERR_ABORTED | /approvals?_rsc=eoRKZgXY26fq4Ulk net::ERR_ABORTED | /intelligence?_rsc=eoRKZgXY26fq4Ulk net::ERR_ABORTED | /contracts?_rsc=eoRKZgXY26fq4Ulk net::ERR_ABORTED | /intelligence/bids?_rsc=eoRKZgXY26fq4Ulk net::ERR_ABORTED | /catalog?_rsc=eoRKZgXY26fq4Ulk net::ERR_ABORTED | /analytics?_rsc=eoRKZgXY26fq4Ulk net::ERR_ABORTED | /catalog/gudid?_rsc=eoRKZgXY26fq4Ulk net::ERR_ABORTED | /crosses?_rsc=eoRKZgXY26fq4Ulk net::ERR_ABORTED | /settings?_rsc=eoRKZgXY26fq4Ulk net::ERR_ABORTED | /notifications?_rsc=eoRKZgXY26fq4Ulk net::ERR_ABORTED","403 /api/requests/null","0","0","0","Switch user"
"PRICING_COMMITTEE","/proposals","/proposals","200","Commercial proposals","","","0","/api/requests/null net::ERR_ABORTED | /contracts?_rsc=8qZH60WsiyOTuseO net::ERR_ABORTED | /?_rsc=8qZH60WsiyOTuseO net::ERR_ABORTED | /approvals?_rsc=8qZH60WsiyOTuseO net::ERR_ABORTED | /accounts?_rsc=8qZH60WsiyOTuseO net::ERR_ABORTED | /intelligence?_rsc=8qZH60WsiyOTuseO net::ERR_ABORTED | /intelligence/bids?_rsc=8qZH60WsiyOTuseO net::ERR_ABORTED | /analytics?_rsc=8qZH60WsiyOTuseO net::ERR_ABORTED | /catalog?_rsc=8qZH60WsiyOTuseO net::ERR_ABORTED | /crosses?_rsc=8qZH60WsiyOTuseO net::ERR_ABORTED | /settings?_rsc=8qZH60WsiyOTuseO net::ERR_ABORTED | /?_rsc=yDw8cg_cK2Tq2IDS net::ERR_ABORTED | /proposals?_rsc=yDw8cg_cK2Tq2IDS net::ERR_ABORTED | /approvals?_rsc=yDw8cg_cK2Tq2IDS net::ERR_ABORTED | /intelligence?_rsc=yDw8cg_cK2Tq2IDS net::ERR_ABORTED | /accounts?_rsc=yDw8cg_cK2Tq2IDS net::ERR_ABORTED | /intelligence/bids?_rsc=yDw8cg_cK2Tq2IDS net::ERR_ABORTED | /contracts?_rsc=yDw8cg_cK2Tq2IDS net::ERR_ABORTED | /analytics?_rsc=yDw8cg_cK2Tq2IDS net::ERR_ABORTED | /settings?_rsc=yDw8cg_cK2Tq2IDS net::ERR_ABORTED | /crosses?_rsc=yDw8cg_cK2Tq2IDS net::ERR_ABORTED | /catalog/gudid?_rsc=yDw8cg_cK2Tq2IDS net::ERR_ABORTED | /catalog?_rsc=yDw8cg_cK2Tq2IDS net::ERR_ABORTED | /notifications?_rsc=yDw8cg_cK2Tq2IDS net::ERR_ABORTED","","0","0","0","Switch user"
"PRICING_COMMITTEE","/proposals/[id]","/proposals/null","200","","Failed to load resource: the server responded with a status of 404 (Not Found)","","0","/?_rsc=VreOGdJHuaZwqD3- net::ERR_ABORTED | /approvals?_rsc=VreOGdJHuaZwqD3- net::ERR_ABORTED | /proposals?_rsc=VreOGdJHuaZwqD3- net::ERR_ABORTED | /contracts?_rsc=VreOGdJHuaZwqD3- net::ERR_ABORTED | /intelligence?_rsc=VreOGdJHuaZwqD3- net::ERR_ABORTED | /accounts?_rsc=VreOGdJHuaZwqD3- net::ERR_ABORTED | /intelligence/bids?_rsc=VreOGdJHuaZwqD3- net::ERR_ABORTED | /analytics?_rsc=VreOGdJHuaZwqD3- net::ERR_ABORTED | /catalog?_rsc=VreOGdJHuaZwqD3- net::ERR_ABORTED | /catalog/gudid?_rsc=VreOGdJHuaZwqD3- net::ERR_ABORTED | /crosses?_rsc=VreOGdJHuaZwqD3- net::ERR_ABORTED | /settings?_rsc=VreOGdJHuaZwqD3- net::ERR_ABORTED | /notifications?_rsc=VreOGdJHuaZwqD3- net::ERR_ABORTED | /?_rsc=hzu8hJFrzSYjsRgK net::ERR_ABORTED | /accounts?_rsc=hzu8hJFrzSYjsRgK net::ERR_ABORTED | /proposals?_rsc=hzu8hJFrzSYjsRgK net::ERR_ABORTED | /approvals?_rsc=hzu8hJFrzSYjsRgK net::ERR_ABORTED | /contracts?_rsc=hzu8hJFrzSYjsRgK net::ERR_ABORTED | /intelligence?_rsc=hzu8hJFrzSYjsRgK net::ERR_ABORTED | /intelligence/bids?_rsc=hzu8hJFrzSYjsRgK net::ERR_ABORTED | /analytics?_rsc=hzu8hJFrzSYjsRgK net::ERR_ABORTED | /catalog?_rsc=hzu8hJFrzSYjsRgK net::ERR_ABORTED | /catalog/gudid?_rsc=hzu8hJFrzSYjsRgK net::ERR_ABORTED | /crosses?_rsc=hzu8hJFrzSYjsRgK net::ERR_ABORTED | /settings?_rsc=hzu8hJFrzSYjsRgK net::ERR_ABORTED | /notifications?_rsc=hzu8hJFrzSYjsRgK net::ERR_ABORTED","404 /api/proposals/null","0","0","0","Switch user"
"PRICING_COMMITTEE","/approvals","/approvals","200","Pricing approvals","","","0","/?_rsc=Ut9iRRX_9PZKRdF- net::ERR_ABORTED | /proposals?_rsc=Ut9iRRX_9PZKRdF- net::ERR_ABORTED | /accounts?_rsc=Ut9iRRX_9PZKRdF- net::ERR_ABORTED | /contracts?_rsc=Ut9iRRX_9PZKRdF- net::ERR_ABORTED | /intelligence?_rsc=Ut9iRRX_9PZKRdF- net::ERR_ABORTED | /intelligence/bids?_rsc=Ut9iRRX_9PZKRdF- net::ERR_ABORTED | /analytics?_rsc=Ut9iRRX_9PZKRdF- net::ERR_ABORTED | /catalog?_rsc=Ut9iRRX_9PZKRdF- net::ERR_ABORTED | /notifications?_rsc=Ut9iRRX_9PZKRdF- net::ERR_ABORTED | /?_rsc=AU6DTT46DVXZ7jWj net::ERR_ABORTED | /intelligence?_rsc=AU6DTT46DVXZ7jWj net::ERR_ABORTED | /accounts?_rsc=AU6DTT46DVXZ7jWj net::ERR_ABORTED | /contracts?_rsc=AU6DTT46DVXZ7jWj net::ERR_ABORTED | /intelligence/bids?_rsc=AU6DTT46DVXZ7jWj net::ERR_ABORTED | /analytics?_rsc=AU6DTT46DVXZ7jWj net::ERR_ABORTED | /catalog?_rsc=AU6DTT46DVXZ7jWj net::ERR_ABORTED | /catalog/gudid?_rsc=AU6DTT46DVXZ7jWj net::ERR_ABORTED | /crosses?_rsc=AU6DTT46DVXZ7jWj net::ERR_ABORTED | /notifications?_rsc=AU6DTT46DVXZ7jWj net::ERR_ABORTED | /settings?_rsc=AU6DTT46DVXZ7jWj net::ERR_ABORTED","","0","0","0","Switch user ; Delegate my approvals"
"PRICING_COMMITTEE","/accounts","/accounts","200","Accounts & GPO membership","","","0","/?_rsc=iZGmHDWBA-6V7KTQ net::ERR_ABORTED | /proposals?_rsc=iZGmHDWBA-6V7KTQ net::ERR_ABORTED | /approvals?_rsc=iZGmHDWBA-6V7KTQ net::ERR_ABORTED | /contracts?_rsc=iZGmHDWBA-6V7KTQ net::ERR_ABORTED | /intelligence?_rsc=iZGmHDWBA-6V7KTQ net::ERR_ABORTED | /intelligence/bids?_rsc=iZGmHDWBA-6V7KTQ net::ERR_ABORTED | /analytics?_rsc=iZGmHDWBA-6V7KTQ net::ERR_ABORTED | /catalog?_rsc=iZGmHDWBA-6V7KTQ net::ERR_ABORTED | /crosses?_rsc=iZGmHDWBA-6V7KTQ net::ERR_ABORTED | /catalog/gudid?_rsc=iZGmHDWBA-6V7KTQ net::ERR_ABORTED | /settings?_rsc=iZGmHDWBA-6V7KTQ net::ERR_ABORTED | /notifications?_rsc=iZGmHDWBA-6V7KTQ net::ERR_ABORTED | /accounts/cmuf6hihm02rkks7drm31yuur?_rsc=iZGmHDWBA-6V7KTQ net::ERR_ABORTED | /accounts/cmuf6hiho02rlks7d2xz6w5ev?_rsc=iZGmHDWBA-6V7KTQ net::ERR_ABORTED | /accounts/cmuf6hihq02rmks7did2qxong?_rsc=iZGmHDWBA-6V7KTQ net::ERR_ABORTED | /proposals?_rsc=oRxEn_R9e10JER3Z net::ERR_ABORTED | /approvals?_rsc=oRxEn_R9e10JER3Z net::ERR_ABORTED | /accounts?_rsc=oRxEn_R9e10JER3Z net::ERR_ABORTED | /intelligence?_rsc=oRxEn_R9e10JER3Z net::ERR_ABORTED | /intelligence/bids?_rsc=oRxEn_R9e10JER3Z net::ERR_ABORTED | /catalog?_rsc=oRxEn_R9e10JER3Z net::ERR_ABORTED | /analytics?_rsc=oRxEn_R9e10JER3Z net::ERR_ABORTED | /crosses?_rsc=oRxEn_R9e10JER3Z net::ERR_ABORTED | /catalog/gudid?_rsc=oRxEn_R9e10JER3Z net::ERR_ABORTED | /settings?_rsc=oRxEn_R9e10JER3Z net::ERR_ABORTED | /notifications?_rsc=oRxEn_R9e10JER3Z net::ERR_ABORTED | /accounts/cmuf6hiho02rlks7d2xz6w5ev?_rsc=oRxEn_R9e10JER3Z net::ERR_ABORTED | /accounts/cmuf6hihm02rkks7drm31yuur?_rsc=oRxEn_R9e10JER3Z net::ERR_ABORTED | /accounts/cmuf6hihq02rmks7did2qxong?_rsc=oRxEn_R9e10JER3Z net::ERR_ABORTED | /accounts/cmuf6hihk02rjks7dyamo9w2u?_rsc=oRxEn_R9e10JER3Z net::ERR_ABORTED | /accounts/cmuf6hihh02riks7dkuig0cbl?_rsc=oRxEn_R9e10JER3Z net::ERR_ABORTED","","0","0","0","Switch user"
"PRICING_COMMITTEE","/accounts/[id]","/accounts/cmuf6hihm02rkks7drm31yuur","200","Hospital A — Mount Vernon General","","","0","/?_rsc=pYoAThzR_ryjq0MS net::ERR_ABORTED | /proposals?_rsc=pYoAThzR_ryjq0MS net::ERR_ABORTED | /approvals?_rsc=pYoAThzR_ryjq0MS net::ERR_ABORTED | /accounts?_rsc=pYoAThzR_ryjq0MS net::ERR_ABORTED | /contracts?_rsc=pYoAThzR_ryjq0MS net::ERR_ABORTED | /intelligence?_rsc=pYoAThzR_ryjq0MS net::ERR_ABORTED | /intelligence/bids?_rsc=pYoAThzR_ryjq0MS net::ERR_ABORTED | /analytics?_rsc=pYoAThzR_ryjq0MS net::ERR_ABORTED | /catalog?_rsc=pYoAThzR_ryjq0MS net::ERR_ABORTED | /settings?_rsc=pYoAThzR_ryjq0MS net::ERR_ABORTED | /catalog/gudid?_rsc=pYoAThzR_ryjq0MS net::ERR_ABORTED | /crosses?_rsc=pYoAThzR_ryjq0MS net::ERR_ABORTED | /?_rsc=gRQ4rCW2m6dkjkis net::ERR_ABORTED | /accounts?_rsc=gRQ4rCW2m6dkjkis net::ERR_ABORTED | /analytics?_rsc=gRQ4rCW2m6dkjkis net::ERR_ABORTED | /intelligence?_rsc=gRQ4rCW2m6dkjkis net::ERR_ABORTED | /intelligence/bids?_rsc=gRQ4rCW2m6dkjkis net::ERR_ABORTED | /catalog?_rsc=gRQ4rCW2m6dkjkis net::ERR_ABORTED | /catalog/gudid?_rsc=gRQ4rCW2m6dkjkis net::ERR_ABORTED | /crosses?_rsc=gRQ4rCW2m6dkjkis net::ERR_ABORTED | /notifications?_rsc=gRQ4rCW2m6dkjkis net::ERR_ABORTED | /contracts/cmuf6himl02swks7dif6nb96r?_rsc=gRQ4rCW2m6dkjkis net::ERR_ABORTED","","0","1","0","Switch user"
"PRICING_COMMITTEE","/contracts","/contracts","200","Contracts & price context","","","0","/proposals?_rsc=DzmfcRRfJeItXkgz net::ERR_ABORTED | /?_rsc=DzmfcRRfJeItXkgz net::ERR_ABORTED | /approvals?_rsc=DzmfcRRfJeItXkgz net::ERR_ABORTED | /intelligence?_rsc=DzmfcRRfJeItXkgz net::ERR_ABORTED | /intelligence/bids?_rsc=DzmfcRRfJeItXkgz net::ERR_ABORTED | /analytics?_rsc=DzmfcRRfJeItXkgz net::ERR_ABORTED | /catalog/gudid?_rsc=DzmfcRRfJeItXkgz net::ERR_ABORTED | /settings?_rsc=DzmfcRRfJeItXkgz net::ERR_ABORTED | /crosses?_rsc=DzmfcRRfJeItXkgz net::ERR_ABORTED | /contracts/cmuf6himl02swks7dif6nb96r?_rsc=DzmfcRRfJeItXkgz net::ERR_ABORTED | /proposals?_rsc=2Ju2sngZl13OvaTN net::ERR_ABORTED | /?_rsc=2Ju2sngZl13OvaTN net::ERR_ABORTED | /approvals?_rsc=2Ju2sngZl13OvaTN net::ERR_ABORTED | /accounts?_rsc=2Ju2sngZl13OvaTN net::ERR_ABORTED | /intelligence/bids?_rsc=2Ju2sngZl13OvaTN net::ERR_ABORTED | /intelligence?_rsc=2Ju2sngZl13OvaTN net::ERR_ABORTED | /contracts?_rsc=2Ju2sngZl13OvaTN net::ERR_ABORTED | /crosses?_rsc=2Ju2sngZl13OvaTN net::ERR_ABORTED | /analytics?_rsc=2Ju2sngZl13OvaTN net::ERR_ABORTED | /catalog/gudid?_rsc=2Ju2sngZl13OvaTN net::ERR_ABORTED | /catalog?_rsc=2Ju2sngZl13OvaTN net::ERR_ABORTED | /settings?_rsc=2Ju2sngZl13OvaTN net::ERR_ABORTED | /contracts/cmuf6himl02swks7dif6nb96r?_rsc=2Ju2sngZl13OvaTN net::ERR_ABORTED | /notifications?_rsc=2Ju2sngZl13OvaTN net::ERR_ABORTED | /contracts/cmuf6himu02sxks7dkgml1rr2?_rsc=2Ju2sngZl13OvaTN net::ERR_ABORTED","","0","1","0","Switch user ; New contract"
"PRICING_COMMITTEE","/contracts/[id]","/contracts/cmuf6himu02sxks7dkgml1rr2","200","MSK-LOCAL-2026 · MSK local mesh agreement","","","0","/?_rsc=TQOCHQXESAyQ3VEl net::ERR_ABORTED | /proposals?_rsc=TQOCHQXESAyQ3VEl net::ERR_ABORTED | /approvals?_rsc=TQOCHQXESAyQ3VEl net::ERR_ABORTED | /accounts?_rsc=TQOCHQXESAyQ3VEl net::ERR_ABORTED | /crosses?_rsc=TQOCHQXESAyQ3VEl net::ERR_ABORTED | /settings?_rsc=TQOCHQXESAyQ3VEl net::ERR_ABORTED | /catalog/gudid?_rsc=TQOCHQXESAyQ3VEl net::ERR_ABORTED | /accounts/cmuf6hihk02rjks7dyamo9w2u?_rsc=TQOCHQXESAyQ3VEl net::ERR_ABORTED | /?_rsc=12web-rdU3k9vLaG net::ERR_ABORTED | /proposals?_rsc=12web-rdU3k9vLaG net::ERR_ABORTED | /accounts/cmuf6hihk02rjks7dyamo9w2u?_rsc=12web-rdU3k9vLaG net::ERR_ABORTED | /notifications?_rsc=TQOCHQXESAyQ3VEl net::ERR_ABORTED | /approvals?_rsc=12web-rdU3k9vLaG net::ERR_ABORTED | /accounts?_rsc=12web-rdU3k9vLaG net::ERR_ABORTED | /contracts?_rsc=12web-rdU3k9vLaG net::ERR_ABORTED | /intelligence?_rsc=12web-rdU3k9vLaG net::ERR_ABORTED | /analytics?_rsc=12web-rdU3k9vLaG net::ERR_ABORTED | /intelligence/bids?_rsc=12web-rdU3k9vLaG net::ERR_ABORTED | /catalog?_rsc=12web-rdU3k9vLaG net::ERR_ABORTED | /notifications?_rsc=12web-rdU3k9vLaG net::ERR_ABORTED | /catalog/gudid?_rsc=12web-rdU3k9vLaG net::ERR_ABORTED | /crosses?_rsc=12web-rdU3k9vLaG net::ERR_ABORTED | /settings?_rsc=12web-rdU3k9vLaG net::ERR_ABORTED","","0","1","0","Switch user ; Refresh performance ; Terminate ; Save entries"
"PRICING_COMMITTEE","/intelligence","/intelligence","200","Competitor pricing","","","0","/?_rsc=3fD0047dUoUPXvG2 net::ERR_ABORTED | /proposals?_rsc=3fD0047dUoUPXvG2 net::ERR_ABORTED | /approvals?_rsc=3fD0047dUoUPXvG2 net::ERR_ABORTED | /accounts?_rsc=3fD0047dUoUPXvG2 net::ERR_ABORTED | /contracts?_rsc=3fD0047dUoUPXvG2 net::ERR_ABORTED | /intelligence/bids?_rsc=3fD0047dUoUPXvG2 net::ERR_ABORTED | /analytics?_rsc=3fD0047dUoUPXvG2 net::ERR_ABORTED | /catalog?_rsc=3fD0047dUoUPXvG2 net::ERR_ABORTED | /catalog/gudid?_rsc=3fD0047dUoUPXvG2 net::ERR_ABORTED | /notifications?_rsc=3fD0047dUoUPXvG2 net::ERR_ABORTED | /approvals?_rsc=gu9LWiAQNzfrKsW2 net::ERR_ABORTED | /accounts?_rsc=gu9LWiAQNzfrKsW2 net::ERR_ABORTED | /?_rsc=gu9LWiAQNzfrKsW2 net::ERR_ABORTED | /proposals?_rsc=gu9LWiAQNzfrKsW2 net::ERR_ABORTED | /contracts?_rsc=gu9LWiAQNzfrKsW2 net::ERR_ABORTED | /intelligence?_rsc=gu9LWiAQNzfrKsW2 net::ERR_ABORTED | /intelligence/bids?_rsc=gu9LWiAQNzfrKsW2 net::ERR_ABORTED | /analytics?_rsc=gu9LWiAQNzfrKsW2 net::ERR_ABORTED | /crosses?_rsc=gu9LWiAQNzfrKsW2 net::ERR_ABORTED | /catalog?_rsc=gu9LWiAQNzfrKsW2 net::ERR_ABORTED | /catalog/gudid?_rsc=gu9LWiAQNzfrKsW2 net::ERR_ABORTED | /notifications?_rsc=gu9LWiAQNzfrKsW2 net::ERR_ABORTED","","0","1","0","Switch user ; Import .xlsx / .csv ; INPUT ; Extract a document… ; Verify ; Dispute ; 1190500 ; 1410015010 ; 1DLMC03 ; 1DLMC05 ; 112680 ; 1190816 ; SPMII ; 1200710 ; 1201520 ; 113700 ; 112650 ; 112660 ; UPA31015 ; 1190820 ; 1202025 ; 1190300 ; SPMXXL ; Record"
"PRICING_COMMITTEE","/intelligence/bids","/intelligence/bids","200","Public bids and awards","","","0","/accounts?_rsc=2gWrMJaxdn-CU2fc net::ERR_ABORTED | /analytics?_rsc=2gWrMJaxdn-CU2fc net::ERR_ABORTED | /catalog?_rsc=2gWrMJaxdn-CU2fc net::ERR_ABORTED | /catalog/gudid?_rsc=2gWrMJaxdn-CU2fc net::ERR_ABORTED | /crosses?_rsc=2gWrMJaxdn-CU2fc net::ERR_ABORTED | /proposals?_rsc=W5McYxvxTMCZbYJx net::ERR_ABORTED | /intelligence?_rsc=W5McYxvxTMCZbYJx net::ERR_ABORTED | /intelligence/bids?_rsc=W5McYxvxTMCZbYJx net::ERR_ABORTED | /analytics?_rsc=W5McYxvxTMCZbYJx net::ERR_ABORTED | /catalog?_rsc=W5McYxvxTMCZbYJx net::ERR_ABORTED | /catalog/gudid?_rsc=W5McYxvxTMCZbYJx net::ERR_ABORTED | /crosses?_rsc=W5McYxvxTMCZbYJx net::ERR_ABORTED | /notifications?_rsc=W5McYxvxTMCZbYJx net::ERR_ABORTED | /settings?_rsc=W5McYxvxTMCZbYJx net::ERR_ABORTED","","0","0","0","Switch user ; Pull ; Save ; INPUT"
"PRICING_COMMITTEE","/intelligence/extractions/[id]","/intelligence/extractions/missing0000000000000000","200","Extraction","Failed to load resource: the server responded with a status of 404 (Not Found)","","0","/contracts?_rsc=VJB2dfGule5Oh2L3 net::ERR_ABORTED | /intelligence/bids?_rsc=VJB2dfGule5Oh2L3 net::ERR_ABORTED | /intelligence?_rsc=VJB2dfGule5Oh2L3 net::ERR_ABORTED | /analytics?_rsc=VJB2dfGule5Oh2L3 net::ERR_ABORTED | /catalog?_rsc=VJB2dfGule5Oh2L3 net::ERR_ABORTED | /catalog/gudid?_rsc=VJB2dfGule5Oh2L3 net::ERR_ABORTED | /crosses?_rsc=VJB2dfGule5Oh2L3 net::ERR_ABORTED | /settings?_rsc=VJB2dfGule5Oh2L3 net::ERR_ABORTED | /notifications?_rsc=VJB2dfGule5Oh2L3 net::ERR_ABORTED | /?_rsc=wBL8jh-0AxNJNXN_ net::ERR_ABORTED | /proposals?_rsc=wBL8jh-0AxNJNXN_ net::ERR_ABORTED | /accounts?_rsc=wBL8jh-0AxNJNXN_ net::ERR_ABORTED | /approvals?_rsc=wBL8jh-0AxNJNXN_ net::ERR_ABORTED | /intelligence?_rsc=wBL8jh-0AxNJNXN_ net::ERR_ABORTED | /contracts?_rsc=wBL8jh-0AxNJNXN_ net::ERR_ABORTED | /intelligence/bids?_rsc=wBL8jh-0AxNJNXN_ net::ERR_ABORTED | /analytics?_rsc=wBL8jh-0AxNJNXN_ net::ERR_ABORTED | /catalog?_rsc=wBL8jh-0AxNJNXN_ net::ERR_ABORTED | /settings?_rsc=wBL8jh-0AxNJNXN_ net::ERR_ABORTED | /catalog/gudid?_rsc=wBL8jh-0AxNJNXN_ net::ERR_ABORTED | /crosses?_rsc=wBL8jh-0AxNJNXN_ net::ERR_ABORTED | /notifications?_rsc=wBL8jh-0AxNJNXN_ net::ERR_ABORTED","404 /api/documents/extractions/missing0000000000000000","0","0","0","Switch user"
"PRICING_COMMITTEE","/analytics","/analytics","200","Commercial feedback loop","","","0","/?_rsc=ix5_aAief6TvBg04 net::ERR_ABORTED | /proposals?_rsc=ix5_aAief6TvBg04 net::ERR_ABORTED | /approvals?_rsc=ix5_aAief6TvBg04 net::ERR_ABORTED | /accounts?_rsc=ix5_aAief6TvBg04 net::ERR_ABORTED | /contracts?_rsc=ix5_aAief6TvBg04 net::ERR_ABORTED | /intelligence?_rsc=ix5_aAief6TvBg04 net::ERR_ABORTED | /intelligence/bids?_rsc=ix5_aAief6TvBg04 net::ERR_ABORTED | /catalog?_rsc=ix5_aAief6TvBg04 net::ERR_ABORTED | /catalog/gudid?_rsc=ix5_aAief6TvBg04 net::ERR_ABORTED | /crosses?_rsc=ix5_aAief6TvBg04 net::ERR_ABORTED | /settings?_rsc=ix5_aAief6TvBg04 net::ERR_ABORTED | /notifications?_rsc=ix5_aAief6TvBg04 net::ERR_ABORTED | /proposals?_rsc=Dt318okBLJyNDlfE net::ERR_ABORTED | /approvals?_rsc=Dt318okBLJyNDlfE net::ERR_ABORTED | /?_rsc=Dt318okBLJyNDlfE net::ERR_ABORTED | /accounts?_rsc=Dt318okBLJyNDlfE net::ERR_ABORTED | /catalog/gudid?_rsc=Dt318okBLJyNDlfE net::ERR_ABORTED | /catalog?_rsc=Dt318okBLJyNDlfE net::ERR_ABORTED | /intelligence/bids?_rsc=Dt318okBLJyNDlfE net::ERR_ABORTED | /analytics?_rsc=Dt318okBLJyNDlfE net::ERR_ABORTED | /notifications?_rsc=Dt318okBLJyNDlfE net::ERR_ABORTED | /crosses?_rsc=Dt318okBLJyNDlfE net::ERR_ABORTED | /settings?_rsc=Dt318okBLJyNDlfE net::ERR_ABORTED","","0","1","0","Switch user ; Refresh"
"PRICING_COMMITTEE","/catalog","/catalog","200","Our catalog","","","0","/?_rsc=OYzo7EH3MGwwxBfF net::ERR_ABORTED | /proposals?_rsc=OYzo7EH3MGwwxBfF net::ERR_ABORTED | /analytics?_rsc=OYzo7EH3MGwwxBfF net::ERR_ABORTED | /contracts?_rsc=OYzo7EH3MGwwxBfF net::ERR_ABORTED | /intelligence?_rsc=OYzo7EH3MGwwxBfF net::ERR_ABORTED | /intelligence/bids?_rsc=OYzo7EH3MGwwxBfF net::ERR_ABORTED | /catalog/gudid?_rsc=OYzo7EH3MGwwxBfF net::ERR_ABORTED | /crosses?_rsc=OYzo7EH3MGwwxBfF net::ERR_ABORTED | /settings?_rsc=OYzo7EH3MGwwxBfF net::ERR_ABORTED | /notifications?_rsc=OYzo7EH3MGwwxBfF net::ERR_ABORTED | /?_rsc=O6cAbYUSgs3KBG-F net::ERR_ABORTED | /proposals?_rsc=O6cAbYUSgs3KBG-F net::ERR_ABORTED | /approvals?_rsc=O6cAbYUSgs3KBG-F net::ERR_ABORTED | /accounts?_rsc=O6cAbYUSgs3KBG-F net::ERR_ABORTED | /contracts?_rsc=O6cAbYUSgs3KBG-F net::ERR_ABORTED | /catalog?_rsc=O6cAbYUSgs3KBG-F net::ERR_ABORTED | /intelligence/bids?_rsc=O6cAbYUSgs3KBG-F net::ERR_ABORTED | /analytics?_rsc=O6cAbYUSgs3KBG-F net::ERR_ABORTED | /intelligence?_rsc=O6cAbYUSgs3KBG-F net::ERR_ABORTED | /catalog/gudid?_rsc=O6cAbYUSgs3KBG-F net::ERR_ABORTED | /crosses?_rsc=O6cAbYUSgs3KBG-F net::ERR_ABORTED | /settings?_rsc=O6cAbYUSgs3KBG-F net::ERR_ABORTED | /notifications?_rsc=O6cAbYUSgs3KBG-F net::ERR_ABORTED","","0","1","0","Switch user ; GUDID library"
"PRICING_COMMITTEE","/catalog/gudid","/catalog/gudid","200","GUDID library","","","0","/accounts?_rsc=DGmoGnAw5OqJpMhM net::ERR_ABORTED | /?_rsc=DGmoGnAw5OqJpMhM net::ERR_ABORTED | /proposals?_rsc=DGmoGnAw5OqJpMhM net::ERR_ABORTED | /approvals?_rsc=DGmoGnAw5OqJpMhM net::ERR_ABORTED | /contracts?_rsc=DGmoGnAw5OqJpMhM net::ERR_ABORTED | /intelligence?_rsc=DGmoGnAw5OqJpMhM net::ERR_ABORTED | /intelligence/bids?_rsc=DGmoGnAw5OqJpMhM net::ERR_ABORTED | /crosses?_rsc=DGmoGnAw5OqJpMhM net::ERR_ABORTED | /catalog?_rsc=DGmoGnAw5OqJpMhM net::ERR_ABORTED | /settings?_rsc=DGmoGnAw5OqJpMhM net::ERR_ABORTED | /notifications?_rsc=DGmoGnAw5OqJpMhM net::ERR_ABORTED | /?_rsc=Z9EVd8HHdUwJDdIQ net::ERR_ABORTED | /approvals?_rsc=Z9EVd8HHdUwJDdIQ net::ERR_ABORTED | /accounts?_rsc=Z9EVd8HHdUwJDdIQ net::ERR_ABORTED | /proposals?_rsc=Z9EVd8HHdUwJDdIQ net::ERR_ABORTED | /intelligence?_rsc=Z9EVd8HHdUwJDdIQ net::ERR_ABORTED | /intelligence/bids?_rsc=Z9EVd8HHdUwJDdIQ net::ERR_ABORTED | /contracts?_rsc=Z9EVd8HHdUwJDdIQ net::ERR_ABORTED | /analytics?_rsc=Z9EVd8HHdUwJDdIQ net::ERR_ABORTED | /catalog?_rsc=Z9EVd8HHdUwJDdIQ net::ERR_ABORTED | /notifications?_rsc=Z9EVd8HHdUwJDdIQ net::ERR_ABORTED | /catalog/gudid?_rsc=Z9EVd8HHdUwJDdIQ net::ERR_ABORTED | /crosses?_rsc=Z9EVd8HHdUwJDdIQ net::ERR_ABORTED | /settings?_rsc=Z9EVd8HHdUwJDdIQ net::ERR_ABORTED","","0","0","0","Switch user"
"PRICING_COMMITTEE","/crosses","/crosses","200","Crosswalk","","","0","/?_rsc=zAn-vlYtEcVbUMJ6 net::ERR_ABORTED | /proposals?_rsc=zAn-vlYtEcVbUMJ6 net::ERR_ABORTED | /approvals?_rsc=zAn-vlYtEcVbUMJ6 net::ERR_ABORTED | /accounts?_rsc=zAn-vlYtEcVbUMJ6 net::ERR_ABORTED | /contracts?_rsc=zAn-vlYtEcVbUMJ6 net::ERR_ABORTED | /intelligence?_rsc=zAn-vlYtEcVbUMJ6 net::ERR_ABORTED | /intelligence/bids?_rsc=zAn-vlYtEcVbUMJ6 net::ERR_ABORTED | /analytics?_rsc=zAn-vlYtEcVbUMJ6 net::ERR_ABORTED | /catalog?_rsc=zAn-vlYtEcVbUMJ6 net::ERR_ABORTED | /catalog/gudid?_rsc=zAn-vlYtEcVbUMJ6 net::ERR_ABORTED | /settings?_rsc=zAn-vlYtEcVbUMJ6 net::ERR_ABORTED | /notifications?_rsc=zAn-vlYtEcVbUMJ6 net::ERR_ABORTED | /?_rsc=aniPmKjMQR6zCALO net::ERR_ABORTED | /proposals?_rsc=aniPmKjMQR6zCALO net::ERR_ABORTED | /accounts?_rsc=aniPmKjMQR6zCALO net::ERR_ABORTED | /intelligence/bids?_rsc=aniPmKjMQR6zCALO net::ERR_ABORTED | /intelligence?_rsc=aniPmKjMQR6zCALO net::ERR_ABORTED | /analytics?_rsc=aniPmKjMQR6zCALO net::ERR_ABORTED | /contracts?_rsc=aniPmKjMQR6zCALO net::ERR_ABORTED | /catalog/gudid?_rsc=aniPmKjMQR6zCALO net::ERR_ABORTED | /catalog?_rsc=aniPmKjMQR6zCALO net::ERR_ABORTED","","0","0","0","Switch user"
"PRICING_COMMITTEE","/notifications","/notifications","200","Notifications","","","0","/?_rsc=oG-rbVP81bj5yHs2 net::ERR_ABORTED | /proposals?_rsc=oG-rbVP81bj5yHs2 net::ERR_ABORTED | /approvals?_rsc=oG-rbVP81bj5yHs2 net::ERR_ABORTED | /accounts?_rsc=oG-rbVP81bj5yHs2 net::ERR_ABORTED | /contracts?_rsc=oG-rbVP81bj5yHs2 net::ERR_ABORTED | /intelligence?_rsc=oG-rbVP81bj5yHs2 net::ERR_ABORTED | /intelligence/bids?_rsc=oG-rbVP81bj5yHs2 net::ERR_ABORTED | /analytics?_rsc=oG-rbVP81bj5yHs2 net::ERR_ABORTED | /catalog?_rsc=oG-rbVP81bj5yHs2 net::ERR_ABORTED | /catalog/gudid?_rsc=oG-rbVP81bj5yHs2 net::ERR_ABORTED | /crosses?_rsc=oG-rbVP81bj5yHs2 net::ERR_ABORTED | /settings?_rsc=oG-rbVP81bj5yHs2 net::ERR_ABORTED | /approvals?_rsc=FxIb9Zh5xrkPNSW4 net::ERR_ABORTED | /?_rsc=FxIb9Zh5xrkPNSW4 net::ERR_ABORTED | /proposals?_rsc=FxIb9Zh5xrkPNSW4 net::ERR_ABORTED | /accounts?_rsc=FxIb9Zh5xrkPNSW4 net::ERR_ABORTED | /intelligence?_rsc=FxIb9Zh5xrkPNSW4 net::ERR_ABORTED | /contracts?_rsc=FxIb9Zh5xrkPNSW4 net::ERR_ABORTED | /intelligence/bids?_rsc=FxIb9Zh5xrkPNSW4 net::ERR_ABORTED | /analytics?_rsc=FxIb9Zh5xrkPNSW4 net::ERR_ABORTED | /catalog?_rsc=FxIb9Zh5xrkPNSW4 net::ERR_ABORTED | /crosses?_rsc=FxIb9Zh5xrkPNSW4 net::ERR_ABORTED | /catalog/gudid?_rsc=FxIb9Zh5xrkPNSW4 net::ERR_ABORTED | /settings?_rsc=FxIb9Zh5xrkPNSW4 net::ERR_ABORTED | /notifications?_rsc=FxIb9Zh5xrkPNSW4 net::ERR_ABORTED","","0","0","0","Switch user ; Mark all read ; Read"
"PRICING_COMMITTEE","/settings","/settings","200","Settings","Failed to load resource: the server responded with a status of 429 (Too Many Requests) | Failed to load resource: the server responded with a status of 404 (Not Found)","","0","/?_rsc=DQxjArDrgutTG17x net::ERR_ABORTED | /accounts?_rsc=DQxjArDrgutTG17x net::ERR_ABORTED | /proposals?_rsc=DQxjArDrgutTG17x net::ERR_ABORTED | /approvals?_rsc=DQxjArDrgutTG17x net::ERR_ABORTED | /contracts?_rsc=DQxjArDrgutTG17x net::ERR_ABORTED | /intelligence?_rsc=DQxjArDrgutTG17x net::ERR_ABORTED | /intelligence/bids?_rsc=DQxjArDrgutTG17x net::ERR_ABORTED | /analytics?_rsc=DQxjArDrgutTG17x net::ERR_ABORTED | /catalog?_rsc=DQxjArDrgutTG17x net::ERR_ABORTED | /catalog/gudid?_rsc=DQxjArDrgutTG17x net::ERR_ABORTED | /crosses?_rsc=DQxjArDrgutTG17x net::ERR_ABORTED | /notifications?_rsc=DQxjArDrgutTG17x net::ERR_ABORTED | /settings/pricing?_rsc=DQxjArDrgutTG17x net::ERR_ABORTED | /?_rsc=j-_vjoKOn8bxlRO7 net::ERR_ABORTED | /proposals?_rsc=j-_vjoKOn8bxlRO7 net::ERR_ABORTED | /approvals?_rsc=j-_vjoKOn8bxlRO7 net::ERR_ABORTED | /accounts?_rsc=j-_vjoKOn8bxlRO7 net::ERR_ABORTED | /contracts?_rsc=j-_vjoKOn8bxlRO7 net::ERR_ABORTED | /intelligence?_rsc=j-_vjoKOn8bxlRO7 net::ERR_ABORTED | /catalog/gudid?_rsc=j-_vjoKOn8bxlRO7 net::ERR_ABORTED | /intelligence/bids?_rsc=j-_vjoKOn8bxlRO7 net::ERR_ABORTED | /catalog?_rsc=j-_vjoKOn8bxlRO7 net::ERR_ABORTED | /analytics?_rsc=j-_vjoKOn8bxlRO7 net::ERR_ABORTED | /settings/integrations?_rsc=j-_vjoKOn8bxlRO7 net::ERR_ABORTED | /crosses?_rsc=j-_vjoKOn8bxlRO7 net::ERR_ABORTED | /settings?_rsc=j-_vjoKOn8bxlRO7 net::ERR_ABORTED | /notifications?_rsc=j-_vjoKOn8bxlRO7 net::ERR_ABORTED | /settings/pricing?_rsc=j-_vjoKOn8bxlRO7 net::ERR_ABORTED","429 /api/auth/dev | 404 /docs/INTEGRATIONS.md?_rsc=DQxjArDrgutTG17x","0","0","0","Switch user ; Save ; Edit ; Configure integrations → ; How to connect"
"PRICING_COMMITTEE","/settings/integrations","/settings/integrations","200","Settings","Failed to load resource: the server responded with a status of 429 (Too Many Requests) | Failed to load resource: the server responded with a status of 404 (Not Found)","","0","/api/auth/dev net::ERR_ABORTED | /docs/INTEGRATIONS.md?_rsc=DQxjArDrgutTG17x net::ERR_ABORTED | /?_rsc=DQxjArDrgutTG17x net::ERR_ABORTED | /proposals?_rsc=DQxjArDrgutTG17x net::ERR_ABORTED | /approvals?_rsc=DQxjArDrgutTG17x net::ERR_ABORTED | /analytics?_rsc=DQxjArDrgutTG17x net::ERR_ABORTED | /catalog?_rsc=DQxjArDrgutTG17x net::ERR_ABORTED | /catalog/gudid?_rsc=DQxjArDrgutTG17x net::ERR_ABORTED | /crosses?_rsc=DQxjArDrgutTG17x net::ERR_ABORTED | /notifications?_rsc=DQxjArDrgutTG17x net::ERR_ABORTED | /settings/integrations?_rsc=DQxjArDrgutTG17x net::ERR_ABORTED | /settings/pricing?_rsc=DQxjArDrgutTG17x net::ERR_ABORTED | /?_rsc=j-_vjoKOn8bxlRO7 net::ERR_ABORTED | /proposals?_rsc=j-_vjoKOn8bxlRO7 net::ERR_ABORTED | /approvals?_rsc=j-_vjoKOn8bxlRO7 net::ERR_ABORTED | /accounts?_rsc=j-_vjoKOn8bxlRO7 net::ERR_ABORTED | /contracts?_rsc=j-_vjoKOn8bxlRO7 net::ERR_ABORTED | /intelligence?_rsc=j-_vjoKOn8bxlRO7 net::ERR_ABORTED | /intelligence/bids?_rsc=j-_vjoKOn8bxlRO7 net::ERR_ABORTED | /analytics?_rsc=j-_vjoKOn8bxlRO7 net::ERR_ABORTED | /catalog?_rsc=j-_vjoKOn8bxlRO7 net::ERR_ABORTED | /notifications?_rsc=j-_vjoKOn8bxlRO7 net::ERR_ABORTED | /catalog/gudid?_rsc=j-_vjoKOn8bxlRO7 net::ERR_ABORTED | /crosses?_rsc=j-_vjoKOn8bxlRO7 net::ERR_ABORTED | /settings?_rsc=j-_vjoKOn8bxlRO7 net::ERR_ABORTED | /settings/integrations?_rsc=j-_vjoKOn8bxlRO7 net::ERR_ABORTED | /settings/pricing?_rsc=j-_vjoKOn8bxlRO7 net::ERR_ABORTED","429 /api/auth/dev | 404 /docs/INTEGRATIONS.md?_rsc=DQxjArDrgutTG17x","0","0","0","Switch user ; Save ; Edit ; Configure integrations → ; How to connect"
"PRICING_COMMITTEE","/settings/pricing","/settings/pricing","200","Pricing policies","Failed to load resource: the server responded with a status of 429 (Too Many Requests)","","0","/docs/INTEGRATIONS.md?_rsc=DQxjArDrgutTG17x net::ERR_ABORTED | /api/auth/dev net::ERR_ABORTED | /?_rsc=8oSST31HPn0UlEto net::ERR_ABORTED | /proposals?_rsc=8oSST31HPn0UlEto net::ERR_ABORTED | /approvals?_rsc=8oSST31HPn0UlEto net::ERR_ABORTED | /catalog/gudid?_rsc=8oSST31HPn0UlEto net::ERR_ABORTED | /crosses?_rsc=8oSST31HPn0UlEto net::ERR_ABORTED | /settings?_rsc=8oSST31HPn0UlEto net::ERR_ABORTED | /notifications?_rsc=8oSST31HPn0UlEto net::ERR_ABORTED | /?_rsc=_Ie442TgELs3Q458 net::ERR_ABORTED | /proposals?_rsc=_Ie442TgELs3Q458 net::ERR_ABORTED | /analytics?_rsc=_Ie442TgELs3Q458 net::ERR_ABORTED | /catalog?_rsc=_Ie442TgELs3Q458 net::ERR_ABORTED | /catalog/gudid?_rsc=_Ie442TgELs3Q458 net::ERR_ABORTED | /crosses?_rsc=_Ie442TgELs3Q458 net::ERR_ABORTED | /settings?_rsc=_Ie442TgELs3Q458 net::ERR_ABORTED","429 /api/auth/dev","0","0","0","Switch user ; New draft ; New version"
"PRODUCT_MARKETING","/","/","200","Competitive cross reference","","","0","/accounts?_rsc=5CB68i4pnAekjehf net::ERR_ABORTED | /contracts?_rsc=5CB68i4pnAekjehf net::ERR_ABORTED | /requests?_rsc=5CB68i4pnAekjehf net::ERR_ABORTED | /proposals?_rsc=5CB68i4pnAekjehf net::ERR_ABORTED | /intelligence/bids?_rsc=5CB68i4pnAekjehf net::ERR_ABORTED | /analytics?_rsc=5CB68i4pnAekjehf net::ERR_ABORTED | /catalog?_rsc=5CB68i4pnAekjehf net::ERR_ABORTED | /catalog/gudid?_rsc=5CB68i4pnAekjehf net::ERR_ABORTED | /crosses?_rsc=5CB68i4pnAekjehf net::ERR_ABORTED | /settings?_rsc=5CB68i4pnAekjehf net::ERR_ABORTED | /notifications?_rsc=5CB68i4pnAekjehf net::ERR_ABORTED | /requests/new?_rsc=5CB68i4pnAekjehf net::ERR_ABORTED | /?_rsc=tXyZJ52UQVBCVsD3 net::ERR_ABORTED | /requests?_rsc=tXyZJ52UQVBCVsD3 net::ERR_ABORTED | /proposals?_rsc=tXyZJ52UQVBCVsD3 net::ERR_ABORTED | /accounts?_rsc=tXyZJ52UQVBCVsD3 net::ERR_ABORTED | /contracts?_rsc=tXyZJ52UQVBCVsD3 net::ERR_ABORTED | /intelligence?_rsc=tXyZJ52UQVBCVsD3 net::ERR_ABORTED | /intelligence/bids?_rsc=tXyZJ52UQVBCVsD3 net::ERR_ABORTED | /catalog?_rsc=tXyZJ52UQVBCVsD3 net::ERR_ABORTED | /crosses?_rsc=tXyZJ52UQVBCVsD3 net::ERR_ABORTED | /catalog/gudid?_rsc=tXyZJ52UQVBCVsD3 net::ERR_ABORTED | /analytics?_rsc=tXyZJ52UQVBCVsD3 net::ERR_ABORTED | /settings?_rsc=tXyZJ52UQVBCVsD3 net::ERR_ABORTED | /notifications?_rsc=tXyZJ52UQVBCVsD3 net::ERR_ABORTED | /requests/new?_rsc=tXyZJ52UQVBCVsD3 net::ERR_ABORTED","","0","0","0","New request ; Switch user"
"PRODUCT_MARKETING","/requests","/requests","200","Cross-reference requests","","","0","/accounts?_rsc=p3Q57VochOqcQNsg net::ERR_ABORTED | /contracts?_rsc=p3Q57VochOqcQNsg net::ERR_ABORTED | /?_rsc=p3Q57VochOqcQNsg net::ERR_ABORTED | /proposals?_rsc=p3Q57VochOqcQNsg net::ERR_ABORTED | /intelligence/bids?_rsc=p3Q57VochOqcQNsg net::ERR_ABORTED | /intelligence?_rsc=p3Q57VochOqcQNsg net::ERR_ABORTED | /analytics?_rsc=p3Q57VochOqcQNsg net::ERR_ABORTED | /catalog?_rsc=p3Q57VochOqcQNsg net::ERR_ABORTED | /catalog/gudid?_rsc=p3Q57VochOqcQNsg net::ERR_ABORTED | /crosses?_rsc=p3Q57VochOqcQNsg net::ERR_ABORTED | /settings?_rsc=p3Q57VochOqcQNsg net::ERR_ABORTED | /notifications?_rsc=p3Q57VochOqcQNsg net::ERR_ABORTED | /requests/new?_rsc=p3Q57VochOqcQNsg net::ERR_ABORTED | /?_rsc=nIzLgF1M7nWxnHlV net::ERR_ABORTED | /requests?_rsc=nIzLgF1M7nWxnHlV net::ERR_ABORTED | /proposals?_rsc=nIzLgF1M7nWxnHlV net::ERR_ABORTED | /contracts?_rsc=nIzLgF1M7nWxnHlV net::ERR_ABORTED | /intelligence?_rsc=nIzLgF1M7nWxnHlV net::ERR_ABORTED | /intelligence/bids?_rsc=nIzLgF1M7nWxnHlV net::ERR_ABORTED | /analytics?_rsc=nIzLgF1M7nWxnHlV net::ERR_ABORTED | /catalog?_rsc=nIzLgF1M7nWxnHlV net::ERR_ABORTED | /catalog/gudid?_rsc=nIzLgF1M7nWxnHlV net::ERR_ABORTED | /settings?_rsc=nIzLgF1M7nWxnHlV net::ERR_ABORTED | /crosses?_rsc=nIzLgF1M7nWxnHlV net::ERR_ABORTED | /notifications?_rsc=nIzLgF1M7nWxnHlV net::ERR_ABORTED | /requests/new?_rsc=nIzLgF1M7nWxnHlV net::ERR_ABORTED","","0","0","0","New request ; Switch user"
"PRODUCT_MARKETING","/requests/new","/requests/new","200","Competitive cross reference","","","0","/?_rsc=4belA-F-xg-XtLdx net::ERR_ABORTED | /requests?_rsc=4belA-F-xg-XtLdx net::ERR_ABORTED | /proposals?_rsc=4belA-F-xg-XtLdx net::ERR_ABORTED | /accounts?_rsc=4belA-F-xg-XtLdx net::ERR_ABORTED | /contracts?_rsc=4belA-F-xg-XtLdx net::ERR_ABORTED | /intelligence/bids?_rsc=4belA-F-xg-XtLdx net::ERR_ABORTED | /intelligence?_rsc=4belA-F-xg-XtLdx net::ERR_ABORTED | /analytics?_rsc=4belA-F-xg-XtLdx net::ERR_ABORTED | /catalog?_rsc=4belA-F-xg-XtLdx net::ERR_ABORTED | /catalog/gudid?_rsc=4belA-F-xg-XtLdx net::ERR_ABORTED | /crosses?_rsc=4belA-F-xg-XtLdx net::ERR_ABORTED | /settings?_rsc=4belA-F-xg-XtLdx net::ERR_ABORTED | /notifications?_rsc=4belA-F-xg-XtLdx net::ERR_ABORTED | /requests?_rsc=O1p93FFpSnNce0k4 net::ERR_ABORTED | /?_rsc=O1p93FFpSnNce0k4 net::ERR_ABORTED | /proposals?_rsc=O1p93FFpSnNce0k4 net::ERR_ABORTED | /accounts?_rsc=O1p93FFpSnNce0k4 net::ERR_ABORTED | /contracts?_rsc=O1p93FFpSnNce0k4 net::ERR_ABORTED | /intelligence?_rsc=O1p93FFpSnNce0k4 net::ERR_ABORTED | /intelligence/bids?_rsc=O1p93FFpSnNce0k4 net::ERR_ABORTED | /analytics?_rsc=O1p93FFpSnNce0k4 net::ERR_ABORTED | /catalog?_rsc=O1p93FFpSnNce0k4 net::ERR_ABORTED | /catalog/gudid?_rsc=O1p93FFpSnNce0k4 net::ERR_ABORTED | /crosses?_rsc=O1p93FFpSnNce0k4 net::ERR_ABORTED | /settings?_rsc=O1p93FFpSnNce0k4 net::ERR_ABORTED | /notifications?_rsc=O1p93FFpSnNce0k4 net::ERR_ABORTED | /requests/new?_rsc=O1p93FFpSnNce0k4 net::ERR_ABORTED","","0","0","0","New request ; Switch user ; Google Sheets link ; Upload .xlsx / .csv ; Paste from a sheet ; Read sheet ; Continue request"
"PRODUCT_MARKETING","/requests/[id]","/requests/null","200","","Failed to load resource: the server responded with a status of 404 (Not Found)","","0","/?_rsc=76SvvV1TLjtpHtqe net::ERR_ABORTED | /requests?_rsc=76SvvV1TLjtpHtqe net::ERR_ABORTED | /proposals?_rsc=76SvvV1TLjtpHtqe net::ERR_ABORTED | /accounts?_rsc=76SvvV1TLjtpHtqe net::ERR_ABORTED | /contracts?_rsc=76SvvV1TLjtpHtqe net::ERR_ABORTED | /analytics?_rsc=76SvvV1TLjtpHtqe net::ERR_ABORTED | /catalog?_rsc=76SvvV1TLjtpHtqe net::ERR_ABORTED | /catalog/gudid?_rsc=76SvvV1TLjtpHtqe net::ERR_ABORTED | /crosses?_rsc=76SvvV1TLjtpHtqe net::ERR_ABORTED | /notifications?_rsc=76SvvV1TLjtpHtqe net::ERR_ABORTED | /requests/new?_rsc=76SvvV1TLjtpHtqe net::ERR_ABORTED | /?_rsc=eoRKZgXY26fq4Ulk net::ERR_ABORTED | /requests?_rsc=eoRKZgXY26fq4Ulk net::ERR_ABORTED | /proposals?_rsc=eoRKZgXY26fq4Ulk net::ERR_ABORTED | /accounts?_rsc=eoRKZgXY26fq4Ulk net::ERR_ABORTED | /contracts?_rsc=eoRKZgXY26fq4Ulk net::ERR_ABORTED | /intelligence?_rsc=eoRKZgXY26fq4Ulk net::ERR_ABORTED | /analytics?_rsc=eoRKZgXY26fq4Ulk net::ERR_ABORTED | /intelligence/bids?_rsc=eoRKZgXY26fq4Ulk net::ERR_ABORTED | /settings?_rsc=eoRKZgXY26fq4Ulk net::ERR_ABORTED | /catalog/gudid?_rsc=eoRKZgXY26fq4Ulk net::ERR_ABORTED | /crosses?_rsc=eoRKZgXY26fq4Ulk net::ERR_ABORTED | /notifications?_rsc=eoRKZgXY26fq4Ulk net::ERR_ABORTED | /requests/new?_rsc=eoRKZgXY26fq4Ulk net::ERR_ABORTED","404 /api/requests/null","0","0","0","New request ; Switch user"
"PRODUCT_MARKETING","/proposals","/proposals","200","Commercial proposals","","","0","/api/requests/null net::ERR_ABORTED | /?_rsc=8qZH60WsiyOTuseO net::ERR_ABORTED | /requests?_rsc=8qZH60WsiyOTuseO net::ERR_ABORTED | /accounts?_rsc=8qZH60WsiyOTuseO net::ERR_ABORTED | /contracts?_rsc=8qZH60WsiyOTuseO net::ERR_ABORTED | /intelligence?_rsc=8qZH60WsiyOTuseO net::ERR_ABORTED | /intelligence/bids?_rsc=8qZH60WsiyOTuseO net::ERR_ABORTED | /catalog?_rsc=8qZH60WsiyOTuseO net::ERR_ABORTED | /analytics?_rsc=8qZH60WsiyOTuseO net::ERR_ABORTED | /catalog/gudid?_rsc=8qZH60WsiyOTuseO net::ERR_ABORTED | /crosses?_rsc=8qZH60WsiyOTuseO net::ERR_ABORTED | /settings?_rsc=8qZH60WsiyOTuseO net::ERR_ABORTED | /notifications?_rsc=8qZH60WsiyOTuseO net::ERR_ABORTED | /requests/new?_rsc=8qZH60WsiyOTuseO net::ERR_ABORTED | /?_rsc=yDw8cg_cK2Tq2IDS net::ERR_ABORTED | /requests?_rsc=yDw8cg_cK2Tq2IDS net::ERR_ABORTED | /proposals?_rsc=yDw8cg_cK2Tq2IDS net::ERR_ABORTED | /accounts?_rsc=yDw8cg_cK2Tq2IDS net::ERR_ABORTED | /intelligence?_rsc=yDw8cg_cK2Tq2IDS net::ERR_ABORTED | /contracts?_rsc=yDw8cg_cK2Tq2IDS net::ERR_ABORTED | /intelligence/bids?_rsc=yDw8cg_cK2Tq2IDS net::ERR_ABORTED | /analytics?_rsc=yDw8cg_cK2Tq2IDS net::ERR_ABORTED | /catalog?_rsc=yDw8cg_cK2Tq2IDS net::ERR_ABORTED | /catalog/gudid?_rsc=yDw8cg_cK2Tq2IDS net::ERR_ABORTED | /crosses?_rsc=yDw8cg_cK2Tq2IDS net::ERR_ABORTED | /settings?_rsc=yDw8cg_cK2Tq2IDS net::ERR_ABORTED | /notifications?_rsc=yDw8cg_cK2Tq2IDS net::ERR_ABORTED | /requests/new?_rsc=yDw8cg_cK2Tq2IDS net::ERR_ABORTED","","0","0","0","New request ; Switch user"
"PRODUCT_MARKETING","/proposals/[id]","/proposals/null","200","","Failed to load resource: the server responded with a status of 404 (Not Found)","","0","/?_rsc=VreOGdJHuaZwqD3- net::ERR_ABORTED | /requests?_rsc=VreOGdJHuaZwqD3- net::ERR_ABORTED | /proposals?_rsc=VreOGdJHuaZwqD3- net::ERR_ABORTED | /accounts?_rsc=VreOGdJHuaZwqD3- net::ERR_ABORTED | /contracts?_rsc=VreOGdJHuaZwqD3- net::ERR_ABORTED | /intelligence?_rsc=VreOGdJHuaZwqD3- net::ERR_ABORTED | /intelligence/bids?_rsc=VreOGdJHuaZwqD3- net::ERR_ABORTED | /catalog/gudid?_rsc=VreOGdJHuaZwqD3- net::ERR_ABORTED | /crosses?_rsc=VreOGdJHuaZwqD3- net::ERR_ABORTED | /requests/new?_rsc=VreOGdJHuaZwqD3- net::ERR_ABORTED | /settings?_rsc=VreOGdJHuaZwqD3- net::ERR_ABORTED | /notifications?_rsc=VreOGdJHuaZwqD3- net::ERR_ABORTED | /?_rsc=hzu8hJFrzSYjsRgK net::ERR_ABORTED | /contracts?_rsc=hzu8hJFrzSYjsRgK net::ERR_ABORTED | /proposals?_rsc=hzu8hJFrzSYjsRgK net::ERR_ABORTED | /accounts?_rsc=hzu8hJFrzSYjsRgK net::ERR_ABORTED | /requests?_rsc=hzu8hJFrzSYjsRgK net::ERR_ABORTED | /intelligence?_rsc=hzu8hJFrzSYjsRgK net::ERR_ABORTED | /intelligence/bids?_rsc=hzu8hJFrzSYjsRgK net::ERR_ABORTED | /catalog?_rsc=hzu8hJFrzSYjsRgK net::ERR_ABORTED | /analytics?_rsc=hzu8hJFrzSYjsRgK net::ERR_ABORTED | /settings?_rsc=hzu8hJFrzSYjsRgK net::ERR_ABORTED | /notifications?_rsc=hzu8hJFrzSYjsRgK net::ERR_ABORTED | /crosses?_rsc=hzu8hJFrzSYjsRgK net::ERR_ABORTED | /catalog/gudid?_rsc=hzu8hJFrzSYjsRgK net::ERR_ABORTED | /requests/new?_rsc=hzu8hJFrzSYjsRgK net::ERR_ABORTED","404 /api/proposals/null","0","0","0","New request ; Switch user"
"PRODUCT_MARKETING","/approvals","/approvals","200","Pricing approvals","","","0","/?_rsc=Ut9iRRX_9PZKRdF- net::ERR_ABORTED | /proposals?_rsc=Ut9iRRX_9PZKRdF- net::ERR_ABORTED | /accounts?_rsc=Ut9iRRX_9PZKRdF- net::ERR_ABORTED | /intelligence?_rsc=Ut9iRRX_9PZKRdF- net::ERR_ABORTED | /intelligence/bids?_rsc=Ut9iRRX_9PZKRdF- net::ERR_ABORTED | /analytics?_rsc=Ut9iRRX_9PZKRdF- net::ERR_ABORTED | /contracts?_rsc=Ut9iRRX_9PZKRdF- net::ERR_ABORTED | /catalog?_rsc=Ut9iRRX_9PZKRdF- net::ERR_ABORTED | /crosses?_rsc=Ut9iRRX_9PZKRdF- net::ERR_ABORTED | /requests/new?_rsc=Ut9iRRX_9PZKRdF- net::ERR_ABORTED | /requests?_rsc=AU6DTT46DVXZ7jWj net::ERR_ABORTED | /?_rsc=AU6DTT46DVXZ7jWj net::ERR_ABORTED | /proposals?_rsc=AU6DTT46DVXZ7jWj net::ERR_ABORTED | /accounts?_rsc=AU6DTT46DVXZ7jWj net::ERR_ABORTED | /intelligence/bids?_rsc=AU6DTT46DVXZ7jWj net::ERR_ABORTED | /intelligence?_rsc=AU6DTT46DVXZ7jWj net::ERR_ABORTED | /contracts?_rsc=AU6DTT46DVXZ7jWj net::ERR_ABORTED | /analytics?_rsc=AU6DTT46DVXZ7jWj net::ERR_ABORTED | /catalog?_rsc=AU6DTT46DVXZ7jWj net::ERR_ABORTED | /catalog/gudid?_rsc=AU6DTT46DVXZ7jWj net::ERR_ABORTED | /crosses?_rsc=AU6DTT46DVXZ7jWj net::ERR_ABORTED | /settings?_rsc=AU6DTT46DVXZ7jWj net::ERR_ABORTED | /notifications?_rsc=AU6DTT46DVXZ7jWj net::ERR_ABORTED | /requests/new?_rsc=AU6DTT46DVXZ7jWj net::ERR_ABORTED","","0","0","0","New request ; Switch user ; Delegate my approvals"
"PRODUCT_MARKETING","/accounts","/accounts","200","Accounts & GPO membership","","","0","/?_rsc=iZGmHDWBA-6V7KTQ net::ERR_ABORTED | /requests?_rsc=iZGmHDWBA-6V7KTQ net::ERR_ABORTED | /contracts?_rsc=iZGmHDWBA-6V7KTQ net::ERR_ABORTED | /proposals?_rsc=iZGmHDWBA-6V7KTQ net::ERR_ABORTED | /intelligence?_rsc=iZGmHDWBA-6V7KTQ net::ERR_ABORTED | /intelligence/bids?_rsc=iZGmHDWBA-6V7KTQ net::ERR_ABORTED | /analytics?_rsc=iZGmHDWBA-6V7KTQ net::ERR_ABORTED | /catalog?_rsc=iZGmHDWBA-6V7KTQ net::ERR_ABORTED | /crosses?_rsc=iZGmHDWBA-6V7KTQ net::ERR_ABORTED | /settings?_rsc=iZGmHDWBA-6V7KTQ net::ERR_ABORTED | /notifications?_rsc=iZGmHDWBA-6V7KTQ net::ERR_ABORTED | /catalog/gudid?_rsc=iZGmHDWBA-6V7KTQ net::ERR_ABORTED | /requests/new?_rsc=iZGmHDWBA-6V7KTQ net::ERR_ABORTED | /accounts/cmuf6hihm02rkks7drm31yuur?_rsc=iZGmHDWBA-6V7KTQ net::ERR_ABORTED | /accounts/cmuf6hiho02rlks7d2xz6w5ev?_rsc=iZGmHDWBA-6V7KTQ net::ERR_ABORTED | /accounts/cmuf6hihq02rmks7did2qxong?_rsc=iZGmHDWBA-6V7KTQ net::ERR_ABORTED | /accounts/cmuf6hihk02rjks7dyamo9w2u?_rsc=iZGmHDWBA-6V7KTQ net::ERR_ABORTED | /?_rsc=oRxEn_R9e10JER3Z net::ERR_ABORTED | /requests?_rsc=oRxEn_R9e10JER3Z net::ERR_ABORTED | /proposals?_rsc=oRxEn_R9e10JER3Z net::ERR_ABORTED | /accounts?_rsc=oRxEn_R9e10JER3Z net::ERR_ABORTED | /contracts?_rsc=oRxEn_R9e10JER3Z net::ERR_ABORTED | /intelligence?_rsc=oRxEn_R9e10JER3Z net::ERR_ABORTED | /intelligence/bids?_rsc=oRxEn_R9e10JER3Z net::ERR_ABORTED | /analytics?_rsc=oRxEn_R9e10JER3Z net::ERR_ABORTED | /catalog?_rsc=oRxEn_R9e10JER3Z net::ERR_ABORTED | /catalog/gudid?_rsc=oRxEn_R9e10JER3Z net::ERR_ABORTED | /crosses?_rsc=oRxEn_R9e10JER3Z net::ERR_ABORTED | /settings?_rsc=oRxEn_R9e10JER3Z net::ERR_ABORTED | /notifications?_rsc=oRxEn_R9e10JER3Z net::ERR_ABORTED | /requests/new?_rsc=oRxEn_R9e10JER3Z net::ERR_ABORTED | /accounts/cmuf6hihm02rkks7drm31yuur?_rsc=oRxEn_R9e10JER3Z net::ERR_ABORTED | /accounts/cmuf6hiho02rlks7d2xz6w5ev?_rsc=oRxEn_R9e10JER3Z net::ERR_ABORTED | /accounts/cmuf6hihq02rmks7did2qxong?_rsc=oRxEn_R9e10JER3Z net::ERR_ABORTED | /accounts/cmuf6hihk02rjks7dyamo9w2u?_rsc=oRxEn_R9e10JER3Z net::ERR_ABORTED | /accounts/cmuf6hihh02riks7dkuig0cbl?_rsc=oRxEn_R9e10JER3Z net::ERR_ABORTED","","0","0","0","New request ; Switch user"
"PRODUCT_MARKETING","/accounts/[id]","/accounts/cmuf6hihm02rkks7drm31yuur","200","Hospital A — Mount Vernon General","","","0","/?_rsc=pYoAThzR_ryjq0MS net::ERR_ABORTED | /requests?_rsc=pYoAThzR_ryjq0MS net::ERR_ABORTED | /proposals?_rsc=pYoAThzR_ryjq0MS net::ERR_ABORTED | /accounts?_rsc=pYoAThzR_ryjq0MS net::ERR_ABORTED | /contracts?_rsc=pYoAThzR_ryjq0MS net::ERR_ABORTED | /intelligence?_rsc=pYoAThzR_ryjq0MS net::ERR_ABORTED | /analytics?_rsc=pYoAThzR_ryjq0MS net::ERR_ABORTED | /intelligence/bids?_rsc=pYoAThzR_ryjq0MS net::ERR_ABORTED | /catalog/gudid?_rsc=pYoAThzR_ryjq0MS net::ERR_ABORTED | /catalog?_rsc=pYoAThzR_ryjq0MS net::ERR_ABORTED | /crosses?_rsc=pYoAThzR_ryjq0MS net::ERR_ABORTED | /settings?_rsc=pYoAThzR_ryjq0MS net::ERR_ABORTED | /notifications?_rsc=pYoAThzR_ryjq0MS net::ERR_ABORTED | /requests/new?_rsc=pYoAThzR_ryjq0MS net::ERR_ABORTED | /contracts/cmuf6himl02swks7dif6nb96r?_rsc=pYoAThzR_ryjq0MS net::ERR_ABORTED | /?_rsc=gRQ4rCW2m6dkjkis net::ERR_ABORTED | /requests?_rsc=gRQ4rCW2m6dkjkis net::ERR_ABORTED | /proposals?_rsc=gRQ4rCW2m6dkjkis net::ERR_ABORTED | /accounts?_rsc=gRQ4rCW2m6dkjkis net::ERR_ABORTED | /contracts?_rsc=gRQ4rCW2m6dkjkis net::ERR_ABORTED | /intelligence?_rsc=gRQ4rCW2m6dkjkis net::ERR_ABORTED | /intelligence/bids?_rsc=gRQ4rCW2m6dkjkis net::ERR_ABORTED | /analytics?_rsc=gRQ4rCW2m6dkjkis net::ERR_ABORTED | /catalog?_rsc=gRQ4rCW2m6dkjkis net::ERR_ABORTED | /catalog/gudid?_rsc=gRQ4rCW2m6dkjkis net::ERR_ABORTED | /crosses?_rsc=gRQ4rCW2m6dkjkis net::ERR_ABORTED | /settings?_rsc=gRQ4rCW2m6dkjkis net::ERR_ABORTED | /notifications?_rsc=gRQ4rCW2m6dkjkis net::ERR_ABORTED | /requests/new?_rsc=gRQ4rCW2m6dkjkis net::ERR_ABORTED | /contracts/cmuf6himl02swks7dif6nb96r?_rsc=gRQ4rCW2m6dkjkis net::ERR_ABORTED","","0","1","0","New request ; Switch user"
"PRODUCT_MARKETING","/contracts","/contracts","200","Contracts & price context","","","0","/?_rsc=DzmfcRRfJeItXkgz net::ERR_ABORTED | /requests?_rsc=DzmfcRRfJeItXkgz net::ERR_ABORTED | /proposals?_rsc=DzmfcRRfJeItXkgz net::ERR_ABORTED | /accounts?_rsc=DzmfcRRfJeItXkgz net::ERR_ABORTED | /intelligence?_rsc=DzmfcRRfJeItXkgz net::ERR_ABORTED | /intelligence/bids?_rsc=DzmfcRRfJeItXkgz net::ERR_ABORTED | /analytics?_rsc=DzmfcRRfJeItXkgz net::ERR_ABORTED | /catalog?_rsc=DzmfcRRfJeItXkgz net::ERR_ABORTED | /catalog/gudid?_rsc=DzmfcRRfJeItXkgz net::ERR_ABORTED | /crosses?_rsc=DzmfcRRfJeItXkgz net::ERR_ABORTED | /settings?_rsc=DzmfcRRfJeItXkgz net::ERR_ABORTED | /notifications?_rsc=DzmfcRRfJeItXkgz net::ERR_ABORTED | /requests/new?_rsc=DzmfcRRfJeItXkgz net::ERR_ABORTED | /contracts/cmuf6himu02sxks7dkgml1rr2?_rsc=DzmfcRRfJeItXkgz net::ERR_ABORTED | /contracts/cmuf6himl02swks7dif6nb96r?_rsc=DzmfcRRfJeItXkgz net::ERR_ABORTED | /?_rsc=2Ju2sngZl13OvaTN net::ERR_ABORTED | /requests?_rsc=2Ju2sngZl13OvaTN net::ERR_ABORTED | /proposals?_rsc=2Ju2sngZl13OvaTN net::ERR_ABORTED | /accounts?_rsc=2Ju2sngZl13OvaTN net::ERR_ABORTED | /contracts?_rsc=2Ju2sngZl13OvaTN net::ERR_ABORTED | /intelligence?_rsc=2Ju2sngZl13OvaTN net::ERR_ABORTED | /intelligence/bids?_rsc=2Ju2sngZl13OvaTN net::ERR_ABORTED | /analytics?_rsc=2Ju2sngZl13OvaTN net::ERR_ABORTED | /catalog?_rsc=2Ju2sngZl13OvaTN net::ERR_ABORTED | /catalog/gudid?_rsc=2Ju2sngZl13OvaTN net::ERR_ABORTED | /crosses?_rsc=2Ju2sngZl13OvaTN net::ERR_ABORTED | /settings?_rsc=2Ju2sngZl13OvaTN net::ERR_ABORTED | /notifications?_rsc=2Ju2sngZl13OvaTN net::ERR_ABORTED | /requests/new?_rsc=2Ju2sngZl13OvaTN net::ERR_ABORTED | /contracts/cmuf6himu02sxks7dkgml1rr2?_rsc=2Ju2sngZl13OvaTN net::ERR_ABORTED | /contracts/cmuf6himl02swks7dif6nb96r?_rsc=2Ju2sngZl13OvaTN net::ERR_ABORTED","","0","1","0","New request ; Switch user ; New contract"
"PRODUCT_MARKETING","/contracts/[id]","/contracts/cmuf6himu02sxks7dkgml1rr2","200","MSK-LOCAL-2026 · MSK local mesh agreement","","","0","/proposals?_rsc=TQOCHQXESAyQ3VEl net::ERR_ABORTED | /?_rsc=TQOCHQXESAyQ3VEl net::ERR_ABORTED | /requests?_rsc=TQOCHQXESAyQ3VEl net::ERR_ABORTED | /accounts?_rsc=TQOCHQXESAyQ3VEl net::ERR_ABORTED | /contracts?_rsc=TQOCHQXESAyQ3VEl net::ERR_ABORTED | /intelligence?_rsc=TQOCHQXESAyQ3VEl net::ERR_ABORTED | /intelligence/bids?_rsc=TQOCHQXESAyQ3VEl net::ERR_ABORTED | /analytics?_rsc=TQOCHQXESAyQ3VEl net::ERR_ABORTED | /catalog?_rsc=TQOCHQXESAyQ3VEl net::ERR_ABORTED | /catalog/gudid?_rsc=TQOCHQXESAyQ3VEl net::ERR_ABORTED | /crosses?_rsc=TQOCHQXESAyQ3VEl net::ERR_ABORTED | /accounts/cmuf6hihk02rjks7dyamo9w2u?_rsc=TQOCHQXESAyQ3VEl net::ERR_ABORTED | /settings?_rsc=TQOCHQXESAyQ3VEl net::ERR_ABORTED | /notifications?_rsc=TQOCHQXESAyQ3VEl net::ERR_ABORTED | /requests/new?_rsc=TQOCHQXESAyQ3VEl net::ERR_ABORTED | /proposals?_rsc=12web-rdU3k9vLaG net::ERR_ABORTED | /?_rsc=12web-rdU3k9vLaG net::ERR_ABORTED | /requests?_rsc=12web-rdU3k9vLaG net::ERR_ABORTED | /accounts/cmuf6hihk02rjks7dyamo9w2u?_rsc=12web-rdU3k9vLaG net::ERR_ABORTED | /accounts?_rsc=12web-rdU3k9vLaG net::ERR_ABORTED | /intelligence?_rsc=12web-rdU3k9vLaG net::ERR_ABORTED | /contracts?_rsc=12web-rdU3k9vLaG net::ERR_ABORTED | /intelligence/bids?_rsc=12web-rdU3k9vLaG net::ERR_ABORTED | /analytics?_rsc=12web-rdU3k9vLaG net::ERR_ABORTED | /catalog?_rsc=12web-rdU3k9vLaG net::ERR_ABORTED | /catalog/gudid?_rsc=12web-rdU3k9vLaG net::ERR_ABORTED | /crosses?_rsc=12web-rdU3k9vLaG net::ERR_ABORTED | /settings?_rsc=12web-rdU3k9vLaG net::ERR_ABORTED | /notifications?_rsc=12web-rdU3k9vLaG net::ERR_ABORTED | /requests/new?_rsc=12web-rdU3k9vLaG net::ERR_ABORTED","","0","1","0","New request ; Switch user ; Refresh performance ; Terminate ; Save entries"
"PRODUCT_MARKETING","/intelligence","/intelligence","200","Competitor pricing","","","0","/requests?_rsc=3fD0047dUoUPXvG2 net::ERR_ABORTED | /proposals?_rsc=3fD0047dUoUPXvG2 net::ERR_ABORTED | /?_rsc=3fD0047dUoUPXvG2 net::ERR_ABORTED | /accounts?_rsc=3fD0047dUoUPXvG2 net::ERR_ABORTED | /contracts?_rsc=3fD0047dUoUPXvG2 net::ERR_ABORTED | /intelligence/bids?_rsc=3fD0047dUoUPXvG2 net::ERR_ABORTED | /settings?_rsc=3fD0047dUoUPXvG2 net::ERR_ABORTED | /notifications?_rsc=3fD0047dUoUPXvG2 net::ERR_ABORTED | /requests/new?_rsc=3fD0047dUoUPXvG2 net::ERR_ABORTED | /?_rsc=gu9LWiAQNzfrKsW2 net::ERR_ABORTED | /requests?_rsc=gu9LWiAQNzfrKsW2 net::ERR_ABORTED | /proposals?_rsc=gu9LWiAQNzfrKsW2 net::ERR_ABORTED | /accounts?_rsc=gu9LWiAQNzfrKsW2 net::ERR_ABORTED | /contracts?_rsc=gu9LWiAQNzfrKsW2 net::ERR_ABORTED | /intelligence?_rsc=gu9LWiAQNzfrKsW2 net::ERR_ABORTED | /intelligence/bids?_rsc=gu9LWiAQNzfrKsW2 net::ERR_ABORTED | /analytics?_rsc=gu9LWiAQNzfrKsW2 net::ERR_ABORTED | /catalog?_rsc=gu9LWiAQNzfrKsW2 net::ERR_ABORTED | /catalog/gudid?_rsc=gu9LWiAQNzfrKsW2 net::ERR_ABORTED | /crosses?_rsc=gu9LWiAQNzfrKsW2 net::ERR_ABORTED | /settings?_rsc=gu9LWiAQNzfrKsW2 net::ERR_ABORTED | /notifications?_rsc=gu9LWiAQNzfrKsW2 net::ERR_ABORTED | /requests/new?_rsc=gu9LWiAQNzfrKsW2 net::ERR_ABORTED","","0","1","0","New request ; Switch user ; Import .xlsx / .csv ; INPUT ; Extract a document… ; Verify ; Dispute ; 1190500 ; 1410015010 ; 1DLMC03 ; 1DLMC05 ; 112680 ; 1190816 ; SPMII ; 1200710 ; 1201520 ; 113700 ; 112650 ; 112660 ; UPA31015 ; 1190820 ; 1202025 ; 1190300 ; SPMXXL ; Record"
"PRODUCT_MARKETING","/intelligence/bids","/intelligence/bids","200","Public bids and awards","","","0","/?_rsc=2gWrMJaxdn-CU2fc net::ERR_ABORTED | /requests?_rsc=2gWrMJaxdn-CU2fc net::ERR_ABORTED | /proposals?_rsc=2gWrMJaxdn-CU2fc net::ERR_ABORTED | /accounts?_rsc=2gWrMJaxdn-CU2fc net::ERR_ABORTED | /intelligence?_rsc=2gWrMJaxdn-CU2fc net::ERR_ABORTED | /analytics?_rsc=2gWrMJaxdn-CU2fc net::ERR_ABORTED | /contracts?_rsc=2gWrMJaxdn-CU2fc net::ERR_ABORTED | /catalog?_rsc=2gWrMJaxdn-CU2fc net::ERR_ABORTED | /catalog/gudid?_rsc=2gWrMJaxdn-CU2fc net::ERR_ABORTED | /crosses?_rsc=2gWrMJaxdn-CU2fc net::ERR_ABORTED | /settings?_rsc=2gWrMJaxdn-CU2fc net::ERR_ABORTED | /notifications?_rsc=2gWrMJaxdn-CU2fc net::ERR_ABORTED | /requests/new?_rsc=2gWrMJaxdn-CU2fc net::ERR_ABORTED | /?_rsc=W5McYxvxTMCZbYJx net::ERR_ABORTED | /requests?_rsc=W5McYxvxTMCZbYJx net::ERR_ABORTED | /proposals?_rsc=W5McYxvxTMCZbYJx net::ERR_ABORTED | /accounts?_rsc=W5McYxvxTMCZbYJx net::ERR_ABORTED | /contracts?_rsc=W5McYxvxTMCZbYJx net::ERR_ABORTED | /intelligence?_rsc=W5McYxvxTMCZbYJx net::ERR_ABORTED | /intelligence/bids?_rsc=W5McYxvxTMCZbYJx net::ERR_ABORTED | /analytics?_rsc=W5McYxvxTMCZbYJx net::ERR_ABORTED | /catalog?_rsc=W5McYxvxTMCZbYJx net::ERR_ABORTED | /catalog/gudid?_rsc=W5McYxvxTMCZbYJx net::ERR_ABORTED | /crosses?_rsc=W5McYxvxTMCZbYJx net::ERR_ABORTED | /settings?_rsc=W5McYxvxTMCZbYJx net::ERR_ABORTED | /notifications?_rsc=W5McYxvxTMCZbYJx net::ERR_ABORTED | /requests/new?_rsc=W5McYxvxTMCZbYJx net::ERR_ABORTED","","0","0","0","New request ; Switch user ; Pull ; Save ; INPUT"
"PRODUCT_MARKETING","/intelligence/extractions/[id]","/intelligence/extractions/missing0000000000000000","200","Extraction","Failed to load resource: the server responded with a status of 404 (Not Found)","","0","/?_rsc=VJB2dfGule5Oh2L3 net::ERR_ABORTED | /requests?_rsc=VJB2dfGule5Oh2L3 net::ERR_ABORTED | /proposals?_rsc=VJB2dfGule5Oh2L3 net::ERR_ABORTED | /accounts?_rsc=VJB2dfGule5Oh2L3 net::ERR_ABORTED | /contracts?_rsc=VJB2dfGule5Oh2L3 net::ERR_ABORTED | /intelligence?_rsc=VJB2dfGule5Oh2L3 net::ERR_ABORTED | /intelligence/bids?_rsc=VJB2dfGule5Oh2L3 net::ERR_ABORTED | /analytics?_rsc=VJB2dfGule5Oh2L3 net::ERR_ABORTED | /catalog?_rsc=VJB2dfGule5Oh2L3 net::ERR_ABORTED | /catalog/gudid?_rsc=VJB2dfGule5Oh2L3 net::ERR_ABORTED | /crosses?_rsc=VJB2dfGule5Oh2L3 net::ERR_ABORTED | /settings?_rsc=VJB2dfGule5Oh2L3 net::ERR_ABORTED | /notifications?_rsc=VJB2dfGule5Oh2L3 net::ERR_ABORTED | /requests/new?_rsc=VJB2dfGule5Oh2L3 net::ERR_ABORTED | /?_rsc=wBL8jh-0AxNJNXN_ net::ERR_ABORTED | /requests?_rsc=wBL8jh-0AxNJNXN_ net::ERR_ABORTED | /proposals?_rsc=wBL8jh-0AxNJNXN_ net::ERR_ABORTED | /accounts?_rsc=wBL8jh-0AxNJNXN_ net::ERR_ABORTED | /contracts?_rsc=wBL8jh-0AxNJNXN_ net::ERR_ABORTED | /intelligence?_rsc=wBL8jh-0AxNJNXN_ net::ERR_ABORTED | /intelligence/bids?_rsc=wBL8jh-0AxNJNXN_ net::ERR_ABORTED | /analytics?_rsc=wBL8jh-0AxNJNXN_ net::ERR_ABORTED | /catalog/gudid?_rsc=wBL8jh-0AxNJNXN_ net::ERR_ABORTED | /catalog?_rsc=wBL8jh-0AxNJNXN_ net::ERR_ABORTED | /crosses?_rsc=wBL8jh-0AxNJNXN_ net::ERR_ABORTED | /settings?_rsc=wBL8jh-0AxNJNXN_ net::ERR_ABORTED | /notifications?_rsc=wBL8jh-0AxNJNXN_ net::ERR_ABORTED | /requests/new?_rsc=wBL8jh-0AxNJNXN_ net::ERR_ABORTED","404 /api/documents/extractions/missing0000000000000000","0","0","0","New request ; Switch user"
"PRODUCT_MARKETING","/analytics","/analytics","200","Commercial feedback loop","","","0","/?_rsc=ix5_aAief6TvBg04 net::ERR_ABORTED | /requests?_rsc=ix5_aAief6TvBg04 net::ERR_ABORTED | /proposals?_rsc=ix5_aAief6TvBg04 net::ERR_ABORTED | /accounts?_rsc=ix5_aAief6TvBg04 net::ERR_ABORTED | /intelligence?_rsc=ix5_aAief6TvBg04 net::ERR_ABORTED | /intelligence/bids?_rsc=ix5_aAief6TvBg04 net::ERR_ABORTED | /catalog?_rsc=ix5_aAief6TvBg04 net::ERR_ABORTED | /catalog/gudid?_rsc=ix5_aAief6TvBg04 net::ERR_ABORTED | /crosses?_rsc=ix5_aAief6TvBg04 net::ERR_ABORTED | /settings?_rsc=ix5_aAief6TvBg04 net::ERR_ABORTED | /notifications?_rsc=ix5_aAief6TvBg04 net::ERR_ABORTED | /requests/new?_rsc=ix5_aAief6TvBg04 net::ERR_ABORTED | /?_rsc=Dt318okBLJyNDlfE net::ERR_ABORTED | /requests?_rsc=Dt318okBLJyNDlfE net::ERR_ABORTED | /proposals?_rsc=Dt318okBLJyNDlfE net::ERR_ABORTED | /accounts?_rsc=Dt318okBLJyNDlfE net::ERR_ABORTED | /contracts?_rsc=Dt318okBLJyNDlfE net::ERR_ABORTED | /intelligence?_rsc=Dt318okBLJyNDlfE net::ERR_ABORTED | /intelligence/bids?_rsc=Dt318okBLJyNDlfE net::ERR_ABORTED | /analytics?_rsc=Dt318okBLJyNDlfE net::ERR_ABORTED | /catalog?_rsc=Dt318okBLJyNDlfE net::ERR_ABORTED | /catalog/gudid?_rsc=Dt318okBLJyNDlfE net::ERR_ABORTED | /crosses?_rsc=Dt318okBLJyNDlfE net::ERR_ABORTED | /settings?_rsc=Dt318okBLJyNDlfE net::ERR_ABORTED | /requests/new?_rsc=Dt318okBLJyNDlfE net::ERR_ABORTED | /notifications?_rsc=Dt318okBLJyNDlfE net::ERR_ABORTED","","0","1","0","New request ; Switch user ; Refresh"
"PRODUCT_MARKETING","/catalog","/catalog","200","Our catalog","","","0","/?_rsc=OYzo7EH3MGwwxBfF net::ERR_ABORTED | /requests?_rsc=OYzo7EH3MGwwxBfF net::ERR_ABORTED | /proposals?_rsc=OYzo7EH3MGwwxBfF net::ERR_ABORTED | /accounts?_rsc=OYzo7EH3MGwwxBfF net::ERR_ABORTED | /contracts?_rsc=OYzo7EH3MGwwxBfF net::ERR_ABORTED | /intelligence?_rsc=OYzo7EH3MGwwxBfF net::ERR_ABORTED | /intelligence/bids?_rsc=OYzo7EH3MGwwxBfF net::ERR_ABORTED | /analytics?_rsc=OYzo7EH3MGwwxBfF net::ERR_ABORTED | /catalog/gudid?_rsc=OYzo7EH3MGwwxBfF net::ERR_ABORTED | /crosses?_rsc=OYzo7EH3MGwwxBfF net::ERR_ABORTED | /settings?_rsc=OYzo7EH3MGwwxBfF net::ERR_ABORTED | /notifications?_rsc=OYzo7EH3MGwwxBfF net::ERR_ABORTED | /requests/new?_rsc=OYzo7EH3MGwwxBfF net::ERR_ABORTED | /?_rsc=O6cAbYUSgs3KBG-F net::ERR_ABORTED | /requests?_rsc=O6cAbYUSgs3KBG-F net::ERR_ABORTED | /proposals?_rsc=O6cAbYUSgs3KBG-F net::ERR_ABORTED | /accounts?_rsc=O6cAbYUSgs3KBG-F net::ERR_ABORTED | /contracts?_rsc=O6cAbYUSgs3KBG-F net::ERR_ABORTED | /intelligence?_rsc=O6cAbYUSgs3KBG-F net::ERR_ABORTED | /intelligence/bids?_rsc=O6cAbYUSgs3KBG-F net::ERR_ABORTED | /analytics?_rsc=O6cAbYUSgs3KBG-F net::ERR_ABORTED | /catalog?_rsc=O6cAbYUSgs3KBG-F net::ERR_ABORTED | /catalog/gudid?_rsc=O6cAbYUSgs3KBG-F net::ERR_ABORTED | /crosses?_rsc=O6cAbYUSgs3KBG-F net::ERR_ABORTED | /settings?_rsc=O6cAbYUSgs3KBG-F net::ERR_ABORTED | /notifications?_rsc=O6cAbYUSgs3KBG-F net::ERR_ABORTED | /requests/new?_rsc=O6cAbYUSgs3KBG-F net::ERR_ABORTED","","0","1","0","New request ; Switch user ; GUDID library ; Enrich from GUDID ; Competitor sizes ; Add SKUs"
"PRODUCT_MARKETING","/catalog/gudid","/catalog/gudid","200","GUDID library","","","0","/?_rsc=DGmoGnAw5OqJpMhM net::ERR_ABORTED | /intelligence?_rsc=DGmoGnAw5OqJpMhM net::ERR_ABORTED | /intelligence/bids?_rsc=DGmoGnAw5OqJpMhM net::ERR_ABORTED | /analytics?_rsc=DGmoGnAw5OqJpMhM net::ERR_ABORTED | /catalog?_rsc=DGmoGnAw5OqJpMhM net::ERR_ABORTED | /settings?_rsc=DGmoGnAw5OqJpMhM net::ERR_ABORTED | /requests/new?_rsc=DGmoGnAw5OqJpMhM net::ERR_ABORTED | /?_rsc=Z9EVd8HHdUwJDdIQ net::ERR_ABORTED | /contracts?_rsc=Z9EVd8HHdUwJDdIQ net::ERR_ABORTED | /requests?_rsc=Z9EVd8HHdUwJDdIQ net::ERR_ABORTED | /proposals?_rsc=Z9EVd8HHdUwJDdIQ net::ERR_ABORTED | /accounts?_rsc=Z9EVd8HHdUwJDdIQ net::ERR_ABORTED | /intelligence/bids?_rsc=Z9EVd8HHdUwJDdIQ net::ERR_ABORTED | /catalog?_rsc=Z9EVd8HHdUwJDdIQ net::ERR_ABORTED | /analytics?_rsc=Z9EVd8HHdUwJDdIQ net::ERR_ABORTED | /intelligence?_rsc=Z9EVd8HHdUwJDdIQ net::ERR_ABORTED | /notifications?_rsc=Z9EVd8HHdUwJDdIQ net::ERR_ABORTED | /requests/new?_rsc=Z9EVd8HHdUwJDdIQ net::ERR_ABORTED","","0","0","0","New request ; Switch user ; Import from GUDID"
"PRODUCT_MARKETING","/crosses","/crosses","200","Crosswalk","","","0","/?_rsc=zAn-vlYtEcVbUMJ6 net::ERR_ABORTED | /proposals?_rsc=zAn-vlYtEcVbUMJ6 net::ERR_ABORTED | /contracts?_rsc=zAn-vlYtEcVbUMJ6 net::ERR_ABORTED | /intelligence?_rsc=zAn-vlYtEcVbUMJ6 net::ERR_ABORTED | /intelligence/bids?_rsc=zAn-vlYtEcVbUMJ6 net::ERR_ABORTED | /analytics?_rsc=zAn-vlYtEcVbUMJ6 net::ERR_ABORTED | /catalog?_rsc=zAn-vlYtEcVbUMJ6 net::ERR_ABORTED | /catalog/gudid?_rsc=zAn-vlYtEcVbUMJ6 net::ERR_ABORTED | /settings?_rsc=zAn-vlYtEcVbUMJ6 net::ERR_ABORTED | /notifications?_rsc=zAn-vlYtEcVbUMJ6 net::ERR_ABORTED | /proposals?_rsc=aniPmKjMQR6zCALO net::ERR_ABORTED | /requests/new?_rsc=zAn-vlYtEcVbUMJ6 net::ERR_ABORTED | /?_rsc=aniPmKjMQR6zCALO net::ERR_ABORTED | /requests?_rsc=aniPmKjMQR6zCALO net::ERR_ABORTED | /intelligence/bids?_rsc=aniPmKjMQR6zCALO net::ERR_ABORTED | /intelligence?_rsc=aniPmKjMQR6zCALO net::ERR_ABORTED | /accounts?_rsc=aniPmKjMQR6zCALO net::ERR_ABORTED | /catalog/gudid?_rsc=aniPmKjMQR6zCALO net::ERR_ABORTED | /analytics?_rsc=aniPmKjMQR6zCALO net::ERR_ABORTED | /catalog?_rsc=aniPmKjMQR6zCALO net::ERR_ABORTED | /crosses?_rsc=aniPmKjMQR6zCALO net::ERR_ABORTED | /requests/new?_rsc=aniPmKjMQR6zCALO net::ERR_ABORTED | /notifications?_rsc=aniPmKjMQR6zCALO net::ERR_ABORTED | /settings?_rsc=aniPmKjMQR6zCALO net::ERR_ABORTED","","0","0","0","New request ; Switch user ; Publish new version"
"PRODUCT_MARKETING","/notifications","/notifications","200","Notifications","","","0","/?_rsc=oG-rbVP81bj5yHs2 net::ERR_ABORTED | /requests?_rsc=oG-rbVP81bj5yHs2 net::ERR_ABORTED | /proposals?_rsc=oG-rbVP81bj5yHs2 net::ERR_ABORTED | /accounts?_rsc=oG-rbVP81bj5yHs2 net::ERR_ABORTED | /contracts?_rsc=oG-rbVP81bj5yHs2 net::ERR_ABORTED | /intelligence?_rsc=oG-rbVP81bj5yHs2 net::ERR_ABORTED | /intelligence/bids?_rsc=oG-rbVP81bj5yHs2 net::ERR_ABORTED | /analytics?_rsc=oG-rbVP81bj5yHs2 net::ERR_ABORTED | /catalog?_rsc=oG-rbVP81bj5yHs2 net::ERR_ABORTED | /crosses?_rsc=oG-rbVP81bj5yHs2 net::ERR_ABORTED | /catalog/gudid?_rsc=oG-rbVP81bj5yHs2 net::ERR_ABORTED | /settings?_rsc=oG-rbVP81bj5yHs2 net::ERR_ABORTED | /requests/new?_rsc=oG-rbVP81bj5yHs2 net::ERR_ABORTED | /crosses?_rsc=FxIb9Zh5xrkPNSW4 net::ERR_ABORTED | /?_rsc=FxIb9Zh5xrkPNSW4 net::ERR_ABORTED | /requests?_rsc=FxIb9Zh5xrkPNSW4 net::ERR_ABORTED | /proposals?_rsc=FxIb9Zh5xrkPNSW4 net::ERR_ABORTED | /accounts?_rsc=FxIb9Zh5xrkPNSW4 net::ERR_ABORTED | /contracts?_rsc=FxIb9Zh5xrkPNSW4 net::ERR_ABORTED | /intelligence?_rsc=FxIb9Zh5xrkPNSW4 net::ERR_ABORTED | /intelligence/bids?_rsc=FxIb9Zh5xrkPNSW4 net::ERR_ABORTED | /analytics?_rsc=FxIb9Zh5xrkPNSW4 net::ERR_ABORTED | /catalog?_rsc=FxIb9Zh5xrkPNSW4 net::ERR_ABORTED | /catalog/gudid?_rsc=FxIb9Zh5xrkPNSW4 net::ERR_ABORTED | /settings?_rsc=FxIb9Zh5xrkPNSW4 net::ERR_ABORTED | /notifications?_rsc=FxIb9Zh5xrkPNSW4 net::ERR_ABORTED | /requests/new?_rsc=FxIb9Zh5xrkPNSW4 net::ERR_ABORTED","","0","0","0","New request ; Switch user ; Mark all read ; Read"
"PRODUCT_MARKETING","/settings","/settings","200","Settings","Failed to load resource: the server responded with a status of 429 (Too Many Requests) | Failed to load resource: the server responded with a status of 404 (Not Found)","","0","/?_rsc=DQxjArDrgutTG17x net::ERR_ABORTED | /requests?_rsc=DQxjArDrgutTG17x net::ERR_ABORTED | /proposals?_rsc=DQxjArDrgutTG17x net::ERR_ABORTED | /accounts?_rsc=DQxjArDrgutTG17x net::ERR_ABORTED | /intelligence?_rsc=DQxjArDrgutTG17x net::ERR_ABORTED | /intelligence/bids?_rsc=DQxjArDrgutTG17x net::ERR_ABORTED | /analytics?_rsc=DQxjArDrgutTG17x net::ERR_ABORTED | /catalog?_rsc=DQxjArDrgutTG17x net::ERR_ABORTED | /catalog/gudid?_rsc=DQxjArDrgutTG17x net::ERR_ABORTED | /crosses?_rsc=DQxjArDrgutTG17x net::ERR_ABORTED | /notifications?_rsc=DQxjArDrgutTG17x net::ERR_ABORTED | /requests/new?_rsc=DQxjArDrgutTG17x net::ERR_ABORTED | /settings/integrations?_rsc=DQxjArDrgutTG17x net::ERR_ABORTED | /settings/pricing?_rsc=DQxjArDrgutTG17x net::ERR_ABORTED | /?_rsc=j-_vjoKOn8bxlRO7 net::ERR_ABORTED | /requests?_rsc=j-_vjoKOn8bxlRO7 net::ERR_ABORTED | /proposals?_rsc=j-_vjoKOn8bxlRO7 net::ERR_ABORTED | /accounts?_rsc=j-_vjoKOn8bxlRO7 net::ERR_ABORTED | /contracts?_rsc=j-_vjoKOn8bxlRO7 net::ERR_ABORTED | /intelligence?_rsc=j-_vjoKOn8bxlRO7 net::ERR_ABORTED | /intelligence/bids?_rsc=j-_vjoKOn8bxlRO7 net::ERR_ABORTED | /analytics?_rsc=j-_vjoKOn8bxlRO7 net::ERR_ABORTED | /catalog?_rsc=j-_vjoKOn8bxlRO7 net::ERR_ABORTED | /catalog/gudid?_rsc=j-_vjoKOn8bxlRO7 net::ERR_ABORTED | /crosses?_rsc=j-_vjoKOn8bxlRO7 net::ERR_ABORTED | /settings?_rsc=j-_vjoKOn8bxlRO7 net::ERR_ABORTED | /notifications?_rsc=j-_vjoKOn8bxlRO7 net::ERR_ABORTED | /requests/new?_rsc=j-_vjoKOn8bxlRO7 net::ERR_ABORTED | /settings/integrations?_rsc=j-_vjoKOn8bxlRO7 net::ERR_ABORTED | /settings/pricing?_rsc=j-_vjoKOn8bxlRO7 net::ERR_ABORTED","429 /api/auth/dev | 404 /docs/INTEGRATIONS.md?_rsc=DQxjArDrgutTG17x","0","0","0","New request ; Switch user ; Save ; Edit ; Configure integrations → ; How to connect"
"PRODUCT_MARKETING","/settings/integrations","/settings/integrations","200","Settings","Failed to load resource: the server responded with a status of 429 (Too Many Requests) | Failed to load resource: the server responded with a status of 404 (Not Found)","","0","/docs/INTEGRATIONS.md?_rsc=DQxjArDrgutTG17x net::ERR_ABORTED | /api/auth/dev net::ERR_ABORTED | /?_rsc=DQxjArDrgutTG17x net::ERR_ABORTED | /requests?_rsc=DQxjArDrgutTG17x net::ERR_ABORTED | /proposals?_rsc=DQxjArDrgutTG17x net::ERR_ABORTED | /contracts?_rsc=DQxjArDrgutTG17x net::ERR_ABORTED | /intelligence?_rsc=DQxjArDrgutTG17x net::ERR_ABORTED | /intelligence/bids?_rsc=DQxjArDrgutTG17x net::ERR_ABORTED | /analytics?_rsc=DQxjArDrgutTG17x net::ERR_ABORTED | /catalog?_rsc=DQxjArDrgutTG17x net::ERR_ABORTED | /catalog/gudid?_rsc=DQxjArDrgutTG17x net::ERR_ABORTED | /crosses?_rsc=DQxjArDrgutTG17x net::ERR_ABORTED | /notifications?_rsc=DQxjArDrgutTG17x net::ERR_ABORTED | /requests/new?_rsc=DQxjArDrgutTG17x net::ERR_ABORTED | /settings/integrations?_rsc=DQxjArDrgutTG17x net::ERR_ABORTED | /settings/pricing?_rsc=DQxjArDrgutTG17x net::ERR_ABORTED | /?_rsc=j-_vjoKOn8bxlRO7 net::ERR_ABORTED | /requests?_rsc=j-_vjoKOn8bxlRO7 net::ERR_ABORTED | /proposals?_rsc=j-_vjoKOn8bxlRO7 net::ERR_ABORTED | /accounts?_rsc=j-_vjoKOn8bxlRO7 net::ERR_ABORTED | /contracts?_rsc=j-_vjoKOn8bxlRO7 net::ERR_ABORTED | /intelligence?_rsc=j-_vjoKOn8bxlRO7 net::ERR_ABORTED | /intelligence/bids?_rsc=j-_vjoKOn8bxlRO7 net::ERR_ABORTED | /analytics?_rsc=j-_vjoKOn8bxlRO7 net::ERR_ABORTED | /catalog?_rsc=j-_vjoKOn8bxlRO7 net::ERR_ABORTED | /catalog/gudid?_rsc=j-_vjoKOn8bxlRO7 net::ERR_ABORTED | /crosses?_rsc=j-_vjoKOn8bxlRO7 net::ERR_ABORTED | /settings?_rsc=j-_vjoKOn8bxlRO7 net::ERR_ABORTED | /notifications?_rsc=j-_vjoKOn8bxlRO7 net::ERR_ABORTED | /requests/new?_rsc=j-_vjoKOn8bxlRO7 net::ERR_ABORTED | /settings/integrations?_rsc=j-_vjoKOn8bxlRO7 net::ERR_ABORTED | /settings/pricing?_rsc=j-_vjoKOn8bxlRO7 net::ERR_ABORTED","429 /api/auth/dev | 404 /docs/INTEGRATIONS.md?_rsc=DQxjArDrgutTG17x","0","0","0","New request ; Switch user ; Save ; Edit ; Configure integrations → ; How to connect"
"PRODUCT_MARKETING","/settings/pricing","/settings/pricing","200","Pricing policies","Failed to load resource: the server responded with a status of 429 (Too Many Requests)","","0","/docs/INTEGRATIONS.md?_rsc=DQxjArDrgutTG17x net::ERR_ABORTED | /api/auth/dev net::ERR_ABORTED | /?_rsc=8oSST31HPn0UlEto net::ERR_ABORTED | /requests?_rsc=8oSST31HPn0UlEto net::ERR_ABORTED | /proposals?_rsc=8oSST31HPn0UlEto net::ERR_ABORTED | /analytics?_rsc=8oSST31HPn0UlEto net::ERR_ABORTED | /catalog?_rsc=8oSST31HPn0UlEto net::ERR_ABORTED | /catalog/gudid?_rsc=8oSST31HPn0UlEto net::ERR_ABORTED | /crosses?_rsc=8oSST31HPn0UlEto net::ERR_ABORTED | /settings?_rsc=8oSST31HPn0UlEto net::ERR_ABORTED | /notifications?_rsc=8oSST31HPn0UlEto net::ERR_ABORTED | /requests/new?_rsc=8oSST31HPn0UlEto net::ERR_ABORTED | /?_rsc=_Ie442TgELs3Q458 net::ERR_ABORTED | /requests?_rsc=_Ie442TgELs3Q458 net::ERR_ABORTED | /proposals?_rsc=_Ie442TgELs3Q458 net::ERR_ABORTED | /accounts?_rsc=_Ie442TgELs3Q458 net::ERR_ABORTED | /contracts?_rsc=_Ie442TgELs3Q458 net::ERR_ABORTED | /intelligence?_rsc=_Ie442TgELs3Q458 net::ERR_ABORTED | /intelligence/bids?_rsc=_Ie442TgELs3Q458 net::ERR_ABORTED | /analytics?_rsc=_Ie442TgELs3Q458 net::ERR_ABORTED | /catalog?_rsc=_Ie442TgELs3Q458 net::ERR_ABORTED | /catalog/gudid?_rsc=_Ie442TgELs3Q458 net::ERR_ABORTED | /crosses?_rsc=_Ie442TgELs3Q458 net::ERR_ABORTED | /settings?_rsc=_Ie442TgELs3Q458 net::ERR_ABORTED | /notifications?_rsc=_Ie442TgELs3Q458 net::ERR_ABORTED | /requests/new?_rsc=_Ie442TgELs3Q458 net::ERR_ABORTED","429 /api/auth/dev","0","0","0","New request ; Switch user ; New draft ; New version"
"CLINICAL_REVIEWER","/","/","200","Competitive cross reference","","","0","/catalog?_rsc=5CB68i4pnAekjehf net::ERR_ABORTED | /catalog/gudid?_rsc=5CB68i4pnAekjehf net::ERR_ABORTED | /crosses?_rsc=5CB68i4pnAekjehf net::ERR_ABORTED | /settings?_rsc=5CB68i4pnAekjehf net::ERR_ABORTED | /notifications?_rsc=5CB68i4pnAekjehf net::ERR_ABORTED | /requests?_rsc=5CB68i4pnAekjehf net::ERR_ABORTED | /requests/new?_rsc=5CB68i4pnAekjehf net::ERR_ABORTED | /?_rsc=tXyZJ52UQVBCVsD3 net::ERR_ABORTED | /catalog?_rsc=tXyZJ52UQVBCVsD3 net::ERR_ABORTED | /catalog/gudid?_rsc=tXyZJ52UQVBCVsD3 net::ERR_ABORTED | /crosses?_rsc=tXyZJ52UQVBCVsD3 net::ERR_ABORTED | /settings?_rsc=tXyZJ52UQVBCVsD3 net::ERR_ABORTED | /notifications?_rsc=tXyZJ52UQVBCVsD3 net::ERR_ABORTED | /requests/new?_rsc=tXyZJ52UQVBCVsD3 net::ERR_ABORTED | /requests?_rsc=tXyZJ52UQVBCVsD3 net::ERR_ABORTED","","0","0","0","Switch user ; New request"
"CLINICAL_REVIEWER","/requests","/requests","200","","","","0","/?_rsc=p3Q57VochOqcQNsg net::ERR_ABORTED | /catalog?_rsc=p3Q57VochOqcQNsg net::ERR_ABORTED | /catalog/gudid?_rsc=p3Q57VochOqcQNsg net::ERR_ABORTED | /crosses?_rsc=p3Q57VochOqcQNsg net::ERR_ABORTED | /notifications?_rsc=p3Q57VochOqcQNsg net::ERR_ABORTED | /settings?_rsc=p3Q57VochOqcQNsg net::ERR_ABORTED | /?_rsc=nIzLgF1M7nWxnHlV net::ERR_ABORTED | /catalog?_rsc=nIzLgF1M7nWxnHlV net::ERR_ABORTED | /notifications?_rsc=nIzLgF1M7nWxnHlV net::ERR_ABORTED | /catalog/gudid?_rsc=nIzLgF1M7nWxnHlV net::ERR_ABORTED | /crosses?_rsc=nIzLgF1M7nWxnHlV net::ERR_ABORTED | /settings?_rsc=nIzLgF1M7nWxnHlV net::ERR_ABORTED","","0","0","0","Switch user"
"CLINICAL_REVIEWER","/requests/new","/requests/new","200","Competitive cross reference","","","0","/crosses?_rsc=4belA-F-xg-XtLdx net::ERR_ABORTED | /?_rsc=4belA-F-xg-XtLdx net::ERR_ABORTED | /catalog?_rsc=4belA-F-xg-XtLdx net::ERR_ABORTED | /catalog/gudid?_rsc=4belA-F-xg-XtLdx net::ERR_ABORTED | /settings?_rsc=4belA-F-xg-XtLdx net::ERR_ABORTED | /notifications?_rsc=4belA-F-xg-XtLdx net::ERR_ABORTED | /crosses?_rsc=O1p93FFpSnNce0k4 net::ERR_ABORTED | /?_rsc=O1p93FFpSnNce0k4 net::ERR_ABORTED | /catalog?_rsc=O1p93FFpSnNce0k4 net::ERR_ABORTED | /catalog/gudid?_rsc=O1p93FFpSnNce0k4 net::ERR_ABORTED | /notifications?_rsc=O1p93FFpSnNce0k4 net::ERR_ABORTED | /settings?_rsc=O1p93FFpSnNce0k4 net::ERR_ABORTED","","0","0","0","Switch user ; Google Sheets link ; Upload .xlsx / .csv ; Paste from a sheet ; Read sheet ; Continue request"
"CLINICAL_REVIEWER","/requests/[id]","/requests/null","200","","Failed to load resource: the server responded with a status of 403 (Forbidden)","","0","/?_rsc=76SvvV1TLjtpHtqe net::ERR_ABORTED | /catalog?_rsc=76SvvV1TLjtpHtqe net::ERR_ABORTED | /catalog/gudid?_rsc=76SvvV1TLjtpHtqe net::ERR_ABORTED | /crosses?_rsc=76SvvV1TLjtpHtqe net::ERR_ABORTED | /settings?_rsc=76SvvV1TLjtpHtqe net::ERR_ABORTED | /notifications?_rsc=76SvvV1TLjtpHtqe net::ERR_ABORTED | /?_rsc=eoRKZgXY26fq4Ulk net::ERR_ABORTED | /catalog?_rsc=eoRKZgXY26fq4Ulk net::ERR_ABORTED | /catalog/gudid?_rsc=eoRKZgXY26fq4Ulk net::ERR_ABORTED | /crosses?_rsc=eoRKZgXY26fq4Ulk net::ERR_ABORTED | /settings?_rsc=eoRKZgXY26fq4Ulk net::ERR_ABORTED | /notifications?_rsc=eoRKZgXY26fq4Ulk net::ERR_ABORTED","403 /api/requests/null","0","0","0","Switch user"
"CLINICAL_REVIEWER","/proposals","/proposals","200","","","","0","/api/requests/null net::ERR_ABORTED | /crosses?_rsc=8qZH60WsiyOTuseO net::ERR_ABORTED | /?_rsc=8qZH60WsiyOTuseO net::ERR_ABORTED | /catalog?_rsc=8qZH60WsiyOTuseO net::ERR_ABORTED | /catalog/gudid?_rsc=8qZH60WsiyOTuseO net::ERR_ABORTED | /settings?_rsc=8qZH60WsiyOTuseO net::ERR_ABORTED | /notifications?_rsc=8qZH60WsiyOTuseO net::ERR_ABORTED | /?_rsc=yDw8cg_cK2Tq2IDS net::ERR_ABORTED | /catalog?_rsc=yDw8cg_cK2Tq2IDS net::ERR_ABORTED | /catalog/gudid?_rsc=yDw8cg_cK2Tq2IDS net::ERR_ABORTED | /crosses?_rsc=yDw8cg_cK2Tq2IDS net::ERR_ABORTED | /settings?_rsc=yDw8cg_cK2Tq2IDS net::ERR_ABORTED | /notifications?_rsc=yDw8cg_cK2Tq2IDS net::ERR_ABORTED","","0","0","0","Switch user"
"CLINICAL_REVIEWER","/proposals/[id]","/proposals/null","200","","Failed to load resource: the server responded with a status of 403 (Forbidden)","","0","/?_rsc=VreOGdJHuaZwqD3- net::ERR_ABORTED | /crosses?_rsc=VreOGdJHuaZwqD3- net::ERR_ABORTED | /catalog?_rsc=VreOGdJHuaZwqD3- net::ERR_ABORTED | /catalog/gudid?_rsc=VreOGdJHuaZwqD3- net::ERR_ABORTED | /?_rsc=hzu8hJFrzSYjsRgK net::ERR_ABORTED | /settings?_rsc=VreOGdJHuaZwqD3- net::ERR_ABORTED | /notifications?_rsc=VreOGdJHuaZwqD3- net::ERR_ABORTED | /catalog?_rsc=hzu8hJFrzSYjsRgK net::ERR_ABORTED | /catalog/gudid?_rsc=hzu8hJFrzSYjsRgK net::ERR_ABORTED | /crosses?_rsc=hzu8hJFrzSYjsRgK net::ERR_ABORTED | /settings?_rsc=hzu8hJFrzSYjsRgK net::ERR_ABORTED | /notifications?_rsc=hzu8hJFrzSYjsRgK net::ERR_ABORTED","403 /api/proposals/null","0","0","0","Switch user"
"CLINICAL_REVIEWER","/approvals","/approvals","200","Pricing approvals","Failed to load resource: the server responded with a status of 403 (Forbidden) | Failed to load resource: the server responded with a status of 403 (Forbidden)","","0","/catalog?_rsc=Ut9iRRX_9PZKRdF- net::ERR_ABORTED | /?_rsc=Ut9iRRX_9PZKRdF- net::ERR_ABORTED | /catalog/gudid?_rsc=Ut9iRRX_9PZKRdF- net::ERR_ABORTED | /crosses?_rsc=AU6DTT46DVXZ7jWj net::ERR_ABORTED | /settings?_rsc=AU6DTT46DVXZ7jWj net::ERR_ABORTED","403 /api/approvals/delegations?all=1 | 403 /api/approvals","0","0","0","Switch user"
"CLINICAL_REVIEWER","/accounts","/accounts","200","","","","0","/api/approvals/delegations?all=1 net::ERR_ABORTED | /?_rsc=iZGmHDWBA-6V7KTQ net::ERR_ABORTED | /catalog/gudid?_rsc=iZGmHDWBA-6V7KTQ net::ERR_ABORTED | /settings?_rsc=iZGmHDWBA-6V7KTQ net::ERR_ABORTED | /?_rsc=oRxEn_R9e10JER3Z net::ERR_ABORTED | /notifications?_rsc=iZGmHDWBA-6V7KTQ net::ERR_ABORTED | /settings?_rsc=oRxEn_R9e10JER3Z net::ERR_ABORTED | /catalog?_rsc=oRxEn_R9e10JER3Z net::ERR_ABORTED | /catalog/gudid?_rsc=oRxEn_R9e10JER3Z net::ERR_ABORTED | /crosses?_rsc=oRxEn_R9e10JER3Z net::ERR_ABORTED | /notifications?_rsc=oRxEn_R9e10JER3Z net::ERR_ABORTED","","0","0","0","Switch user"
"CLINICAL_REVIEWER","/accounts/[id]","/accounts/cmuf6hihm02rkks7drm31yuur","200","","","","0","/?_rsc=pYoAThzR_ryjq0MS net::ERR_ABORTED | /catalog?_rsc=pYoAThzR_ryjq0MS net::ERR_ABORTED | /catalog/gudid?_rsc=pYoAThzR_ryjq0MS net::ERR_ABORTED | /crosses?_rsc=pYoAThzR_ryjq0MS net::ERR_ABORTED | /settings?_rsc=pYoAThzR_ryjq0MS net::ERR_ABORTED | /notifications?_rsc=pYoAThzR_ryjq0MS net::ERR_ABORTED | /catalog?_rsc=gRQ4rCW2m6dkjkis net::ERR_ABORTED | /catalog/gudid?_rsc=gRQ4rCW2m6dkjkis net::ERR_ABORTED | /crosses?_rsc=gRQ4rCW2m6dkjkis net::ERR_ABORTED | /notifications?_rsc=gRQ4rCW2m6dkjkis net::ERR_ABORTED","","0","0","0","Switch user"
"CLINICAL_REVIEWER","/contracts","/contracts","200","","","","0","/?_rsc=DzmfcRRfJeItXkgz net::ERR_ABORTED | /catalog?_rsc=DzmfcRRfJeItXkgz net::ERR_ABORTED | /catalog/gudid?_rsc=DzmfcRRfJeItXkgz net::ERR_ABORTED | /crosses?_rsc=DzmfcRRfJeItXkgz net::ERR_ABORTED | /notifications?_rsc=DzmfcRRfJeItXkgz net::ERR_ABORTED | /crosses?_rsc=2Ju2sngZl13OvaTN net::ERR_ABORTED | /catalog/gudid?_rsc=2Ju2sngZl13OvaTN net::ERR_ABORTED | /catalog?_rsc=2Ju2sngZl13OvaTN net::ERR_ABORTED | /?_rsc=2Ju2sngZl13OvaTN net::ERR_ABORTED | /notifications?_rsc=2Ju2sngZl13OvaTN net::ERR_ABORTED | /settings?_rsc=2Ju2sngZl13OvaTN net::ERR_ABORTED","","0","0","0","Switch user"
"CLINICAL_REVIEWER","/contracts/[id]","/contracts/cmuf6himu02sxks7dkgml1rr2","200","","Failed to load resource: the server responded with a status of 403 (Forbidden)","","0","/?_rsc=TQOCHQXESAyQ3VEl net::ERR_ABORTED | /catalog?_rsc=TQOCHQXESAyQ3VEl net::ERR_ABORTED | /catalog/gudid?_rsc=TQOCHQXESAyQ3VEl net::ERR_ABORTED | /crosses?_rsc=TQOCHQXESAyQ3VEl net::ERR_ABORTED | /notifications?_rsc=TQOCHQXESAyQ3VEl net::ERR_ABORTED | /settings?_rsc=TQOCHQXESAyQ3VEl net::ERR_ABORTED | /?_rsc=12web-rdU3k9vLaG net::ERR_ABORTED | /catalog?_rsc=12web-rdU3k9vLaG net::ERR_ABORTED | /catalog/gudid?_rsc=12web-rdU3k9vLaG net::ERR_ABORTED | /crosses?_rsc=12web-rdU3k9vLaG net::ERR_ABORTED | /notifications?_rsc=12web-rdU3k9vLaG net::ERR_ABORTED | /settings?_rsc=12web-rdU3k9vLaG net::ERR_ABORTED","403 /api/contracts/cmuf6himu02sxks7dkgml1rr2","0","0","0","Switch user"
"CLINICAL_REVIEWER","/intelligence","/intelligence","200","Competitor pricing","Failed to load resource: the server responded with a status of 403 (Forbidden)","","0","/?_rsc=3fD0047dUoUPXvG2 net::ERR_ABORTED | /catalog?_rsc=3fD0047dUoUPXvG2 net::ERR_ABORTED | /catalog/gudid?_rsc=3fD0047dUoUPXvG2 net::ERR_ABORTED | /crosses?_rsc=3fD0047dUoUPXvG2 net::ERR_ABORTED | /settings?_rsc=3fD0047dUoUPXvG2 net::ERR_ABORTED | /notifications?_rsc=3fD0047dUoUPXvG2 net::ERR_ABORTED | /?_rsc=gu9LWiAQNzfrKsW2 net::ERR_ABORTED | /catalog?_rsc=gu9LWiAQNzfrKsW2 net::ERR_ABORTED | /settings?_rsc=gu9LWiAQNzfrKsW2 net::ERR_ABORTED | /catalog/gudid?_rsc=gu9LWiAQNzfrKsW2 net::ERR_ABORTED | /notifications?_rsc=gu9LWiAQNzfrKsW2 net::ERR_ABORTED | /crosses?_rsc=gu9LWiAQNzfrKsW2 net::ERR_ABORTED","403 /api/intelligence?","0","0","0","Switch user ; Import .xlsx / .csv ; INPUT ; Extract a document… ; Record"
"CLINICAL_REVIEWER","/intelligence/bids","/intelligence/bids","200","Public bids and awards","Failed to load resource: the server responded with a status of 403 (Forbidden)","","0","/catalog?_rsc=2gWrMJaxdn-CU2fc net::ERR_ABORTED | /catalog/gudid?_rsc=2gWrMJaxdn-CU2fc net::ERR_ABORTED | /?_rsc=2gWrMJaxdn-CU2fc net::ERR_ABORTED | /settings?_rsc=2gWrMJaxdn-CU2fc net::ERR_ABORTED | /notifications?_rsc=2gWrMJaxdn-CU2fc net::ERR_ABORTED | /intelligence?_rsc=2gWrMJaxdn-CU2fc net::ERR_ABORTED | /?_rsc=W5McYxvxTMCZbYJx net::ERR_ABORTED | /crosses?_rsc=W5McYxvxTMCZbYJx net::ERR_ABORTED | /settings?_rsc=W5McYxvxTMCZbYJx net::ERR_ABORTED | /catalog/gudid?_rsc=W5McYxvxTMCZbYJx net::ERR_ABORTED | /notifications?_rsc=W5McYxvxTMCZbYJx net::ERR_ABORTED | /intelligence?_rsc=W5McYxvxTMCZbYJx net::ERR_ABORTED","403 /api/intelligence/bids?q=&source=&competitorId=","0","0","0","Switch user ; Save ; INPUT"
"CLINICAL_REVIEWER","/intelligence/extractions/[id]","/intelligence/extractions/missing0000000000000000","200","Extraction","Failed to load resource: the server responded with a status of 403 (Forbidden)","","0","/catalog/gudid?_rsc=VJB2dfGule5Oh2L3 net::ERR_ABORTED | /?_rsc=VJB2dfGule5Oh2L3 net::ERR_ABORTED | /catalog?_rsc=VJB2dfGule5Oh2L3 net::ERR_ABORTED | /catalog?_rsc=wBL8jh-0AxNJNXN_ net::ERR_ABORTED | /catalog/gudid?_rsc=wBL8jh-0AxNJNXN_ net::ERR_ABORTED | /crosses?_rsc=wBL8jh-0AxNJNXN_ net::ERR_ABORTED | /settings?_rsc=wBL8jh-0AxNJNXN_ net::ERR_ABORTED | /notifications?_rsc=wBL8jh-0AxNJNXN_ net::ERR_ABORTED","403 /api/documents/extractions/missing0000000000000000","0","0","0","Switch user"
"CLINICAL_REVIEWER","/analytics","/analytics","200","","","","0","/crosses?_rsc=ix5_aAief6TvBg04 net::ERR_ABORTED | /notifications?_rsc=ix5_aAief6TvBg04 net::ERR_ABORTED | /?_rsc=Dt318okBLJyNDlfE net::ERR_ABORTED | /catalog/gudid?_rsc=Dt318okBLJyNDlfE net::ERR_ABORTED | /catalog?_rsc=Dt318okBLJyNDlfE net::ERR_ABORTED | /crosses?_rsc=Dt318okBLJyNDlfE net::ERR_ABORTED | /notifications?_rsc=Dt318okBLJyNDlfE net::ERR_ABORTED","","0","0","0","Switch user"
"CLINICAL_REVIEWER","/catalog","/catalog","200","Our catalog","","","0","/crosses?_rsc=OYzo7EH3MGwwxBfF net::ERR_ABORTED | /settings?_rsc=OYzo7EH3MGwwxBfF net::ERR_ABORTED | /?_rsc=OYzo7EH3MGwwxBfF net::ERR_ABORTED | /catalog/gudid?_rsc=OYzo7EH3MGwwxBfF net::ERR_ABORTED | /catalog?_rsc=O6cAbYUSgs3KBG-F net::ERR_ABORTED | /settings?_rsc=O6cAbYUSgs3KBG-F net::ERR_ABORTED","","0","1","0","Switch user ; GUDID library"
"CLINICAL_REVIEWER","/catalog/gudid","/catalog/gudid","200","GUDID library","","","0","/?_rsc=DGmoGnAw5OqJpMhM net::ERR_ABORTED | /catalog?_rsc=DGmoGnAw5OqJpMhM net::ERR_ABORTED | /crosses?_rsc=DGmoGnAw5OqJpMhM net::ERR_ABORTED | /settings?_rsc=DGmoGnAw5OqJpMhM net::ERR_ABORTED | /?_rsc=Z9EVd8HHdUwJDdIQ net::ERR_ABORTED | /catalog?_rsc=Z9EVd8HHdUwJDdIQ net::ERR_ABORTED | /crosses?_rsc=Z9EVd8HHdUwJDdIQ net::ERR_ABORTED | /catalog/gudid?_rsc=Z9EVd8HHdUwJDdIQ net::ERR_ABORTED | /settings?_rsc=Z9EVd8HHdUwJDdIQ net::ERR_ABORTED | /notifications?_rsc=Z9EVd8HHdUwJDdIQ net::ERR_ABORTED","","0","0","0","Switch user"
"CLINICAL_REVIEWER","/crosses","/crosses","200","Crosswalk","Failed to load resource: the server responded with a status of 403 (Forbidden) | Failed to load resource: the server responded with a status of 403 (Forbidden) | Failed to load resource: the server responded with a status of 403 (Forbidden)","","0","/catalog?_rsc=zAn-vlYtEcVbUMJ6 net::ERR_ABORTED | /catalog/gudid?_rsc=zAn-vlYtEcVbUMJ6 net::ERR_ABORTED | /?_rsc=zAn-vlYtEcVbUMJ6 net::ERR_ABORTED | /notifications?_rsc=zAn-vlYtEcVbUMJ6 net::ERR_ABORTED | /catalog?_rsc=aniPmKjMQR6zCALO net::ERR_ABORTED | /?_rsc=aniPmKjMQR6zCALO net::ERR_ABORTED | /catalog/gudid?_rsc=aniPmKjMQR6zCALO net::ERR_ABORTED | /crosses?_rsc=aniPmKjMQR6zCALO net::ERR_ABORTED | /settings?_rsc=aniPmKjMQR6zCALO net::ERR_ABORTED | /notifications?_rsc=aniPmKjMQR6zCALO net::ERR_ABORTED","403 /api/crosswalk/versions | 403 /api/crosses?status=DRAFT | 403 /api/crosses?status=IN_REVIEW","0","0","0","Switch user"
"CLINICAL_REVIEWER","/notifications","/notifications","200","Notifications","","","0","/?_rsc=oG-rbVP81bj5yHs2 net::ERR_ABORTED | /catalog?_rsc=oG-rbVP81bj5yHs2 net::ERR_ABORTED | /catalog/gudid?_rsc=oG-rbVP81bj5yHs2 net::ERR_ABORTED | /crosses?_rsc=oG-rbVP81bj5yHs2 net::ERR_ABORTED | /settings?_rsc=oG-rbVP81bj5yHs2 net::ERR_ABORTED | /crosses?_rsc=FxIb9Zh5xrkPNSW4 net::ERR_ABORTED | /?_rsc=FxIb9Zh5xrkPNSW4 net::ERR_ABORTED | /catalog?_rsc=FxIb9Zh5xrkPNSW4 net::ERR_ABORTED | /notifications?_rsc=FxIb9Zh5xrkPNSW4 net::ERR_ABORTED | /settings?_rsc=FxIb9Zh5xrkPNSW4 net::ERR_ABORTED","","0","0","0","Switch user ; Mark all read ; Read"
"CLINICAL_REVIEWER","/settings","/settings","200","Settings","Failed to load resource: the server responded with a status of 429 (Too Many Requests) | Failed to load resource: the server responded with a status of 403 (Forbidden) | Failed to load resource: the server responded with a status of 403 (Forbidden)","","0","/?_rsc=DQxjArDrgutTG17x net::ERR_ABORTED | /catalog?_rsc=DQxjArDrgutTG17x net::ERR_ABORTED | /catalog/gudid?_rsc=DQxjArDrgutTG17x net::ERR_ABORTED | /crosses?_rsc=DQxjArDrgutTG17x net::ERR_ABORTED | /notifications?_rsc=DQxjArDrgutTG17x net::ERR_ABORTED | /settings/integrations?_rsc=DQxjArDrgutTG17x net::ERR_ABORTED | /settings/pricing?_rsc=DQxjArDrgutTG17x net::ERR_ABORTED | /?_rsc=j-_vjoKOn8bxlRO7 net::ERR_ABORTED | /catalog?_rsc=j-_vjoKOn8bxlRO7 net::ERR_ABORTED | /catalog/gudid?_rsc=j-_vjoKOn8bxlRO7 net::ERR_ABORTED | /crosses?_rsc=j-_vjoKOn8bxlRO7 net::ERR_ABORTED | /settings?_rsc=j-_vjoKOn8bxlRO7 net::ERR_ABORTED | /notifications?_rsc=j-_vjoKOn8bxlRO7 net::ERR_ABORTED | /settings/integrations?_rsc=j-_vjoKOn8bxlRO7 net::ERR_ABORTED | /settings/pricing?_rsc=j-_vjoKOn8bxlRO7 net::ERR_ABORTED","429 /api/auth/dev | 403 /api/settings/branding | 403 /api/integrations","0","0","0","Switch user ; Save ; Configure integrations →"
"CLINICAL_REVIEWER","/settings/integrations","/settings/integrations","200","Settings","Failed to load resource: the server responded with a status of 429 (Too Many Requests) | Failed to load resource: the server responded with a status of 403 (Forbidden) | Failed to load resource: the server responded with a status of 403 (Forbidden)","","0","/api/integrations net::ERR_ABORTED | /api/auth/dev net::ERR_ABORTED | /api/settings/branding net::ERR_ABORTED | /?_rsc=DQxjArDrgutTG17x net::ERR_ABORTED | /catalog/gudid?_rsc=DQxjArDrgutTG17x net::ERR_ABORTED | /crosses?_rsc=DQxjArDrgutTG17x net::ERR_ABORTED | /catalog?_rsc=DQxjArDrgutTG17x net::ERR_ABORTED | /notifications?_rsc=DQxjArDrgutTG17x net::ERR_ABORTED | /settings/integrations?_rsc=DQxjArDrgutTG17x net::ERR_ABORTED | /settings/pricing?_rsc=DQxjArDrgutTG17x net::ERR_ABORTED | /?_rsc=j-_vjoKOn8bxlRO7 net::ERR_ABORTED | /catalog?_rsc=j-_vjoKOn8bxlRO7 net::ERR_ABORTED | /settings?_rsc=j-_vjoKOn8bxlRO7 net::ERR_ABORTED | /catalog/gudid?_rsc=j-_vjoKOn8bxlRO7 net::ERR_ABORTED | /crosses?_rsc=j-_vjoKOn8bxlRO7 net::ERR_ABORTED | /settings/integrations?_rsc=j-_vjoKOn8bxlRO7 net::ERR_ABORTED | /notifications?_rsc=j-_vjoKOn8bxlRO7 net::ERR_ABORTED | /settings/pricing?_rsc=j-_vjoKOn8bxlRO7 net::ERR_ABORTED","429 /api/auth/dev | 403 /api/settings/branding | 403 /api/integrations","0","0","0","Switch user ; Save ; Configure integrations →"
"CLINICAL_REVIEWER","/settings/pricing","/settings/pricing","200","Pricing policies","Failed to load resource: the server responded with a status of 429 (Too Many Requests) | Failed to load resource: the server responded with a status of 403 (Forbidden)","","0","/api/auth/dev net::ERR_ABORTED | /api/integrations net::ERR_ABORTED | /api/settings/branding net::ERR_ABORTED | /crosses?_rsc=8oSST31HPn0UlEto net::ERR_ABORTED | /?_rsc=8oSST31HPn0UlEto net::ERR_ABORTED | /catalog/gudid?_rsc=8oSST31HPn0UlEto net::ERR_ABORTED | /catalog?_rsc=8oSST31HPn0UlEto net::ERR_ABORTED | /settings?_rsc=8oSST31HPn0UlEto net::ERR_ABORTED | /notifications?_rsc=8oSST31HPn0UlEto net::ERR_ABORTED | /catalog/gudid?_rsc=_Ie442TgELs3Q458 net::ERR_ABORTED | /crosses?_rsc=_Ie442TgELs3Q458 net::ERR_ABORTED | /?_rsc=_Ie442TgELs3Q458 net::ERR_ABORTED | /catalog?_rsc=_Ie442TgELs3Q458 net::ERR_ABORTED | /notifications?_rsc=_Ie442TgELs3Q458 net::ERR_ABORTED | /settings?_rsc=_Ie442TgELs3Q458 net::ERR_ABORTED","429 /api/auth/dev | 403 /api/pricing-policies","0","0","0","Switch user ; New draft"
"FINANCE","/","/","200","Competitive cross reference","","","0","/intelligence?_rsc=5CB68i4pnAekjehf net::ERR_ABORTED | /proposals?_rsc=5CB68i4pnAekjehf net::ERR_ABORTED | /accounts?_rsc=5CB68i4pnAekjehf net::ERR_ABORTED | /contracts?_rsc=5CB68i4pnAekjehf net::ERR_ABORTED | /catalog/gudid?_rsc=5CB68i4pnAekjehf net::ERR_ABORTED | /intelligence/bids?_rsc=5CB68i4pnAekjehf net::ERR_ABORTED | /analytics?_rsc=5CB68i4pnAekjehf net::ERR_ABORTED | /catalog?_rsc=5CB68i4pnAekjehf net::ERR_ABORTED | /crosses?_rsc=5CB68i4pnAekjehf net::ERR_ABORTED | /settings?_rsc=5CB68i4pnAekjehf net::ERR_ABORTED | /requests/new?_rsc=5CB68i4pnAekjehf net::ERR_ABORTED | /notifications?_rsc=5CB68i4pnAekjehf net::ERR_ABORTED | /proposals?_rsc=tXyZJ52UQVBCVsD3 net::ERR_ABORTED | /accounts?_rsc=tXyZJ52UQVBCVsD3 net::ERR_ABORTED | /contracts?_rsc=tXyZJ52UQVBCVsD3 net::ERR_ABORTED | /intelligence?_rsc=tXyZJ52UQVBCVsD3 net::ERR_ABORTED | /intelligence/bids?_rsc=tXyZJ52UQVBCVsD3 net::ERR_ABORTED | /analytics?_rsc=tXyZJ52UQVBCVsD3 net::ERR_ABORTED | /catalog?_rsc=tXyZJ52UQVBCVsD3 net::ERR_ABORTED | /settings?_rsc=tXyZJ52UQVBCVsD3 net::ERR_ABORTED | /requests?_rsc=tXyZJ52UQVBCVsD3 net::ERR_ABORTED | /notifications?_rsc=tXyZJ52UQVBCVsD3 net::ERR_ABORTED | /requests/new?_rsc=tXyZJ52UQVBCVsD3 net::ERR_ABORTED","","0","0","0","Switch user ; New request"
"FINANCE","/requests","/requests","200","","","","0","/?_rsc=p3Q57VochOqcQNsg net::ERR_ABORTED | /proposals?_rsc=p3Q57VochOqcQNsg net::ERR_ABORTED | /accounts?_rsc=p3Q57VochOqcQNsg net::ERR_ABORTED | /contracts?_rsc=p3Q57VochOqcQNsg net::ERR_ABORTED | /intelligence?_rsc=p3Q57VochOqcQNsg net::ERR_ABORTED | /intelligence/bids?_rsc=p3Q57VochOqcQNsg net::ERR_ABORTED | /analytics?_rsc=p3Q57VochOqcQNsg net::ERR_ABORTED | /catalog/gudid?_rsc=p3Q57VochOqcQNsg net::ERR_ABORTED | /crosses?_rsc=p3Q57VochOqcQNsg net::ERR_ABORTED | /settings?_rsc=p3Q57VochOqcQNsg net::ERR_ABORTED | /notifications?_rsc=p3Q57VochOqcQNsg net::ERR_ABORTED | /?_rsc=nIzLgF1M7nWxnHlV net::ERR_ABORTED | /intelligence?_rsc=nIzLgF1M7nWxnHlV net::ERR_ABORTED | /proposals?_rsc=nIzLgF1M7nWxnHlV net::ERR_ABORTED | /accounts?_rsc=nIzLgF1M7nWxnHlV net::ERR_ABORTED | /contracts?_rsc=nIzLgF1M7nWxnHlV net::ERR_ABORTED | /catalog?_rsc=nIzLgF1M7nWxnHlV net::ERR_ABORTED | /catalog/gudid?_rsc=nIzLgF1M7nWxnHlV net::ERR_ABORTED | /intelligence/bids?_rsc=nIzLgF1M7nWxnHlV net::ERR_ABORTED | /analytics?_rsc=nIzLgF1M7nWxnHlV net::ERR_ABORTED | /crosses?_rsc=nIzLgF1M7nWxnHlV net::ERR_ABORTED | /settings?_rsc=nIzLgF1M7nWxnHlV net::ERR_ABORTED | /notifications?_rsc=nIzLgF1M7nWxnHlV net::ERR_ABORTED","","0","0","0","Switch user"
"FINANCE","/requests/new","/requests/new","200","Competitive cross reference","","","0","/?_rsc=4belA-F-xg-XtLdx net::ERR_ABORTED | /proposals?_rsc=4belA-F-xg-XtLdx net::ERR_ABORTED | /accounts?_rsc=4belA-F-xg-XtLdx net::ERR_ABORTED | /contracts?_rsc=4belA-F-xg-XtLdx net::ERR_ABORTED | /intelligence/bids?_rsc=4belA-F-xg-XtLdx net::ERR_ABORTED | /analytics?_rsc=4belA-F-xg-XtLdx net::ERR_ABORTED | /catalog?_rsc=4belA-F-xg-XtLdx net::ERR_ABORTED | /catalog/gudid?_rsc=4belA-F-xg-XtLdx net::ERR_ABORTED | /settings?_rsc=4belA-F-xg-XtLdx net::ERR_ABORTED | /notifications?_rsc=4belA-F-xg-XtLdx net::ERR_ABORTED | /crosses?_rsc=4belA-F-xg-XtLdx net::ERR_ABORTED | /?_rsc=O1p93FFpSnNce0k4 net::ERR_ABORTED | /intelligence?_rsc=O1p93FFpSnNce0k4 net::ERR_ABORTED | /accounts?_rsc=O1p93FFpSnNce0k4 net::ERR_ABORTED | /proposals?_rsc=O1p93FFpSnNce0k4 net::ERR_ABORTED | /contracts?_rsc=O1p93FFpSnNce0k4 net::ERR_ABORTED | /catalog?_rsc=O1p93FFpSnNce0k4 net::ERR_ABORTED | /catalog/gudid?_rsc=O1p93FFpSnNce0k4 net::ERR_ABORTED | /analytics?_rsc=O1p93FFpSnNce0k4 net::ERR_ABORTED | /intelligence/bids?_rsc=O1p93FFpSnNce0k4 net::ERR_ABORTED | /crosses?_rsc=O1p93FFpSnNce0k4 net::ERR_ABORTED | /settings?_rsc=O1p93FFpSnNce0k4 net::ERR_ABORTED | /notifications?_rsc=O1p93FFpSnNce0k4 net::ERR_ABORTED","","0","0","0","Switch user ; Google Sheets link ; Upload .xlsx / .csv ; Paste from a sheet ; Read sheet ; Continue request"
"FINANCE","/requests/[id]","/requests/null","200","","Failed to load resource: the server responded with a status of 403 (Forbidden)","","0","/?_rsc=76SvvV1TLjtpHtqe net::ERR_ABORTED | /proposals?_rsc=76SvvV1TLjtpHtqe net::ERR_ABORTED | /accounts?_rsc=76SvvV1TLjtpHtqe net::ERR_ABORTED | /contracts?_rsc=76SvvV1TLjtpHtqe net::ERR_ABORTED | /intelligence?_rsc=76SvvV1TLjtpHtqe net::ERR_ABORTED | /intelligence/bids?_rsc=76SvvV1TLjtpHtqe net::ERR_ABORTED | /catalog?_rsc=76SvvV1TLjtpHtqe net::ERR_ABORTED | /analytics?_rsc=76SvvV1TLjtpHtqe net::ERR_ABORTED | /catalog/gudid?_rsc=76SvvV1TLjtpHtqe net::ERR_ABORTED | /notifications?_rsc=76SvvV1TLjtpHtqe net::ERR_ABORTED | /?_rsc=eoRKZgXY26fq4Ulk net::ERR_ABORTED | /settings?_rsc=76SvvV1TLjtpHtqe net::ERR_ABORTED | /intelligence?_rsc=eoRKZgXY26fq4Ulk net::ERR_ABORTED | /intelligence/bids?_rsc=eoRKZgXY26fq4Ulk net::ERR_ABORTED | /contracts?_rsc=eoRKZgXY26fq4Ulk net::ERR_ABORTED | /catalog/gudid?_rsc=eoRKZgXY26fq4Ulk net::ERR_ABORTED | /notifications?_rsc=eoRKZgXY26fq4Ulk net::ERR_ABORTED | /settings?_rsc=eoRKZgXY26fq4Ulk net::ERR_ABORTED","403 /api/requests/null","0","0","0","Switch user"
"FINANCE","/proposals","/proposals","200","Commercial proposals","","","0","/api/requests/null net::ERR_ABORTED | /?_rsc=8qZH60WsiyOTuseO net::ERR_ABORTED | /accounts?_rsc=8qZH60WsiyOTuseO net::ERR_ABORTED | /contracts?_rsc=8qZH60WsiyOTuseO net::ERR_ABORTED | /intelligence?_rsc=8qZH60WsiyOTuseO net::ERR_ABORTED | /intelligence/bids?_rsc=8qZH60WsiyOTuseO net::ERR_ABORTED | /analytics?_rsc=8qZH60WsiyOTuseO net::ERR_ABORTED | /catalog?_rsc=8qZH60WsiyOTuseO net::ERR_ABORTED | /catalog/gudid?_rsc=8qZH60WsiyOTuseO net::ERR_ABORTED | /crosses?_rsc=8qZH60WsiyOTuseO net::ERR_ABORTED | /settings?_rsc=8qZH60WsiyOTuseO net::ERR_ABORTED | /notifications?_rsc=8qZH60WsiyOTuseO net::ERR_ABORTED | /?_rsc=yDw8cg_cK2Tq2IDS net::ERR_ABORTED | /proposals?_rsc=yDw8cg_cK2Tq2IDS net::ERR_ABORTED | /accounts?_rsc=yDw8cg_cK2Tq2IDS net::ERR_ABORTED | /contracts?_rsc=yDw8cg_cK2Tq2IDS net::ERR_ABORTED | /intelligence?_rsc=yDw8cg_cK2Tq2IDS net::ERR_ABORTED | /intelligence/bids?_rsc=yDw8cg_cK2Tq2IDS net::ERR_ABORTED | /analytics?_rsc=yDw8cg_cK2Tq2IDS net::ERR_ABORTED | /catalog?_rsc=yDw8cg_cK2Tq2IDS net::ERR_ABORTED | /catalog/gudid?_rsc=yDw8cg_cK2Tq2IDS net::ERR_ABORTED | /settings?_rsc=yDw8cg_cK2Tq2IDS net::ERR_ABORTED | /crosses?_rsc=yDw8cg_cK2Tq2IDS net::ERR_ABORTED | /notifications?_rsc=yDw8cg_cK2Tq2IDS net::ERR_ABORTED","","0","0","0","Switch user"
"FINANCE","/proposals/[id]","/proposals/null","200","","Failed to load resource: the server responded with a status of 404 (Not Found)","","0","/?_rsc=VreOGdJHuaZwqD3- net::ERR_ABORTED | /proposals?_rsc=VreOGdJHuaZwqD3- net::ERR_ABORTED | /accounts?_rsc=VreOGdJHuaZwqD3- net::ERR_ABORTED | /contracts?_rsc=VreOGdJHuaZwqD3- net::ERR_ABORTED | /intelligence?_rsc=VreOGdJHuaZwqD3- net::ERR_ABORTED | /intelligence/bids?_rsc=VreOGdJHuaZwqD3- net::ERR_ABORTED | /analytics?_rsc=VreOGdJHuaZwqD3- net::ERR_ABORTED | /crosses?_rsc=VreOGdJHuaZwqD3- net::ERR_ABORTED | /settings?_rsc=VreOGdJHuaZwqD3- net::ERR_ABORTED | /notifications?_rsc=VreOGdJHuaZwqD3- net::ERR_ABORTED | /?_rsc=hzu8hJFrzSYjsRgK net::ERR_ABORTED | /accounts?_rsc=hzu8hJFrzSYjsRgK net::ERR_ABORTED | /contracts?_rsc=hzu8hJFrzSYjsRgK net::ERR_ABORTED | /intelligence?_rsc=hzu8hJFrzSYjsRgK net::ERR_ABORTED | /analytics?_rsc=hzu8hJFrzSYjsRgK net::ERR_ABORTED | /catalog/gudid?_rsc=hzu8hJFrzSYjsRgK net::ERR_ABORTED | /catalog?_rsc=hzu8hJFrzSYjsRgK net::ERR_ABORTED | /crosses?_rsc=hzu8hJFrzSYjsRgK net::ERR_ABORTED | /settings?_rsc=hzu8hJFrzSYjsRgK net::ERR_ABORTED | /notifications?_rsc=hzu8hJFrzSYjsRgK net::ERR_ABORTED","404 /api/proposals/null","0","0","0","Switch user"
"FINANCE","/approvals","/approvals","200","Pricing approvals","","","0","/?_rsc=Ut9iRRX_9PZKRdF- net::ERR_ABORTED | /proposals?_rsc=Ut9iRRX_9PZKRdF- net::ERR_ABORTED | /accounts?_rsc=Ut9iRRX_9PZKRdF- net::ERR_ABORTED | /contracts?_rsc=Ut9iRRX_9PZKRdF- net::ERR_ABORTED | /intelligence/bids?_rsc=Ut9iRRX_9PZKRdF- net::ERR_ABORTED | /analytics?_rsc=Ut9iRRX_9PZKRdF- net::ERR_ABORTED | /intelligence?_rsc=Ut9iRRX_9PZKRdF- net::ERR_ABORTED | /crosses?_rsc=Ut9iRRX_9PZKRdF- net::ERR_ABORTED | /settings?_rsc=Ut9iRRX_9PZKRdF- net::ERR_ABORTED | /catalog?_rsc=Ut9iRRX_9PZKRdF- net::ERR_ABORTED | /catalog/gudid?_rsc=Ut9iRRX_9PZKRdF- net::ERR_ABORTED | /notifications?_rsc=Ut9iRRX_9PZKRdF- net::ERR_ABORTED | /proposals?_rsc=AU6DTT46DVXZ7jWj net::ERR_ABORTED | /accounts?_rsc=AU6DTT46DVXZ7jWj net::ERR_ABORTED | /?_rsc=AU6DTT46DVXZ7jWj net::ERR_ABORTED | /contracts?_rsc=AU6DTT46DVXZ7jWj net::ERR_ABORTED | /intelligence?_rsc=AU6DTT46DVXZ7jWj net::ERR_ABORTED | /analytics?_rsc=AU6DTT46DVXZ7jWj net::ERR_ABORTED | /intelligence/bids?_rsc=AU6DTT46DVXZ7jWj net::ERR_ABORTED | /catalog?_rsc=AU6DTT46DVXZ7jWj net::ERR_ABORTED | /crosses?_rsc=AU6DTT46DVXZ7jWj net::ERR_ABORTED | /catalog/gudid?_rsc=AU6DTT46DVXZ7jWj net::ERR_ABORTED | /settings?_rsc=AU6DTT46DVXZ7jWj net::ERR_ABORTED | /notifications?_rsc=AU6DTT46DVXZ7jWj net::ERR_ABORTED","","0","0","0","Switch user ; Delegate my approvals"
"FINANCE","/accounts","/accounts","200","Accounts & GPO membership","","","0","/proposals?_rsc=iZGmHDWBA-6V7KTQ net::ERR_ABORTED | /contracts?_rsc=iZGmHDWBA-6V7KTQ net::ERR_ABORTED | /intelligence?_rsc=iZGmHDWBA-6V7KTQ net::ERR_ABORTED | /?_rsc=iZGmHDWBA-6V7KTQ net::ERR_ABORTED | /catalog?_rsc=iZGmHDWBA-6V7KTQ net::ERR_ABORTED | /analytics?_rsc=iZGmHDWBA-6V7KTQ net::ERR_ABORTED | /intelligence/bids?_rsc=iZGmHDWBA-6V7KTQ net::ERR_ABORTED | /catalog/gudid?_rsc=iZGmHDWBA-6V7KTQ net::ERR_ABORTED | /crosses?_rsc=iZGmHDWBA-6V7KTQ net::ERR_ABORTED | /settings?_rsc=iZGmHDWBA-6V7KTQ net::ERR_ABORTED | /accounts/cmuf6hihm02rkks7drm31yuur?_rsc=iZGmHDWBA-6V7KTQ net::ERR_ABORTED | /accounts/cmuf6hiho02rlks7d2xz6w5ev?_rsc=iZGmHDWBA-6V7KTQ net::ERR_ABORTED | /accounts/cmuf6hihq02rmks7did2qxong?_rsc=iZGmHDWBA-6V7KTQ net::ERR_ABORTED | /accounts/cmuf6hihk02rjks7dyamo9w2u?_rsc=iZGmHDWBA-6V7KTQ net::ERR_ABORTED | /?_rsc=oRxEn_R9e10JER3Z net::ERR_ABORTED | /intelligence?_rsc=oRxEn_R9e10JER3Z net::ERR_ABORTED | /accounts?_rsc=oRxEn_R9e10JER3Z net::ERR_ABORTED | /contracts?_rsc=oRxEn_R9e10JER3Z net::ERR_ABORTED | /intelligence/bids?_rsc=oRxEn_R9e10JER3Z net::ERR_ABORTED | /catalog/gudid?_rsc=oRxEn_R9e10JER3Z net::ERR_ABORTED | /crosses?_rsc=oRxEn_R9e10JER3Z net::ERR_ABORTED | /settings?_rsc=oRxEn_R9e10JER3Z net::ERR_ABORTED | /notifications?_rsc=oRxEn_R9e10JER3Z net::ERR_ABORTED | /accounts/cmuf6hihm02rkks7drm31yuur?_rsc=oRxEn_R9e10JER3Z net::ERR_ABORTED | /accounts/cmuf6hihq02rmks7did2qxong?_rsc=oRxEn_R9e10JER3Z net::ERR_ABORTED | /accounts/cmuf6hihk02rjks7dyamo9w2u?_rsc=oRxEn_R9e10JER3Z net::ERR_ABORTED | /accounts/cmuf6hihh02riks7dkuig0cbl?_rsc=oRxEn_R9e10JER3Z net::ERR_ABORTED | /accounts/cmuf6hiho02rlks7d2xz6w5ev?_rsc=oRxEn_R9e10JER3Z net::ERR_ABORTED","","0","0","0","Switch user"
"FINANCE","/accounts/[id]","/accounts/cmuf6hihm02rkks7drm31yuur","200","Hospital A — Mount Vernon General","","","0","/?_rsc=pYoAThzR_ryjq0MS net::ERR_ABORTED | /proposals?_rsc=pYoAThzR_ryjq0MS net::ERR_ABORTED | /accounts?_rsc=pYoAThzR_ryjq0MS net::ERR_ABORTED | /contracts?_rsc=pYoAThzR_ryjq0MS net::ERR_ABORTED | /analytics?_rsc=pYoAThzR_ryjq0MS net::ERR_ABORTED | /catalog?_rsc=pYoAThzR_ryjq0MS net::ERR_ABORTED | /crosses?_rsc=pYoAThzR_ryjq0MS net::ERR_ABORTED | /settings?_rsc=pYoAThzR_ryjq0MS net::ERR_ABORTED | /notifications?_rsc=pYoAThzR_ryjq0MS net::ERR_ABORTED | /contracts/cmuf6himl02swks7dif6nb96r?_rsc=pYoAThzR_ryjq0MS net::ERR_ABORTED | /?_rsc=gRQ4rCW2m6dkjkis net::ERR_ABORTED | /proposals?_rsc=gRQ4rCW2m6dkjkis net::ERR_ABORTED | /accounts?_rsc=gRQ4rCW2m6dkjkis net::ERR_ABORTED | /contracts?_rsc=gRQ4rCW2m6dkjkis net::ERR_ABORTED | /intelligence/bids?_rsc=gRQ4rCW2m6dkjkis net::ERR_ABORTED | /intelligence?_rsc=gRQ4rCW2m6dkjkis net::ERR_ABORTED | /catalog?_rsc=gRQ4rCW2m6dkjkis net::ERR_ABORTED | /analytics?_rsc=gRQ4rCW2m6dkjkis net::ERR_ABORTED | /catalog/gudid?_rsc=gRQ4rCW2m6dkjkis net::ERR_ABORTED | /crosses?_rsc=gRQ4rCW2m6dkjkis net::ERR_ABORTED | /settings?_rsc=gRQ4rCW2m6dkjkis net::ERR_ABORTED | /notifications?_rsc=gRQ4rCW2m6dkjkis net::ERR_ABORTED | /contracts/cmuf6himl02swks7dif6nb96r?_rsc=gRQ4rCW2m6dkjkis net::ERR_ABORTED","","0","1","0","Switch user"
"FINANCE","/contracts","/contracts","200","Contracts & price context","","","0","/?_rsc=DzmfcRRfJeItXkgz net::ERR_ABORTED | /intelligence?_rsc=DzmfcRRfJeItXkgz net::ERR_ABORTED | /intelligence/bids?_rsc=DzmfcRRfJeItXkgz net::ERR_ABORTED | /analytics?_rsc=DzmfcRRfJeItXkgz net::ERR_ABORTED | /catalog?_rsc=DzmfcRRfJeItXkgz net::ERR_ABORTED | /catalog/gudid?_rsc=DzmfcRRfJeItXkgz net::ERR_ABORTED | /crosses?_rsc=DzmfcRRfJeItXkgz net::ERR_ABORTED | /settings?_rsc=DzmfcRRfJeItXkgz net::ERR_ABORTED | /notifications?_rsc=DzmfcRRfJeItXkgz net::ERR_ABORTED | /contracts/cmuf6himu02sxks7dkgml1rr2?_rsc=DzmfcRRfJeItXkgz net::ERR_ABORTED | /contracts/cmuf6himl02swks7dif6nb96r?_rsc=DzmfcRRfJeItXkgz net::ERR_ABORTED | /?_rsc=2Ju2sngZl13OvaTN net::ERR_ABORTED | /contracts?_rsc=2Ju2sngZl13OvaTN net::ERR_ABORTED | /intelligence/bids?_rsc=2Ju2sngZl13OvaTN net::ERR_ABORTED | /intelligence?_rsc=2Ju2sngZl13OvaTN net::ERR_ABORTED | /analytics?_rsc=2Ju2sngZl13OvaTN net::ERR_ABORTED | /catalog?_rsc=2Ju2sngZl13OvaTN net::ERR_ABORTED | /catalog/gudid?_rsc=2Ju2sngZl13OvaTN net::ERR_ABORTED | /crosses?_rsc=2Ju2sngZl13OvaTN net::ERR_ABORTED | /settings?_rsc=2Ju2sngZl13OvaTN net::ERR_ABORTED | /contracts/cmuf6himu02sxks7dkgml1rr2?_rsc=2Ju2sngZl13OvaTN net::ERR_ABORTED | /contracts/cmuf6himl02swks7dif6nb96r?_rsc=2Ju2sngZl13OvaTN net::ERR_ABORTED | /notifications?_rsc=2Ju2sngZl13OvaTN net::ERR_ABORTED","","0","1","0","Switch user ; New contract"
"FINANCE","/contracts/[id]","/contracts/cmuf6himu02sxks7dkgml1rr2","200","MSK-LOCAL-2026 · MSK local mesh agreement","","","0","/?_rsc=TQOCHQXESAyQ3VEl net::ERR_ABORTED | /proposals?_rsc=TQOCHQXESAyQ3VEl net::ERR_ABORTED | /accounts?_rsc=TQOCHQXESAyQ3VEl net::ERR_ABORTED | /catalog/gudid?_rsc=TQOCHQXESAyQ3VEl net::ERR_ABORTED | /accounts/cmuf6hihk02rjks7dyamo9w2u?_rsc=TQOCHQXESAyQ3VEl net::ERR_ABORTED | /crosses?_rsc=TQOCHQXESAyQ3VEl net::ERR_ABORTED | /settings?_rsc=TQOCHQXESAyQ3VEl net::ERR_ABORTED | /notifications?_rsc=TQOCHQXESAyQ3VEl net::ERR_ABORTED | /accounts/cmuf6hihk02rjks7dyamo9w2u?_rsc=12web-rdU3k9vLaG net::ERR_ABORTED | /?_rsc=12web-rdU3k9vLaG net::ERR_ABORTED | /proposals?_rsc=12web-rdU3k9vLaG net::ERR_ABORTED | /accounts?_rsc=12web-rdU3k9vLaG net::ERR_ABORTED | /contracts?_rsc=12web-rdU3k9vLaG net::ERR_ABORTED | /intelligence/bids?_rsc=12web-rdU3k9vLaG net::ERR_ABORTED | /analytics?_rsc=12web-rdU3k9vLaG net::ERR_ABORTED | /catalog?_rsc=12web-rdU3k9vLaG net::ERR_ABORTED | /catalog/gudid?_rsc=12web-rdU3k9vLaG net::ERR_ABORTED | /crosses?_rsc=12web-rdU3k9vLaG net::ERR_ABORTED | /settings?_rsc=12web-rdU3k9vLaG net::ERR_ABORTED | /notifications?_rsc=12web-rdU3k9vLaG net::ERR_ABORTED","","0","1","0","Switch user ; Refresh performance ; Terminate ; Save entries"
"FINANCE","/intelligence","/intelligence","200","Competitor pricing","","","0","/?_rsc=3fD0047dUoUPXvG2 net::ERR_ABORTED | /proposals?_rsc=3fD0047dUoUPXvG2 net::ERR_ABORTED | /accounts?_rsc=3fD0047dUoUPXvG2 net::ERR_ABORTED | /contracts?_rsc=3fD0047dUoUPXvG2 net::ERR_ABORTED | /catalog/gudid?_rsc=3fD0047dUoUPXvG2 net::ERR_ABORTED | /intelligence/bids?_rsc=3fD0047dUoUPXvG2 net::ERR_ABORTED | /analytics?_rsc=3fD0047dUoUPXvG2 net::ERR_ABORTED | /crosses?_rsc=3fD0047dUoUPXvG2 net::ERR_ABORTED | /settings?_rsc=3fD0047dUoUPXvG2 net::ERR_ABORTED | /notifications?_rsc=3fD0047dUoUPXvG2 net::ERR_ABORTED | /?_rsc=gu9LWiAQNzfrKsW2 net::ERR_ABORTED | /proposals?_rsc=gu9LWiAQNzfrKsW2 net::ERR_ABORTED | /accounts?_rsc=gu9LWiAQNzfrKsW2 net::ERR_ABORTED | /contracts?_rsc=gu9LWiAQNzfrKsW2 net::ERR_ABORTED | /intelligence?_rsc=gu9LWiAQNzfrKsW2 net::ERR_ABORTED | /catalog?_rsc=gu9LWiAQNzfrKsW2 net::ERR_ABORTED | /intelligence/bids?_rsc=gu9LWiAQNzfrKsW2 net::ERR_ABORTED | /analytics?_rsc=gu9LWiAQNzfrKsW2 net::ERR_ABORTED | /catalog/gudid?_rsc=gu9LWiAQNzfrKsW2 net::ERR_ABORTED | /crosses?_rsc=gu9LWiAQNzfrKsW2 net::ERR_ABORTED | /settings?_rsc=gu9LWiAQNzfrKsW2 net::ERR_ABORTED | /notifications?_rsc=gu9LWiAQNzfrKsW2 net::ERR_ABORTED","","0","1","0","Switch user ; Import .xlsx / .csv ; INPUT ; Extract a document… ; Verify ; Dispute ; 1190500 ; 1410015010 ; 1DLMC03 ; 1DLMC05 ; 112680 ; 1190816 ; SPMII ; 1200710 ; 1201520 ; 113700 ; 112650 ; 112660 ; UPA31015 ; 1190820 ; 1202025 ; 1190300 ; SPMXXL ; Record"
"FINANCE","/intelligence/bids","/intelligence/bids","200","Public bids and awards","","","0","/?_rsc=2gWrMJaxdn-CU2fc net::ERR_ABORTED | /proposals?_rsc=2gWrMJaxdn-CU2fc net::ERR_ABORTED | /accounts?_rsc=2gWrMJaxdn-CU2fc net::ERR_ABORTED | /contracts?_rsc=2gWrMJaxdn-CU2fc net::ERR_ABORTED | /catalog?_rsc=2gWrMJaxdn-CU2fc net::ERR_ABORTED | /catalog/gudid?_rsc=2gWrMJaxdn-CU2fc net::ERR_ABORTED | /intelligence?_rsc=2gWrMJaxdn-CU2fc net::ERR_ABORTED | /analytics?_rsc=2gWrMJaxdn-CU2fc net::ERR_ABORTED | /crosses?_rsc=2gWrMJaxdn-CU2fc net::ERR_ABORTED | /?_rsc=W5McYxvxTMCZbYJx net::ERR_ABORTED | /proposals?_rsc=W5McYxvxTMCZbYJx net::ERR_ABORTED | /accounts?_rsc=W5McYxvxTMCZbYJx net::ERR_ABORTED | /contracts?_rsc=W5McYxvxTMCZbYJx net::ERR_ABORTED | /intelligence?_rsc=W5McYxvxTMCZbYJx net::ERR_ABORTED | /intelligence/bids?_rsc=W5McYxvxTMCZbYJx net::ERR_ABORTED | /analytics?_rsc=W5McYxvxTMCZbYJx net::ERR_ABORTED | /catalog/gudid?_rsc=W5McYxvxTMCZbYJx net::ERR_ABORTED | /catalog?_rsc=W5McYxvxTMCZbYJx net::ERR_ABORTED | /notifications?_rsc=W5McYxvxTMCZbYJx net::ERR_ABORTED | /settings?_rsc=W5McYxvxTMCZbYJx net::ERR_ABORTED | /crosses?_rsc=W5McYxvxTMCZbYJx net::ERR_ABORTED","","0","0","0","Switch user ; Pull ; Save ; INPUT"
"FINANCE","/intelligence/extractions/[id]","/intelligence/extractions/missing0000000000000000","200","Extraction","Failed to load resource: the server responded with a status of 404 (Not Found)","","0","/proposals?_rsc=VJB2dfGule5Oh2L3 net::ERR_ABORTED | /accounts?_rsc=VJB2dfGule5Oh2L3 net::ERR_ABORTED | /?_rsc=VJB2dfGule5Oh2L3 net::ERR_ABORTED | /contracts?_rsc=VJB2dfGule5Oh2L3 net::ERR_ABORTED | /intelligence?_rsc=VJB2dfGule5Oh2L3 net::ERR_ABORTED | /intelligence/bids?_rsc=VJB2dfGule5Oh2L3 net::ERR_ABORTED | /analytics?_rsc=VJB2dfGule5Oh2L3 net::ERR_ABORTED | /catalog?_rsc=VJB2dfGule5Oh2L3 net::ERR_ABORTED | /catalog/gudid?_rsc=VJB2dfGule5Oh2L3 net::ERR_ABORTED | /crosses?_rsc=VJB2dfGule5Oh2L3 net::ERR_ABORTED | /settings?_rsc=VJB2dfGule5Oh2L3 net::ERR_ABORTED | /notifications?_rsc=VJB2dfGule5Oh2L3 net::ERR_ABORTED | /proposals?_rsc=wBL8jh-0AxNJNXN_ net::ERR_ABORTED | /?_rsc=wBL8jh-0AxNJNXN_ net::ERR_ABORTED | /contracts?_rsc=wBL8jh-0AxNJNXN_ net::ERR_ABORTED | /analytics?_rsc=wBL8jh-0AxNJNXN_ net::ERR_ABORTED | /intelligence?_rsc=wBL8jh-0AxNJNXN_ net::ERR_ABORTED | /intelligence/bids?_rsc=wBL8jh-0AxNJNXN_ net::ERR_ABORTED | /catalog?_rsc=wBL8jh-0AxNJNXN_ net::ERR_ABORTED | /notifications?_rsc=wBL8jh-0AxNJNXN_ net::ERR_ABORTED | /settings?_rsc=wBL8jh-0AxNJNXN_ net::ERR_ABORTED | /catalog/gudid?_rsc=wBL8jh-0AxNJNXN_ net::ERR_ABORTED | /crosses?_rsc=wBL8jh-0AxNJNXN_ net::ERR_ABORTED","404 /api/documents/extractions/missing0000000000000000","0","0","0","Switch user"
"FINANCE","/analytics","/analytics","200","Commercial feedback loop","","","0","/?_rsc=ix5_aAief6TvBg04 net::ERR_ABORTED | /proposals?_rsc=ix5_aAief6TvBg04 net::ERR_ABORTED | /accounts?_rsc=ix5_aAief6TvBg04 net::ERR_ABORTED | /contracts?_rsc=ix5_aAief6TvBg04 net::ERR_ABORTED | /intelligence/bids?_rsc=ix5_aAief6TvBg04 net::ERR_ABORTED | /catalog?_rsc=ix5_aAief6TvBg04 net::ERR_ABORTED | /crosses?_rsc=ix5_aAief6TvBg04 net::ERR_ABORTED | /settings?_rsc=ix5_aAief6TvBg04 net::ERR_ABORTED | /notifications?_rsc=ix5_aAief6TvBg04 net::ERR_ABORTED | /catalog/gudid?_rsc=ix5_aAief6TvBg04 net::ERR_ABORTED | /accounts?_rsc=Dt318okBLJyNDlfE net::ERR_ABORTED | /proposals?_rsc=Dt318okBLJyNDlfE net::ERR_ABORTED | /intelligence?_rsc=Dt318okBLJyNDlfE net::ERR_ABORTED | /contracts?_rsc=Dt318okBLJyNDlfE net::ERR_ABORTED | /intelligence/bids?_rsc=Dt318okBLJyNDlfE net::ERR_ABORTED | /analytics?_rsc=Dt318okBLJyNDlfE net::ERR_ABORTED | /catalog?_rsc=Dt318okBLJyNDlfE net::ERR_ABORTED | /catalog/gudid?_rsc=Dt318okBLJyNDlfE net::ERR_ABORTED | /crosses?_rsc=Dt318okBLJyNDlfE net::ERR_ABORTED | /notifications?_rsc=Dt318okBLJyNDlfE net::ERR_ABORTED | /settings?_rsc=Dt318okBLJyNDlfE net::ERR_ABORTED","","0","1","0","Switch user ; Refresh"
"FINANCE","/catalog","/catalog","200","Our catalog","","","0","/proposals?_rsc=OYzo7EH3MGwwxBfF net::ERR_ABORTED | /accounts?_rsc=OYzo7EH3MGwwxBfF net::ERR_ABORTED | /contracts?_rsc=OYzo7EH3MGwwxBfF net::ERR_ABORTED | /?_rsc=OYzo7EH3MGwwxBfF net::ERR_ABORTED | /intelligence?_rsc=OYzo7EH3MGwwxBfF net::ERR_ABORTED | /intelligence/bids?_rsc=OYzo7EH3MGwwxBfF net::ERR_ABORTED | /analytics?_rsc=OYzo7EH3MGwwxBfF net::ERR_ABORTED | /catalog/gudid?_rsc=OYzo7EH3MGwwxBfF net::ERR_ABORTED | /crosses?_rsc=OYzo7EH3MGwwxBfF net::ERR_ABORTED | /settings?_rsc=OYzo7EH3MGwwxBfF net::ERR_ABORTED | /notifications?_rsc=OYzo7EH3MGwwxBfF net::ERR_ABORTED | /proposals?_rsc=O6cAbYUSgs3KBG-F net::ERR_ABORTED | /contracts?_rsc=O6cAbYUSgs3KBG-F net::ERR_ABORTED | /intelligence?_rsc=O6cAbYUSgs3KBG-F net::ERR_ABORTED | /intelligence/bids?_rsc=O6cAbYUSgs3KBG-F net::ERR_ABORTED | /accounts?_rsc=O6cAbYUSgs3KBG-F net::ERR_ABORTED | /analytics?_rsc=O6cAbYUSgs3KBG-F net::ERR_ABORTED | /catalog?_rsc=O6cAbYUSgs3KBG-F net::ERR_ABORTED | /catalog/gudid?_rsc=O6cAbYUSgs3KBG-F net::ERR_ABORTED | /crosses?_rsc=O6cAbYUSgs3KBG-F net::ERR_ABORTED | /settings?_rsc=O6cAbYUSgs3KBG-F net::ERR_ABORTED","","0","1","0","Switch user ; GUDID library ; Pricing"
"FINANCE","/catalog/gudid","/catalog/gudid","200","GUDID library","","","0","/contracts?_rsc=DGmoGnAw5OqJpMhM net::ERR_ABORTED | /?_rsc=DGmoGnAw5OqJpMhM net::ERR_ABORTED | /proposals?_rsc=DGmoGnAw5OqJpMhM net::ERR_ABORTED | /accounts?_rsc=DGmoGnAw5OqJpMhM net::ERR_ABORTED | /intelligence?_rsc=DGmoGnAw5OqJpMhM net::ERR_ABORTED | /intelligence/bids?_rsc=DGmoGnAw5OqJpMhM net::ERR_ABORTED | /analytics?_rsc=DGmoGnAw5OqJpMhM net::ERR_ABORTED | /crosses?_rsc=DGmoGnAw5OqJpMhM net::ERR_ABORTED | /settings?_rsc=DGmoGnAw5OqJpMhM net::ERR_ABORTED | /notifications?_rsc=DGmoGnAw5OqJpMhM net::ERR_ABORTED | /?_rsc=Z9EVd8HHdUwJDdIQ net::ERR_ABORTED | /intelligence?_rsc=Z9EVd8HHdUwJDdIQ net::ERR_ABORTED | /accounts?_rsc=Z9EVd8HHdUwJDdIQ net::ERR_ABORTED | /contracts?_rsc=Z9EVd8HHdUwJDdIQ net::ERR_ABORTED | /proposals?_rsc=Z9EVd8HHdUwJDdIQ net::ERR_ABORTED | /intelligence/bids?_rsc=Z9EVd8HHdUwJDdIQ net::ERR_ABORTED | /analytics?_rsc=Z9EVd8HHdUwJDdIQ net::ERR_ABORTED | /catalog/gudid?_rsc=Z9EVd8HHdUwJDdIQ net::ERR_ABORTED | /catalog?_rsc=Z9EVd8HHdUwJDdIQ net::ERR_ABORTED | /settings?_rsc=Z9EVd8HHdUwJDdIQ net::ERR_ABORTED | /crosses?_rsc=Z9EVd8HHdUwJDdIQ net::ERR_ABORTED | /notifications?_rsc=Z9EVd8HHdUwJDdIQ net::ERR_ABORTED","","0","0","0","Switch user"
"FINANCE","/crosses","/crosses","200","Crosswalk","","","0","/contracts?_rsc=zAn-vlYtEcVbUMJ6 net::ERR_ABORTED | /?_rsc=zAn-vlYtEcVbUMJ6 net::ERR_ABORTED | /catalog/gudid?_rsc=zAn-vlYtEcVbUMJ6 net::ERR_ABORTED | /settings?_rsc=zAn-vlYtEcVbUMJ6 net::ERR_ABORTED | /notifications?_rsc=zAn-vlYtEcVbUMJ6 net::ERR_ABORTED | /proposals?_rsc=aniPmKjMQR6zCALO net::ERR_ABORTED | /contracts?_rsc=aniPmKjMQR6zCALO net::ERR_ABORTED | /accounts?_rsc=aniPmKjMQR6zCALO net::ERR_ABORTED | /intelligence?_rsc=aniPmKjMQR6zCALO net::ERR_ABORTED | /intelligence/bids?_rsc=aniPmKjMQR6zCALO net::ERR_ABORTED | /analytics?_rsc=aniPmKjMQR6zCALO net::ERR_ABORTED | /catalog?_rsc=aniPmKjMQR6zCALO net::ERR_ABORTED | /catalog/gudid?_rsc=aniPmKjMQR6zCALO net::ERR_ABORTED | /crosses?_rsc=aniPmKjMQR6zCALO net::ERR_ABORTED | /settings?_rsc=aniPmKjMQR6zCALO net::ERR_ABORTED | /notifications?_rsc=aniPmKjMQR6zCALO net::ERR_ABORTED","","0","0","0","Switch user"
"FINANCE","/notifications","/notifications","200","Notifications","","","0","/?_rsc=oG-rbVP81bj5yHs2 net::ERR_ABORTED | /proposals?_rsc=oG-rbVP81bj5yHs2 net::ERR_ABORTED | /accounts?_rsc=oG-rbVP81bj5yHs2 net::ERR_ABORTED | /contracts?_rsc=oG-rbVP81bj5yHs2 net::ERR_ABORTED | /intelligence/bids?_rsc=oG-rbVP81bj5yHs2 net::ERR_ABORTED | /analytics?_rsc=oG-rbVP81bj5yHs2 net::ERR_ABORTED | /catalog/gudid?_rsc=oG-rbVP81bj5yHs2 net::ERR_ABORTED | /catalog?_rsc=oG-rbVP81bj5yHs2 net::ERR_ABORTED | /?_rsc=FxIb9Zh5xrkPNSW4 net::ERR_ABORTED | /proposals?_rsc=FxIb9Zh5xrkPNSW4 net::ERR_ABORTED | /accounts?_rsc=FxIb9Zh5xrkPNSW4 net::ERR_ABORTED | /intelligence/bids?_rsc=FxIb9Zh5xrkPNSW4 net::ERR_ABORTED | /analytics?_rsc=FxIb9Zh5xrkPNSW4 net::ERR_ABORTED | /contracts?_rsc=FxIb9Zh5xrkPNSW4 net::ERR_ABORTED | /intelligence?_rsc=FxIb9Zh5xrkPNSW4 net::ERR_ABORTED | /catalog?_rsc=FxIb9Zh5xrkPNSW4 net::ERR_ABORTED | /settings?_rsc=FxIb9Zh5xrkPNSW4 net::ERR_ABORTED | /catalog/gudid?_rsc=FxIb9Zh5xrkPNSW4 net::ERR_ABORTED | /crosses?_rsc=FxIb9Zh5xrkPNSW4 net::ERR_ABORTED","","0","0","0","Switch user ; Mark all read"
"FINANCE","/settings","/settings","200","Settings","Failed to load resource: the server responded with a status of 429 (Too Many Requests) | Failed to load resource: the server responded with a status of 404 (Not Found)","","0","/?_rsc=DQxjArDrgutTG17x net::ERR_ABORTED | /proposals?_rsc=DQxjArDrgutTG17x net::ERR_ABORTED | /accounts?_rsc=DQxjArDrgutTG17x net::ERR_ABORTED | /intelligence?_rsc=DQxjArDrgutTG17x net::ERR_ABORTED | /contracts?_rsc=DQxjArDrgutTG17x net::ERR_ABORTED | /analytics?_rsc=DQxjArDrgutTG17x net::ERR_ABORTED | /catalog?_rsc=DQxjArDrgutTG17x net::ERR_ABORTED | /catalog/gudid?_rsc=DQxjArDrgutTG17x net::ERR_ABORTED | /crosses?_rsc=DQxjArDrgutTG17x net::ERR_ABORTED | /settings/pricing?_rsc=DQxjArDrgutTG17x net::ERR_ABORTED | /?_rsc=j-_vjoKOn8bxlRO7 net::ERR_ABORTED | /proposals?_rsc=j-_vjoKOn8bxlRO7 net::ERR_ABORTED | /accounts?_rsc=j-_vjoKOn8bxlRO7 net::ERR_ABORTED | /intelligence/bids?_rsc=j-_vjoKOn8bxlRO7 net::ERR_ABORTED | /intelligence?_rsc=j-_vjoKOn8bxlRO7 net::ERR_ABORTED | /contracts?_rsc=j-_vjoKOn8bxlRO7 net::ERR_ABORTED | /catalog?_rsc=j-_vjoKOn8bxlRO7 net::ERR_ABORTED | /catalog/gudid?_rsc=j-_vjoKOn8bxlRO7 net::ERR_ABORTED | /crosses?_rsc=j-_vjoKOn8bxlRO7 net::ERR_ABORTED | /notifications?_rsc=j-_vjoKOn8bxlRO7 net::ERR_ABORTED | /settings?_rsc=j-_vjoKOn8bxlRO7 net::ERR_ABORTED | /settings/integrations?_rsc=j-_vjoKOn8bxlRO7 net::ERR_ABORTED | /settings/pricing?_rsc=j-_vjoKOn8bxlRO7 net::ERR_ABORTED","429 /api/auth/dev | 404 /docs/INTEGRATIONS.md?_rsc=DQxjArDrgutTG17x","0","0","0","Switch user ; Save ; Edit ; Configure integrations → ; How to connect"
"FINANCE","/settings/integrations","/settings/integrations","200","Settings","Failed to load resource: the server responded with a status of 429 (Too Many Requests) | Failed to load resource: the server responded with a status of 404 (Not Found)","","0","/api/auth/dev net::ERR_ABORTED | /docs/INTEGRATIONS.md?_rsc=DQxjArDrgutTG17x net::ERR_ABORTED | /?_rsc=DQxjArDrgutTG17x net::ERR_ABORTED | /proposals?_rsc=DQxjArDrgutTG17x net::ERR_ABORTED | /analytics?_rsc=DQxjArDrgutTG17x net::ERR_ABORTED | /catalog?_rsc=DQxjArDrgutTG17x net::ERR_ABORTED | /catalog/gudid?_rsc=DQxjArDrgutTG17x net::ERR_ABORTED | /crosses?_rsc=DQxjArDrgutTG17x net::ERR_ABORTED | /notifications?_rsc=DQxjArDrgutTG17x net::ERR_ABORTED | /settings/integrations?_rsc=DQxjArDrgutTG17x net::ERR_ABORTED | /settings/pricing?_rsc=DQxjArDrgutTG17x net::ERR_ABORTED | /?_rsc=j-_vjoKOn8bxlRO7 net::ERR_ABORTED | /proposals?_rsc=j-_vjoKOn8bxlRO7 net::ERR_ABORTED | /accounts?_rsc=j-_vjoKOn8bxlRO7 net::ERR_ABORTED | /contracts?_rsc=j-_vjoKOn8bxlRO7 net::ERR_ABORTED | /intelligence?_rsc=j-_vjoKOn8bxlRO7 net::ERR_ABORTED | /intelligence/bids?_rsc=j-_vjoKOn8bxlRO7 net::ERR_ABORTED | /analytics?_rsc=j-_vjoKOn8bxlRO7 net::ERR_ABORTED | /catalog?_rsc=j-_vjoKOn8bxlRO7 net::ERR_ABORTED | /crosses?_rsc=j-_vjoKOn8bxlRO7 net::ERR_ABORTED | /catalog/gudid?_rsc=j-_vjoKOn8bxlRO7 net::ERR_ABORTED | /settings?_rsc=j-_vjoKOn8bxlRO7 net::ERR_ABORTED | /notifications?_rsc=j-_vjoKOn8bxlRO7 net::ERR_ABORTED | /settings/integrations?_rsc=j-_vjoKOn8bxlRO7 net::ERR_ABORTED","429 /api/auth/dev | 404 /docs/INTEGRATIONS.md?_rsc=DQxjArDrgutTG17x","0","0","0","Switch user ; Save ; Edit ; Configure integrations → ; How to connect"
"FINANCE","/settings/pricing","/settings/pricing","200","Pricing policies","Failed to load resource: the server responded with a status of 429 (Too Many Requests)","","0","/api/auth/dev net::ERR_ABORTED | /docs/INTEGRATIONS.md?_rsc=DQxjArDrgutTG17x net::ERR_ABORTED | /?_rsc=8oSST31HPn0UlEto net::ERR_ABORTED | /proposals?_rsc=8oSST31HPn0UlEto net::ERR_ABORTED | /accounts?_rsc=8oSST31HPn0UlEto net::ERR_ABORTED | /contracts?_rsc=8oSST31HPn0UlEto net::ERR_ABORTED | /analytics?_rsc=8oSST31HPn0UlEto net::ERR_ABORTED | /intelligence?_rsc=8oSST31HPn0UlEto net::ERR_ABORTED | /intelligence/bids?_rsc=8oSST31HPn0UlEto net::ERR_ABORTED | /catalog?_rsc=8oSST31HPn0UlEto net::ERR_ABORTED | /crosses?_rsc=8oSST31HPn0UlEto net::ERR_ABORTED | /settings?_rsc=8oSST31HPn0UlEto net::ERR_ABORTED | /notifications?_rsc=8oSST31HPn0UlEto net::ERR_ABORTED | /catalog/gudid?_rsc=8oSST31HPn0UlEto net::ERR_ABORTED | /?_rsc=_Ie442TgELs3Q458 net::ERR_ABORTED | /proposals?_rsc=_Ie442TgELs3Q458 net::ERR_ABORTED | /accounts?_rsc=_Ie442TgELs3Q458 net::ERR_ABORTED | /contracts?_rsc=_Ie442TgELs3Q458 net::ERR_ABORTED | /intelligence/bids?_rsc=_Ie442TgELs3Q458 net::ERR_ABORTED | /intelligence?_rsc=_Ie442TgELs3Q458 net::ERR_ABORTED | /analytics?_rsc=_Ie442TgELs3Q458 net::ERR_ABORTED | /catalog/gudid?_rsc=_Ie442TgELs3Q458 net::ERR_ABORTED | /crosses?_rsc=_Ie442TgELs3Q458 net::ERR_ABORTED | /settings?_rsc=_Ie442TgELs3Q458 net::ERR_ABORTED | /notifications?_rsc=_Ie442TgELs3Q458 net::ERR_ABORTED","429 /api/auth/dev","0","0","0","Switch user ; New draft ; New version"
"ADMIN","/","/","200","Competitive cross reference","Failed to load resource: the server responded with a status of 429 (Too Many Requests)","","0","/requests?_rsc=5CB68i4pnAekjehf net::ERR_ABORTED | /proposals?_rsc=5CB68i4pnAekjehf net::ERR_ABORTED | /approvals?_rsc=5CB68i4pnAekjehf net::ERR_ABORTED | /accounts?_rsc=5CB68i4pnAekjehf net::ERR_ABORTED | /contracts?_rsc=5CB68i4pnAekjehf net::ERR_ABORTED | /intelligence/bids?_rsc=5CB68i4pnAekjehf net::ERR_ABORTED | /intelligence?_rsc=5CB68i4pnAekjehf net::ERR_ABORTED | /analytics?_rsc=5CB68i4pnAekjehf net::ERR_ABORTED | /catalog?_rsc=5CB68i4pnAekjehf net::ERR_ABORTED | /catalog/gudid?_rsc=5CB68i4pnAekjehf net::ERR_ABORTED | /crosses?_rsc=5CB68i4pnAekjehf net::ERR_ABORTED | /settings?_rsc=5CB68i4pnAekjehf net::ERR_ABORTED | /notifications?_rsc=5CB68i4pnAekjehf net::ERR_ABORTED | /requests/new?_rsc=5CB68i4pnAekjehf net::ERR_ABORTED | /requests?_rsc=tXyZJ52UQVBCVsD3 net::ERR_ABORTED | /?_rsc=tXyZJ52UQVBCVsD3 net::ERR_ABORTED | /approvals?_rsc=tXyZJ52UQVBCVsD3 net::ERR_ABORTED | /proposals?_rsc=tXyZJ52UQVBCVsD3 net::ERR_ABORTED | /intelligence?_rsc=tXyZJ52UQVBCVsD3 net::ERR_ABORTED | /accounts?_rsc=tXyZJ52UQVBCVsD3 net::ERR_ABORTED | /contracts?_rsc=tXyZJ52UQVBCVsD3 net::ERR_ABORTED | /intelligence/bids?_rsc=tXyZJ52UQVBCVsD3 net::ERR_ABORTED | /analytics?_rsc=tXyZJ52UQVBCVsD3 net::ERR_ABORTED | /catalog?_rsc=tXyZJ52UQVBCVsD3 net::ERR_ABORTED | /catalog/gudid?_rsc=tXyZJ52UQVBCVsD3 net::ERR_ABORTED | /crosses?_rsc=tXyZJ52UQVBCVsD3 net::ERR_ABORTED | /settings?_rsc=tXyZJ52UQVBCVsD3 net::ERR_ABORTED | /requests/new?_rsc=tXyZJ52UQVBCVsD3 net::ERR_ABORTED | /notifications?_rsc=tXyZJ52UQVBCVsD3 net::ERR_ABORTED","429 /api/auth/dev","0","0","0","New request ; Switch user"
"ADMIN","/requests","/requests","200","Cross-reference requests","Failed to load resource: the server responded with a status of 429 (Too Many Requests)","","0","/api/auth/dev net::ERR_ABORTED | /?_rsc=p3Q57VochOqcQNsg net::ERR_ABORTED | /proposals?_rsc=p3Q57VochOqcQNsg net::ERR_ABORTED | /approvals?_rsc=p3Q57VochOqcQNsg net::ERR_ABORTED | /accounts?_rsc=p3Q57VochOqcQNsg net::ERR_ABORTED | /contracts?_rsc=p3Q57VochOqcQNsg net::ERR_ABORTED | /intelligence?_rsc=p3Q57VochOqcQNsg net::ERR_ABORTED | /intelligence/bids?_rsc=p3Q57VochOqcQNsg net::ERR_ABORTED | /analytics?_rsc=p3Q57VochOqcQNsg net::ERR_ABORTED | /catalog?_rsc=p3Q57VochOqcQNsg net::ERR_ABORTED | /catalog/gudid?_rsc=p3Q57VochOqcQNsg net::ERR_ABORTED | /crosses?_rsc=p3Q57VochOqcQNsg net::ERR_ABORTED | /settings?_rsc=p3Q57VochOqcQNsg net::ERR_ABORTED | /notifications?_rsc=p3Q57VochOqcQNsg net::ERR_ABORTED | /requests/new?_rsc=p3Q57VochOqcQNsg net::ERR_ABORTED | /?_rsc=nIzLgF1M7nWxnHlV net::ERR_ABORTED | /requests?_rsc=nIzLgF1M7nWxnHlV net::ERR_ABORTED | /proposals?_rsc=nIzLgF1M7nWxnHlV net::ERR_ABORTED | /contracts?_rsc=nIzLgF1M7nWxnHlV net::ERR_ABORTED | /approvals?_rsc=nIzLgF1M7nWxnHlV net::ERR_ABORTED | /accounts?_rsc=nIzLgF1M7nWxnHlV net::ERR_ABORTED | /intelligence?_rsc=nIzLgF1M7nWxnHlV net::ERR_ABORTED | /intelligence/bids?_rsc=nIzLgF1M7nWxnHlV net::ERR_ABORTED | /analytics?_rsc=nIzLgF1M7nWxnHlV net::ERR_ABORTED | /catalog?_rsc=nIzLgF1M7nWxnHlV net::ERR_ABORTED | /catalog/gudid?_rsc=nIzLgF1M7nWxnHlV net::ERR_ABORTED | /crosses?_rsc=nIzLgF1M7nWxnHlV net::ERR_ABORTED | /settings?_rsc=nIzLgF1M7nWxnHlV net::ERR_ABORTED | /notifications?_rsc=nIzLgF1M7nWxnHlV net::ERR_ABORTED | /requests/new?_rsc=nIzLgF1M7nWxnHlV net::ERR_ABORTED","429 /api/auth/dev","0","0","0","New request ; Switch user"
"ADMIN","/requests/new","/requests/new","200","Competitive cross reference","Failed to load resource: the server responded with a status of 429 (Too Many Requests)","","0","/api/auth/dev net::ERR_ABORTED | /requests?_rsc=4belA-F-xg-XtLdx net::ERR_ABORTED | /approvals?_rsc=4belA-F-xg-XtLdx net::ERR_ABORTED | /proposals?_rsc=4belA-F-xg-XtLdx net::ERR_ABORTED | /accounts?_rsc=4belA-F-xg-XtLdx net::ERR_ABORTED | /contracts?_rsc=4belA-F-xg-XtLdx net::ERR_ABORTED | /intelligence?_rsc=4belA-F-xg-XtLdx net::ERR_ABORTED | /intelligence/bids?_rsc=4belA-F-xg-XtLdx net::ERR_ABORTED | /analytics?_rsc=4belA-F-xg-XtLdx net::ERR_ABORTED | /catalog?_rsc=4belA-F-xg-XtLdx net::ERR_ABORTED | /catalog/gudid?_rsc=4belA-F-xg-XtLdx net::ERR_ABORTED | /crosses?_rsc=4belA-F-xg-XtLdx net::ERR_ABORTED | /settings?_rsc=4belA-F-xg-XtLdx net::ERR_ABORTED | /notifications?_rsc=4belA-F-xg-XtLdx net::ERR_ABORTED | /?_rsc=O1p93FFpSnNce0k4 net::ERR_ABORTED | /proposals?_rsc=O1p93FFpSnNce0k4 net::ERR_ABORTED | /requests?_rsc=O1p93FFpSnNce0k4 net::ERR_ABORTED | /approvals?_rsc=O1p93FFpSnNce0k4 net::ERR_ABORTED | /contracts?_rsc=O1p93FFpSnNce0k4 net::ERR_ABORTED | /intelligence?_rsc=O1p93FFpSnNce0k4 net::ERR_ABORTED | /accounts?_rsc=O1p93FFpSnNce0k4 net::ERR_ABORTED | /intelligence/bids?_rsc=O1p93FFpSnNce0k4 net::ERR_ABORTED | /catalog?_rsc=O1p93FFpSnNce0k4 net::ERR_ABORTED | /catalog/gudid?_rsc=O1p93FFpSnNce0k4 net::ERR_ABORTED | /analytics?_rsc=O1p93FFpSnNce0k4 net::ERR_ABORTED | /crosses?_rsc=O1p93FFpSnNce0k4 net::ERR_ABORTED | /settings?_rsc=O1p93FFpSnNce0k4 net::ERR_ABORTED | /notifications?_rsc=O1p93FFpSnNce0k4 net::ERR_ABORTED | /requests/new?_rsc=O1p93FFpSnNce0k4 net::ERR_ABORTED","429 /api/auth/dev","0","0","0","New request ; Switch user ; Google Sheets link ; Upload .xlsx / .csv ; Paste from a sheet ; Read sheet ; Continue request"
"ADMIN","/requests/[id]","/requests/null","200","","Failed to load resource: the server responded with a status of 429 (Too Many Requests) | Failed to load resource: the server responded with a status of 404 (Not Found)","","0","/api/auth/dev net::ERR_ABORTED | /?_rsc=76SvvV1TLjtpHtqe net::ERR_ABORTED | /requests?_rsc=76SvvV1TLjtpHtqe net::ERR_ABORTED | /proposals?_rsc=76SvvV1TLjtpHtqe net::ERR_ABORTED | /intelligence?_rsc=76SvvV1TLjtpHtqe net::ERR_ABORTED | /approvals?_rsc=76SvvV1TLjtpHtqe net::ERR_ABORTED | /accounts?_rsc=76SvvV1TLjtpHtqe net::ERR_ABORTED | /contracts?_rsc=76SvvV1TLjtpHtqe net::ERR_ABORTED | /catalog/gudid?_rsc=76SvvV1TLjtpHtqe net::ERR_ABORTED | /intelligence/bids?_rsc=76SvvV1TLjtpHtqe net::ERR_ABORTED | /analytics?_rsc=76SvvV1TLjtpHtqe net::ERR_ABORTED | /catalog?_rsc=76SvvV1TLjtpHtqe net::ERR_ABORTED | /settings?_rsc=76SvvV1TLjtpHtqe net::ERR_ABORTED | /crosses?_rsc=76SvvV1TLjtpHtqe net::ERR_ABORTED | /?_rsc=eoRKZgXY26fq4Ulk net::ERR_ABORTED | /requests?_rsc=eoRKZgXY26fq4Ulk net::ERR_ABORTED | /proposals?_rsc=eoRKZgXY26fq4Ulk net::ERR_ABORTED | /approvals?_rsc=eoRKZgXY26fq4Ulk net::ERR_ABORTED | /intelligence?_rsc=eoRKZgXY26fq4Ulk net::ERR_ABORTED | /intelligence/bids?_rsc=eoRKZgXY26fq4Ulk net::ERR_ABORTED | /accounts?_rsc=eoRKZgXY26fq4Ulk net::ERR_ABORTED | /contracts?_rsc=eoRKZgXY26fq4Ulk net::ERR_ABORTED | /analytics?_rsc=eoRKZgXY26fq4Ulk net::ERR_ABORTED | /catalog?_rsc=eoRKZgXY26fq4Ulk net::ERR_ABORTED | /catalog/gudid?_rsc=eoRKZgXY26fq4Ulk net::ERR_ABORTED | /crosses?_rsc=eoRKZgXY26fq4Ulk net::ERR_ABORTED | /settings?_rsc=eoRKZgXY26fq4Ulk net::ERR_ABORTED | /notifications?_rsc=eoRKZgXY26fq4Ulk net::ERR_ABORTED | /requests/new?_rsc=eoRKZgXY26fq4Ulk net::ERR_ABORTED","429 /api/auth/dev | 404 /api/requests/null","0","0","0","New request ; Switch user"
"ADMIN","/proposals","/proposals","200","Commercial proposals","Failed to load resource: the server responded with a status of 429 (Too Many Requests)","","0","/api/auth/dev net::ERR_ABORTED | /api/requests/null net::ERR_ABORTED | /?_rsc=8qZH60WsiyOTuseO net::ERR_ABORTED | /requests?_rsc=8qZH60WsiyOTuseO net::ERR_ABORTED | /approvals?_rsc=8qZH60WsiyOTuseO net::ERR_ABORTED | /accounts?_rsc=8qZH60WsiyOTuseO net::ERR_ABORTED | /contracts?_rsc=8qZH60WsiyOTuseO net::ERR_ABORTED | /intelligence?_rsc=8qZH60WsiyOTuseO net::ERR_ABORTED | /intelligence/bids?_rsc=8qZH60WsiyOTuseO net::ERR_ABORTED | /analytics?_rsc=8qZH60WsiyOTuseO net::ERR_ABORTED | /catalog?_rsc=8qZH60WsiyOTuseO net::ERR_ABORTED | /catalog/gudid?_rsc=8qZH60WsiyOTuseO net::ERR_ABORTED | /crosses?_rsc=8qZH60WsiyOTuseO net::ERR_ABORTED | /settings?_rsc=8qZH60WsiyOTuseO net::ERR_ABORTED | /notifications?_rsc=8qZH60WsiyOTuseO net::ERR_ABORTED | /?_rsc=yDw8cg_cK2Tq2IDS net::ERR_ABORTED | /requests?_rsc=yDw8cg_cK2Tq2IDS net::ERR_ABORTED | /proposals?_rsc=yDw8cg_cK2Tq2IDS net::ERR_ABORTED | /requests/new?_rsc=8qZH60WsiyOTuseO net::ERR_ABORTED | /intelligence?_rsc=yDw8cg_cK2Tq2IDS net::ERR_ABORTED | /approvals?_rsc=yDw8cg_cK2Tq2IDS net::ERR_ABORTED | /accounts?_rsc=yDw8cg_cK2Tq2IDS net::ERR_ABORTED | /contracts?_rsc=yDw8cg_cK2Tq2IDS net::ERR_ABORTED | /intelligence/bids?_rsc=yDw8cg_cK2Tq2IDS net::ERR_ABORTED | /analytics?_rsc=yDw8cg_cK2Tq2IDS net::ERR_ABORTED | /catalog/gudid?_rsc=yDw8cg_cK2Tq2IDS net::ERR_ABORTED | /crosses?_rsc=yDw8cg_cK2Tq2IDS net::ERR_ABORTED | /catalog?_rsc=yDw8cg_cK2Tq2IDS net::ERR_ABORTED | /settings?_rsc=yDw8cg_cK2Tq2IDS net::ERR_ABORTED | /notifications?_rsc=yDw8cg_cK2Tq2IDS net::ERR_ABORTED | /requests/new?_rsc=yDw8cg_cK2Tq2IDS net::ERR_ABORTED","429 /api/auth/dev","0","0","0","New request ; Switch user"
"ADMIN","/proposals/[id]","/proposals/null","200","","Failed to load resource: the server responded with a status of 404 (Not Found)","","0","/api/auth/dev net::ERR_ABORTED | /?_rsc=VreOGdJHuaZwqD3- net::ERR_ABORTED | /requests?_rsc=VreOGdJHuaZwqD3- net::ERR_ABORTED | /proposals?_rsc=VreOGdJHuaZwqD3- net::ERR_ABORTED | /approvals?_rsc=VreOGdJHuaZwqD3- net::ERR_ABORTED | /accounts?_rsc=VreOGdJHuaZwqD3- net::ERR_ABORTED | /contracts?_rsc=VreOGdJHuaZwqD3- net::ERR_ABORTED | /intelligence?_rsc=VreOGdJHuaZwqD3- net::ERR_ABORTED | /intelligence/bids?_rsc=VreOGdJHuaZwqD3- net::ERR_ABORTED | /analytics?_rsc=VreOGdJHuaZwqD3- net::ERR_ABORTED | /catalog/gudid?_rsc=VreOGdJHuaZwqD3- net::ERR_ABORTED | /catalog?_rsc=VreOGdJHuaZwqD3- net::ERR_ABORTED | /crosses?_rsc=VreOGdJHuaZwqD3- net::ERR_ABORTED | /settings?_rsc=VreOGdJHuaZwqD3- net::ERR_ABORTED | /notifications?_rsc=VreOGdJHuaZwqD3- net::ERR_ABORTED | /requests/new?_rsc=VreOGdJHuaZwqD3- net::ERR_ABORTED | /?_rsc=hzu8hJFrzSYjsRgK net::ERR_ABORTED | /requests?_rsc=hzu8hJFrzSYjsRgK net::ERR_ABORTED | /proposals?_rsc=hzu8hJFrzSYjsRgK net::ERR_ABORTED | /approvals?_rsc=hzu8hJFrzSYjsRgK net::ERR_ABORTED | /accounts?_rsc=hzu8hJFrzSYjsRgK net::ERR_ABORTED | /contracts?_rsc=hzu8hJFrzSYjsRgK net::ERR_ABORTED | /intelligence?_rsc=hzu8hJFrzSYjsRgK net::ERR_ABORTED | /intelligence/bids?_rsc=hzu8hJFrzSYjsRgK net::ERR_ABORTED | /analytics?_rsc=hzu8hJFrzSYjsRgK net::ERR_ABORTED | /catalog?_rsc=hzu8hJFrzSYjsRgK net::ERR_ABORTED | /catalog/gudid?_rsc=hzu8hJFrzSYjsRgK net::ERR_ABORTED | /crosses?_rsc=hzu8hJFrzSYjsRgK net::ERR_ABORTED | /settings?_rsc=hzu8hJFrzSYjsRgK net::ERR_ABORTED | /notifications?_rsc=hzu8hJFrzSYjsRgK net::ERR_ABORTED | /requests/new?_rsc=hzu8hJFrzSYjsRgK net::ERR_ABORTED","404 /api/proposals/null","0","0","0","New request ; Switch user"
"ADMIN","/approvals","/approvals","200","Pricing approvals","","","0","/requests?_rsc=Ut9iRRX_9PZKRdF- net::ERR_ABORTED | /?_rsc=Ut9iRRX_9PZKRdF- net::ERR_ABORTED | /proposals?_rsc=Ut9iRRX_9PZKRdF- net::ERR_ABORTED | /analytics?_rsc=Ut9iRRX_9PZKRdF- net::ERR_ABORTED | /contracts?_rsc=Ut9iRRX_9PZKRdF- net::ERR_ABORTED | /intelligence?_rsc=Ut9iRRX_9PZKRdF- net::ERR_ABORTED | /intelligence/bids?_rsc=Ut9iRRX_9PZKRdF- net::ERR_ABORTED | /catalog?_rsc=Ut9iRRX_9PZKRdF- net::ERR_ABORTED | /catalog/gudid?_rsc=Ut9iRRX_9PZKRdF- net::ERR_ABORTED | /crosses?_rsc=Ut9iRRX_9PZKRdF- net::ERR_ABORTED | /settings?_rsc=Ut9iRRX_9PZKRdF- net::ERR_ABORTED | /requests/new?_rsc=Ut9iRRX_9PZKRdF- net::ERR_ABORTED | /notifications?_rsc=Ut9iRRX_9PZKRdF- net::ERR_ABORTED | /requests?_rsc=AU6DTT46DVXZ7jWj net::ERR_ABORTED | /?_rsc=AU6DTT46DVXZ7jWj net::ERR_ABORTED | /proposals?_rsc=AU6DTT46DVXZ7jWj net::ERR_ABORTED | /approvals?_rsc=AU6DTT46DVXZ7jWj net::ERR_ABORTED | /accounts?_rsc=AU6DTT46DVXZ7jWj net::ERR_ABORTED | /intelligence/bids?_rsc=AU6DTT46DVXZ7jWj net::ERR_ABORTED | /analytics?_rsc=AU6DTT46DVXZ7jWj net::ERR_ABORTED | /contracts?_rsc=AU6DTT46DVXZ7jWj net::ERR_ABORTED | /intelligence?_rsc=AU6DTT46DVXZ7jWj net::ERR_ABORTED | /catalog?_rsc=AU6DTT46DVXZ7jWj net::ERR_ABORTED | /catalog/gudid?_rsc=AU6DTT46DVXZ7jWj net::ERR_ABORTED | /crosses?_rsc=AU6DTT46DVXZ7jWj net::ERR_ABORTED | /settings?_rsc=AU6DTT46DVXZ7jWj net::ERR_ABORTED | /requests/new?_rsc=AU6DTT46DVXZ7jWj net::ERR_ABORTED","","0","0","0","New request ; Switch user ; Delegate my approvals"
"ADMIN","/accounts","/accounts","200","Accounts & GPO membership","","","0","/?_rsc=iZGmHDWBA-6V7KTQ net::ERR_ABORTED | /requests?_rsc=iZGmHDWBA-6V7KTQ net::ERR_ABORTED | /proposals?_rsc=iZGmHDWBA-6V7KTQ net::ERR_ABORTED | /approvals?_rsc=iZGmHDWBA-6V7KTQ net::ERR_ABORTED | /contracts?_rsc=iZGmHDWBA-6V7KTQ net::ERR_ABORTED | /intelligence?_rsc=iZGmHDWBA-6V7KTQ net::ERR_ABORTED | /intelligence/bids?_rsc=iZGmHDWBA-6V7KTQ net::ERR_ABORTED | /analytics?_rsc=iZGmHDWBA-6V7KTQ net::ERR_ABORTED | /catalog?_rsc=iZGmHDWBA-6V7KTQ net::ERR_ABORTED | /catalog/gudid?_rsc=iZGmHDWBA-6V7KTQ net::ERR_ABORTED | /crosses?_rsc=iZGmHDWBA-6V7KTQ net::ERR_ABORTED | /settings?_rsc=iZGmHDWBA-6V7KTQ net::ERR_ABORTED | /notifications?_rsc=iZGmHDWBA-6V7KTQ net::ERR_ABORTED | /requests/new?_rsc=iZGmHDWBA-6V7KTQ net::ERR_ABORTED | /accounts/cmuf6hihm02rkks7drm31yuur?_rsc=iZGmHDWBA-6V7KTQ net::ERR_ABORTED | /accounts/cmuf6hiho02rlks7d2xz6w5ev?_rsc=iZGmHDWBA-6V7KTQ net::ERR_ABORTED | /accounts/cmuf6hihq02rmks7did2qxong?_rsc=iZGmHDWBA-6V7KTQ net::ERR_ABORTED | /accounts/cmuf6hihk02rjks7dyamo9w2u?_rsc=iZGmHDWBA-6V7KTQ net::ERR_ABORTED | /?_rsc=oRxEn_R9e10JER3Z net::ERR_ABORTED | /requests?_rsc=oRxEn_R9e10JER3Z net::ERR_ABORTED | /approvals?_rsc=oRxEn_R9e10JER3Z net::ERR_ABORTED | /proposals?_rsc=oRxEn_R9e10JER3Z net::ERR_ABORTED | /accounts?_rsc=oRxEn_R9e10JER3Z net::ERR_ABORTED | /contracts?_rsc=oRxEn_R9e10JER3Z net::ERR_ABORTED | /intelligence?_rsc=oRxEn_R9e10JER3Z net::ERR_ABORTED | /intelligence/bids?_rsc=oRxEn_R9e10JER3Z net::ERR_ABORTED | /analytics?_rsc=oRxEn_R9e10JER3Z net::ERR_ABORTED | /catalog?_rsc=oRxEn_R9e10JER3Z net::ERR_ABORTED | /catalog/gudid?_rsc=oRxEn_R9e10JER3Z net::ERR_ABORTED | /crosses?_rsc=oRxEn_R9e10JER3Z net::ERR_ABORTED | /settings?_rsc=oRxEn_R9e10JER3Z net::ERR_ABORTED | /notifications?_rsc=oRxEn_R9e10JER3Z net::ERR_ABORTED | /requests/new?_rsc=oRxEn_R9e10JER3Z net::ERR_ABORTED | /accounts/cmuf6hihm02rkks7drm31yuur?_rsc=oRxEn_R9e10JER3Z net::ERR_ABORTED | /accounts/cmuf6hiho02rlks7d2xz6w5ev?_rsc=oRxEn_R9e10JER3Z net::ERR_ABORTED | /accounts/cmuf6hihq02rmks7did2qxong?_rsc=oRxEn_R9e10JER3Z net::ERR_ABORTED | /accounts/cmuf6hihk02rjks7dyamo9w2u?_rsc=oRxEn_R9e10JER3Z net::ERR_ABORTED | /accounts/cmuf6hihh02riks7dkuig0cbl?_rsc=oRxEn_R9e10JER3Z net::ERR_ABORTED","","0","0","0","New request ; Switch user"
"ADMIN","/accounts/[id]","/accounts/cmuf6hihm02rkks7drm31yuur","200","Hospital A — Mount Vernon General","","","0","/?_rsc=pYoAThzR_ryjq0MS net::ERR_ABORTED | /requests?_rsc=pYoAThzR_ryjq0MS net::ERR_ABORTED | /proposals?_rsc=pYoAThzR_ryjq0MS net::ERR_ABORTED | /approvals?_rsc=pYoAThzR_ryjq0MS net::ERR_ABORTED | /accounts?_rsc=pYoAThzR_ryjq0MS net::ERR_ABORTED | /contracts?_rsc=pYoAThzR_ryjq0MS net::ERR_ABORTED | /intelligence?_rsc=pYoAThzR_ryjq0MS net::ERR_ABORTED | /intelligence/bids?_rsc=pYoAThzR_ryjq0MS net::ERR_ABORTED | /analytics?_rsc=pYoAThzR_ryjq0MS net::ERR_ABORTED | /catalog?_rsc=pYoAThzR_ryjq0MS net::ERR_ABORTED | /catalog/gudid?_rsc=pYoAThzR_ryjq0MS net::ERR_ABORTED | /crosses?_rsc=pYoAThzR_ryjq0MS net::ERR_ABORTED | /settings?_rsc=pYoAThzR_ryjq0MS net::ERR_ABORTED | /notifications?_rsc=pYoAThzR_ryjq0MS net::ERR_ABORTED | /requests/new?_rsc=pYoAThzR_ryjq0MS net::ERR_ABORTED | /contracts/cmuf6himl02swks7dif6nb96r?_rsc=pYoAThzR_ryjq0MS net::ERR_ABORTED | /?_rsc=gRQ4rCW2m6dkjkis net::ERR_ABORTED | /requests?_rsc=gRQ4rCW2m6dkjkis net::ERR_ABORTED | /proposals?_rsc=gRQ4rCW2m6dkjkis net::ERR_ABORTED | /approvals?_rsc=gRQ4rCW2m6dkjkis net::ERR_ABORTED | /accounts?_rsc=gRQ4rCW2m6dkjkis net::ERR_ABORTED | /contracts?_rsc=gRQ4rCW2m6dkjkis net::ERR_ABORTED | /intelligence?_rsc=gRQ4rCW2m6dkjkis net::ERR_ABORTED | /intelligence/bids?_rsc=gRQ4rCW2m6dkjkis net::ERR_ABORTED | /analytics?_rsc=gRQ4rCW2m6dkjkis net::ERR_ABORTED | /catalog?_rsc=gRQ4rCW2m6dkjkis net::ERR_ABORTED | /catalog/gudid?_rsc=gRQ4rCW2m6dkjkis net::ERR_ABORTED | /crosses?_rsc=gRQ4rCW2m6dkjkis net::ERR_ABORTED | /settings?_rsc=gRQ4rCW2m6dkjkis net::ERR_ABORTED | /notifications?_rsc=gRQ4rCW2m6dkjkis net::ERR_ABORTED | /requests/new?_rsc=gRQ4rCW2m6dkjkis net::ERR_ABORTED | /contracts/cmuf6himl02swks7dif6nb96r?_rsc=gRQ4rCW2m6dkjkis net::ERR_ABORTED","","0","1","0","New request ; Switch user"
"ADMIN","/contracts","/contracts","200","Contracts & price context","","","0","/?_rsc=DzmfcRRfJeItXkgz net::ERR_ABORTED | /requests?_rsc=DzmfcRRfJeItXkgz net::ERR_ABORTED | /proposals?_rsc=DzmfcRRfJeItXkgz net::ERR_ABORTED | /approvals?_rsc=DzmfcRRfJeItXkgz net::ERR_ABORTED | /accounts?_rsc=DzmfcRRfJeItXkgz net::ERR_ABORTED | /intelligence?_rsc=DzmfcRRfJeItXkgz net::ERR_ABORTED | /intelligence/bids?_rsc=DzmfcRRfJeItXkgz net::ERR_ABORTED | /analytics?_rsc=DzmfcRRfJeItXkgz net::ERR_ABORTED | /crosses?_rsc=DzmfcRRfJeItXkgz net::ERR_ABORTED | /settings?_rsc=DzmfcRRfJeItXkgz net::ERR_ABORTED | /catalog?_rsc=DzmfcRRfJeItXkgz net::ERR_ABORTED | /catalog/gudid?_rsc=DzmfcRRfJeItXkgz net::ERR_ABORTED | /notifications?_rsc=DzmfcRRfJeItXkgz net::ERR_ABORTED | /requests/new?_rsc=DzmfcRRfJeItXkgz net::ERR_ABORTED | /contracts/cmuf6himu02sxks7dkgml1rr2?_rsc=DzmfcRRfJeItXkgz net::ERR_ABORTED | /contracts/cmuf6himl02swks7dif6nb96r?_rsc=DzmfcRRfJeItXkgz net::ERR_ABORTED | /requests?_rsc=2Ju2sngZl13OvaTN net::ERR_ABORTED | /proposals?_rsc=2Ju2sngZl13OvaTN net::ERR_ABORTED | /?_rsc=2Ju2sngZl13OvaTN net::ERR_ABORTED | /approvals?_rsc=2Ju2sngZl13OvaTN net::ERR_ABORTED | /accounts?_rsc=2Ju2sngZl13OvaTN net::ERR_ABORTED | /contracts?_rsc=2Ju2sngZl13OvaTN net::ERR_ABORTED | /intelligence?_rsc=2Ju2sngZl13OvaTN net::ERR_ABORTED | /intelligence/bids?_rsc=2Ju2sngZl13OvaTN net::ERR_ABORTED | /analytics?_rsc=2Ju2sngZl13OvaTN net::ERR_ABORTED | /catalog?_rsc=2Ju2sngZl13OvaTN net::ERR_ABORTED | /catalog/gudid?_rsc=2Ju2sngZl13OvaTN net::ERR_ABORTED | /crosses?_rsc=2Ju2sngZl13OvaTN net::ERR_ABORTED | /settings?_rsc=2Ju2sngZl13OvaTN net::ERR_ABORTED | /requests/new?_rsc=2Ju2sngZl13OvaTN net::ERR_ABORTED | /contracts/cmuf6himu02sxks7dkgml1rr2?_rsc=2Ju2sngZl13OvaTN net::ERR_ABORTED | /notifications?_rsc=2Ju2sngZl13OvaTN net::ERR_ABORTED | /contracts/cmuf6himl02swks7dif6nb96r?_rsc=2Ju2sngZl13OvaTN net::ERR_ABORTED","","0","1","0","New request ; Switch user ; New contract"
"ADMIN","/contracts/[id]","/contracts/cmuf6himu02sxks7dkgml1rr2","200","MSK-LOCAL-2026 · MSK local mesh agreement","","","0","/?_rsc=TQOCHQXESAyQ3VEl net::ERR_ABORTED | /requests?_rsc=TQOCHQXESAyQ3VEl net::ERR_ABORTED | /proposals?_rsc=TQOCHQXESAyQ3VEl net::ERR_ABORTED | /approvals?_rsc=TQOCHQXESAyQ3VEl net::ERR_ABORTED | /accounts?_rsc=TQOCHQXESAyQ3VEl net::ERR_ABORTED | /contracts?_rsc=TQOCHQXESAyQ3VEl net::ERR_ABORTED | /intelligence?_rsc=TQOCHQXESAyQ3VEl net::ERR_ABORTED | /intelligence/bids?_rsc=TQOCHQXESAyQ3VEl net::ERR_ABORTED | /accounts/cmuf6hihk02rjks7dyamo9w2u?_rsc=TQOCHQXESAyQ3VEl net::ERR_ABORTED | /analytics?_rsc=TQOCHQXESAyQ3VEl net::ERR_ABORTED | /catalog?_rsc=TQOCHQXESAyQ3VEl net::ERR_ABORTED | /catalog/gudid?_rsc=TQOCHQXESAyQ3VEl net::ERR_ABORTED | /crosses?_rsc=TQOCHQXESAyQ3VEl net::ERR_ABORTED | /settings?_rsc=TQOCHQXESAyQ3VEl net::ERR_ABORTED | /notifications?_rsc=TQOCHQXESAyQ3VEl net::ERR_ABORTED | /requests/new?_rsc=TQOCHQXESAyQ3VEl net::ERR_ABORTED | /accounts/cmuf6hihk02rjks7dyamo9w2u?_rsc=12web-rdU3k9vLaG net::ERR_ABORTED | /?_rsc=12web-rdU3k9vLaG net::ERR_ABORTED | /requests?_rsc=12web-rdU3k9vLaG net::ERR_ABORTED | /proposals?_rsc=12web-rdU3k9vLaG net::ERR_ABORTED | /approvals?_rsc=12web-rdU3k9vLaG net::ERR_ABORTED | /contracts?_rsc=12web-rdU3k9vLaG net::ERR_ABORTED | /accounts?_rsc=12web-rdU3k9vLaG net::ERR_ABORTED | /intelligence?_rsc=12web-rdU3k9vLaG net::ERR_ABORTED | /intelligence/bids?_rsc=12web-rdU3k9vLaG net::ERR_ABORTED | /analytics?_rsc=12web-rdU3k9vLaG net::ERR_ABORTED | /catalog?_rsc=12web-rdU3k9vLaG net::ERR_ABORTED | /catalog/gudid?_rsc=12web-rdU3k9vLaG net::ERR_ABORTED | /crosses?_rsc=12web-rdU3k9vLaG net::ERR_ABORTED | /settings?_rsc=12web-rdU3k9vLaG net::ERR_ABORTED | /notifications?_rsc=12web-rdU3k9vLaG net::ERR_ABORTED | /requests/new?_rsc=12web-rdU3k9vLaG net::ERR_ABORTED","","0","1","0","New request ; Switch user ; Refresh performance ; Terminate ; Save entries"
"ADMIN","/intelligence","/intelligence","200","Competitor pricing","","","0","/requests?_rsc=3fD0047dUoUPXvG2 net::ERR_ABORTED | /proposals?_rsc=3fD0047dUoUPXvG2 net::ERR_ABORTED | /?_rsc=3fD0047dUoUPXvG2 net::ERR_ABORTED | /contracts?_rsc=3fD0047dUoUPXvG2 net::ERR_ABORTED | /approvals?_rsc=3fD0047dUoUPXvG2 net::ERR_ABORTED | /accounts?_rsc=3fD0047dUoUPXvG2 net::ERR_ABORTED | /intelligence/bids?_rsc=3fD0047dUoUPXvG2 net::ERR_ABORTED | /analytics?_rsc=3fD0047dUoUPXvG2 net::ERR_ABORTED | /catalog?_rsc=3fD0047dUoUPXvG2 net::ERR_ABORTED | /catalog/gudid?_rsc=3fD0047dUoUPXvG2 net::ERR_ABORTED | /crosses?_rsc=3fD0047dUoUPXvG2 net::ERR_ABORTED | /settings?_rsc=3fD0047dUoUPXvG2 net::ERR_ABORTED | /notifications?_rsc=3fD0047dUoUPXvG2 net::ERR_ABORTED | /requests/new?_rsc=3fD0047dUoUPXvG2 net::ERR_ABORTED | /?_rsc=gu9LWiAQNzfrKsW2 net::ERR_ABORTED | /requests?_rsc=gu9LWiAQNzfrKsW2 net::ERR_ABORTED | /contracts?_rsc=gu9LWiAQNzfrKsW2 net::ERR_ABORTED | /intelligence?_rsc=gu9LWiAQNzfrKsW2 net::ERR_ABORTED | /intelligence/bids?_rsc=gu9LWiAQNzfrKsW2 net::ERR_ABORTED | /analytics?_rsc=gu9LWiAQNzfrKsW2 net::ERR_ABORTED | /catalog?_rsc=gu9LWiAQNzfrKsW2 net::ERR_ABORTED | /catalog/gudid?_rsc=gu9LWiAQNzfrKsW2 net::ERR_ABORTED | /crosses?_rsc=gu9LWiAQNzfrKsW2 net::ERR_ABORTED | /notifications?_rsc=gu9LWiAQNzfrKsW2 net::ERR_ABORTED | /settings?_rsc=gu9LWiAQNzfrKsW2 net::ERR_ABORTED | /requests/new?_rsc=gu9LWiAQNzfrKsW2 net::ERR_ABORTED","","0","1","0","New request ; Switch user ; Import .xlsx / .csv ; INPUT ; Extract a document… ; Verify ; Dispute ; 1190500 ; 1410015010 ; 1DLMC03 ; 1DLMC05 ; 112680 ; 1190816 ; SPMII ; 1200710 ; 1201520 ; 113700 ; 112650 ; 112660 ; UPA31015 ; 1190820 ; 1202025 ; 1190300 ; SPMXXL ; Record"
"ADMIN","/intelligence/bids","/intelligence/bids","200","Public bids and awards","","","0","/?_rsc=2gWrMJaxdn-CU2fc net::ERR_ABORTED | /requests?_rsc=2gWrMJaxdn-CU2fc net::ERR_ABORTED | /proposals?_rsc=2gWrMJaxdn-CU2fc net::ERR_ABORTED | /approvals?_rsc=2gWrMJaxdn-CU2fc net::ERR_ABORTED | /accounts?_rsc=2gWrMJaxdn-CU2fc net::ERR_ABORTED | /contracts?_rsc=2gWrMJaxdn-CU2fc net::ERR_ABORTED | /intelligence?_rsc=2gWrMJaxdn-CU2fc net::ERR_ABORTED | /analytics?_rsc=2gWrMJaxdn-CU2fc net::ERR_ABORTED | /catalog?_rsc=2gWrMJaxdn-CU2fc net::ERR_ABORTED | /catalog/gudid?_rsc=2gWrMJaxdn-CU2fc net::ERR_ABORTED | /crosses?_rsc=2gWrMJaxdn-CU2fc net::ERR_ABORTED | /settings?_rsc=2gWrMJaxdn-CU2fc net::ERR_ABORTED | /notifications?_rsc=2gWrMJaxdn-CU2fc net::ERR_ABORTED | /requests/new?_rsc=2gWrMJaxdn-CU2fc net::ERR_ABORTED | /requests?_rsc=W5McYxvxTMCZbYJx net::ERR_ABORTED | /?_rsc=W5McYxvxTMCZbYJx net::ERR_ABORTED | /contracts?_rsc=W5McYxvxTMCZbYJx net::ERR_ABORTED | /approvals?_rsc=W5McYxvxTMCZbYJx net::ERR_ABORTED | /accounts?_rsc=W5McYxvxTMCZbYJx net::ERR_ABORTED | /proposals?_rsc=W5McYxvxTMCZbYJx net::ERR_ABORTED | /catalog?_rsc=W5McYxvxTMCZbYJx net::ERR_ABORTED | /intelligence?_rsc=W5McYxvxTMCZbYJx net::ERR_ABORTED | /intelligence/bids?_rsc=W5McYxvxTMCZbYJx net::ERR_ABORTED | /analytics?_rsc=W5McYxvxTMCZbYJx net::ERR_ABORTED | /catalog/gudid?_rsc=W5McYxvxTMCZbYJx net::ERR_ABORTED | /crosses?_rsc=W5McYxvxTMCZbYJx net::ERR_ABORTED | /settings?_rsc=W5McYxvxTMCZbYJx net::ERR_ABORTED | /requests/new?_rsc=W5McYxvxTMCZbYJx net::ERR_ABORTED | /notifications?_rsc=W5McYxvxTMCZbYJx net::ERR_ABORTED","","0","0","0","New request ; Switch user ; Pull ; Save ; INPUT"
"ADMIN","/intelligence/extractions/[id]","/intelligence/extractions/missing0000000000000000","200","Extraction","Failed to load resource: the server responded with a status of 404 (Not Found)","","0","/?_rsc=VJB2dfGule5Oh2L3 net::ERR_ABORTED | /proposals?_rsc=VJB2dfGule5Oh2L3 net::ERR_ABORTED | /accounts?_rsc=VJB2dfGule5Oh2L3 net::ERR_ABORTED | /intelligence?_rsc=VJB2dfGule5Oh2L3 net::ERR_ABORTED | /intelligence/bids?_rsc=VJB2dfGule5Oh2L3 net::ERR_ABORTED | /analytics?_rsc=VJB2dfGule5Oh2L3 net::ERR_ABORTED | /catalog?_rsc=VJB2dfGule5Oh2L3 net::ERR_ABORTED | /catalog/gudid?_rsc=VJB2dfGule5Oh2L3 net::ERR_ABORTED | /crosses?_rsc=VJB2dfGule5Oh2L3 net::ERR_ABORTED | /settings?_rsc=VJB2dfGule5Oh2L3 net::ERR_ABORTED | /notifications?_rsc=VJB2dfGule5Oh2L3 net::ERR_ABORTED | /requests/new?_rsc=VJB2dfGule5Oh2L3 net::ERR_ABORTED | /proposals?_rsc=wBL8jh-0AxNJNXN_ net::ERR_ABORTED | /requests?_rsc=wBL8jh-0AxNJNXN_ net::ERR_ABORTED | /approvals?_rsc=wBL8jh-0AxNJNXN_ net::ERR_ABORTED | /intelligence?_rsc=wBL8jh-0AxNJNXN_ net::ERR_ABORTED | /accounts?_rsc=wBL8jh-0AxNJNXN_ net::ERR_ABORTED | /contracts?_rsc=wBL8jh-0AxNJNXN_ net::ERR_ABORTED | /intelligence/bids?_rsc=wBL8jh-0AxNJNXN_ net::ERR_ABORTED | /analytics?_rsc=wBL8jh-0AxNJNXN_ net::ERR_ABORTED | /crosses?_rsc=wBL8jh-0AxNJNXN_ net::ERR_ABORTED | /catalog?_rsc=wBL8jh-0AxNJNXN_ net::ERR_ABORTED | /catalog/gudid?_rsc=wBL8jh-0AxNJNXN_ net::ERR_ABORTED | /settings?_rsc=wBL8jh-0AxNJNXN_ net::ERR_ABORTED | /notifications?_rsc=wBL8jh-0AxNJNXN_ net::ERR_ABORTED | /requests/new?_rsc=wBL8jh-0AxNJNXN_ net::ERR_ABORTED","404 /api/documents/extractions/missing0000000000000000","0","0","0","New request ; Switch user"
"ADMIN","/analytics","/analytics","200","Commercial feedback loop","","","0","/?_rsc=ix5_aAief6TvBg04 net::ERR_ABORTED | /accounts?_rsc=ix5_aAief6TvBg04 net::ERR_ABORTED | /contracts?_rsc=ix5_aAief6TvBg04 net::ERR_ABORTED | /intelligence?_rsc=ix5_aAief6TvBg04 net::ERR_ABORTED | /intelligence/bids?_rsc=ix5_aAief6TvBg04 net::ERR_ABORTED | /catalog?_rsc=ix5_aAief6TvBg04 net::ERR_ABORTED | /catalog/gudid?_rsc=ix5_aAief6TvBg04 net::ERR_ABORTED | /crosses?_rsc=ix5_aAief6TvBg04 net::ERR_ABORTED | /settings?_rsc=ix5_aAief6TvBg04 net::ERR_ABORTED | /requests/new?_rsc=ix5_aAief6TvBg04 net::ERR_ABORTED | /notifications?_rsc=ix5_aAief6TvBg04 net::ERR_ABORTED | /?_rsc=Dt318okBLJyNDlfE net::ERR_ABORTED | /requests?_rsc=Dt318okBLJyNDlfE net::ERR_ABORTED | /proposals?_rsc=Dt318okBLJyNDlfE net::ERR_ABORTED | /approvals?_rsc=Dt318okBLJyNDlfE net::ERR_ABORTED | /accounts?_rsc=Dt318okBLJyNDlfE net::ERR_ABORTED | /contracts?_rsc=Dt318okBLJyNDlfE net::ERR_ABORTED | /intelligence/bids?_rsc=Dt318okBLJyNDlfE net::ERR_ABORTED | /catalog?_rsc=Dt318okBLJyNDlfE net::ERR_ABORTED | /intelligence?_rsc=Dt318okBLJyNDlfE net::ERR_ABORTED | /analytics?_rsc=Dt318okBLJyNDlfE net::ERR_ABORTED | /crosses?_rsc=Dt318okBLJyNDlfE net::ERR_ABORTED | /settings?_rsc=Dt318okBLJyNDlfE net::ERR_ABORTED | /notifications?_rsc=Dt318okBLJyNDlfE net::ERR_ABORTED | /catalog/gudid?_rsc=Dt318okBLJyNDlfE net::ERR_ABORTED | /requests/new?_rsc=Dt318okBLJyNDlfE net::ERR_ABORTED","","0","1","0","New request ; Switch user ; Refresh"
"ADMIN","/catalog","/catalog","200","Our catalog","","","0","/?_rsc=OYzo7EH3MGwwxBfF net::ERR_ABORTED | /requests?_rsc=OYzo7EH3MGwwxBfF net::ERR_ABORTED | /proposals?_rsc=OYzo7EH3MGwwxBfF net::ERR_ABORTED | /approvals?_rsc=OYzo7EH3MGwwxBfF net::ERR_ABORTED | /accounts?_rsc=OYzo7EH3MGwwxBfF net::ERR_ABORTED | /contracts?_rsc=OYzo7EH3MGwwxBfF net::ERR_ABORTED | /intelligence?_rsc=OYzo7EH3MGwwxBfF net::ERR_ABORTED | /intelligence/bids?_rsc=OYzo7EH3MGwwxBfF net::ERR_ABORTED | /analytics?_rsc=OYzo7EH3MGwwxBfF net::ERR_ABORTED | /catalog/gudid?_rsc=OYzo7EH3MGwwxBfF net::ERR_ABORTED | /crosses?_rsc=OYzo7EH3MGwwxBfF net::ERR_ABORTED | /settings?_rsc=OYzo7EH3MGwwxBfF net::ERR_ABORTED | /notifications?_rsc=OYzo7EH3MGwwxBfF net::ERR_ABORTED | /requests/new?_rsc=OYzo7EH3MGwwxBfF net::ERR_ABORTED | /?_rsc=O6cAbYUSgs3KBG-F net::ERR_ABORTED | /requests?_rsc=O6cAbYUSgs3KBG-F net::ERR_ABORTED | /proposals?_rsc=O6cAbYUSgs3KBG-F net::ERR_ABORTED | /approvals?_rsc=O6cAbYUSgs3KBG-F net::ERR_ABORTED | /accounts?_rsc=O6cAbYUSgs3KBG-F net::ERR_ABORTED | /contracts?_rsc=O6cAbYUSgs3KBG-F net::ERR_ABORTED | /intelligence?_rsc=O6cAbYUSgs3KBG-F net::ERR_ABORTED | /intelligence/bids?_rsc=O6cAbYUSgs3KBG-F net::ERR_ABORTED | /analytics?_rsc=O6cAbYUSgs3KBG-F net::ERR_ABORTED | /catalog?_rsc=O6cAbYUSgs3KBG-F net::ERR_ABORTED | /crosses?_rsc=O6cAbYUSgs3KBG-F net::ERR_ABORTED | /settings?_rsc=O6cAbYUSgs3KBG-F net::ERR_ABORTED | /catalog/gudid?_rsc=O6cAbYUSgs3KBG-F net::ERR_ABORTED | /notifications?_rsc=O6cAbYUSgs3KBG-F net::ERR_ABORTED | /requests/new?_rsc=O6cAbYUSgs3KBG-F net::ERR_ABORTED","","0","1","0","New request ; Switch user ; GUDID library ; Enrich from GUDID ; Pricing ; Competitor sizes ; Add SKUs"
"ADMIN","/catalog/gudid","/catalog/gudid","200","GUDID library","","","0","/approvals?_rsc=DGmoGnAw5OqJpMhM net::ERR_ABORTED | /proposals?_rsc=DGmoGnAw5OqJpMhM net::ERR_ABORTED | /?_rsc=DGmoGnAw5OqJpMhM net::ERR_ABORTED | /requests?_rsc=DGmoGnAw5OqJpMhM net::ERR_ABORTED | /contracts?_rsc=DGmoGnAw5OqJpMhM net::ERR_ABORTED | /intelligence?_rsc=DGmoGnAw5OqJpMhM net::ERR_ABORTED | /intelligence/bids?_rsc=DGmoGnAw5OqJpMhM net::ERR_ABORTED | /analytics?_rsc=DGmoGnAw5OqJpMhM net::ERR_ABORTED | /catalog?_rsc=DGmoGnAw5OqJpMhM net::ERR_ABORTED | /crosses?_rsc=DGmoGnAw5OqJpMhM net::ERR_ABORTED | /settings?_rsc=DGmoGnAw5OqJpMhM net::ERR_ABORTED | /requests?_rsc=Z9EVd8HHdUwJDdIQ net::ERR_ABORTED | /?_rsc=Z9EVd8HHdUwJDdIQ net::ERR_ABORTED | /accounts?_rsc=Z9EVd8HHdUwJDdIQ net::ERR_ABORTED | /proposals?_rsc=Z9EVd8HHdUwJDdIQ net::ERR_ABORTED | /approvals?_rsc=Z9EVd8HHdUwJDdIQ net::ERR_ABORTED | /intelligence?_rsc=Z9EVd8HHdUwJDdIQ net::ERR_ABORTED | /analytics?_rsc=Z9EVd8HHdUwJDdIQ net::ERR_ABORTED | /intelligence/bids?_rsc=Z9EVd8HHdUwJDdIQ net::ERR_ABORTED | /catalog?_rsc=Z9EVd8HHdUwJDdIQ net::ERR_ABORTED | /catalog/gudid?_rsc=Z9EVd8HHdUwJDdIQ net::ERR_ABORTED | /notifications?_rsc=Z9EVd8HHdUwJDdIQ net::ERR_ABORTED | /requests/new?_rsc=Z9EVd8HHdUwJDdIQ net::ERR_ABORTED | /settings?_rsc=Z9EVd8HHdUwJDdIQ net::ERR_ABORTED | /crosses?_rsc=Z9EVd8HHdUwJDdIQ net::ERR_ABORTED","","0","0","0","New request ; Switch user ; Import from GUDID"
"ADMIN","/crosses","/crosses","200","Crosswalk","","","0","/?_rsc=zAn-vlYtEcVbUMJ6 net::ERR_ABORTED | /requests?_rsc=zAn-vlYtEcVbUMJ6 net::ERR_ABORTED | /proposals?_rsc=zAn-vlYtEcVbUMJ6 net::ERR_ABORTED | /approvals?_rsc=zAn-vlYtEcVbUMJ6 net::ERR_ABORTED | /contracts?_rsc=zAn-vlYtEcVbUMJ6 net::ERR_ABORTED | /accounts?_rsc=zAn-vlYtEcVbUMJ6 net::ERR_ABORTED | /intelligence?_rsc=zAn-vlYtEcVbUMJ6 net::ERR_ABORTED | /intelligence/bids?_rsc=zAn-vlYtEcVbUMJ6 net::ERR_ABORTED | /analytics?_rsc=zAn-vlYtEcVbUMJ6 net::ERR_ABORTED | /catalog?_rsc=zAn-vlYtEcVbUMJ6 net::ERR_ABORTED | /catalog/gudid?_rsc=zAn-vlYtEcVbUMJ6 net::ERR_ABORTED | /requests/new?_rsc=zAn-vlYtEcVbUMJ6 net::ERR_ABORTED | /?_rsc=aniPmKjMQR6zCALO net::ERR_ABORTED | /requests?_rsc=aniPmKjMQR6zCALO net::ERR_ABORTED | /proposals?_rsc=aniPmKjMQR6zCALO net::ERR_ABORTED | /approvals?_rsc=aniPmKjMQR6zCALO net::ERR_ABORTED | /accounts?_rsc=aniPmKjMQR6zCALO net::ERR_ABORTED | /contracts?_rsc=aniPmKjMQR6zCALO net::ERR_ABORTED | /intelligence?_rsc=aniPmKjMQR6zCALO net::ERR_ABORTED | /intelligence/bids?_rsc=aniPmKjMQR6zCALO net::ERR_ABORTED | /catalog/gudid?_rsc=aniPmKjMQR6zCALO net::ERR_ABORTED | /crosses?_rsc=aniPmKjMQR6zCALO net::ERR_ABORTED | /requests/new?_rsc=aniPmKjMQR6zCALO net::ERR_ABORTED | /settings?_rsc=aniPmKjMQR6zCALO net::ERR_ABORTED | /notifications?_rsc=aniPmKjMQR6zCALO net::ERR_ABORTED","","0","0","0","New request ; Switch user ; Publish new version"
"ADMIN","/notifications","/notifications","200","Notifications","","","0","/?_rsc=oG-rbVP81bj5yHs2 net::ERR_ABORTED | /requests?_rsc=oG-rbVP81bj5yHs2 net::ERR_ABORTED | /proposals?_rsc=oG-rbVP81bj5yHs2 net::ERR_ABORTED | /approvals?_rsc=oG-rbVP81bj5yHs2 net::ERR_ABORTED | /accounts?_rsc=oG-rbVP81bj5yHs2 net::ERR_ABORTED | /catalog/gudid?_rsc=oG-rbVP81bj5yHs2 net::ERR_ABORTED | /analytics?_rsc=oG-rbVP81bj5yHs2 net::ERR_ABORTED | /catalog?_rsc=oG-rbVP81bj5yHs2 net::ERR_ABORTED | /settings?_rsc=oG-rbVP81bj5yHs2 net::ERR_ABORTED | /requests/new?_rsc=oG-rbVP81bj5yHs2 net::ERR_ABORTED | /approvals?_rsc=FxIb9Zh5xrkPNSW4 net::ERR_ABORTED | /proposals?_rsc=FxIb9Zh5xrkPNSW4 net::ERR_ABORTED | /requests?_rsc=FxIb9Zh5xrkPNSW4 net::ERR_ABORTED | /intelligence?_rsc=FxIb9Zh5xrkPNSW4 net::ERR_ABORTED | /intelligence/bids?_rsc=FxIb9Zh5xrkPNSW4 net::ERR_ABORTED | /contracts?_rsc=FxIb9Zh5xrkPNSW4 net::ERR_ABORTED | /accounts?_rsc=FxIb9Zh5xrkPNSW4 net::ERR_ABORTED | /analytics?_rsc=FxIb9Zh5xrkPNSW4 net::ERR_ABORTED | /requests/new?_rsc=FxIb9Zh5xrkPNSW4 net::ERR_ABORTED | /notifications?_rsc=FxIb9Zh5xrkPNSW4 net::ERR_ABORTED","","0","0","0","New request ; Switch user ; Mark all read ; Read"
"ADMIN","/settings","/settings","200","Settings","Failed to load resource: the server responded with a status of 404 (Not Found)","","0","/approvals?_rsc=DQxjArDrgutTG17x net::ERR_ABORTED | /intelligence?_rsc=DQxjArDrgutTG17x net::ERR_ABORTED | /intelligence/bids?_rsc=DQxjArDrgutTG17x net::ERR_ABORTED | /analytics?_rsc=DQxjArDrgutTG17x net::ERR_ABORTED | /catalog?_rsc=DQxjArDrgutTG17x net::ERR_ABORTED | /notifications?_rsc=DQxjArDrgutTG17x net::ERR_ABORTED | /catalog/gudid?_rsc=DQxjArDrgutTG17x net::ERR_ABORTED | /crosses?_rsc=DQxjArDrgutTG17x net::ERR_ABORTED | /requests?_rsc=j-_vjoKOn8bxlRO7 net::ERR_ABORTED | /accounts?_rsc=j-_vjoKOn8bxlRO7 net::ERR_ABORTED | /proposals?_rsc=j-_vjoKOn8bxlRO7 net::ERR_ABORTED | /approvals?_rsc=j-_vjoKOn8bxlRO7 net::ERR_ABORTED | /analytics?_rsc=j-_vjoKOn8bxlRO7 net::ERR_ABORTED | /contracts?_rsc=j-_vjoKOn8bxlRO7 net::ERR_ABORTED | /intelligence/bids?_rsc=j-_vjoKOn8bxlRO7 net::ERR_ABORTED | /intelligence?_rsc=j-_vjoKOn8bxlRO7 net::ERR_ABORTED | /catalog?_rsc=j-_vjoKOn8bxlRO7 net::ERR_ABORTED | /notifications?_rsc=j-_vjoKOn8bxlRO7 net::ERR_ABORTED | /catalog/gudid?_rsc=j-_vjoKOn8bxlRO7 net::ERR_ABORTED | /crosses?_rsc=j-_vjoKOn8bxlRO7 net::ERR_ABORTED | /settings?_rsc=j-_vjoKOn8bxlRO7 net::ERR_ABORTED | /requests/new?_rsc=j-_vjoKOn8bxlRO7 net::ERR_ABORTED","404 /docs/INTEGRATIONS.md?_rsc=DQxjArDrgutTG17x","0","0","0","New request ; Switch user ; Save ; Evaluate alerts now ; Refresh stale records ; Edit ; Configure integrations → ; How to connect ; Sync now"
"ADMIN","/settings/integrations","/settings/integrations","200","Integrations","","","0","/docs/INTEGRATIONS.md?_rsc=DQxjArDrgutTG17x net::ERR_ABORTED | /approvals?_rsc=U-OwWBq-vq-slwyv net::ERR_ABORTED | /?_rsc=U-OwWBq-vq-slwyv net::ERR_ABORTED | /requests?_rsc=U-OwWBq-vq-slwyv net::ERR_ABORTED | /proposals?_rsc=U-OwWBq-vq-slwyv net::ERR_ABORTED | /intelligence?_rsc=U-OwWBq-vq-slwyv net::ERR_ABORTED | /intelligence/bids?_rsc=U-OwWBq-vq-slwyv net::ERR_ABORTED | /accounts?_rsc=U-OwWBq-vq-slwyv net::ERR_ABORTED | /contracts?_rsc=U-OwWBq-vq-slwyv net::ERR_ABORTED | /catalog/gudid?_rsc=U-OwWBq-vq-slwyv net::ERR_ABORTED | /settings?_rsc=U-OwWBq-vq-slwyv net::ERR_ABORTED | /notifications?_rsc=U-OwWBq-vq-slwyv net::ERR_ABORTED | /crosses?_rsc=U-OwWBq-vq-slwyv net::ERR_ABORTED | /?_rsc=hbetPO-u3vUUlMwr net::ERR_ABORTED | /proposals?_rsc=hbetPO-u3vUUlMwr net::ERR_ABORTED | /approvals?_rsc=hbetPO-u3vUUlMwr net::ERR_ABORTED | /requests?_rsc=hbetPO-u3vUUlMwr net::ERR_ABORTED | /accounts?_rsc=hbetPO-u3vUUlMwr net::ERR_ABORTED | /contracts?_rsc=hbetPO-u3vUUlMwr net::ERR_ABORTED | /intelligence?_rsc=hbetPO-u3vUUlMwr net::ERR_ABORTED | /intelligence/bids?_rsc=hbetPO-u3vUUlMwr net::ERR_ABORTED | /crosses?_rsc=hbetPO-u3vUUlMwr net::ERR_ABORTED | /analytics?_rsc=hbetPO-u3vUUlMwr net::ERR_ABORTED | /catalog/gudid?_rsc=hbetPO-u3vUUlMwr net::ERR_ABORTED | /catalog?_rsc=hbetPO-u3vUUlMwr net::ERR_ABORTED | /settings?_rsc=hbetPO-u3vUUlMwr net::ERR_ABORTED | /notifications?_rsc=hbetPO-u3vUUlMwr net::ERR_ABORTED | /requests/new?_rsc=hbetPO-u3vUUlMwr net::ERR_ABORTED","","0","0","0","New request ; Switch user ; Salesforce (CRM)not configuredno provide ; SAP ERP (OData)not configuredno provider ; Premier rosternot configuredno provider ; Vizient rosternot configuredno provider ; HealthTrust rosternot configuredno provi ; Document extraction (OCR)not configuredn ; Exchange ratesnot configuredno provider ; Competitor GPO contract pricesnot config ; Review queue0 open items across all inte"
"ADMIN","/settings/pricing","/settings/pricing","200","Pricing policies","","","0","/?_rsc=8oSST31HPn0UlEto net::ERR_ABORTED | /requests?_rsc=8oSST31HPn0UlEto net::ERR_ABORTED | /proposals?_rsc=8oSST31HPn0UlEto net::ERR_ABORTED | /analytics?_rsc=8oSST31HPn0UlEto net::ERR_ABORTED | /catalog?_rsc=8oSST31HPn0UlEto net::ERR_ABORTED | /crosses?_rsc=8oSST31HPn0UlEto net::ERR_ABORTED | /catalog/gudid?_rsc=8oSST31HPn0UlEto net::ERR_ABORTED | /requests/new?_rsc=8oSST31HPn0UlEto net::ERR_ABORTED | /?_rsc=_Ie442TgELs3Q458 net::ERR_ABORTED | /settings?_rsc=8oSST31HPn0UlEto net::ERR_ABORTED | /notifications?_rsc=8oSST31HPn0UlEto net::ERR_ABORTED | /accounts?_rsc=_Ie442TgELs3Q458 net::ERR_ABORTED | /approvals?_rsc=_Ie442TgELs3Q458 net::ERR_ABORTED | /requests?_rsc=_Ie442TgELs3Q458 net::ERR_ABORTED | /proposals?_rsc=_Ie442TgELs3Q458 net::ERR_ABORTED | /contracts?_rsc=_Ie442TgELs3Q458 net::ERR_ABORTED | /analytics?_rsc=_Ie442TgELs3Q458 net::ERR_ABORTED | /intelligence?_rsc=_Ie442TgELs3Q458 net::ERR_ABORTED | /intelligence/bids?_rsc=_Ie442TgELs3Q458 net::ERR_ABORTED | /catalog?_rsc=_Ie442TgELs3Q458 net::ERR_ABORTED | /catalog/gudid?_rsc=_Ie442TgELs3Q458 net::ERR_ABORTED | /crosses?_rsc=_Ie442TgELs3Q458 net::ERR_ABORTED | /settings?_rsc=_Ie442TgELs3Q458 net::ERR_ABORTED | /notifications?_rsc=_Ie442TgELs3Q458 net::ERR_ABORTED | /requests/new?_rsc=_Ie442TgELs3Q458 net::ERR_ABORTED","","0","0","0","New request ; Switch user ; New draft ; New version"
"EXECUTIVE","/","/","200","Competitive cross reference","","","0","/proposals?_rsc=5CB68i4pnAekjehf net::ERR_ABORTED | /accounts?_rsc=5CB68i4pnAekjehf net::ERR_ABORTED | /contracts?_rsc=5CB68i4pnAekjehf net::ERR_ABORTED | /intelligence?_rsc=5CB68i4pnAekjehf net::ERR_ABORTED | /intelligence/bids?_rsc=5CB68i4pnAekjehf net::ERR_ABORTED | /analytics?_rsc=5CB68i4pnAekjehf net::ERR_ABORTED | /catalog?_rsc=5CB68i4pnAekjehf net::ERR_ABORTED | /catalog/gudid?_rsc=5CB68i4pnAekjehf net::ERR_ABORTED | /crosses?_rsc=5CB68i4pnAekjehf net::ERR_ABORTED | /settings?_rsc=5CB68i4pnAekjehf net::ERR_ABORTED | /notifications?_rsc=5CB68i4pnAekjehf net::ERR_ABORTED | /requests/new?_rsc=5CB68i4pnAekjehf net::ERR_ABORTED | /requests?_rsc=5CB68i4pnAekjehf net::ERR_ABORTED | /?_rsc=tXyZJ52UQVBCVsD3 net::ERR_ABORTED | /proposals?_rsc=tXyZJ52UQVBCVsD3 net::ERR_ABORTED | /accounts?_rsc=tXyZJ52UQVBCVsD3 net::ERR_ABORTED | /contracts?_rsc=tXyZJ52UQVBCVsD3 net::ERR_ABORTED | /intelligence?_rsc=tXyZJ52UQVBCVsD3 net::ERR_ABORTED | /intelligence/bids?_rsc=tXyZJ52UQVBCVsD3 net::ERR_ABORTED | /catalog?_rsc=tXyZJ52UQVBCVsD3 net::ERR_ABORTED | /catalog/gudid?_rsc=tXyZJ52UQVBCVsD3 net::ERR_ABORTED | /crosses?_rsc=tXyZJ52UQVBCVsD3 net::ERR_ABORTED | /analytics?_rsc=tXyZJ52UQVBCVsD3 net::ERR_ABORTED | /notifications?_rsc=tXyZJ52UQVBCVsD3 net::ERR_ABORTED | /requests/new?_rsc=tXyZJ52UQVBCVsD3 net::ERR_ABORTED | /requests?_rsc=tXyZJ52UQVBCVsD3 net::ERR_ABORTED | /settings?_rsc=tXyZJ52UQVBCVsD3 net::ERR_ABORTED","","0","0","0","Switch user ; New request"
"EXECUTIVE","/requests","/requests","200","","","","0","/?_rsc=p3Q57VochOqcQNsg net::ERR_ABORTED | /proposals?_rsc=p3Q57VochOqcQNsg net::ERR_ABORTED | /accounts?_rsc=p3Q57VochOqcQNsg net::ERR_ABORTED | /contracts?_rsc=p3Q57VochOqcQNsg net::ERR_ABORTED | /intelligence?_rsc=p3Q57VochOqcQNsg net::ERR_ABORTED | /intelligence/bids?_rsc=p3Q57VochOqcQNsg net::ERR_ABORTED | /analytics?_rsc=p3Q57VochOqcQNsg net::ERR_ABORTED | /catalog?_rsc=p3Q57VochOqcQNsg net::ERR_ABORTED | /catalog/gudid?_rsc=p3Q57VochOqcQNsg net::ERR_ABORTED | /crosses?_rsc=p3Q57VochOqcQNsg net::ERR_ABORTED | /settings?_rsc=p3Q57VochOqcQNsg net::ERR_ABORTED | /notifications?_rsc=p3Q57VochOqcQNsg net::ERR_ABORTED | /?_rsc=nIzLgF1M7nWxnHlV net::ERR_ABORTED | /proposals?_rsc=nIzLgF1M7nWxnHlV net::ERR_ABORTED | /accounts?_rsc=nIzLgF1M7nWxnHlV net::ERR_ABORTED | /contracts?_rsc=nIzLgF1M7nWxnHlV net::ERR_ABORTED | /intelligence?_rsc=nIzLgF1M7nWxnHlV net::ERR_ABORTED | /intelligence/bids?_rsc=nIzLgF1M7nWxnHlV net::ERR_ABORTED | /analytics?_rsc=nIzLgF1M7nWxnHlV net::ERR_ABORTED | /catalog?_rsc=nIzLgF1M7nWxnHlV net::ERR_ABORTED | /catalog/gudid?_rsc=nIzLgF1M7nWxnHlV net::ERR_ABORTED | /settings?_rsc=nIzLgF1M7nWxnHlV net::ERR_ABORTED | /crosses?_rsc=nIzLgF1M7nWxnHlV net::ERR_ABORTED | /notifications?_rsc=nIzLgF1M7nWxnHlV net::ERR_ABORTED","","0","0","0","Switch user"
"EXECUTIVE","/requests/new","/requests/new","200","Competitive cross reference","Failed to load resource: the server responded with a status of 429 (Too Many Requests)","","0","/accounts?_rsc=4belA-F-xg-XtLdx net::ERR_ABORTED | /contracts?_rsc=4belA-F-xg-XtLdx net::ERR_ABORTED | /?_rsc=4belA-F-xg-XtLdx net::ERR_ABORTED | /intelligence?_rsc=4belA-F-xg-XtLdx net::ERR_ABORTED | /intelligence/bids?_rsc=4belA-F-xg-XtLdx net::ERR_ABORTED | /analytics?_rsc=4belA-F-xg-XtLdx net::ERR_ABORTED | /catalog?_rsc=4belA-F-xg-XtLdx net::ERR_ABORTED | /notifications?_rsc=4belA-F-xg-XtLdx net::ERR_ABORTED | /catalog/gudid?_rsc=4belA-F-xg-XtLdx net::ERR_ABORTED | /crosses?_rsc=4belA-F-xg-XtLdx net::ERR_ABORTED | /settings?_rsc=4belA-F-xg-XtLdx net::ERR_ABORTED | /accounts?_rsc=O1p93FFpSnNce0k4 net::ERR_ABORTED | /contracts?_rsc=O1p93FFpSnNce0k4 net::ERR_ABORTED | /?_rsc=O1p93FFpSnNce0k4 net::ERR_ABORTED | /proposals?_rsc=O1p93FFpSnNce0k4 net::ERR_ABORTED | /intelligence?_rsc=O1p93FFpSnNce0k4 net::ERR_ABORTED | /intelligence/bids?_rsc=O1p93FFpSnNce0k4 net::ERR_ABORTED | /analytics?_rsc=O1p93FFpSnNce0k4 net::ERR_ABORTED | /catalog?_rsc=O1p93FFpSnNce0k4 net::ERR_ABORTED | /settings?_rsc=O1p93FFpSnNce0k4 net::ERR_ABORTED | /catalog/gudid?_rsc=O1p93FFpSnNce0k4 net::ERR_ABORTED | /crosses?_rsc=O1p93FFpSnNce0k4 net::ERR_ABORTED | /notifications?_rsc=O1p93FFpSnNce0k4 net::ERR_ABORTED","429 /api/auth/dev","0","0","0","Switch user ; Google Sheets link ; Upload .xlsx / .csv ; Paste from a sheet ; Read sheet ; Continue request"
"EXECUTIVE","/requests/[id]","/requests/null","200","","Failed to load resource: the server responded with a status of 429 (Too Many Requests) | Failed to load resource: the server responded with a status of 403 (Forbidden)","","0","/api/auth/dev net::ERR_ABORTED | /?_rsc=76SvvV1TLjtpHtqe net::ERR_ABORTED | /proposals?_rsc=76SvvV1TLjtpHtqe net::ERR_ABORTED | /accounts?_rsc=76SvvV1TLjtpHtqe net::ERR_ABORTED | /contracts?_rsc=76SvvV1TLjtpHtqe net::ERR_ABORTED | /intelligence?_rsc=76SvvV1TLjtpHtqe net::ERR_ABORTED | /intelligence/bids?_rsc=76SvvV1TLjtpHtqe net::ERR_ABORTED | /analytics?_rsc=76SvvV1TLjtpHtqe net::ERR_ABORTED | /catalog?_rsc=76SvvV1TLjtpHtqe net::ERR_ABORTED | /catalog/gudid?_rsc=76SvvV1TLjtpHtqe net::ERR_ABORTED | /settings?_rsc=76SvvV1TLjtpHtqe net::ERR_ABORTED | /notifications?_rsc=76SvvV1TLjtpHtqe net::ERR_ABORTED | /contracts?_rsc=eoRKZgXY26fq4Ulk net::ERR_ABORTED | /analytics?_rsc=eoRKZgXY26fq4Ulk net::ERR_ABORTED | /intelligence?_rsc=eoRKZgXY26fq4Ulk net::ERR_ABORTED | /intelligence/bids?_rsc=eoRKZgXY26fq4Ulk net::ERR_ABORTED | /catalog?_rsc=eoRKZgXY26fq4Ulk net::ERR_ABORTED | /catalog/gudid?_rsc=eoRKZgXY26fq4Ulk net::ERR_ABORTED | /crosses?_rsc=eoRKZgXY26fq4Ulk net::ERR_ABORTED | /settings?_rsc=eoRKZgXY26fq4Ulk net::ERR_ABORTED | /notifications?_rsc=eoRKZgXY26fq4Ulk net::ERR_ABORTED","429 /api/auth/dev | 403 /api/requests/null","0","0","0","Switch user"
"EXECUTIVE","/proposals","/proposals","200","Commercial proposals","Failed to load resource: the server responded with a status of 429 (Too Many Requests)","","0","/api/requests/null net::ERR_ABORTED | /api/auth/dev net::ERR_ABORTED | /?_rsc=8qZH60WsiyOTuseO net::ERR_ABORTED | /accounts?_rsc=8qZH60WsiyOTuseO net::ERR_ABORTED | /contracts?_rsc=8qZH60WsiyOTuseO net::ERR_ABORTED | /intelligence?_rsc=8qZH60WsiyOTuseO net::ERR_ABORTED | /intelligence/bids?_rsc=8qZH60WsiyOTuseO net::ERR_ABORTED | /analytics?_rsc=8qZH60WsiyOTuseO net::ERR_ABORTED | /catalog?_rsc=8qZH60WsiyOTuseO net::ERR_ABORTED | /catalog/gudid?_rsc=8qZH60WsiyOTuseO net::ERR_ABORTED | /crosses?_rsc=8qZH60WsiyOTuseO net::ERR_ABORTED | /settings?_rsc=8qZH60WsiyOTuseO net::ERR_ABORTED | /notifications?_rsc=8qZH60WsiyOTuseO net::ERR_ABORTED | /?_rsc=yDw8cg_cK2Tq2IDS net::ERR_ABORTED | /proposals?_rsc=yDw8cg_cK2Tq2IDS net::ERR_ABORTED | /accounts?_rsc=yDw8cg_cK2Tq2IDS net::ERR_ABORTED | /contracts?_rsc=yDw8cg_cK2Tq2IDS net::ERR_ABORTED | /intelligence?_rsc=yDw8cg_cK2Tq2IDS net::ERR_ABORTED | /intelligence/bids?_rsc=yDw8cg_cK2Tq2IDS net::ERR_ABORTED | /catalog?_rsc=yDw8cg_cK2Tq2IDS net::ERR_ABORTED | /analytics?_rsc=yDw8cg_cK2Tq2IDS net::ERR_ABORTED | /catalog/gudid?_rsc=yDw8cg_cK2Tq2IDS net::ERR_ABORTED | /crosses?_rsc=yDw8cg_cK2Tq2IDS net::ERR_ABORTED | /settings?_rsc=yDw8cg_cK2Tq2IDS net::ERR_ABORTED | /notifications?_rsc=yDw8cg_cK2Tq2IDS net::ERR_ABORTED","429 /api/auth/dev","0","0","0","Switch user"
"EXECUTIVE","/proposals/[id]","/proposals/null","200","","Failed to load resource: the server responded with a status of 429 (Too Many Requests) | Failed to load resource: the server responded with a status of 404 (Not Found)","","0","/api/auth/dev net::ERR_ABORTED | /?_rsc=VreOGdJHuaZwqD3- net::ERR_ABORTED | /proposals?_rsc=VreOGdJHuaZwqD3- net::ERR_ABORTED | /accounts?_rsc=VreOGdJHuaZwqD3- net::ERR_ABORTED | /contracts?_rsc=VreOGdJHuaZwqD3- net::ERR_ABORTED | /intelligence?_rsc=VreOGdJHuaZwqD3- net::ERR_ABORTED | /intelligence/bids?_rsc=VreOGdJHuaZwqD3- net::ERR_ABORTED | /analytics?_rsc=VreOGdJHuaZwqD3- net::ERR_ABORTED | /catalog?_rsc=VreOGdJHuaZwqD3- net::ERR_ABORTED | /catalog/gudid?_rsc=VreOGdJHuaZwqD3- net::ERR_ABORTED | /crosses?_rsc=VreOGdJHuaZwqD3- net::ERR_ABORTED | /settings?_rsc=VreOGdJHuaZwqD3- net::ERR_ABORTED | /notifications?_rsc=VreOGdJHuaZwqD3- net::ERR_ABORTED | /?_rsc=hzu8hJFrzSYjsRgK net::ERR_ABORTED | /proposals?_rsc=hzu8hJFrzSYjsRgK net::ERR_ABORTED | /accounts?_rsc=hzu8hJFrzSYjsRgK net::ERR_ABORTED | /contracts?_rsc=hzu8hJFrzSYjsRgK net::ERR_ABORTED | /intelligence?_rsc=hzu8hJFrzSYjsRgK net::ERR_ABORTED | /intelligence/bids?_rsc=hzu8hJFrzSYjsRgK net::ERR_ABORTED | /analytics?_rsc=hzu8hJFrzSYjsRgK net::ERR_ABORTED | /catalog?_rsc=hzu8hJFrzSYjsRgK net::ERR_ABORTED | /catalog/gudid?_rsc=hzu8hJFrzSYjsRgK net::ERR_ABORTED | /crosses?_rsc=hzu8hJFrzSYjsRgK net::ERR_ABORTED | /settings?_rsc=hzu8hJFrzSYjsRgK net::ERR_ABORTED | /notifications?_rsc=hzu8hJFrzSYjsRgK net::ERR_ABORTED","429 /api/auth/dev | 404 /api/proposals/null","0","0","0","Switch user"
"EXECUTIVE","/approvals","/approvals","200","Pricing approvals","Failed to load resource: the server responded with a status of 429 (Too Many Requests)","","0","/api/auth/dev net::ERR_ABORTED | /?_rsc=Ut9iRRX_9PZKRdF- net::ERR_ABORTED | /proposals?_rsc=Ut9iRRX_9PZKRdF- net::ERR_ABORTED | /accounts?_rsc=Ut9iRRX_9PZKRdF- net::ERR_ABORTED | /contracts?_rsc=Ut9iRRX_9PZKRdF- net::ERR_ABORTED | /intelligence?_rsc=Ut9iRRX_9PZKRdF- net::ERR_ABORTED | /intelligence/bids?_rsc=Ut9iRRX_9PZKRdF- net::ERR_ABORTED | /analytics?_rsc=Ut9iRRX_9PZKRdF- net::ERR_ABORTED | /catalog?_rsc=Ut9iRRX_9PZKRdF- net::ERR_ABORTED | /catalog/gudid?_rsc=Ut9iRRX_9PZKRdF- net::ERR_ABORTED | /crosses?_rsc=Ut9iRRX_9PZKRdF- net::ERR_ABORTED | /settings?_rsc=Ut9iRRX_9PZKRdF- net::ERR_ABORTED | /notifications?_rsc=Ut9iRRX_9PZKRdF- net::ERR_ABORTED | /?_rsc=AU6DTT46DVXZ7jWj net::ERR_ABORTED | /proposals?_rsc=AU6DTT46DVXZ7jWj net::ERR_ABORTED | /accounts?_rsc=AU6DTT46DVXZ7jWj net::ERR_ABORTED | /contracts?_rsc=AU6DTT46DVXZ7jWj net::ERR_ABORTED | /intelligence?_rsc=AU6DTT46DVXZ7jWj net::ERR_ABORTED | /intelligence/bids?_rsc=AU6DTT46DVXZ7jWj net::ERR_ABORTED | /analytics?_rsc=AU6DTT46DVXZ7jWj net::ERR_ABORTED | /catalog?_rsc=AU6DTT46DVXZ7jWj net::ERR_ABORTED | /catalog/gudid?_rsc=AU6DTT46DVXZ7jWj net::ERR_ABORTED | /crosses?_rsc=AU6DTT46DVXZ7jWj net::ERR_ABORTED | /settings?_rsc=AU6DTT46DVXZ7jWj net::ERR_ABORTED | /notifications?_rsc=AU6DTT46DVXZ7jWj net::ERR_ABORTED","429 /api/auth/dev","0","0","0","Switch user ; Delegate my approvals"
"EXECUTIVE","/accounts","/accounts","200","Accounts & GPO membership","Failed to load resource: the server responded with a status of 429 (Too Many Requests)","","0","/api/auth/dev net::ERR_ABORTED | /?_rsc=iZGmHDWBA-6V7KTQ net::ERR_ABORTED | /proposals?_rsc=iZGmHDWBA-6V7KTQ net::ERR_ABORTED | /analytics?_rsc=iZGmHDWBA-6V7KTQ net::ERR_ABORTED | /contracts?_rsc=iZGmHDWBA-6V7KTQ net::ERR_ABORTED | /intelligence?_rsc=iZGmHDWBA-6V7KTQ net::ERR_ABORTED | /intelligence/bids?_rsc=iZGmHDWBA-6V7KTQ net::ERR_ABORTED | /settings?_rsc=iZGmHDWBA-6V7KTQ net::ERR_ABORTED | /catalog?_rsc=iZGmHDWBA-6V7KTQ net::ERR_ABORTED | /catalog/gudid?_rsc=iZGmHDWBA-6V7KTQ net::ERR_ABORTED | /crosses?_rsc=iZGmHDWBA-6V7KTQ net::ERR_ABORTED | /accounts/cmuf6hihm02rkks7drm31yuur?_rsc=iZGmHDWBA-6V7KTQ net::ERR_ABORTED | /notifications?_rsc=iZGmHDWBA-6V7KTQ net::ERR_ABORTED | /accounts/cmuf6hiho02rlks7d2xz6w5ev?_rsc=iZGmHDWBA-6V7KTQ net::ERR_ABORTED | /accounts/cmuf6hihq02rmks7did2qxong?_rsc=iZGmHDWBA-6V7KTQ net::ERR_ABORTED | /?_rsc=oRxEn_R9e10JER3Z net::ERR_ABORTED | /proposals?_rsc=oRxEn_R9e10JER3Z net::ERR_ABORTED | /accounts?_rsc=oRxEn_R9e10JER3Z net::ERR_ABORTED | /contracts?_rsc=oRxEn_R9e10JER3Z net::ERR_ABORTED | /intelligence?_rsc=oRxEn_R9e10JER3Z net::ERR_ABORTED | /intelligence/bids?_rsc=oRxEn_R9e10JER3Z net::ERR_ABORTED | /analytics?_rsc=oRxEn_R9e10JER3Z net::ERR_ABORTED | /catalog?_rsc=oRxEn_R9e10JER3Z net::ERR_ABORTED | /catalog/gudid?_rsc=oRxEn_R9e10JER3Z net::ERR_ABORTED | /crosses?_rsc=oRxEn_R9e10JER3Z net::ERR_ABORTED | /settings?_rsc=oRxEn_R9e10JER3Z net::ERR_ABORTED | /notifications?_rsc=oRxEn_R9e10JER3Z net::ERR_ABORTED | /accounts/cmuf6hihm02rkks7drm31yuur?_rsc=oRxEn_R9e10JER3Z net::ERR_ABORTED | /accounts/cmuf6hiho02rlks7d2xz6w5ev?_rsc=oRxEn_R9e10JER3Z net::ERR_ABORTED | /accounts/cmuf6hihq02rmks7did2qxong?_rsc=oRxEn_R9e10JER3Z net::ERR_ABORTED | /accounts/cmuf6hihk02rjks7dyamo9w2u?_rsc=oRxEn_R9e10JER3Z net::ERR_ABORTED | /accounts/cmuf6hihh02riks7dkuig0cbl?_rsc=oRxEn_R9e10JER3Z net::ERR_ABORTED","429 /api/auth/dev","0","0","0","Switch user"
"EXECUTIVE","/accounts/[id]","/accounts/cmuf6hihm02rkks7drm31yuur","200","Hospital A — Mount Vernon General","Failed to load resource: the server responded with a status of 429 (Too Many Requests)","","0","/api/auth/dev net::ERR_ABORTED | /?_rsc=pYoAThzR_ryjq0MS net::ERR_ABORTED | /proposals?_rsc=pYoAThzR_ryjq0MS net::ERR_ABORTED | /accounts?_rsc=pYoAThzR_ryjq0MS net::ERR_ABORTED | /contracts?_rsc=pYoAThzR_ryjq0MS net::ERR_ABORTED | /intelligence?_rsc=pYoAThzR_ryjq0MS net::ERR_ABORTED | /intelligence/bids?_rsc=pYoAThzR_ryjq0MS net::ERR_ABORTED | /analytics?_rsc=pYoAThzR_ryjq0MS net::ERR_ABORTED | /catalog?_rsc=pYoAThzR_ryjq0MS net::ERR_ABORTED | /catalog/gudid?_rsc=pYoAThzR_ryjq0MS net::ERR_ABORTED | /crosses?_rsc=pYoAThzR_ryjq0MS net::ERR_ABORTED | /settings?_rsc=pYoAThzR_ryjq0MS net::ERR_ABORTED | /notifications?_rsc=pYoAThzR_ryjq0MS net::ERR_ABORTED | /contracts/cmuf6himl02swks7dif6nb96r?_rsc=pYoAThzR_ryjq0MS net::ERR_ABORTED | /?_rsc=gRQ4rCW2m6dkjkis net::ERR_ABORTED | /proposals?_rsc=gRQ4rCW2m6dkjkis net::ERR_ABORTED | /accounts?_rsc=gRQ4rCW2m6dkjkis net::ERR_ABORTED | /intelligence/bids?_rsc=gRQ4rCW2m6dkjkis net::ERR_ABORTED | /intelligence?_rsc=gRQ4rCW2m6dkjkis net::ERR_ABORTED | /analytics?_rsc=gRQ4rCW2m6dkjkis net::ERR_ABORTED | /contracts?_rsc=gRQ4rCW2m6dkjkis net::ERR_ABORTED | /catalog/gudid?_rsc=gRQ4rCW2m6dkjkis net::ERR_ABORTED | /crosses?_rsc=gRQ4rCW2m6dkjkis net::ERR_ABORTED | /catalog?_rsc=gRQ4rCW2m6dkjkis net::ERR_ABORTED | /settings?_rsc=gRQ4rCW2m6dkjkis net::ERR_ABORTED | /notifications?_rsc=gRQ4rCW2m6dkjkis net::ERR_ABORTED | /contracts/cmuf6himl02swks7dif6nb96r?_rsc=gRQ4rCW2m6dkjkis net::ERR_ABORTED","429 /api/auth/dev","0","1","0","Switch user"
"EXECUTIVE","/contracts","/contracts","200","Contracts & price context","","","0","/api/auth/dev net::ERR_ABORTED | /?_rsc=DzmfcRRfJeItXkgz net::ERR_ABORTED | /proposals?_rsc=DzmfcRRfJeItXkgz net::ERR_ABORTED | /accounts?_rsc=DzmfcRRfJeItXkgz net::ERR_ABORTED | /intelligence?_rsc=DzmfcRRfJeItXkgz net::ERR_ABORTED | /catalog?_rsc=DzmfcRRfJeItXkgz net::ERR_ABORTED | /catalog/gudid?_rsc=DzmfcRRfJeItXkgz net::ERR_ABORTED | /intelligence/bids?_rsc=DzmfcRRfJeItXkgz net::ERR_ABORTED | /analytics?_rsc=DzmfcRRfJeItXkgz net::ERR_ABORTED | /crosses?_rsc=DzmfcRRfJeItXkgz net::ERR_ABORTED | /settings?_rsc=DzmfcRRfJeItXkgz net::ERR_ABORTED | /notifications?_rsc=DzmfcRRfJeItXkgz net::ERR_ABORTED | /contracts/cmuf6himu02sxks7dkgml1rr2?_rsc=DzmfcRRfJeItXkgz net::ERR_ABORTED | /proposals?_rsc=2Ju2sngZl13OvaTN net::ERR_ABORTED | /accounts?_rsc=2Ju2sngZl13OvaTN net::ERR_ABORTED | /contracts/cmuf6himl02swks7dif6nb96r?_rsc=DzmfcRRfJeItXkgz net::ERR_ABORTED | /?_rsc=2Ju2sngZl13OvaTN net::ERR_ABORTED | /contracts?_rsc=2Ju2sngZl13OvaTN net::ERR_ABORTED | /intelligence?_rsc=2Ju2sngZl13OvaTN net::ERR_ABORTED | /intelligence/bids?_rsc=2Ju2sngZl13OvaTN net::ERR_ABORTED | /analytics?_rsc=2Ju2sngZl13OvaTN net::ERR_ABORTED | /catalog?_rsc=2Ju2sngZl13OvaTN net::ERR_ABORTED | /catalog/gudid?_rsc=2Ju2sngZl13OvaTN net::ERR_ABORTED | /crosses?_rsc=2Ju2sngZl13OvaTN net::ERR_ABORTED | /settings?_rsc=2Ju2sngZl13OvaTN net::ERR_ABORTED | /notifications?_rsc=2Ju2sngZl13OvaTN net::ERR_ABORTED | /contracts/cmuf6himu02sxks7dkgml1rr2?_rsc=2Ju2sngZl13OvaTN net::ERR_ABORTED | /contracts/cmuf6himl02swks7dif6nb96r?_rsc=2Ju2sngZl13OvaTN net::ERR_ABORTED","","0","1","0","Switch user ; New contract"
"EXECUTIVE","/contracts/[id]","/contracts/cmuf6himu02sxks7dkgml1rr2","200","MSK-LOCAL-2026 · MSK local mesh agreement","","","0","/accounts?_rsc=TQOCHQXESAyQ3VEl net::ERR_ABORTED | /intelligence/bids?_rsc=TQOCHQXESAyQ3VEl net::ERR_ABORTED | /analytics?_rsc=TQOCHQXESAyQ3VEl net::ERR_ABORTED | /catalog?_rsc=TQOCHQXESAyQ3VEl net::ERR_ABORTED | /accounts/cmuf6hihk02rjks7dyamo9w2u?_rsc=TQOCHQXESAyQ3VEl net::ERR_ABORTED | /?_rsc=12web-rdU3k9vLaG net::ERR_ABORTED | /proposals?_rsc=12web-rdU3k9vLaG net::ERR_ABORTED | /intelligence?_rsc=12web-rdU3k9vLaG net::ERR_ABORTED | /analytics?_rsc=12web-rdU3k9vLaG net::ERR_ABORTED | /intelligence/bids?_rsc=12web-rdU3k9vLaG net::ERR_ABORTED | /catalog?_rsc=12web-rdU3k9vLaG net::ERR_ABORTED | /catalog/gudid?_rsc=12web-rdU3k9vLaG net::ERR_ABORTED | /crosses?_rsc=12web-rdU3k9vLaG net::ERR_ABORTED | /settings?_rsc=12web-rdU3k9vLaG net::ERR_ABORTED | /notifications?_rsc=12web-rdU3k9vLaG net::ERR_ABORTED","","0","1","0","Switch user ; Refresh performance ; Terminate ; Save entries"
"EXECUTIVE","/intelligence","/intelligence","200","Competitor pricing","","","0","/?_rsc=3fD0047dUoUPXvG2 net::ERR_ABORTED | /proposals?_rsc=3fD0047dUoUPXvG2 net::ERR_ABORTED | /accounts?_rsc=3fD0047dUoUPXvG2 net::ERR_ABORTED | /contracts?_rsc=3fD0047dUoUPXvG2 net::ERR_ABORTED | /intelligence/bids?_rsc=3fD0047dUoUPXvG2 net::ERR_ABORTED | /catalog/gudid?_rsc=3fD0047dUoUPXvG2 net::ERR_ABORTED | /crosses?_rsc=3fD0047dUoUPXvG2 net::ERR_ABORTED | /settings?_rsc=3fD0047dUoUPXvG2 net::ERR_ABORTED | /notifications?_rsc=3fD0047dUoUPXvG2 net::ERR_ABORTED | /?_rsc=gu9LWiAQNzfrKsW2 net::ERR_ABORTED | /accounts?_rsc=gu9LWiAQNzfrKsW2 net::ERR_ABORTED | /proposals?_rsc=gu9LWiAQNzfrKsW2 net::ERR_ABORTED | /intelligence?_rsc=gu9LWiAQNzfrKsW2 net::ERR_ABORTED | /contracts?_rsc=gu9LWiAQNzfrKsW2 net::ERR_ABORTED | /intelligence/bids?_rsc=gu9LWiAQNzfrKsW2 net::ERR_ABORTED | /analytics?_rsc=gu9LWiAQNzfrKsW2 net::ERR_ABORTED | /crosses?_rsc=gu9LWiAQNzfrKsW2 net::ERR_ABORTED | /settings?_rsc=gu9LWiAQNzfrKsW2 net::ERR_ABORTED | /catalog?_rsc=gu9LWiAQNzfrKsW2 net::ERR_ABORTED | /catalog/gudid?_rsc=gu9LWiAQNzfrKsW2 net::ERR_ABORTED | /notifications?_rsc=gu9LWiAQNzfrKsW2 net::ERR_ABORTED","","0","1","0","Switch user ; Import .xlsx / .csv ; INPUT ; Extract a document… ; Verify ; Dispute ; 1190500 ; 1410015010 ; 1DLMC03 ; 1DLMC05 ; 112680 ; 1190816 ; SPMII ; 1200710 ; 1201520 ; 113700 ; 112650 ; 112660 ; UPA31015 ; 1190820 ; 1202025 ; 1190300 ; SPMXXL ; Record"
"EXECUTIVE","/intelligence/bids","/intelligence/bids","200","Public bids and awards","","","0","/proposals?_rsc=2gWrMJaxdn-CU2fc net::ERR_ABORTED | /?_rsc=2gWrMJaxdn-CU2fc net::ERR_ABORTED | /accounts?_rsc=2gWrMJaxdn-CU2fc net::ERR_ABORTED | /contracts?_rsc=2gWrMJaxdn-CU2fc net::ERR_ABORTED | /analytics?_rsc=2gWrMJaxdn-CU2fc net::ERR_ABORTED | /intelligence?_rsc=2gWrMJaxdn-CU2fc net::ERR_ABORTED | /catalog?_rsc=2gWrMJaxdn-CU2fc net::ERR_ABORTED | /catalog/gudid?_rsc=2gWrMJaxdn-CU2fc net::ERR_ABORTED | /crosses?_rsc=2gWrMJaxdn-CU2fc net::ERR_ABORTED | /settings?_rsc=2gWrMJaxdn-CU2fc net::ERR_ABORTED | /notifications?_rsc=2gWrMJaxdn-CU2fc net::ERR_ABORTED | /?_rsc=W5McYxvxTMCZbYJx net::ERR_ABORTED | /proposals?_rsc=W5McYxvxTMCZbYJx net::ERR_ABORTED | /contracts?_rsc=W5McYxvxTMCZbYJx net::ERR_ABORTED | /intelligence?_rsc=W5McYxvxTMCZbYJx net::ERR_ABORTED | /analytics?_rsc=W5McYxvxTMCZbYJx net::ERR_ABORTED | /catalog?_rsc=W5McYxvxTMCZbYJx net::ERR_ABORTED | /catalog/gudid?_rsc=W5McYxvxTMCZbYJx net::ERR_ABORTED | /crosses?_rsc=W5McYxvxTMCZbYJx net::ERR_ABORTED | /notifications?_rsc=W5McYxvxTMCZbYJx net::ERR_ABORTED | /settings?_rsc=W5McYxvxTMCZbYJx net::ERR_ABORTED","","0","0","0","Switch user ; Pull ; Save ; INPUT"
"EXECUTIVE","/intelligence/extractions/[id]","/intelligence/extractions/missing0000000000000000","200","Extraction","Failed to load resource: the server responded with a status of 404 (Not Found)","","0","/contracts?_rsc=VJB2dfGule5Oh2L3 net::ERR_ABORTED | /?_rsc=VJB2dfGule5Oh2L3 net::ERR_ABORTED | /proposals?_rsc=VJB2dfGule5Oh2L3 net::ERR_ABORTED | /accounts?_rsc=VJB2dfGule5Oh2L3 net::ERR_ABORTED | /intelligence?_rsc=VJB2dfGule5Oh2L3 net::ERR_ABORTED | /intelligence/bids?_rsc=VJB2dfGule5Oh2L3 net::ERR_ABORTED | /crosses?_rsc=VJB2dfGule5Oh2L3 net::ERR_ABORTED | /settings?_rsc=VJB2dfGule5Oh2L3 net::ERR_ABORTED | /notifications?_rsc=VJB2dfGule5Oh2L3 net::ERR_ABORTED | /contracts?_rsc=wBL8jh-0AxNJNXN_ net::ERR_ABORTED | /accounts?_rsc=wBL8jh-0AxNJNXN_ net::ERR_ABORTED | /?_rsc=wBL8jh-0AxNJNXN_ net::ERR_ABORTED | /proposals?_rsc=wBL8jh-0AxNJNXN_ net::ERR_ABORTED | /intelligence?_rsc=wBL8jh-0AxNJNXN_ net::ERR_ABORTED | /analytics?_rsc=wBL8jh-0AxNJNXN_ net::ERR_ABORTED | /crosses?_rsc=wBL8jh-0AxNJNXN_ net::ERR_ABORTED | /settings?_rsc=wBL8jh-0AxNJNXN_ net::ERR_ABORTED | /notifications?_rsc=wBL8jh-0AxNJNXN_ net::ERR_ABORTED","404 /api/documents/extractions/missing0000000000000000","0","0","0","Switch user"
"EXECUTIVE","/analytics","/analytics","200","Commercial feedback loop","","","0","/?_rsc=ix5_aAief6TvBg04 net::ERR_ABORTED | /proposals?_rsc=ix5_aAief6TvBg04 net::ERR_ABORTED | /accounts?_rsc=ix5_aAief6TvBg04 net::ERR_ABORTED | /contracts?_rsc=ix5_aAief6TvBg04 net::ERR_ABORTED | /intelligence?_rsc=ix5_aAief6TvBg04 net::ERR_ABORTED | /intelligence/bids?_rsc=ix5_aAief6TvBg04 net::ERR_ABORTED | /catalog?_rsc=ix5_aAief6TvBg04 net::ERR_ABORTED | /catalog/gudid?_rsc=ix5_aAief6TvBg04 net::ERR_ABORTED | /crosses?_rsc=ix5_aAief6TvBg04 net::ERR_ABORTED | /settings?_rsc=ix5_aAief6TvBg04 net::ERR_ABORTED | /notifications?_rsc=ix5_aAief6TvBg04 net::ERR_ABORTED | /?_rsc=Dt318okBLJyNDlfE net::ERR_ABORTED | /proposals?_rsc=Dt318okBLJyNDlfE net::ERR_ABORTED | /accounts?_rsc=Dt318okBLJyNDlfE net::ERR_ABORTED | /contracts?_rsc=Dt318okBLJyNDlfE net::ERR_ABORTED | /intelligence?_rsc=Dt318okBLJyNDlfE net::ERR_ABORTED | /intelligence/bids?_rsc=Dt318okBLJyNDlfE net::ERR_ABORTED | /analytics?_rsc=Dt318okBLJyNDlfE net::ERR_ABORTED | /catalog?_rsc=Dt318okBLJyNDlfE net::ERR_ABORTED | /crosses?_rsc=Dt318okBLJyNDlfE net::ERR_ABORTED | /catalog/gudid?_rsc=Dt318okBLJyNDlfE net::ERR_ABORTED | /settings?_rsc=Dt318okBLJyNDlfE net::ERR_ABORTED | /notifications?_rsc=Dt318okBLJyNDlfE net::ERR_ABORTED","","0","1","0","Switch user ; Refresh"
"EXECUTIVE","/catalog","/catalog","200","Our catalog","","","0","/accounts?_rsc=OYzo7EH3MGwwxBfF net::ERR_ABORTED | /contracts?_rsc=OYzo7EH3MGwwxBfF net::ERR_ABORTED | /?_rsc=OYzo7EH3MGwwxBfF net::ERR_ABORTED | /proposals?_rsc=OYzo7EH3MGwwxBfF net::ERR_ABORTED | /catalog/gudid?_rsc=OYzo7EH3MGwwxBfF net::ERR_ABORTED | /intelligence?_rsc=OYzo7EH3MGwwxBfF net::ERR_ABORTED | /intelligence/bids?_rsc=OYzo7EH3MGwwxBfF net::ERR_ABORTED | /analytics?_rsc=OYzo7EH3MGwwxBfF net::ERR_ABORTED | /crosses?_rsc=OYzo7EH3MGwwxBfF net::ERR_ABORTED | /settings?_rsc=OYzo7EH3MGwwxBfF net::ERR_ABORTED | /notifications?_rsc=OYzo7EH3MGwwxBfF net::ERR_ABORTED | /?_rsc=O6cAbYUSgs3KBG-F net::ERR_ABORTED | /proposals?_rsc=O6cAbYUSgs3KBG-F net::ERR_ABORTED | /accounts?_rsc=O6cAbYUSgs3KBG-F net::ERR_ABORTED | /contracts?_rsc=O6cAbYUSgs3KBG-F net::ERR_ABORTED | /intelligence?_rsc=O6cAbYUSgs3KBG-F net::ERR_ABORTED | /catalog?_rsc=O6cAbYUSgs3KBG-F net::ERR_ABORTED | /intelligence/bids?_rsc=O6cAbYUSgs3KBG-F net::ERR_ABORTED | /catalog/gudid?_rsc=O6cAbYUSgs3KBG-F net::ERR_ABORTED | /notifications?_rsc=O6cAbYUSgs3KBG-F net::ERR_ABORTED | /crosses?_rsc=O6cAbYUSgs3KBG-F net::ERR_ABORTED | /settings?_rsc=O6cAbYUSgs3KBG-F net::ERR_ABORTED","","0","1","0","Switch user ; GUDID library"
"EXECUTIVE","/catalog/gudid","/catalog/gudid","200","GUDID library","","","0","/?_rsc=DGmoGnAw5OqJpMhM net::ERR_ABORTED | /accounts?_rsc=DGmoGnAw5OqJpMhM net::ERR_ABORTED | /contracts?_rsc=DGmoGnAw5OqJpMhM net::ERR_ABORTED | /analytics?_rsc=DGmoGnAw5OqJpMhM net::ERR_ABORTED | /catalog?_rsc=DGmoGnAw5OqJpMhM net::ERR_ABORTED | /intelligence?_rsc=DGmoGnAw5OqJpMhM net::ERR_ABORTED | /intelligence/bids?_rsc=DGmoGnAw5OqJpMhM net::ERR_ABORTED | /settings?_rsc=DGmoGnAw5OqJpMhM net::ERR_ABORTED | /crosses?_rsc=DGmoGnAw5OqJpMhM net::ERR_ABORTED | /?_rsc=Z9EVd8HHdUwJDdIQ net::ERR_ABORTED | /notifications?_rsc=DGmoGnAw5OqJpMhM net::ERR_ABORTED | /accounts?_rsc=Z9EVd8HHdUwJDdIQ net::ERR_ABORTED | /proposals?_rsc=Z9EVd8HHdUwJDdIQ net::ERR_ABORTED | /intelligence/bids?_rsc=Z9EVd8HHdUwJDdIQ net::ERR_ABORTED | /analytics?_rsc=Z9EVd8HHdUwJDdIQ net::ERR_ABORTED | /intelligence?_rsc=Z9EVd8HHdUwJDdIQ net::ERR_ABORTED | /contracts?_rsc=Z9EVd8HHdUwJDdIQ net::ERR_ABORTED | /catalog?_rsc=Z9EVd8HHdUwJDdIQ net::ERR_ABORTED | /catalog/gudid?_rsc=Z9EVd8HHdUwJDdIQ net::ERR_ABORTED | /settings?_rsc=Z9EVd8HHdUwJDdIQ net::ERR_ABORTED | /crosses?_rsc=Z9EVd8HHdUwJDdIQ net::ERR_ABORTED | /notifications?_rsc=Z9EVd8HHdUwJDdIQ net::ERR_ABORTED","","0","0","0","Switch user"
"EXECUTIVE","/crosses","/crosses","200","Crosswalk","","","0","/?_rsc=zAn-vlYtEcVbUMJ6 net::ERR_ABORTED | /proposals?_rsc=zAn-vlYtEcVbUMJ6 net::ERR_ABORTED | /accounts?_rsc=zAn-vlYtEcVbUMJ6 net::ERR_ABORTED | /contracts?_rsc=zAn-vlYtEcVbUMJ6 net::ERR_ABORTED | /catalog?_rsc=zAn-vlYtEcVbUMJ6 net::ERR_ABORTED | /intelligence?_rsc=zAn-vlYtEcVbUMJ6 net::ERR_ABORTED | /intelligence/bids?_rsc=zAn-vlYtEcVbUMJ6 net::ERR_ABORTED | /catalog/gudid?_rsc=zAn-vlYtEcVbUMJ6 net::ERR_ABORTED | /notifications?_rsc=zAn-vlYtEcVbUMJ6 net::ERR_ABORTED | /settings?_rsc=zAn-vlYtEcVbUMJ6 net::ERR_ABORTED | /proposals?_rsc=aniPmKjMQR6zCALO net::ERR_ABORTED | /?_rsc=aniPmKjMQR6zCALO net::ERR_ABORTED | /intelligence?_rsc=aniPmKjMQR6zCALO net::ERR_ABORTED | /intelligence/bids?_rsc=aniPmKjMQR6zCALO net::ERR_ABORTED | /analytics?_rsc=aniPmKjMQR6zCALO net::ERR_ABORTED | /catalog?_rsc=aniPmKjMQR6zCALO net::ERR_ABORTED | /crosses?_rsc=aniPmKjMQR6zCALO net::ERR_ABORTED | /settings?_rsc=aniPmKjMQR6zCALO net::ERR_ABORTED | /catalog/gudid?_rsc=aniPmKjMQR6zCALO net::ERR_ABORTED | /notifications?_rsc=aniPmKjMQR6zCALO net::ERR_ABORTED","","0","0","0","Switch user"
"EXECUTIVE","/notifications","/notifications","200","Notifications","","","0","/?_rsc=oG-rbVP81bj5yHs2 net::ERR_ABORTED | /proposals?_rsc=oG-rbVP81bj5yHs2 net::ERR_ABORTED | /accounts?_rsc=oG-rbVP81bj5yHs2 net::ERR_ABORTED | /contracts?_rsc=oG-rbVP81bj5yHs2 net::ERR_ABORTED | /intelligence?_rsc=oG-rbVP81bj5yHs2 net::ERR_ABORTED | /analytics?_rsc=oG-rbVP81bj5yHs2 net::ERR_ABORTED | /intelligence/bids?_rsc=oG-rbVP81bj5yHs2 net::ERR_ABORTED | /catalog?_rsc=oG-rbVP81bj5yHs2 net::ERR_ABORTED | /catalog/gudid?_rsc=oG-rbVP81bj5yHs2 net::ERR_ABORTED | /crosses?_rsc=oG-rbVP81bj5yHs2 net::ERR_ABORTED | /settings?_rsc=oG-rbVP81bj5yHs2 net::ERR_ABORTED | /?_rsc=FxIb9Zh5xrkPNSW4 net::ERR_ABORTED | /proposals?_rsc=FxIb9Zh5xrkPNSW4 net::ERR_ABORTED | /accounts?_rsc=FxIb9Zh5xrkPNSW4 net::ERR_ABORTED | /contracts?_rsc=FxIb9Zh5xrkPNSW4 net::ERR_ABORTED | /intelligence?_rsc=FxIb9Zh5xrkPNSW4 net::ERR_ABORTED | /intelligence/bids?_rsc=FxIb9Zh5xrkPNSW4 net::ERR_ABORTED | /catalog?_rsc=FxIb9Zh5xrkPNSW4 net::ERR_ABORTED | /analytics?_rsc=FxIb9Zh5xrkPNSW4 net::ERR_ABORTED | /catalog/gudid?_rsc=FxIb9Zh5xrkPNSW4 net::ERR_ABORTED | /crosses?_rsc=FxIb9Zh5xrkPNSW4 net::ERR_ABORTED | /settings?_rsc=FxIb9Zh5xrkPNSW4 net::ERR_ABORTED | /notifications?_rsc=FxIb9Zh5xrkPNSW4 net::ERR_ABORTED","","0","0","0","Switch user ; Mark all read"
"EXECUTIVE","/settings","/settings","200","Settings","Failed to load resource: the server responded with a status of 404 (Not Found)","","0","/?_rsc=DQxjArDrgutTG17x net::ERR_ABORTED | /proposals?_rsc=DQxjArDrgutTG17x net::ERR_ABORTED | /accounts?_rsc=DQxjArDrgutTG17x net::ERR_ABORTED | /intelligence?_rsc=DQxjArDrgutTG17x net::ERR_ABORTED | /intelligence/bids?_rsc=DQxjArDrgutTG17x net::ERR_ABORTED | /analytics?_rsc=DQxjArDrgutTG17x net::ERR_ABORTED | /catalog?_rsc=DQxjArDrgutTG17x net::ERR_ABORTED | /catalog/gudid?_rsc=DQxjArDrgutTG17x net::ERR_ABORTED | /crosses?_rsc=DQxjArDrgutTG17x net::ERR_ABORTED | /notifications?_rsc=DQxjArDrgutTG17x net::ERR_ABORTED | /settings/integrations?_rsc=DQxjArDrgutTG17x net::ERR_ABORTED | /settings/pricing?_rsc=DQxjArDrgutTG17x net::ERR_ABORTED | /proposals?_rsc=j-_vjoKOn8bxlRO7 net::ERR_ABORTED | /accounts?_rsc=j-_vjoKOn8bxlRO7 net::ERR_ABORTED | /?_rsc=j-_vjoKOn8bxlRO7 net::ERR_ABORTED | /contracts?_rsc=j-_vjoKOn8bxlRO7 net::ERR_ABORTED | /catalog?_rsc=j-_vjoKOn8bxlRO7 net::ERR_ABORTED | /intelligence?_rsc=j-_vjoKOn8bxlRO7 net::ERR_ABORTED | /intelligence/bids?_rsc=j-_vjoKOn8bxlRO7 net::ERR_ABORTED | /analytics?_rsc=j-_vjoKOn8bxlRO7 net::ERR_ABORTED | /settings?_rsc=j-_vjoKOn8bxlRO7 net::ERR_ABORTED | /settings/pricing?_rsc=j-_vjoKOn8bxlRO7 net::ERR_ABORTED | /settings/integrations?_rsc=j-_vjoKOn8bxlRO7 net::ERR_ABORTED","404 /docs/INTEGRATIONS.md?_rsc=DQxjArDrgutTG17x","0","0","0","Switch user ; Save ; Edit ; Configure integrations → ; How to connect"
"EXECUTIVE","/settings/integrations","/settings/integrations","200","Settings","Failed to load resource: the server responded with a status of 404 (Not Found)","","0","/docs/INTEGRATIONS.md?_rsc=DQxjArDrgutTG17x net::ERR_ABORTED | /accounts?_rsc=DQxjArDrgutTG17x net::ERR_ABORTED | /contracts?_rsc=DQxjArDrgutTG17x net::ERR_ABORTED | /analytics?_rsc=DQxjArDrgutTG17x net::ERR_ABORTED | /catalog?_rsc=DQxjArDrgutTG17x net::ERR_ABORTED | /catalog/gudid?_rsc=DQxjArDrgutTG17x net::ERR_ABORTED | /settings/pricing?_rsc=DQxjArDrgutTG17x net::ERR_ABORTED | /crosses?_rsc=DQxjArDrgutTG17x net::ERR_ABORTED | /notifications?_rsc=DQxjArDrgutTG17x net::ERR_ABORTED | /settings/integrations?_rsc=DQxjArDrgutTG17x net::ERR_ABORTED | /?_rsc=j-_vjoKOn8bxlRO7 net::ERR_ABORTED | /proposals?_rsc=j-_vjoKOn8bxlRO7 net::ERR_ABORTED | /catalog?_rsc=j-_vjoKOn8bxlRO7 net::ERR_ABORTED | /intelligence?_rsc=j-_vjoKOn8bxlRO7 net::ERR_ABORTED | /intelligence/bids?_rsc=j-_vjoKOn8bxlRO7 net::ERR_ABORTED | /analytics?_rsc=j-_vjoKOn8bxlRO7 net::ERR_ABORTED | /settings/integrations?_rsc=j-_vjoKOn8bxlRO7 net::ERR_ABORTED | /notifications?_rsc=j-_vjoKOn8bxlRO7 net::ERR_ABORTED | /crosses?_rsc=j-_vjoKOn8bxlRO7 net::ERR_ABORTED | /settings?_rsc=j-_vjoKOn8bxlRO7 net::ERR_ABORTED | /settings/pricing?_rsc=j-_vjoKOn8bxlRO7 net::ERR_ABORTED","404 /docs/INTEGRATIONS.md?_rsc=DQxjArDrgutTG17x","0","0","0","Switch user ; Save ; Edit ; Configure integrations → ; How to connect"
"EXECUTIVE","/settings/pricing","/settings/pricing","200","Pricing policies","","","0","/docs/INTEGRATIONS.md?_rsc=DQxjArDrgutTG17x net::ERR_ABORTED | /proposals?_rsc=8oSST31HPn0UlEto net::ERR_ABORTED | /accounts?_rsc=8oSST31HPn0UlEto net::ERR_ABORTED | /?_rsc=8oSST31HPn0UlEto net::ERR_ABORTED | /contracts?_rsc=8oSST31HPn0UlEto net::ERR_ABORTED | /intelligence?_rsc=8oSST31HPn0UlEto net::ERR_ABORTED | /intelligence/bids?_rsc=8oSST31HPn0UlEto net::ERR_ABORTED | /analytics?_rsc=8oSST31HPn0UlEto net::ERR_ABORTED | /catalog?_rsc=8oSST31HPn0UlEto net::ERR_ABORTED | /catalog/gudid?_rsc=8oSST31HPn0UlEto net::ERR_ABORTED | /crosses?_rsc=8oSST31HPn0UlEto net::ERR_ABORTED | /settings?_rsc=8oSST31HPn0UlEto net::ERR_ABORTED | /notifications?_rsc=8oSST31HPn0UlEto net::ERR_ABORTED | /?_rsc=_Ie442TgELs3Q458 net::ERR_ABORTED | /proposals?_rsc=_Ie442TgELs3Q458 net::ERR_ABORTED | /accounts?_rsc=_Ie442TgELs3Q458 net::ERR_ABORTED | /contracts?_rsc=_Ie442TgELs3Q458 net::ERR_ABORTED | /intelligence?_rsc=_Ie442TgELs3Q458 net::ERR_ABORTED | /intelligence/bids?_rsc=_Ie442TgELs3Q458 net::ERR_ABORTED | /analytics?_rsc=_Ie442TgELs3Q458 net::ERR_ABORTED | /catalog?_rsc=_Ie442TgELs3Q458 net::ERR_ABORTED | /catalog/gudid?_rsc=_Ie442TgELs3Q458 net::ERR_ABORTED | /crosses?_rsc=_Ie442TgELs3Q458 net::ERR_ABORTED | /settings?_rsc=_Ie442TgELs3Q458 net::ERR_ABORTED | /notifications?_rsc=_Ie442TgELs3Q458 net::ERR_ABORTED","","0","0","0","Switch user ; New draft ; New version"