"role","page","url","status","h1","console_errors","page_errors","hydration","failed_requests","http_4xx_5xx","csp","has_price","sign_in_screen","controls"
"SIGNED_OUT","/","/","200","","","","0","/catalog?_rsc=5CB68i4pnAekjehf net::ERR_ABORTED | /catalog/gudid?_rsc=5CB68i4pnAekjehf net::ERR_ABORTED | /crosses?_rsc=5CB68i4pnAekjehf net::ERR_ABORTED | /settings?_rsc=5CB68i4pnAekjehf net::ERR_ABORTED | /?_rsc=tXyZJ52UQVBCVsD3 net::ERR_ABORTED | /settings?_rsc=tXyZJ52UQVBCVsD3 net::ERR_ABORTED | /crosses?_rsc=tXyZJ52UQVBCVsD3 net::ERR_ABORTED | /catalog/gudid?_rsc=tXyZJ52UQVBCVsD3 net::ERR_ABORTED | /catalog?_rsc=tXyZJ52UQVBCVsD3 net::ERR_ABORTED","","0","0","1","Choose a user"
"SIGNED_OUT","/requests","/requests","200","","","","0","/?_rsc=p3Q57VochOqcQNsg net::ERR_ABORTED | /catalog?_rsc=p3Q57VochOqcQNsg net::ERR_ABORTED | /catalog/gudid?_rsc=p3Q57VochOqcQNsg net::ERR_ABORTED | /crosses?_rsc=p3Q57VochOqcQNsg net::ERR_ABORTED | /settings?_rsc=p3Q57VochOqcQNsg net::ERR_ABORTED | /catalog/gudid?_rsc=nIzLgF1M7nWxnHlV net::ERR_ABORTED | /?_rsc=nIzLgF1M7nWxnHlV net::ERR_ABORTED | /catalog?_rsc=nIzLgF1M7nWxnHlV net::ERR_ABORTED | /settings?_rsc=nIzLgF1M7nWxnHlV net::ERR_ABORTED","","0","0","1","Choose a user"
"SIGNED_OUT","/requests/new","/requests/new","200","","","","0","/?_rsc=4belA-F-xg-XtLdx net::ERR_ABORTED | /catalog?_rsc=4belA-F-xg-XtLdx net::ERR_ABORTED | /settings?_rsc=4belA-F-xg-XtLdx net::ERR_ABORTED | /catalog/gudid?_rsc=4belA-F-xg-XtLdx net::ERR_ABORTED | /crosses?_rsc=4belA-F-xg-XtLdx net::ERR_ABORTED | /catalog/gudid?_rsc=O1p93FFpSnNce0k4 net::ERR_ABORTED | /crosses?_rsc=O1p93FFpSnNce0k4 net::ERR_ABORTED | /catalog?_rsc=O1p93FFpSnNce0k4 net::ERR_ABORTED | /settings?_rsc=O1p93FFpSnNce0k4 net::ERR_ABORTED","","0","0","1","Choose a user"
"SIGNED_OUT","/requests/[id]","/requests/null","200","","","","0","/?_rsc=76SvvV1TLjtpHtqe net::ERR_ABORTED | /catalog?_rsc=76SvvV1TLjtpHtqe net::ERR_ABORTED | /catalog/gudid?_rsc=76SvvV1TLjtpHtqe net::ERR_ABORTED | /catalog?_rsc=eoRKZgXY26fq4Ulk net::ERR_ABORTED | /catalog/gudid?_rsc=eoRKZgXY26fq4Ulk net::ERR_ABORTED | /settings?_rsc=eoRKZgXY26fq4Ulk net::ERR_ABORTED | /crosses?_rsc=eoRKZgXY26fq4Ulk net::ERR_ABORTED","","0","0","1","Choose a user"
"SIGNED_OUT","/proposals","/proposals","200","","","","0","/?_rsc=8qZH60WsiyOTuseO net::ERR_ABORTED | /?_rsc=yDw8cg_cK2Tq2IDS net::ERR_ABORTED | /settings?_rsc=8qZH60WsiyOTuseO net::ERR_ABORTED | /catalog/gudid?_rsc=yDw8cg_cK2Tq2IDS net::ERR_ABORTED | /crosses?_rsc=yDw8cg_cK2Tq2IDS net::ERR_ABORTED","","0","0","1","Choose a user"
"SIGNED_OUT","/proposals/[id]","/proposals/null","200","","","","0","/?_rsc=VreOGdJHuaZwqD3- net::ERR_ABORTED | /catalog/gudid?_rsc=VreOGdJHuaZwqD3- net::ERR_ABORTED | /crosses?_rsc=VreOGdJHuaZwqD3- net::ERR_ABORTED | /catalog?_rsc=VreOGdJHuaZwqD3- net::ERR_ABORTED | /settings?_rsc=VreOGdJHuaZwqD3- net::ERR_ABORTED | /?_rsc=hzu8hJFrzSYjsRgK net::ERR_ABORTED | /catalog/gudid?_rsc=hzu8hJFrzSYjsRgK net::ERR_ABORTED | /catalog?_rsc=hzu8hJFrzSYjsRgK net::ERR_ABORTED | /crosses?_rsc=hzu8hJFrzSYjsRgK net::ERR_ABORTED | /settings?_rsc=hzu8hJFrzSYjsRgK net::ERR_ABORTED","","0","0","1","Choose a user"
"SIGNED_OUT","/approvals","/approvals","200","","","","0","/crosses?_rsc=Ut9iRRX_9PZKRdF- net::ERR_ABORTED | /?_rsc=Ut9iRRX_9PZKRdF- net::ERR_ABORTED | /catalog?_rsc=Ut9iRRX_9PZKRdF- net::ERR_ABORTED | /settings?_rsc=Ut9iRRX_9PZKRdF- net::ERR_ABORTED | /catalog/gudid?_rsc=AU6DTT46DVXZ7jWj net::ERR_ABORTED | /?_rsc=AU6DTT46DVXZ7jWj net::ERR_ABORTED | /catalog?_rsc=AU6DTT46DVXZ7jWj net::ERR_ABORTED | /crosses?_rsc=AU6DTT46DVXZ7jWj net::ERR_ABORTED | /settings?_rsc=AU6DTT46DVXZ7jWj net::ERR_ABORTED","","0","0","1","Choose a user"
"SIGNED_OUT","/accounts","/accounts","200","","","","0","/?_rsc=iZGmHDWBA-6V7KTQ net::ERR_ABORTED | /catalog?_rsc=iZGmHDWBA-6V7KTQ net::ERR_ABORTED | /catalog/gudid?_rsc=iZGmHDWBA-6V7KTQ net::ERR_ABORTED | /crosses?_rsc=iZGmHDWBA-6V7KTQ net::ERR_ABORTED | /settings?_rsc=iZGmHDWBA-6V7KTQ net::ERR_ABORTED | /?_rsc=oRxEn_R9e10JER3Z net::ERR_ABORTED | /catalog?_rsc=oRxEn_R9e10JER3Z net::ERR_ABORTED | /catalog/gudid?_rsc=oRxEn_R9e10JER3Z net::ERR_ABORTED | /crosses?_rsc=oRxEn_R9e10JER3Z net::ERR_ABORTED | /settings?_rsc=oRxEn_R9e10JER3Z net::ERR_ABORTED","","0","0","1","Choose a user"
"SIGNED_OUT","/accounts/[id]","/accounts/cmuffqiii02rkfs7dzbqrnru0","200","","","","0","/crosses?_rsc=mfJnIb6u-3Mn-ESD net::ERR_ABORTED | /?_rsc=mfJnIb6u-3Mn-ESD net::ERR_ABORTED | /catalog?_rsc=mfJnIb6u-3Mn-ESD net::ERR_ABORTED | /settings?_rsc=mfJnIb6u-3Mn-ESD net::ERR_ABORTED | /?_rsc=pzgFYKDD5bs714zj net::ERR_ABORTED | /catalog?_rsc=pzgFYKDD5bs714zj net::ERR_ABORTED | /catalog/gudid?_rsc=pzgFYKDD5bs714zj net::ERR_ABORTED","","0","0","1","Choose a user"
"SIGNED_OUT","/contracts","/contracts","200","","","","0","/?_rsc=DzmfcRRfJeItXkgz net::ERR_ABORTED | /catalog?_rsc=DzmfcRRfJeItXkgz net::ERR_ABORTED | /catalog/gudid?_rsc=DzmfcRRfJeItXkgz net::ERR_ABORTED | /crosses?_rsc=DzmfcRRfJeItXkgz net::ERR_ABORTED | /settings?_rsc=DzmfcRRfJeItXkgz net::ERR_ABORTED | /?_rsc=2Ju2sngZl13OvaTN net::ERR_ABORTED | /catalog?_rsc=2Ju2sngZl13OvaTN net::ERR_ABORTED | /catalog/gudid?_rsc=2Ju2sngZl13OvaTN net::ERR_ABORTED | /crosses?_rsc=2Ju2sngZl13OvaTN net::ERR_ABORTED","","0","0","1","Choose a user"
"SIGNED_OUT","/contracts/[id]","/contracts/cmuffqioe02szfs7dl658b8gy","200","","","","0","/?_rsc=mef3hIvfndT_j2OY net::ERR_ABORTED | /catalog/gudid?_rsc=mef3hIvfndT_j2OY net::ERR_ABORTED | /crosses?_rsc=mef3hIvfndT_j2OY net::ERR_ABORTED | /settings?_rsc=mef3hIvfndT_j2OY net::ERR_ABORTED | /?_rsc=4Gf8Hzsu8Hn8XV6X net::ERR_ABORTED | /catalog?_rsc=4Gf8Hzsu8Hn8XV6X net::ERR_ABORTED | /catalog/gudid?_rsc=4Gf8Hzsu8Hn8XV6X net::ERR_ABORTED | /crosses?_rsc=4Gf8Hzsu8Hn8XV6X net::ERR_ABORTED | /settings?_rsc=4Gf8Hzsu8Hn8XV6X net::ERR_ABORTED","","0","0","1","Choose a user"
"SIGNED_OUT","/intelligence","/intelligence","200","","","","0","/?_rsc=3fD0047dUoUPXvG2 net::ERR_ABORTED | /catalog/gudid?_rsc=3fD0047dUoUPXvG2 net::ERR_ABORTED | /crosses?_rsc=3fD0047dUoUPXvG2 net::ERR_ABORTED | /catalog?_rsc=3fD0047dUoUPXvG2 net::ERR_ABORTED | /settings?_rsc=3fD0047dUoUPXvG2 net::ERR_ABORTED | /catalog/gudid?_rsc=gu9LWiAQNzfrKsW2 net::ERR_ABORTED | /catalog?_rsc=gu9LWiAQNzfrKsW2 net::ERR_ABORTED | /crosses?_rsc=gu9LWiAQNzfrKsW2 net::ERR_ABORTED | /?_rsc=gu9LWiAQNzfrKsW2 net::ERR_ABORTED | /settings?_rsc=gu9LWiAQNzfrKsW2 net::ERR_ABORTED","","0","0","1","Choose a user"
"SIGNED_OUT","/intelligence/bids","/intelligence/bids","200","","","","0","/crosses?_rsc=2gWrMJaxdn-CU2fc net::ERR_ABORTED | /?_rsc=W5McYxvxTMCZbYJx net::ERR_ABORTED | /catalog?_rsc=W5McYxvxTMCZbYJx net::ERR_ABORTED | /settings?_rsc=2gWrMJaxdn-CU2fc net::ERR_ABORTED | /catalog/gudid?_rsc=W5McYxvxTMCZbYJx net::ERR_ABORTED | /crosses?_rsc=W5McYxvxTMCZbYJx net::ERR_ABORTED | /settings?_rsc=W5McYxvxTMCZbYJx net::ERR_ABORTED","","0","0","1","Choose a user"
"SIGNED_OUT","/intelligence/extractions/[id]","/intelligence/extractions/missing0000000000000000","200","","","","0","/catalog?_rsc=VJB2dfGule5Oh2L3 net::ERR_ABORTED | /catalog/gudid?_rsc=VJB2dfGule5Oh2L3 net::ERR_ABORTED | /crosses?_rsc=VJB2dfGule5Oh2L3 net::ERR_ABORTED | /?_rsc=VJB2dfGule5Oh2L3 net::ERR_ABORTED | /settings?_rsc=VJB2dfGule5Oh2L3 net::ERR_ABORTED | /catalog?_rsc=wBL8jh-0AxNJNXN_ net::ERR_ABORTED | /catalog/gudid?_rsc=wBL8jh-0AxNJNXN_ net::ERR_ABORTED | /?_rsc=wBL8jh-0AxNJNXN_ net::ERR_ABORTED","","0","0","1","Choose a user"
"SIGNED_OUT","/analytics","/analytics","200","","","","0","/?_rsc=ix5_aAief6TvBg04 net::ERR_ABORTED | /catalog?_rsc=ix5_aAief6TvBg04 net::ERR_ABORTED | /catalog/gudid?_rsc=ix5_aAief6TvBg04 net::ERR_ABORTED | /crosses?_rsc=ix5_aAief6TvBg04 net::ERR_ABORTED | /settings?_rsc=ix5_aAief6TvBg04 net::ERR_ABORTED | /catalog?_rsc=Dt318okBLJyNDlfE net::ERR_ABORTED | /catalog/gudid?_rsc=Dt318okBLJyNDlfE net::ERR_ABORTED | /?_rsc=Dt318okBLJyNDlfE net::ERR_ABORTED | /settings?_rsc=Dt318okBLJyNDlfE net::ERR_ABORTED | /crosses?_rsc=Dt318okBLJyNDlfE net::ERR_ABORTED","","0","0","1","Choose a user"
"SIGNED_OUT","/catalog","/catalog","200","","","","0","/?_rsc=OYzo7EH3MGwwxBfF net::ERR_ABORTED | /crosses?_rsc=OYzo7EH3MGwwxBfF net::ERR_ABORTED | /settings?_rsc=OYzo7EH3MGwwxBfF net::ERR_ABORTED | /catalog/gudid?_rsc=OYzo7EH3MGwwxBfF net::ERR_ABORTED | /crosses?_rsc=O6cAbYUSgs3KBG-F net::ERR_ABORTED | /catalog/gudid?_rsc=O6cAbYUSgs3KBG-F net::ERR_ABORTED | /?_rsc=O6cAbYUSgs3KBG-F net::ERR_ABORTED | /catalog?_rsc=O6cAbYUSgs3KBG-F net::ERR_ABORTED | /settings?_rsc=O6cAbYUSgs3KBG-F net::ERR_ABORTED","","0","0","1","Choose a user"
"SIGNED_OUT","/catalog/gudid","/catalog/gudid","200","","","","0","/?_rsc=DGmoGnAw5OqJpMhM net::ERR_ABORTED | /catalog?_rsc=DGmoGnAw5OqJpMhM net::ERR_ABORTED | /crosses?_rsc=DGmoGnAw5OqJpMhM net::ERR_ABORTED | /settings?_rsc=DGmoGnAw5OqJpMhM net::ERR_ABORTED | /catalog/gudid?_rsc=Z9EVd8HHdUwJDdIQ net::ERR_ABORTED | /catalog?_rsc=Z9EVd8HHdUwJDdIQ net::ERR_ABORTED | /?_rsc=Z9EVd8HHdUwJDdIQ net::ERR_ABORTED | /crosses?_rsc=Z9EVd8HHdUwJDdIQ net::ERR_ABORTED | /settings?_rsc=Z9EVd8HHdUwJDdIQ net::ERR_ABORTED","","0","0","1","Choose a user"
"SIGNED_OUT","/crosses","/crosses","200","","","","0","/?_rsc=zAn-vlYtEcVbUMJ6 net::ERR_ABORTED | /catalog/gudid?_rsc=zAn-vlYtEcVbUMJ6 net::ERR_ABORTED | /settings?_rsc=zAn-vlYtEcVbUMJ6 net::ERR_ABORTED | /?_rsc=aniPmKjMQR6zCALO net::ERR_ABORTED | /catalog?_rsc=aniPmKjMQR6zCALO net::ERR_ABORTED | /catalog/gudid?_rsc=aniPmKjMQR6zCALO net::ERR_ABORTED | /crosses?_rsc=aniPmKjMQR6zCALO net::ERR_ABORTED","","0","0","1","Choose a user"
"SIGNED_OUT","/notifications","/notifications","200","","","","0","/?_rsc=oG-rbVP81bj5yHs2 net::ERR_ABORTED | /catalog?_rsc=oG-rbVP81bj5yHs2 net::ERR_ABORTED | /catalog/gudid?_rsc=oG-rbVP81bj5yHs2 net::ERR_ABORTED | /crosses?_rsc=oG-rbVP81bj5yHs2 net::ERR_ABORTED | /settings?_rsc=oG-rbVP81bj5yHs2 net::ERR_ABORTED | /?_rsc=FxIb9Zh5xrkPNSW4 net::ERR_ABORTED | /catalog?_rsc=FxIb9Zh5xrkPNSW4 net::ERR_ABORTED | /catalog/gudid?_rsc=FxIb9Zh5xrkPNSW4 net::ERR_ABORTED | /crosses?_rsc=FxIb9Zh5xrkPNSW4 net::ERR_ABORTED | /settings?_rsc=FxIb9Zh5xrkPNSW4 net::ERR_ABORTED","","0","0","1","Choose a user"
"SIGNED_OUT","/settings","/settings","200","","","","0","/catalog/gudid?_rsc=DQxjArDrgutTG17x net::ERR_ABORTED | /crosses?_rsc=DQxjArDrgutTG17x net::ERR_ABORTED | /?_rsc=DQxjArDrgutTG17x net::ERR_ABORTED | /crosses?_rsc=j-_vjoKOn8bxlRO7 net::ERR_ABORTED | /catalog/gudid?_rsc=j-_vjoKOn8bxlRO7 net::ERR_ABORTED | /?_rsc=j-_vjoKOn8bxlRO7 net::ERR_ABORTED | /catalog?_rsc=j-_vjoKOn8bxlRO7 net::ERR_ABORTED | /settings?_rsc=j-_vjoKOn8bxlRO7 net::ERR_ABORTED","","0","0","1","Choose a user"
"SIGNED_OUT","/settings/integrations","/settings/integrations","200","","","","0","/?_rsc=U-OwWBq-vq-slwyv net::ERR_ABORTED | /catalog?_rsc=U-OwWBq-vq-slwyv net::ERR_ABORTED | /crosses?_rsc=U-OwWBq-vq-slwyv net::ERR_ABORTED | /settings?_rsc=U-OwWBq-vq-slwyv net::ERR_ABORTED | /?_rsc=hbetPO-u3vUUlMwr net::ERR_ABORTED | /catalog?_rsc=hbetPO-u3vUUlMwr net::ERR_ABORTED | /catalog/gudid?_rsc=hbetPO-u3vUUlMwr net::ERR_ABORTED | /crosses?_rsc=hbetPO-u3vUUlMwr net::ERR_ABORTED | /settings?_rsc=hbetPO-u3vUUlMwr net::ERR_ABORTED","","0","0","1","Choose a user"
"SIGNED_OUT","/settings/pricing","/settings/pricing","200","","","","0","/?_rsc=8oSST31HPn0UlEto net::ERR_ABORTED | /catalog?_rsc=8oSST31HPn0UlEto net::ERR_ABORTED | /catalog/gudid?_rsc=8oSST31HPn0UlEto net::ERR_ABORTED | /crosses?_rsc=8oSST31HPn0UlEto net::ERR_ABORTED | /?_rsc=_Ie442TgELs3Q458 net::ERR_ABORTED | /settings?_rsc=8oSST31HPn0UlEto net::ERR_ABORTED | /catalog?_rsc=_Ie442TgELs3Q458 net::ERR_ABORTED | /settings?_rsc=_Ie442TgELs3Q458 net::ERR_ABORTED | /crosses?_rsc=_Ie442TgELs3Q458 net::ERR_ABORTED","","0","0","1","Choose a user"
"SALES_REP","/","/","200","Competitive cross reference","","","0","/requests?_rsc=5CB68i4pnAekjehf net::ERR_ABORTED | /accounts?_rsc=5CB68i4pnAekjehf net::ERR_ABORTED | /proposals?_rsc=5CB68i4pnAekjehf net::ERR_ABORTED | /contracts?_rsc=5CB68i4pnAekjehf net::ERR_ABORTED | /catalog/gudid?_rsc=5CB68i4pnAekjehf net::ERR_ABORTED | /crosses?_rsc=5CB68i4pnAekjehf net::ERR_ABORTED | /settings?_rsc=5CB68i4pnAekjehf net::ERR_ABORTED | /notifications?_rsc=5CB68i4pnAekjehf net::ERR_ABORTED | /requests/new?_rsc=5CB68i4pnAekjehf net::ERR_ABORTED | /?_rsc=tXyZJ52UQVBCVsD3 net::ERR_ABORTED | /accounts?_rsc=tXyZJ52UQVBCVsD3 net::ERR_ABORTED | /proposals?_rsc=tXyZJ52UQVBCVsD3 net::ERR_ABORTED | /requests?_rsc=tXyZJ52UQVBCVsD3 net::ERR_ABORTED | /intelligence?_rsc=tXyZJ52UQVBCVsD3 net::ERR_ABORTED | /intelligence/bids?_rsc=tXyZJ52UQVBCVsD3 net::ERR_ABORTED | /catalog/gudid?_rsc=tXyZJ52UQVBCVsD3 net::ERR_ABORTED | /catalog?_rsc=tXyZJ52UQVBCVsD3 net::ERR_ABORTED | /notifications?_rsc=tXyZJ52UQVBCVsD3 net::ERR_ABORTED | /requests/new?_rsc=tXyZJ52UQVBCVsD3 net::ERR_ABORTED | /crosses?_rsc=tXyZJ52UQVBCVsD3 net::ERR_ABORTED | /settings?_rsc=tXyZJ52UQVBCVsD3 net::ERR_ABORTED","","0","0","0","New request ; Switch user"
"SALES_REP","/requests","/requests","200","Cross-reference requests","","","0","/accounts?_rsc=p3Q57VochOqcQNsg net::ERR_ABORTED | /contracts?_rsc=p3Q57VochOqcQNsg net::ERR_ABORTED | /?_rsc=p3Q57VochOqcQNsg net::ERR_ABORTED | /proposals?_rsc=p3Q57VochOqcQNsg net::ERR_ABORTED | /catalog?_rsc=p3Q57VochOqcQNsg net::ERR_ABORTED | /catalog/gudid?_rsc=p3Q57VochOqcQNsg net::ERR_ABORTED | /crosses?_rsc=p3Q57VochOqcQNsg net::ERR_ABORTED | /settings?_rsc=p3Q57VochOqcQNsg net::ERR_ABORTED | /notifications?_rsc=p3Q57VochOqcQNsg net::ERR_ABORTED | /requests/new?_rsc=p3Q57VochOqcQNsg net::ERR_ABORTED | /?_rsc=nIzLgF1M7nWxnHlV net::ERR_ABORTED | /requests?_rsc=nIzLgF1M7nWxnHlV net::ERR_ABORTED | /proposals?_rsc=nIzLgF1M7nWxnHlV net::ERR_ABORTED | /accounts?_rsc=nIzLgF1M7nWxnHlV net::ERR_ABORTED | /contracts?_rsc=nIzLgF1M7nWxnHlV net::ERR_ABORTED | /intelligence/bids?_rsc=nIzLgF1M7nWxnHlV net::ERR_ABORTED | /crosses?_rsc=nIzLgF1M7nWxnHlV net::ERR_ABORTED | /catalog?_rsc=nIzLgF1M7nWxnHlV net::ERR_ABORTED | /catalog/gudid?_rsc=nIzLgF1M7nWxnHlV net::ERR_ABORTED | /notifications?_rsc=nIzLgF1M7nWxnHlV net::ERR_ABORTED | /requests/new?_rsc=nIzLgF1M7nWxnHlV net::ERR_ABORTED","","0","0","0","New request ; Switch user"
"SALES_REP","/requests/new","/requests/new","200","Competitive cross reference","","","0","/requests?_rsc=4belA-F-xg-XtLdx net::ERR_ABORTED | /proposals?_rsc=4belA-F-xg-XtLdx net::ERR_ABORTED | /accounts?_rsc=4belA-F-xg-XtLdx net::ERR_ABORTED | /?_rsc=4belA-F-xg-XtLdx net::ERR_ABORTED | /contracts?_rsc=4belA-F-xg-XtLdx net::ERR_ABORTED | /intelligence?_rsc=4belA-F-xg-XtLdx net::ERR_ABORTED | /notifications?_rsc=4belA-F-xg-XtLdx net::ERR_ABORTED | /catalog/gudid?_rsc=4belA-F-xg-XtLdx net::ERR_ABORTED | /crosses?_rsc=4belA-F-xg-XtLdx net::ERR_ABORTED | /settings?_rsc=4belA-F-xg-XtLdx net::ERR_ABORTED | /requests?_rsc=O1p93FFpSnNce0k4 net::ERR_ABORTED | /proposals?_rsc=O1p93FFpSnNce0k4 net::ERR_ABORTED | /accounts?_rsc=O1p93FFpSnNce0k4 net::ERR_ABORTED | /?_rsc=O1p93FFpSnNce0k4 net::ERR_ABORTED | /intelligence/bids?_rsc=O1p93FFpSnNce0k4 net::ERR_ABORTED | /catalog?_rsc=O1p93FFpSnNce0k4 net::ERR_ABORTED | /contracts?_rsc=O1p93FFpSnNce0k4 net::ERR_ABORTED | /intelligence?_rsc=O1p93FFpSnNce0k4 net::ERR_ABORTED | /catalog/gudid?_rsc=O1p93FFpSnNce0k4 net::ERR_ABORTED | /crosses?_rsc=O1p93FFpSnNce0k4 net::ERR_ABORTED | /settings?_rsc=O1p93FFpSnNce0k4 net::ERR_ABORTED | /notifications?_rsc=O1p93FFpSnNce0k4 net::ERR_ABORTED | /requests/new?_rsc=O1p93FFpSnNce0k4 net::ERR_ABORTED","","0","0","0","New request ; Switch user ; Google Sheets link ; Upload .xlsx / .csv ; Paste from a sheet ; Read sheet (disabled) ; Continue request (disabled)"
"SALES_REP","/requests/[id]","/requests/null","200","","Failed to load resource: the server responded with a status of 404 (Not Found)","","0","/proposals?_rsc=76SvvV1TLjtpHtqe net::ERR_ABORTED | /?_rsc=76SvvV1TLjtpHtqe net::ERR_ABORTED | /requests?_rsc=76SvvV1TLjtpHtqe net::ERR_ABORTED | /accounts?_rsc=76SvvV1TLjtpHtqe net::ERR_ABORTED | /contracts?_rsc=76SvvV1TLjtpHtqe net::ERR_ABORTED | /intelligence?_rsc=76SvvV1TLjtpHtqe net::ERR_ABORTED | /intelligence/bids?_rsc=76SvvV1TLjtpHtqe net::ERR_ABORTED | /crosses?_rsc=76SvvV1TLjtpHtqe net::ERR_ABORTED | /settings?_rsc=76SvvV1TLjtpHtqe net::ERR_ABORTED | /notifications?_rsc=76SvvV1TLjtpHtqe net::ERR_ABORTED | /requests/new?_rsc=76SvvV1TLjtpHtqe net::ERR_ABORTED | /accounts?_rsc=eoRKZgXY26fq4Ulk net::ERR_ABORTED | /requests?_rsc=eoRKZgXY26fq4Ulk net::ERR_ABORTED | /?_rsc=eoRKZgXY26fq4Ulk net::ERR_ABORTED | /proposals?_rsc=eoRKZgXY26fq4Ulk net::ERR_ABORTED | /contracts?_rsc=eoRKZgXY26fq4Ulk net::ERR_ABORTED | /intelligence?_rsc=eoRKZgXY26fq4Ulk net::ERR_ABORTED | /intelligence/bids?_rsc=eoRKZgXY26fq4Ulk net::ERR_ABORTED | /catalog?_rsc=eoRKZgXY26fq4Ulk net::ERR_ABORTED | /settings?_rsc=eoRKZgXY26fq4Ulk net::ERR_ABORTED | /requests/new?_rsc=eoRKZgXY26fq4Ulk net::ERR_ABORTED | /notifications?_rsc=eoRKZgXY26fq4Ulk net::ERR_ABORTED","404 /api/requests/null","0","0","0","New request ; Switch user"
"SALES_REP","/proposals","/proposals","200","Commercial proposals","","","0","/requests?_rsc=8qZH60WsiyOTuseO net::ERR_ABORTED | /accounts?_rsc=8qZH60WsiyOTuseO net::ERR_ABORTED | /contracts?_rsc=8qZH60WsiyOTuseO net::ERR_ABORTED | /?_rsc=8qZH60WsiyOTuseO net::ERR_ABORTED | /intelligence/bids?_rsc=8qZH60WsiyOTuseO net::ERR_ABORTED | /catalog?_rsc=8qZH60WsiyOTuseO net::ERR_ABORTED | /intelligence?_rsc=8qZH60WsiyOTuseO net::ERR_ABORTED | /catalog/gudid?_rsc=8qZH60WsiyOTuseO net::ERR_ABORTED | /crosses?_rsc=8qZH60WsiyOTuseO net::ERR_ABORTED | /requests/new?_rsc=8qZH60WsiyOTuseO net::ERR_ABORTED | /settings?_rsc=8qZH60WsiyOTuseO net::ERR_ABORTED | /notifications?_rsc=8qZH60WsiyOTuseO net::ERR_ABORTED | /?_rsc=yDw8cg_cK2Tq2IDS net::ERR_ABORTED | /requests?_rsc=yDw8cg_cK2Tq2IDS net::ERR_ABORTED | /proposals?_rsc=yDw8cg_cK2Tq2IDS net::ERR_ABORTED | /accounts?_rsc=yDw8cg_cK2Tq2IDS net::ERR_ABORTED | /contracts?_rsc=yDw8cg_cK2Tq2IDS net::ERR_ABORTED | /intelligence?_rsc=yDw8cg_cK2Tq2IDS net::ERR_ABORTED | /intelligence/bids?_rsc=yDw8cg_cK2Tq2IDS net::ERR_ABORTED | /catalog?_rsc=yDw8cg_cK2Tq2IDS net::ERR_ABORTED | /crosses?_rsc=yDw8cg_cK2Tq2IDS net::ERR_ABORTED | /catalog/gudid?_rsc=yDw8cg_cK2Tq2IDS net::ERR_ABORTED | /settings?_rsc=yDw8cg_cK2Tq2IDS net::ERR_ABORTED | /requests/new?_rsc=yDw8cg_cK2Tq2IDS net::ERR_ABORTED | /notifications?_rsc=yDw8cg_cK2Tq2IDS net::ERR_ABORTED","","0","0","0","New request ; Switch user"
"SALES_REP","/proposals/[id]","/proposals/null","200","","Failed to load resource: the server responded with a status of 404 (Not Found)","","0","/?_rsc=VreOGdJHuaZwqD3- net::ERR_ABORTED | /requests?_rsc=VreOGdJHuaZwqD3- net::ERR_ABORTED | /proposals?_rsc=VreOGdJHuaZwqD3- net::ERR_ABORTED | /accounts?_rsc=VreOGdJHuaZwqD3- net::ERR_ABORTED | /contracts?_rsc=VreOGdJHuaZwqD3- net::ERR_ABORTED | /intelligence?_rsc=VreOGdJHuaZwqD3- net::ERR_ABORTED | /intelligence/bids?_rsc=VreOGdJHuaZwqD3- net::ERR_ABORTED | /catalog/gudid?_rsc=VreOGdJHuaZwqD3- net::ERR_ABORTED | /catalog?_rsc=VreOGdJHuaZwqD3- net::ERR_ABORTED | /crosses?_rsc=VreOGdJHuaZwqD3- net::ERR_ABORTED | /settings?_rsc=VreOGdJHuaZwqD3- net::ERR_ABORTED | /notifications?_rsc=VreOGdJHuaZwqD3- net::ERR_ABORTED | /requests/new?_rsc=VreOGdJHuaZwqD3- net::ERR_ABORTED | /proposals?_rsc=hzu8hJFrzSYjsRgK net::ERR_ABORTED | /contracts?_rsc=hzu8hJFrzSYjsRgK net::ERR_ABORTED | /accounts?_rsc=hzu8hJFrzSYjsRgK net::ERR_ABORTED | /?_rsc=hzu8hJFrzSYjsRgK net::ERR_ABORTED | /requests?_rsc=hzu8hJFrzSYjsRgK net::ERR_ABORTED | /catalog?_rsc=hzu8hJFrzSYjsRgK net::ERR_ABORTED | /catalog/gudid?_rsc=hzu8hJFrzSYjsRgK net::ERR_ABORTED | /intelligence/bids?_rsc=hzu8hJFrzSYjsRgK net::ERR_ABORTED | /intelligence?_rsc=hzu8hJFrzSYjsRgK net::ERR_ABORTED | /crosses?_rsc=hzu8hJFrzSYjsRgK net::ERR_ABORTED | /settings?_rsc=hzu8hJFrzSYjsRgK net::ERR_ABORTED | /notifications?_rsc=hzu8hJFrzSYjsRgK net::ERR_ABORTED | /requests/new?_rsc=hzu8hJFrzSYjsRgK net::ERR_ABORTED","404 /api/proposals/null","0","0","0","New request ; Switch user"
"SALES_REP","/approvals","/approvals","200","Pricing approvals","","","0","/?_rsc=Ut9iRRX_9PZKRdF- net::ERR_ABORTED | /requests?_rsc=Ut9iRRX_9PZKRdF- net::ERR_ABORTED | /proposals?_rsc=Ut9iRRX_9PZKRdF- net::ERR_ABORTED | /contracts?_rsc=Ut9iRRX_9PZKRdF- net::ERR_ABORTED | /accounts?_rsc=Ut9iRRX_9PZKRdF- net::ERR_ABORTED | /catalog?_rsc=Ut9iRRX_9PZKRdF- net::ERR_ABORTED | /catalog/gudid?_rsc=Ut9iRRX_9PZKRdF- net::ERR_ABORTED | /crosses?_rsc=Ut9iRRX_9PZKRdF- net::ERR_ABORTED | /settings?_rsc=Ut9iRRX_9PZKRdF- net::ERR_ABORTED | /requests?_rsc=AU6DTT46DVXZ7jWj net::ERR_ABORTED | /requests/new?_rsc=Ut9iRRX_9PZKRdF- net::ERR_ABORTED | /notifications?_rsc=Ut9iRRX_9PZKRdF- net::ERR_ABORTED | /?_rsc=AU6DTT46DVXZ7jWj net::ERR_ABORTED | /proposals?_rsc=AU6DTT46DVXZ7jWj net::ERR_ABORTED | /accounts?_rsc=AU6DTT46DVXZ7jWj net::ERR_ABORTED | /contracts?_rsc=AU6DTT46DVXZ7jWj net::ERR_ABORTED | /intelligence?_rsc=AU6DTT46DVXZ7jWj net::ERR_ABORTED | /intelligence/bids?_rsc=AU6DTT46DVXZ7jWj net::ERR_ABORTED | /catalog?_rsc=AU6DTT46DVXZ7jWj net::ERR_ABORTED | /catalog/gudid?_rsc=AU6DTT46DVXZ7jWj net::ERR_ABORTED | /crosses?_rsc=AU6DTT46DVXZ7jWj net::ERR_ABORTED | /settings?_rsc=AU6DTT46DVXZ7jWj net::ERR_ABORTED | /requests/new?_rsc=AU6DTT46DVXZ7jWj net::ERR_ABORTED | /notifications?_rsc=AU6DTT46DVXZ7jWj net::ERR_ABORTED","","0","0","0","New request ; Switch user ; Delegate my approvals (disabled)"
"SALES_REP","/accounts","/accounts","200","Accounts & GPO membership","","","0","/requests?_rsc=iZGmHDWBA-6V7KTQ net::ERR_ABORTED | /proposals?_rsc=iZGmHDWBA-6V7KTQ net::ERR_ABORTED | /contracts?_rsc=iZGmHDWBA-6V7KTQ net::ERR_ABORTED | /?_rsc=iZGmHDWBA-6V7KTQ net::ERR_ABORTED | /intelligence/bids?_rsc=iZGmHDWBA-6V7KTQ net::ERR_ABORTED | /catalog?_rsc=iZGmHDWBA-6V7KTQ net::ERR_ABORTED | /intelligence?_rsc=iZGmHDWBA-6V7KTQ net::ERR_ABORTED | /crosses?_rsc=iZGmHDWBA-6V7KTQ net::ERR_ABORTED | /requests/new?_rsc=iZGmHDWBA-6V7KTQ net::ERR_ABORTED | /accounts/cmuffqiiq02rlfs7d9y1un1wd?_rsc=iZGmHDWBA-6V7KTQ net::ERR_ABORTED | /accounts/cmuffqiiv02rmfs7diaqvuvc9?_rsc=iZGmHDWBA-6V7KTQ net::ERR_ABORTED | /accounts/cmuffqiif02rjfs7dkcvn5i4a?_rsc=iZGmHDWBA-6V7KTQ net::ERR_ABORTED | /?_rsc=oRxEn_R9e10JER3Z net::ERR_ABORTED | /requests?_rsc=oRxEn_R9e10JER3Z net::ERR_ABORTED | /proposals?_rsc=oRxEn_R9e10JER3Z net::ERR_ABORTED | /intelligence/bids?_rsc=oRxEn_R9e10JER3Z net::ERR_ABORTED | /accounts?_rsc=oRxEn_R9e10JER3Z net::ERR_ABORTED | /contracts?_rsc=oRxEn_R9e10JER3Z net::ERR_ABORTED | /intelligence?_rsc=oRxEn_R9e10JER3Z net::ERR_ABORTED | /catalog/gudid?_rsc=oRxEn_R9e10JER3Z net::ERR_ABORTED | /catalog?_rsc=oRxEn_R9e10JER3Z net::ERR_ABORTED | /settings?_rsc=oRxEn_R9e10JER3Z net::ERR_ABORTED | /crosses?_rsc=oRxEn_R9e10JER3Z net::ERR_ABORTED | /notifications?_rsc=oRxEn_R9e10JER3Z net::ERR_ABORTED | /requests/new?_rsc=oRxEn_R9e10JER3Z net::ERR_ABORTED | /accounts/cmuffqiii02rkfs7dzbqrnru0?_rsc=oRxEn_R9e10JER3Z net::ERR_ABORTED | /accounts/cmuffqiiq02rlfs7d9y1un1wd?_rsc=oRxEn_R9e10JER3Z net::ERR_ABORTED | /accounts/cmuffqiiv02rmfs7diaqvuvc9?_rsc=oRxEn_R9e10JER3Z net::ERR_ABORTED | /accounts/cmuffqiif02rjfs7dkcvn5i4a?_rsc=oRxEn_R9e10JER3Z net::ERR_ABORTED | /accounts/cmuffqiia02rifs7d9g96f4p7?_rsc=oRxEn_R9e10JER3Z net::ERR_ABORTED","","0","0","0","New request ; Switch user"
"SALES_REP","/accounts/[id]","/accounts/cmuffqiii02rkfs7dzbqrnru0","200","Hospital A — Mount Vernon General","","","0","/?_rsc=mfJnIb6u-3Mn-ESD net::ERR_ABORTED | /contracts?_rsc=mfJnIb6u-3Mn-ESD net::ERR_ABORTED | /catalog?_rsc=mfJnIb6u-3Mn-ESD net::ERR_ABORTED | /intelligence?_rsc=mfJnIb6u-3Mn-ESD net::ERR_ABORTED | /intelligence/bids?_rsc=mfJnIb6u-3Mn-ESD net::ERR_ABORTED | /catalog/gudid?_rsc=mfJnIb6u-3Mn-ESD net::ERR_ABORTED | /crosses?_rsc=mfJnIb6u-3Mn-ESD net::ERR_ABORTED | /settings?_rsc=mfJnIb6u-3Mn-ESD net::ERR_ABORTED | /notifications?_rsc=mfJnIb6u-3Mn-ESD net::ERR_ABORTED | /requests/new?_rsc=mfJnIb6u-3Mn-ESD net::ERR_ABORTED | /contracts/cmuffqio702syfs7d0fonyhf3?_rsc=mfJnIb6u-3Mn-ESD net::ERR_ABORTED | /requests?_rsc=pzgFYKDD5bs714zj net::ERR_ABORTED | /?_rsc=pzgFYKDD5bs714zj net::ERR_ABORTED | /proposals?_rsc=pzgFYKDD5bs714zj net::ERR_ABORTED | /accounts?_rsc=pzgFYKDD5bs714zj net::ERR_ABORTED | /contracts?_rsc=pzgFYKDD5bs714zj net::ERR_ABORTED | /intelligence?_rsc=pzgFYKDD5bs714zj net::ERR_ABORTED | /catalog?_rsc=pzgFYKDD5bs714zj net::ERR_ABORTED | /catalog/gudid?_rsc=pzgFYKDD5bs714zj net::ERR_ABORTED | /intelligence/bids?_rsc=pzgFYKDD5bs714zj net::ERR_ABORTED | /crosses?_rsc=pzgFYKDD5bs714zj net::ERR_ABORTED | /requests/new?_rsc=pzgFYKDD5bs714zj net::ERR_ABORTED | /settings?_rsc=pzgFYKDD5bs714zj net::ERR_ABORTED | /contracts/cmuffqio702syfs7d0fonyhf3?_rsc=pzgFYKDD5bs714zj net::ERR_ABORTED | /notifications?_rsc=pzgFYKDD5bs714zj net::ERR_ABORTED","","0","1","0","New request ; Switch user"
"SALES_REP","/contracts","/contracts","200","Contracts & price context","","","0","/?_rsc=DzmfcRRfJeItXkgz net::ERR_ABORTED | /requests?_rsc=DzmfcRRfJeItXkgz net::ERR_ABORTED | /proposals?_rsc=DzmfcRRfJeItXkgz net::ERR_ABORTED | /accounts?_rsc=DzmfcRRfJeItXkgz net::ERR_ABORTED | /intelligence/bids?_rsc=DzmfcRRfJeItXkgz net::ERR_ABORTED | /intelligence?_rsc=DzmfcRRfJeItXkgz net::ERR_ABORTED | /crosses?_rsc=DzmfcRRfJeItXkgz net::ERR_ABORTED | /notifications?_rsc=DzmfcRRfJeItXkgz net::ERR_ABORTED | /settings?_rsc=DzmfcRRfJeItXkgz net::ERR_ABORTED | /requests/new?_rsc=DzmfcRRfJeItXkgz net::ERR_ABORTED | /contracts/cmuffqioe02szfs7dl658b8gy?_rsc=DzmfcRRfJeItXkgz net::ERR_ABORTED | /contracts/cmuffqio702syfs7d0fonyhf3?_rsc=DzmfcRRfJeItXkgz net::ERR_ABORTED | /proposals?_rsc=2Ju2sngZl13OvaTN net::ERR_ABORTED | /accounts?_rsc=2Ju2sngZl13OvaTN net::ERR_ABORTED | /?_rsc=2Ju2sngZl13OvaTN net::ERR_ABORTED | /requests?_rsc=2Ju2sngZl13OvaTN net::ERR_ABORTED | /catalog?_rsc=2Ju2sngZl13OvaTN net::ERR_ABORTED | /contracts?_rsc=2Ju2sngZl13OvaTN net::ERR_ABORTED | /intelligence?_rsc=2Ju2sngZl13OvaTN net::ERR_ABORTED | /intelligence/bids?_rsc=2Ju2sngZl13OvaTN net::ERR_ABORTED | /notifications?_rsc=2Ju2sngZl13OvaTN net::ERR_ABORTED | /catalog/gudid?_rsc=2Ju2sngZl13OvaTN net::ERR_ABORTED | /crosses?_rsc=2Ju2sngZl13OvaTN net::ERR_ABORTED | /settings?_rsc=2Ju2sngZl13OvaTN net::ERR_ABORTED | /contracts/cmuffqio702syfs7d0fonyhf3?_rsc=2Ju2sngZl13OvaTN net::ERR_ABORTED | /requests/new?_rsc=2Ju2sngZl13OvaTN net::ERR_ABORTED | /contracts/cmuffqioe02szfs7dl658b8gy?_rsc=2Ju2sngZl13OvaTN net::ERR_ABORTED","","0","1","0","New request ; Switch user ; New contract (disabled)"
"SALES_REP","/contracts/[id]","/contracts/cmuffqioe02szfs7dl658b8gy","200","MSK-LOCAL-2026 · MSK local mesh agreement","","","0","/requests?_rsc=mef3hIvfndT_j2OY net::ERR_ABORTED | /proposals?_rsc=mef3hIvfndT_j2OY net::ERR_ABORTED | /accounts?_rsc=mef3hIvfndT_j2OY net::ERR_ABORTED | /?_rsc=mef3hIvfndT_j2OY net::ERR_ABORTED | /catalog?_rsc=mef3hIvfndT_j2OY net::ERR_ABORTED | /contracts?_rsc=mef3hIvfndT_j2OY net::ERR_ABORTED | /intelligence?_rsc=mef3hIvfndT_j2OY net::ERR_ABORTED | /intelligence/bids?_rsc=mef3hIvfndT_j2OY net::ERR_ABORTED | /accounts/cmuffqiif02rjfs7dkcvn5i4a?_rsc=mef3hIvfndT_j2OY net::ERR_ABORTED | /requests/new?_rsc=mef3hIvfndT_j2OY net::ERR_ABORTED | /?_rsc=4Gf8Hzsu8Hn8XV6X net::ERR_ABORTED | /requests?_rsc=4Gf8Hzsu8Hn8XV6X net::ERR_ABORTED | /accounts/cmuffqiif02rjfs7dkcvn5i4a?_rsc=4Gf8Hzsu8Hn8XV6X net::ERR_ABORTED | /proposals?_rsc=4Gf8Hzsu8Hn8XV6X net::ERR_ABORTED | /accounts?_rsc=4Gf8Hzsu8Hn8XV6X net::ERR_ABORTED | /contracts?_rsc=4Gf8Hzsu8Hn8XV6X net::ERR_ABORTED | /intelligence?_rsc=4Gf8Hzsu8Hn8XV6X net::ERR_ABORTED | /intelligence/bids?_rsc=4Gf8Hzsu8Hn8XV6X net::ERR_ABORTED | /catalog?_rsc=4Gf8Hzsu8Hn8XV6X net::ERR_ABORTED | /catalog/gudid?_rsc=4Gf8Hzsu8Hn8XV6X net::ERR_ABORTED | /crosses?_rsc=4Gf8Hzsu8Hn8XV6X net::ERR_ABORTED | /settings?_rsc=4Gf8Hzsu8Hn8XV6X net::ERR_ABORTED | /notifications?_rsc=4Gf8Hzsu8Hn8XV6X net::ERR_ABORTED | /requests/new?_rsc=4Gf8Hzsu8Hn8XV6X net::ERR_ABORTED","","0","1","0","New request ; Switch user ; Refresh performance ; Save entries (disabled)"
"SALES_REP","/intelligence","/intelligence","200","Competitor pricing","","","0","/?_rsc=3fD0047dUoUPXvG2 net::ERR_ABORTED | /proposals?_rsc=3fD0047dUoUPXvG2 net::ERR_ABORTED | /accounts?_rsc=3fD0047dUoUPXvG2 net::ERR_ABORTED | /requests?_rsc=3fD0047dUoUPXvG2 net::ERR_ABORTED | /contracts?_rsc=3fD0047dUoUPXvG2 net::ERR_ABORTED | /intelligence/bids?_rsc=3fD0047dUoUPXvG2 net::ERR_ABORTED | /catalog?_rsc=3fD0047dUoUPXvG2 net::ERR_ABORTED | /catalog/gudid?_rsc=3fD0047dUoUPXvG2 net::ERR_ABORTED | /?_rsc=gu9LWiAQNzfrKsW2 net::ERR_ABORTED | /requests?_rsc=gu9LWiAQNzfrKsW2 net::ERR_ABORTED | /proposals?_rsc=gu9LWiAQNzfrKsW2 net::ERR_ABORTED | /accounts?_rsc=gu9LWiAQNzfrKsW2 net::ERR_ABORTED | /contracts?_rsc=gu9LWiAQNzfrKsW2 net::ERR_ABORTED | /catalog?_rsc=gu9LWiAQNzfrKsW2 net::ERR_ABORTED | /intelligence/bids?_rsc=gu9LWiAQNzfrKsW2 net::ERR_ABORTED | /intelligence?_rsc=gu9LWiAQNzfrKsW2 net::ERR_ABORTED | /catalog/gudid?_rsc=gu9LWiAQNzfrKsW2 net::ERR_ABORTED | /notifications?_rsc=gu9LWiAQNzfrKsW2 net::ERR_ABORTED | /settings?_rsc=gu9LWiAQNzfrKsW2 net::ERR_ABORTED | /crosses?_rsc=gu9LWiAQNzfrKsW2 net::ERR_ABORTED | /requests/new?_rsc=gu9LWiAQNzfrKsW2 net::ERR_ABORTED","","0","1","0","New request ; Switch user ; Import .xlsx / .csv ; INPUT ; Extract a document… ; 1190500 ; 113700 ; 1410015010 ; SPMII ; 1190816 ; 1190820 ; 1DLMC05 ; UPA31015 ; 1DLMC03 ; 1200710 ; 1190300 ; 112650 ; SPMXXL ; 1202025 ; 112660 ; 112680 ; 1201520 ; Record (disabled)"
"SALES_REP","/intelligence/bids","/intelligence/bids","200","Public bids and awards","","","0","/?_rsc=2gWrMJaxdn-CU2fc net::ERR_ABORTED | /requests?_rsc=2gWrMJaxdn-CU2fc net::ERR_ABORTED | /proposals?_rsc=2gWrMJaxdn-CU2fc net::ERR_ABORTED | /accounts?_rsc=2gWrMJaxdn-CU2fc net::ERR_ABORTED | /catalog?_rsc=2gWrMJaxdn-CU2fc net::ERR_ABORTED | /catalog/gudid?_rsc=2gWrMJaxdn-CU2fc net::ERR_ABORTED | /crosses?_rsc=2gWrMJaxdn-CU2fc net::ERR_ABORTED | /notifications?_rsc=2gWrMJaxdn-CU2fc net::ERR_ABORTED | /requests/new?_rsc=2gWrMJaxdn-CU2fc net::ERR_ABORTED | /?_rsc=W5McYxvxTMCZbYJx net::ERR_ABORTED | /contracts?_rsc=W5McYxvxTMCZbYJx net::ERR_ABORTED | /proposals?_rsc=W5McYxvxTMCZbYJx net::ERR_ABORTED | /requests?_rsc=W5McYxvxTMCZbYJx net::ERR_ABORTED | /accounts?_rsc=W5McYxvxTMCZbYJx net::ERR_ABORTED | /intelligence?_rsc=W5McYxvxTMCZbYJx net::ERR_ABORTED | /intelligence/bids?_rsc=W5McYxvxTMCZbYJx net::ERR_ABORTED | /catalog?_rsc=W5McYxvxTMCZbYJx net::ERR_ABORTED | /catalog/gudid?_rsc=W5McYxvxTMCZbYJx net::ERR_ABORTED | /requests/new?_rsc=W5McYxvxTMCZbYJx net::ERR_ABORTED | /notifications?_rsc=W5McYxvxTMCZbYJx net::ERR_ABORTED | /crosses?_rsc=W5McYxvxTMCZbYJx net::ERR_ABORTED","","0","0","0","New request ; Switch user ; Pull (disabled) ; Pull ; Save (disabled) ; Bid file"
"SALES_REP","/intelligence/extractions/[id]","/intelligence/extractions/missing0000000000000000","200","Extraction","Failed to load resource: the server responded with a status of 404 (Not Found)","","0","/contracts?_rsc=VJB2dfGule5Oh2L3 net::ERR_ABORTED | /intelligence?_rsc=VJB2dfGule5Oh2L3 net::ERR_ABORTED | /intelligence/bids?_rsc=VJB2dfGule5Oh2L3 net::ERR_ABORTED | /catalog?_rsc=VJB2dfGule5Oh2L3 net::ERR_ABORTED | /catalog/gudid?_rsc=VJB2dfGule5Oh2L3 net::ERR_ABORTED | /crosses?_rsc=VJB2dfGule5Oh2L3 net::ERR_ABORTED | /settings?_rsc=VJB2dfGule5Oh2L3 net::ERR_ABORTED | /requests/new?_rsc=VJB2dfGule5Oh2L3 net::ERR_ABORTED | /proposals?_rsc=wBL8jh-0AxNJNXN_ net::ERR_ABORTED | /accounts?_rsc=wBL8jh-0AxNJNXN_ net::ERR_ABORTED | /contracts?_rsc=wBL8jh-0AxNJNXN_ net::ERR_ABORTED | /intelligence?_rsc=wBL8jh-0AxNJNXN_ net::ERR_ABORTED | /intelligence/bids?_rsc=wBL8jh-0AxNJNXN_ net::ERR_ABORTED | /catalog?_rsc=wBL8jh-0AxNJNXN_ net::ERR_ABORTED | /catalog/gudid?_rsc=wBL8jh-0AxNJNXN_ net::ERR_ABORTED | /crosses?_rsc=wBL8jh-0AxNJNXN_ net::ERR_ABORTED | /settings?_rsc=wBL8jh-0AxNJNXN_ net::ERR_ABORTED | /notifications?_rsc=wBL8jh-0AxNJNXN_ net::ERR_ABORTED | /requests/new?_rsc=wBL8jh-0AxNJNXN_ net::ERR_ABORTED","404 /api/documents/extractions/missing0000000000000000","0","0","0","New request ; Switch user"
"SALES_REP","/analytics","/analytics","200","","","","0","/accounts?_rsc=ix5_aAief6TvBg04 net::ERR_ABORTED | /proposals?_rsc=ix5_aAief6TvBg04 net::ERR_ABORTED | /contracts?_rsc=ix5_aAief6TvBg04 net::ERR_ABORTED | /intelligence?_rsc=ix5_aAief6TvBg04 net::ERR_ABORTED | /intelligence/bids?_rsc=ix5_aAief6TvBg04 net::ERR_ABORTED | /catalog?_rsc=ix5_aAief6TvBg04 net::ERR_ABORTED | /catalog/gudid?_rsc=ix5_aAief6TvBg04 net::ERR_ABORTED | /crosses?_rsc=ix5_aAief6TvBg04 net::ERR_ABORTED | /settings?_rsc=ix5_aAief6TvBg04 net::ERR_ABORTED | /requests?_rsc=Dt318okBLJyNDlfE net::ERR_ABORTED | /notifications?_rsc=ix5_aAief6TvBg04 net::ERR_ABORTED | /requests/new?_rsc=ix5_aAief6TvBg04 net::ERR_ABORTED | /?_rsc=Dt318okBLJyNDlfE net::ERR_ABORTED | /intelligence?_rsc=Dt318okBLJyNDlfE net::ERR_ABORTED | /proposals?_rsc=Dt318okBLJyNDlfE net::ERR_ABORTED | /accounts?_rsc=Dt318okBLJyNDlfE net::ERR_ABORTED | /contracts?_rsc=Dt318okBLJyNDlfE net::ERR_ABORTED | /catalog?_rsc=Dt318okBLJyNDlfE net::ERR_ABORTED | /crosses?_rsc=Dt318okBLJyNDlfE net::ERR_ABORTED | /requests/new?_rsc=Dt318okBLJyNDlfE net::ERR_ABORTED | /settings?_rsc=Dt318okBLJyNDlfE net::ERR_ABORTED | /notifications?_rsc=Dt318okBLJyNDlfE net::ERR_ABORTED","","0","0","0","New request ; Switch user"
"SALES_REP","/catalog","/catalog","200","Our catalog","","","0","/?_rsc=OYzo7EH3MGwwxBfF net::ERR_ABORTED | /requests?_rsc=OYzo7EH3MGwwxBfF net::ERR_ABORTED | /contracts?_rsc=OYzo7EH3MGwwxBfF net::ERR_ABORTED | /intelligence?_rsc=OYzo7EH3MGwwxBfF net::ERR_ABORTED | /crosses?_rsc=OYzo7EH3MGwwxBfF net::ERR_ABORTED | /notifications?_rsc=OYzo7EH3MGwwxBfF net::ERR_ABORTED | /requests/new?_rsc=OYzo7EH3MGwwxBfF net::ERR_ABORTED | /accounts?_rsc=O6cAbYUSgs3KBG-F net::ERR_ABORTED | /proposals?_rsc=O6cAbYUSgs3KBG-F net::ERR_ABORTED | /?_rsc=O6cAbYUSgs3KBG-F net::ERR_ABORTED | /requests?_rsc=O6cAbYUSgs3KBG-F net::ERR_ABORTED | /catalog?_rsc=O6cAbYUSgs3KBG-F net::ERR_ABORTED | /intelligence/bids?_rsc=O6cAbYUSgs3KBG-F net::ERR_ABORTED | /contracts?_rsc=O6cAbYUSgs3KBG-F net::ERR_ABORTED | /intelligence?_rsc=O6cAbYUSgs3KBG-F net::ERR_ABORTED | /catalog/gudid?_rsc=O6cAbYUSgs3KBG-F net::ERR_ABORTED | /settings?_rsc=O6cAbYUSgs3KBG-F net::ERR_ABORTED | /notifications?_rsc=O6cAbYUSgs3KBG-F net::ERR_ABORTED | /crosses?_rsc=O6cAbYUSgs3KBG-F net::ERR_ABORTED | /requests/new?_rsc=O6cAbYUSgs3KBG-F net::ERR_ABORTED","","0","1","0","New request ; Switch user ; GUDID library ; 174006 ; ABSTACK30 ; ABSTACK30X ; PCO2015X ; PCO2520X ; PCO9X ; 11-1276 ; 11-1278 ; 171305 ; 173019 ; 173030 ; 173046 ; 173049 ; 173050G ; 174001 ; 174209 ; 174213 ; 174233 ; 174301 ; 174309 ; 174317 ; 174601 ; 176605 ; 176613 ; 176643 ; 176645 ; 176647 ; 178081 ; 178083 ; 178091 ; 178093 ; 178099 ; 25030 ; CATCH10 ; E3781-28 ; E3781R-28ASP ; E3783-28 ; E3783R-28ASP ; E3783R-36ASP ; LF1837 ; LF5637 ; SILSCLINCH46 ; SILSDISSECT46 ; SILSHOOK36 ; SILSHOOK46 ; SILSSHEAR46 ; WPLGR914 ; WPXLGR1117 ; 010316L ; 010460 ; 010470 ; 015427L ; 015433L ; 015441L ; 015451L ; 015458L ; 015477L ; 015485L ; 015888L ; 017614 ; 020242 ; 030330L ; 030412 ; 030424L ; 030425 ; 030426 ; 030454 ; 030470 ; 030735L ; 059037 ; 111981 ; 111983 ; 111985 ; 111987 ; 111989 ; 3948L ; 3971 ; 3973 ; 4901T ; 8886803712 ; EEA21 ; EEA2135 ; EEA25 ; EEA2535 ; EEA28 ; EEA2835 ; EEA31 ; EEA33 ; EEAXL21 ; EEAXL2135 ; EEAXL25 ; EEAXL2535 ; EEAXL28 ; EEAXL2835 ; EEAXL31 ; EEAXL33 ; EGIA45AMT ; EGIA45AV ; EGIA45AVM ; EGIA45CTAVM ; EGIA60AMT ; EGIA60AVM ; EGIA60AXT ; EGIARADMT ; EGIARADVM ; EGIARADXT ; EGIAUSHORT ; EGIAUSTND ; EGIAUXL ; GIA10038L ; GIA10038S ; GIA10048L ; GIA10048S ; GIA6025L ; GIA6025S ; GIA6038L ; GIA6038S ; GIA6048L ; GIA6048S ; GIA60MTC ; GIA60MTS ; GIA60XTC ; GIA60XTS ; GIA8038L ; GIA8038S ; GIA8048L ; GIA8048S ; GIA80MTC ; GIA80MTS ; GIA80XTC ; GIA80XTS ; HEM3335 ; HEM3348 ; IDRVULTRA1 ; SGIA6038S ; SIG30AMT ; SIG30AV ; SIG30AVM ; SIG30CTAV ; SIG30CTAVM ; SIG45AMT ; SIG45AXT ; SIG45CTAMT ; SIG45CTAV ; SIG45CTAVM ; SIG60AMT ; SIG60AXT ; SIG60CTAMT ; SIG60CTAVM ; SIGADAPTSHORT ; SIGADAPTSTND ; SIGADAPTXL ; SIGC45MT ; SIGC45V ; SIGC45VM ; SIGC45VT ; SIGC60MT ; SIGC60V ; SIGC60VM ; SIGC60VT ; SIGLU45A ; SIGLU60A ; SIGPSHELL ; SIGRADMT ; SIGRADVM ; SIGRADXT ; SIGSDL45CTVT ; SIGSDS30CTV ; SIGSDS30CTVT ; SIGTRSB45AMT ; SIGTRSB45AXT ; SIGTRSB60AMT ; SIGTRSB60AXT ; TA3035L ; TA3035S ; TA3048L ; TA3048S ; TA30V3L ; TA30V3S ; TA4535L ; TA4535S ; TA4548L ; TA4548S ; TA6035L ; TA6035S ; TA6048L ; TA6048S ; TA9035L ; TA9035S ; TA9048L ; TA9048S ; TRIEEA28MT ; TRIEEA28XT ; TRIEEA31MT ; TRIEEA31XT ; TRIEEAXL28MT ; TRIEEAXL28XT ; TRIEEAXL31MT ; TRIEEAXL31XT ; TRIEEAXL33MT ; PPDS12 ; PPDS15 ; PPDS1510 ; PPDS2015 ; PPM1106X3 ; PPM1510X3 ; PPM4530 ; 171313 ; 171315 ; 172015 ; 172016 ; 176626P ; 176673P ; 176674P ; 176674PF ; 177090P ; 177090PF ; 177091P ; 177091PF ; 177092 ; 177092F ; 177992P ; 177995P ; 179076P ; 179077P ; 179078PF ; 179093 ; 179093F ; 179094 ; 179094F ; 179095P ; 179096P ; 179096PF ; 179097P ; 179097PF ; 179100 ; 179101 ; 179102P ; 179301 ; 179303 ; 179305 ; 179307 ; 179308 ; 179309 ; 179310 ; 21-345 ; 220-50 ; 24055- ; 4216 ; B11STF ; B11STS ; B12LGF ; B12LGS ; B12STF ; B12STFCS ; B12STS ; B5SHF ; B5SHS ; B5STF ; B5STS ; BPT12STS ; MS100703 ; MS100705 ; MS100708 ; MS101003 ; MS101005 ; MS101008 ; NB11STF ; NB12LGF ; NB12SHF ; NB12STF ; NB12STS ; NB15LGF ; NB15STF ; NB3SHFLP ; NB5LGF ; NB5SHF ; NB5SHFLP ; NB5STF ; NB5STFLP ; NBFCA11ST ; NBFCA12ST ; NONB11STF ; NONB12LGF ; NONB12SHF ; NONB12STF ; NONB12STS ; NONB15LGF ; NONB15STF ; NONB5LGF ; NONB5SHF ; NONB5STF ; NONB8STF ; OMS-T10BT ; OMS-T10BTNL ; OMS-T10BTS ; OMS-T10BTSNL ; OMS-T12BT ; OMS-T12BTNL ; ONB11LGF ; ONB11STF ; ONB12LGF ; ONB12SHF ; ONB12STF ; ONB12STF-NSB ; ONB12STFCS ; ONB12STS ; ONB15STF ; ONB5LGF ; ONB5SHF ; ONB5STF ; ONB5STF-NSB ; ONB5STF2C ; ONBFCA11ST ; S100000 ; S100700 ; S100705 ; S100710 ; S100712 ; S101000 ; S101005 ; S101010 ; S101012 ; S110000 ; SILSPT12TA ; SILSPT5TA ; UNVCA11STF ; UNVCA12LGF ; UNVCA12STF ; UNVCA12STF-NSB ; UNVCA12STS ; UNVCA5LGF ; UNVCA5SHF ; UNVCA5STF ; VS070000 ; VS100700 ; VS100705 ; VS100711P ; VS100712P ; VS101000 ; VS101005 ; VS101011P ; VS101012P ; VS101015P ; VS101500 ; VS101505 ; VS101512P ; VS150000 ; VSR100005 ; VSR100812P ; WPMD509 ; WPSM256 ; WPXSM24"
"SALES_REP","/catalog/gudid","/catalog/gudid","200","GUDID library","","","0","/requests?_rsc=DGmoGnAw5OqJpMhM net::ERR_ABORTED | /proposals?_rsc=DGmoGnAw5OqJpMhM net::ERR_ABORTED | /accounts?_rsc=DGmoGnAw5OqJpMhM net::ERR_ABORTED | /?_rsc=DGmoGnAw5OqJpMhM net::ERR_ABORTED | /contracts?_rsc=DGmoGnAw5OqJpMhM net::ERR_ABORTED | /intelligence/bids?_rsc=DGmoGnAw5OqJpMhM net::ERR_ABORTED | /catalog?_rsc=DGmoGnAw5OqJpMhM net::ERR_ABORTED | /crosses?_rsc=DGmoGnAw5OqJpMhM net::ERR_ABORTED | /intelligence?_rsc=DGmoGnAw5OqJpMhM net::ERR_ABORTED | /notifications?_rsc=DGmoGnAw5OqJpMhM net::ERR_ABORTED | /settings?_rsc=DGmoGnAw5OqJpMhM net::ERR_ABORTED | /requests/new?_rsc=DGmoGnAw5OqJpMhM net::ERR_ABORTED | /?_rsc=Z9EVd8HHdUwJDdIQ net::ERR_ABORTED | /contracts?_rsc=Z9EVd8HHdUwJDdIQ net::ERR_ABORTED | /requests?_rsc=Z9EVd8HHdUwJDdIQ net::ERR_ABORTED | /proposals?_rsc=Z9EVd8HHdUwJDdIQ net::ERR_ABORTED | /accounts?_rsc=Z9EVd8HHdUwJDdIQ net::ERR_ABORTED | /intelligence?_rsc=Z9EVd8HHdUwJDdIQ net::ERR_ABORTED | /intelligence/bids?_rsc=Z9EVd8HHdUwJDdIQ net::ERR_ABORTED | /catalog?_rsc=Z9EVd8HHdUwJDdIQ net::ERR_ABORTED | /crosses?_rsc=Z9EVd8HHdUwJDdIQ net::ERR_ABORTED | /catalog/gudid?_rsc=Z9EVd8HHdUwJDdIQ net::ERR_ABORTED | /settings?_rsc=Z9EVd8HHdUwJDdIQ net::ERR_ABORTED | /notifications?_rsc=Z9EVd8HHdUwJDdIQ net::ERR_ABORTED | /requests/new?_rsc=Z9EVd8HHdUwJDdIQ net::ERR_ABORTED","","0","0","0","New request ; Switch user"
"SALES_REP","/crosses","/crosses","200","Crosswalk","","","0","/?_rsc=zAn-vlYtEcVbUMJ6 net::ERR_ABORTED | /intelligence/bids?_rsc=zAn-vlYtEcVbUMJ6 net::ERR_ABORTED | /catalog?_rsc=zAn-vlYtEcVbUMJ6 net::ERR_ABORTED | /catalog/gudid?_rsc=zAn-vlYtEcVbUMJ6 net::ERR_ABORTED | /settings?_rsc=zAn-vlYtEcVbUMJ6 net::ERR_ABORTED | /notifications?_rsc=zAn-vlYtEcVbUMJ6 net::ERR_ABORTED | /requests/new?_rsc=zAn-vlYtEcVbUMJ6 net::ERR_ABORTED | /?_rsc=aniPmKjMQR6zCALO net::ERR_ABORTED | /requests?_rsc=aniPmKjMQR6zCALO net::ERR_ABORTED | /proposals?_rsc=aniPmKjMQR6zCALO net::ERR_ABORTED | /accounts?_rsc=aniPmKjMQR6zCALO net::ERR_ABORTED | /contracts?_rsc=aniPmKjMQR6zCALO net::ERR_ABORTED | /catalog?_rsc=aniPmKjMQR6zCALO net::ERR_ABORTED | /catalog/gudid?_rsc=aniPmKjMQR6zCALO net::ERR_ABORTED | /settings?_rsc=aniPmKjMQR6zCALO net::ERR_ABORTED | /notifications?_rsc=aniPmKjMQR6zCALO net::ERR_ABORTED","","0","0","0","New request ; Switch user"
"SALES_REP","/notifications","/notifications","200","Notifications","","","0","/?_rsc=oG-rbVP81bj5yHs2 net::ERR_ABORTED | /requests?_rsc=oG-rbVP81bj5yHs2 net::ERR_ABORTED | /proposals?_rsc=oG-rbVP81bj5yHs2 net::ERR_ABORTED | /accounts?_rsc=oG-rbVP81bj5yHs2 net::ERR_ABORTED | /contracts?_rsc=oG-rbVP81bj5yHs2 net::ERR_ABORTED | /intelligence?_rsc=oG-rbVP81bj5yHs2 net::ERR_ABORTED | /intelligence/bids?_rsc=oG-rbVP81bj5yHs2 net::ERR_ABORTED | /proposals/cmuffv25w004k737d3v137tx1?_rsc=oG-rbVP81bj5yHs2 net::ERR_ABORTED | /proposals/cmuffuywn00145q7dzo5e8kq4?_rsc=oG-rbVP81bj5yHs2 net::ERR_ABORTED | /proposals/cmuffuy9x00005q7dqkk2hntu?_rsc=oG-rbVP81bj5yHs2 net::ERR_ABORTED | /proposals/cmuffuuji005b4a7d3x5elve5?_rsc=oG-rbVP81bj5yHs2 net::ERR_ABORTED | /catalog?_rsc=oG-rbVP81bj5yHs2 net::ERR_ABORTED | /catalog/gudid?_rsc=oG-rbVP81bj5yHs2 net::ERR_ABORTED | /crosses?_rsc=oG-rbVP81bj5yHs2 net::ERR_ABORTED | /settings?_rsc=oG-rbVP81bj5yHs2 net::ERR_ABORTED | /requests/new?_rsc=oG-rbVP81bj5yHs2 net::ERR_ABORTED | /proposals/cmuffv25w004k737d3v137tx1?_rsc=FxIb9Zh5xrkPNSW4 net::ERR_ABORTED | /proposals/cmuffuywn00145q7dzo5e8kq4?_rsc=FxIb9Zh5xrkPNSW4 net::ERR_ABORTED | /proposals/cmuffuy9x00005q7dqkk2hntu?_rsc=FxIb9Zh5xrkPNSW4 net::ERR_ABORTED | /proposals/cmuffuuji005b4a7d3x5elve5?_rsc=FxIb9Zh5xrkPNSW4 net::ERR_ABORTED | /?_rsc=FxIb9Zh5xrkPNSW4 net::ERR_ABORTED | /requests?_rsc=FxIb9Zh5xrkPNSW4 net::ERR_ABORTED | /proposals?_rsc=FxIb9Zh5xrkPNSW4 net::ERR_ABORTED | /accounts?_rsc=FxIb9Zh5xrkPNSW4 net::ERR_ABORTED | /contracts?_rsc=FxIb9Zh5xrkPNSW4 net::ERR_ABORTED | /intelligence?_rsc=FxIb9Zh5xrkPNSW4 net::ERR_ABORTED | /intelligence/bids?_rsc=FxIb9Zh5xrkPNSW4 net::ERR_ABORTED | /settings?_rsc=FxIb9Zh5xrkPNSW4 net::ERR_ABORTED | /catalog?_rsc=FxIb9Zh5xrkPNSW4 net::ERR_ABORTED | /crosses?_rsc=FxIb9Zh5xrkPNSW4 net::ERR_ABORTED | /catalog/gudid?_rsc=FxIb9Zh5xrkPNSW4 net::ERR_ABORTED | /requests/new?_rsc=FxIb9Zh5xrkPNSW4 net::ERR_ABORTED | /notifications?_rsc=FxIb9Zh5xrkPNSW4 net::ERR_ABORTED","","0","0","0","New request ; Switch user ; Mark all read ; Read"
"SALES_REP","/settings","/settings","200","Settings","","","0","/?_rsc=DQxjArDrgutTG17x net::ERR_ABORTED | /requests?_rsc=DQxjArDrgutTG17x net::ERR_ABORTED | /proposals?_rsc=DQxjArDrgutTG17x net::ERR_ABORTED | /contracts?_rsc=DQxjArDrgutTG17x net::ERR_ABORTED | /catalog?_rsc=DQxjArDrgutTG17x net::ERR_ABORTED | /intelligence/bids?_rsc=DQxjArDrgutTG17x net::ERR_ABORTED | /catalog/gudid?_rsc=DQxjArDrgutTG17x net::ERR_ABORTED | /crosses?_rsc=DQxjArDrgutTG17x net::ERR_ABORTED | /notifications?_rsc=DQxjArDrgutTG17x net::ERR_ABORTED | /requests/new?_rsc=DQxjArDrgutTG17x net::ERR_ABORTED | /settings/pricing?_rsc=DQxjArDrgutTG17x net::ERR_ABORTED | /proposals?_rsc=j-_vjoKOn8bxlRO7 net::ERR_ABORTED | /requests?_rsc=j-_vjoKOn8bxlRO7 net::ERR_ABORTED | /?_rsc=j-_vjoKOn8bxlRO7 net::ERR_ABORTED | /intelligence?_rsc=j-_vjoKOn8bxlRO7 net::ERR_ABORTED | /contracts?_rsc=j-_vjoKOn8bxlRO7 net::ERR_ABORTED | /intelligence/bids?_rsc=j-_vjoKOn8bxlRO7 net::ERR_ABORTED | /accounts?_rsc=j-_vjoKOn8bxlRO7 net::ERR_ABORTED | /catalog?_rsc=j-_vjoKOn8bxlRO7 net::ERR_ABORTED | /catalog/gudid?_rsc=j-_vjoKOn8bxlRO7 net::ERR_ABORTED | /crosses?_rsc=j-_vjoKOn8bxlRO7 net::ERR_ABORTED | /settings?_rsc=j-_vjoKOn8bxlRO7 net::ERR_ABORTED | /notifications?_rsc=j-_vjoKOn8bxlRO7 net::ERR_ABORTED | /requests/new?_rsc=j-_vjoKOn8bxlRO7 net::ERR_ABORTED | /settings/pricing?_rsc=j-_vjoKOn8bxlRO7 net::ERR_ABORTED","","0","0","0","New request ; Switch user ; Save (disabled) ; Details ; How to connect"
"SALES_REP","/settings/integrations","/settings/integrations","200","Settings","","","0","/?_rsc=DQxjArDrgutTG17x net::ERR_ABORTED | /requests?_rsc=DQxjArDrgutTG17x net::ERR_ABORTED | /proposals?_rsc=DQxjArDrgutTG17x net::ERR_ABORTED | /accounts?_rsc=DQxjArDrgutTG17x net::ERR_ABORTED | /intelligence?_rsc=DQxjArDrgutTG17x net::ERR_ABORTED | /contracts?_rsc=DQxjArDrgutTG17x net::ERR_ABORTED | /catalog/gudid?_rsc=DQxjArDrgutTG17x net::ERR_ABORTED | /requests/new?_rsc=DQxjArDrgutTG17x net::ERR_ABORTED | /settings/pricing?_rsc=DQxjArDrgutTG17x net::ERR_ABORTED | /?_rsc=j-_vjoKOn8bxlRO7 net::ERR_ABORTED | /requests?_rsc=j-_vjoKOn8bxlRO7 net::ERR_ABORTED | /proposals?_rsc=j-_vjoKOn8bxlRO7 net::ERR_ABORTED | /accounts?_rsc=j-_vjoKOn8bxlRO7 net::ERR_ABORTED | /contracts?_rsc=j-_vjoKOn8bxlRO7 net::ERR_ABORTED | /intelligence?_rsc=j-_vjoKOn8bxlRO7 net::ERR_ABORTED | /catalog/gudid?_rsc=j-_vjoKOn8bxlRO7 net::ERR_ABORTED | /crosses?_rsc=j-_vjoKOn8bxlRO7 net::ERR_ABORTED | /intelligence/bids?_rsc=j-_vjoKOn8bxlRO7 net::ERR_ABORTED | /catalog?_rsc=j-_vjoKOn8bxlRO7 net::ERR_ABORTED | /settings/pricing?_rsc=j-_vjoKOn8bxlRO7 net::ERR_ABORTED | /settings?_rsc=j-_vjoKOn8bxlRO7 net::ERR_ABORTED | /notifications?_rsc=j-_vjoKOn8bxlRO7 net::ERR_ABORTED | /requests/new?_rsc=j-_vjoKOn8bxlRO7 net::ERR_ABORTED","","0","0","0","New request ; Switch user ; Save (disabled) ; Details ; How to connect"
"SALES_REP","/settings/pricing","/settings/pricing","200","Pricing policies","","","0","/proposals?_rsc=8oSST31HPn0UlEto net::ERR_ABORTED | /accounts?_rsc=8oSST31HPn0UlEto net::ERR_ABORTED | /?_rsc=8oSST31HPn0UlEto net::ERR_ABORTED | /requests?_rsc=8oSST31HPn0UlEto net::ERR_ABORTED | /intelligence/bids?_rsc=8oSST31HPn0UlEto net::ERR_ABORTED | /catalog?_rsc=8oSST31HPn0UlEto net::ERR_ABORTED | /contracts?_rsc=8oSST31HPn0UlEto net::ERR_ABORTED | /intelligence?_rsc=8oSST31HPn0UlEto net::ERR_ABORTED | /crosses?_rsc=8oSST31HPn0UlEto net::ERR_ABORTED | /settings?_rsc=8oSST31HPn0UlEto net::ERR_ABORTED | /notifications?_rsc=8oSST31HPn0UlEto net::ERR_ABORTED | /catalog/gudid?_rsc=8oSST31HPn0UlEto net::ERR_ABORTED | /requests/new?_rsc=8oSST31HPn0UlEto net::ERR_ABORTED | /?_rsc=_Ie442TgELs3Q458 net::ERR_ABORTED | /requests?_rsc=_Ie442TgELs3Q458 net::ERR_ABORTED | /proposals?_rsc=_Ie442TgELs3Q458 net::ERR_ABORTED | /accounts?_rsc=_Ie442TgELs3Q458 net::ERR_ABORTED | /contracts?_rsc=_Ie442TgELs3Q458 net::ERR_ABORTED | /catalog/gudid?_rsc=_Ie442TgELs3Q458 net::ERR_ABORTED | /catalog?_rsc=_Ie442TgELs3Q458 net::ERR_ABORTED | /intelligence?_rsc=_Ie442TgELs3Q458 net::ERR_ABORTED | /intelligence/bids?_rsc=_Ie442TgELs3Q458 net::ERR_ABORTED | /settings?_rsc=_Ie442TgELs3Q458 net::ERR_ABORTED | /crosses?_rsc=_Ie442TgELs3Q458 net::ERR_ABORTED | /notifications?_rsc=_Ie442TgELs3Q458 net::ERR_ABORTED | /requests/new?_rsc=_Ie442TgELs3Q458 net::ERR_ABORTED","","0","0","0","New request ; Switch user ; New draft (disabled)"
"REGIONAL_MANAGER","/","/","200","Competitive cross reference","","","0","/proposals?_rsc=5CB68i4pnAekjehf net::ERR_ABORTED | /approvals?_rsc=5CB68i4pnAekjehf net::ERR_ABORTED | /accounts?_rsc=5CB68i4pnAekjehf net::ERR_ABORTED | /requests?_rsc=5CB68i4pnAekjehf net::ERR_ABORTED | /contracts?_rsc=5CB68i4pnAekjehf net::ERR_ABORTED | /intelligence?_rsc=5CB68i4pnAekjehf net::ERR_ABORTED | /intelligence/bids?_rsc=5CB68i4pnAekjehf net::ERR_ABORTED | /analytics?_rsc=5CB68i4pnAekjehf net::ERR_ABORTED | /catalog?_rsc=5CB68i4pnAekjehf net::ERR_ABORTED | /catalog/gudid?_rsc=5CB68i4pnAekjehf net::ERR_ABORTED | /crosses?_rsc=5CB68i4pnAekjehf net::ERR_ABORTED | /settings?_rsc=5CB68i4pnAekjehf net::ERR_ABORTED | /requests/new?_rsc=5CB68i4pnAekjehf net::ERR_ABORTED | /proposals?_rsc=tXyZJ52UQVBCVsD3 net::ERR_ABORTED | /approvals?_rsc=tXyZJ52UQVBCVsD3 net::ERR_ABORTED | /intelligence?_rsc=tXyZJ52UQVBCVsD3 net::ERR_ABORTED | /accounts?_rsc=tXyZJ52UQVBCVsD3 net::ERR_ABORTED | /contracts?_rsc=tXyZJ52UQVBCVsD3 net::ERR_ABORTED | /catalog?_rsc=tXyZJ52UQVBCVsD3 net::ERR_ABORTED | /intelligence/bids?_rsc=tXyZJ52UQVBCVsD3 net::ERR_ABORTED | /analytics?_rsc=tXyZJ52UQVBCVsD3 net::ERR_ABORTED | /catalog/gudid?_rsc=tXyZJ52UQVBCVsD3 net::ERR_ABORTED | /notifications?_rsc=tXyZJ52UQVBCVsD3 net::ERR_ABORTED | /requests/new?_rsc=tXyZJ52UQVBCVsD3 net::ERR_ABORTED | /crosses?_rsc=tXyZJ52UQVBCVsD3 net::ERR_ABORTED | /settings?_rsc=tXyZJ52UQVBCVsD3 net::ERR_ABORTED","","0","0","0","New request ; Switch user"
"REGIONAL_MANAGER","/requests","/requests","200","Cross-reference requests","","","0","/?_rsc=p3Q57VochOqcQNsg net::ERR_ABORTED | /contracts?_rsc=p3Q57VochOqcQNsg net::ERR_ABORTED | /accounts?_rsc=p3Q57VochOqcQNsg net::ERR_ABORTED | /proposals?_rsc=p3Q57VochOqcQNsg net::ERR_ABORTED | /approvals?_rsc=p3Q57VochOqcQNsg net::ERR_ABORTED | /intelligence?_rsc=p3Q57VochOqcQNsg net::ERR_ABORTED | /intelligence/bids?_rsc=p3Q57VochOqcQNsg net::ERR_ABORTED | /analytics?_rsc=p3Q57VochOqcQNsg net::ERR_ABORTED | /catalog?_rsc=p3Q57VochOqcQNsg net::ERR_ABORTED | /notifications?_rsc=p3Q57VochOqcQNsg net::ERR_ABORTED | /catalog/gudid?_rsc=p3Q57VochOqcQNsg net::ERR_ABORTED | /crosses?_rsc=p3Q57VochOqcQNsg net::ERR_ABORTED | /settings?_rsc=p3Q57VochOqcQNsg net::ERR_ABORTED | /requests/new?_rsc=p3Q57VochOqcQNsg net::ERR_ABORTED | /?_rsc=nIzLgF1M7nWxnHlV net::ERR_ABORTED | /proposals?_rsc=nIzLgF1M7nWxnHlV net::ERR_ABORTED | /requests?_rsc=nIzLgF1M7nWxnHlV net::ERR_ABORTED | /approvals?_rsc=nIzLgF1M7nWxnHlV net::ERR_ABORTED | /accounts?_rsc=nIzLgF1M7nWxnHlV net::ERR_ABORTED | /contracts?_rsc=nIzLgF1M7nWxnHlV net::ERR_ABORTED | /analytics?_rsc=nIzLgF1M7nWxnHlV net::ERR_ABORTED | /intelligence?_rsc=nIzLgF1M7nWxnHlV net::ERR_ABORTED | /intelligence/bids?_rsc=nIzLgF1M7nWxnHlV net::ERR_ABORTED | /catalog?_rsc=nIzLgF1M7nWxnHlV net::ERR_ABORTED | /catalog/gudid?_rsc=nIzLgF1M7nWxnHlV net::ERR_ABORTED | /crosses?_rsc=nIzLgF1M7nWxnHlV net::ERR_ABORTED | /settings?_rsc=nIzLgF1M7nWxnHlV net::ERR_ABORTED | /notifications?_rsc=nIzLgF1M7nWxnHlV net::ERR_ABORTED | /requests/new?_rsc=nIzLgF1M7nWxnHlV net::ERR_ABORTED","","0","0","0","New request ; Switch user"
"REGIONAL_MANAGER","/requests/new","/requests/new","200","Competitive cross reference","","","0","/accounts?_rsc=4belA-F-xg-XtLdx net::ERR_ABORTED | /intelligence?_rsc=4belA-F-xg-XtLdx net::ERR_ABORTED | /intelligence/bids?_rsc=4belA-F-xg-XtLdx net::ERR_ABORTED | /contracts?_rsc=4belA-F-xg-XtLdx net::ERR_ABORTED | /analytics?_rsc=4belA-F-xg-XtLdx net::ERR_ABORTED | /catalog?_rsc=4belA-F-xg-XtLdx net::ERR_ABORTED | /catalog/gudid?_rsc=4belA-F-xg-XtLdx net::ERR_ABORTED | /settings?_rsc=4belA-F-xg-XtLdx net::ERR_ABORTED | /crosses?_rsc=4belA-F-xg-XtLdx net::ERR_ABORTED | /notifications?_rsc=4belA-F-xg-XtLdx net::ERR_ABORTED | /?_rsc=O1p93FFpSnNce0k4 net::ERR_ABORTED | /proposals?_rsc=O1p93FFpSnNce0k4 net::ERR_ABORTED | /requests?_rsc=O1p93FFpSnNce0k4 net::ERR_ABORTED | /accounts?_rsc=O1p93FFpSnNce0k4 net::ERR_ABORTED | /intelligence?_rsc=O1p93FFpSnNce0k4 net::ERR_ABORTED | /intelligence/bids?_rsc=O1p93FFpSnNce0k4 net::ERR_ABORTED | /contracts?_rsc=O1p93FFpSnNce0k4 net::ERR_ABORTED | /catalog?_rsc=O1p93FFpSnNce0k4 net::ERR_ABORTED | /settings?_rsc=O1p93FFpSnNce0k4 net::ERR_ABORTED | /notifications?_rsc=O1p93FFpSnNce0k4 net::ERR_ABORTED | /requests/new?_rsc=O1p93FFpSnNce0k4 net::ERR_ABORTED","","0","0","0","New request ; Switch user ; Google Sheets link ; Upload .xlsx / .csv ; Paste from a sheet ; Read sheet (disabled) ; Continue request (disabled)"
"REGIONAL_MANAGER","/requests/[id]","/requests/null","200","","Failed to load resource: the server responded with a status of 404 (Not Found)","","0","/proposals?_rsc=76SvvV1TLjtpHtqe net::ERR_ABORTED | /approvals?_rsc=76SvvV1TLjtpHtqe net::ERR_ABORTED | /accounts?_rsc=76SvvV1TLjtpHtqe net::ERR_ABORTED | /analytics?_rsc=76SvvV1TLjtpHtqe net::ERR_ABORTED | /intelligence/bids?_rsc=76SvvV1TLjtpHtqe net::ERR_ABORTED | /contracts?_rsc=76SvvV1TLjtpHtqe net::ERR_ABORTED | /intelligence?_rsc=76SvvV1TLjtpHtqe net::ERR_ABORTED | /catalog?_rsc=76SvvV1TLjtpHtqe net::ERR_ABORTED | /catalog/gudid?_rsc=76SvvV1TLjtpHtqe net::ERR_ABORTED | /crosses?_rsc=76SvvV1TLjtpHtqe net::ERR_ABORTED | /settings?_rsc=76SvvV1TLjtpHtqe net::ERR_ABORTED | /notifications?_rsc=76SvvV1TLjtpHtqe net::ERR_ABORTED | /requests/new?_rsc=76SvvV1TLjtpHtqe net::ERR_ABORTED | /approvals?_rsc=eoRKZgXY26fq4Ulk net::ERR_ABORTED | /proposals?_rsc=eoRKZgXY26fq4Ulk net::ERR_ABORTED | /?_rsc=eoRKZgXY26fq4Ulk net::ERR_ABORTED | /requests?_rsc=eoRKZgXY26fq4Ulk net::ERR_ABORTED | /accounts?_rsc=eoRKZgXY26fq4Ulk net::ERR_ABORTED | /contracts?_rsc=eoRKZgXY26fq4Ulk net::ERR_ABORTED | /intelligence?_rsc=eoRKZgXY26fq4Ulk net::ERR_ABORTED | /intelligence/bids?_rsc=eoRKZgXY26fq4Ulk net::ERR_ABORTED | /analytics?_rsc=eoRKZgXY26fq4Ulk net::ERR_ABORTED | /catalog?_rsc=eoRKZgXY26fq4Ulk net::ERR_ABORTED | /catalog/gudid?_rsc=eoRKZgXY26fq4Ulk net::ERR_ABORTED | /crosses?_rsc=eoRKZgXY26fq4Ulk net::ERR_ABORTED | /settings?_rsc=eoRKZgXY26fq4Ulk net::ERR_ABORTED | /notifications?_rsc=eoRKZgXY26fq4Ulk net::ERR_ABORTED | /requests/new?_rsc=eoRKZgXY26fq4Ulk net::ERR_ABORTED","404 /api/requests/null","0","0","0","New request ; Switch user"
"REGIONAL_MANAGER","/proposals","/proposals","200","Commercial proposals","","","0","/?_rsc=8qZH60WsiyOTuseO net::ERR_ABORTED | /contracts?_rsc=8qZH60WsiyOTuseO net::ERR_ABORTED | /analytics?_rsc=8qZH60WsiyOTuseO net::ERR_ABORTED | /intelligence?_rsc=8qZH60WsiyOTuseO net::ERR_ABORTED | /intelligence/bids?_rsc=8qZH60WsiyOTuseO net::ERR_ABORTED | /notifications?_rsc=8qZH60WsiyOTuseO net::ERR_ABORTED | /catalog/gudid?_rsc=8qZH60WsiyOTuseO net::ERR_ABORTED | /crosses?_rsc=8qZH60WsiyOTuseO net::ERR_ABORTED | /settings?_rsc=8qZH60WsiyOTuseO net::ERR_ABORTED | /requests/new?_rsc=8qZH60WsiyOTuseO net::ERR_ABORTED | /?_rsc=yDw8cg_cK2Tq2IDS net::ERR_ABORTED | /accounts?_rsc=yDw8cg_cK2Tq2IDS net::ERR_ABORTED | /proposals?_rsc=yDw8cg_cK2Tq2IDS net::ERR_ABORTED | /requests?_rsc=yDw8cg_cK2Tq2IDS net::ERR_ABORTED | /approvals?_rsc=yDw8cg_cK2Tq2IDS net::ERR_ABORTED | /contracts?_rsc=yDw8cg_cK2Tq2IDS net::ERR_ABORTED | /intelligence?_rsc=yDw8cg_cK2Tq2IDS net::ERR_ABORTED | /intelligence/bids?_rsc=yDw8cg_cK2Tq2IDS net::ERR_ABORTED | /analytics?_rsc=yDw8cg_cK2Tq2IDS net::ERR_ABORTED | /catalog?_rsc=yDw8cg_cK2Tq2IDS net::ERR_ABORTED | /catalog/gudid?_rsc=yDw8cg_cK2Tq2IDS net::ERR_ABORTED | /crosses?_rsc=yDw8cg_cK2Tq2IDS net::ERR_ABORTED | /settings?_rsc=yDw8cg_cK2Tq2IDS net::ERR_ABORTED | /notifications?_rsc=yDw8cg_cK2Tq2IDS net::ERR_ABORTED | /requests/new?_rsc=yDw8cg_cK2Tq2IDS net::ERR_ABORTED","","0","0","0","New request ; Switch user"
"REGIONAL_MANAGER","/proposals/[id]","/proposals/null","200","","Failed to load resource: the server responded with a status of 404 (Not Found)","","0","/?_rsc=VreOGdJHuaZwqD3- net::ERR_ABORTED | /requests?_rsc=VreOGdJHuaZwqD3- net::ERR_ABORTED | /proposals?_rsc=VreOGdJHuaZwqD3- net::ERR_ABORTED | /approvals?_rsc=VreOGdJHuaZwqD3- net::ERR_ABORTED | /contracts?_rsc=VreOGdJHuaZwqD3- net::ERR_ABORTED | /intelligence?_rsc=VreOGdJHuaZwqD3- net::ERR_ABORTED | /intelligence/bids?_rsc=VreOGdJHuaZwqD3- net::ERR_ABORTED | /catalog?_rsc=VreOGdJHuaZwqD3- net::ERR_ABORTED | /analytics?_rsc=VreOGdJHuaZwqD3- net::ERR_ABORTED | /requests/new?_rsc=VreOGdJHuaZwqD3- net::ERR_ABORTED | /crosses?_rsc=VreOGdJHuaZwqD3- net::ERR_ABORTED | /settings?_rsc=VreOGdJHuaZwqD3- net::ERR_ABORTED | /notifications?_rsc=VreOGdJHuaZwqD3- net::ERR_ABORTED | /proposals?_rsc=hzu8hJFrzSYjsRgK net::ERR_ABORTED | /approvals?_rsc=hzu8hJFrzSYjsRgK net::ERR_ABORTED | /?_rsc=hzu8hJFrzSYjsRgK net::ERR_ABORTED | /intelligence/bids?_rsc=hzu8hJFrzSYjsRgK net::ERR_ABORTED | /contracts?_rsc=hzu8hJFrzSYjsRgK net::ERR_ABORTED | /intelligence?_rsc=hzu8hJFrzSYjsRgK net::ERR_ABORTED | /accounts?_rsc=hzu8hJFrzSYjsRgK net::ERR_ABORTED | /analytics?_rsc=hzu8hJFrzSYjsRgK net::ERR_ABORTED | /catalog?_rsc=hzu8hJFrzSYjsRgK net::ERR_ABORTED | /catalog/gudid?_rsc=hzu8hJFrzSYjsRgK net::ERR_ABORTED | /crosses?_rsc=hzu8hJFrzSYjsRgK net::ERR_ABORTED | /notifications?_rsc=hzu8hJFrzSYjsRgK net::ERR_ABORTED | /settings?_rsc=hzu8hJFrzSYjsRgK net::ERR_ABORTED","404 /api/proposals/null","0","0","0","New request ; Switch user"
"REGIONAL_MANAGER","/approvals","/approvals","200","Pricing approvals","","","0","/proposals?_rsc=Ut9iRRX_9PZKRdF- net::ERR_ABORTED | /?_rsc=Ut9iRRX_9PZKRdF- net::ERR_ABORTED | /requests?_rsc=Ut9iRRX_9PZKRdF- net::ERR_ABORTED | /accounts?_rsc=Ut9iRRX_9PZKRdF- net::ERR_ABORTED | /contracts?_rsc=Ut9iRRX_9PZKRdF- net::ERR_ABORTED | /intelligence?_rsc=Ut9iRRX_9PZKRdF- net::ERR_ABORTED | /intelligence/bids?_rsc=Ut9iRRX_9PZKRdF- net::ERR_ABORTED | /analytics?_rsc=Ut9iRRX_9PZKRdF- net::ERR_ABORTED | /catalog?_rsc=Ut9iRRX_9PZKRdF- net::ERR_ABORTED | /catalog/gudid?_rsc=Ut9iRRX_9PZKRdF- net::ERR_ABORTED | /requests/new?_rsc=Ut9iRRX_9PZKRdF- net::ERR_ABORTED | /approvals?_rsc=AU6DTT46DVXZ7jWj net::ERR_ABORTED | /?_rsc=AU6DTT46DVXZ7jWj net::ERR_ABORTED | /requests?_rsc=AU6DTT46DVXZ7jWj net::ERR_ABORTED | /proposals?_rsc=AU6DTT46DVXZ7jWj net::ERR_ABORTED | /accounts?_rsc=AU6DTT46DVXZ7jWj net::ERR_ABORTED | /contracts?_rsc=AU6DTT46DVXZ7jWj net::ERR_ABORTED | /intelligence?_rsc=AU6DTT46DVXZ7jWj net::ERR_ABORTED | /analytics?_rsc=AU6DTT46DVXZ7jWj net::ERR_ABORTED | /catalog?_rsc=AU6DTT46DVXZ7jWj net::ERR_ABORTED | /crosses?_rsc=AU6DTT46DVXZ7jWj net::ERR_ABORTED | /catalog/gudid?_rsc=AU6DTT46DVXZ7jWj net::ERR_ABORTED | /settings?_rsc=AU6DTT46DVXZ7jWj net::ERR_ABORTED | /notifications?_rsc=AU6DTT46DVXZ7jWj net::ERR_ABORTED | /requests/new?_rsc=AU6DTT46DVXZ7jWj net::ERR_ABORTED","","0","0","0","New request ; Switch user ; Delegate my approvals"
"REGIONAL_MANAGER","/accounts","/accounts","200","Accounts & GPO membership","","","0","/?_rsc=iZGmHDWBA-6V7KTQ net::ERR_ABORTED | /requests?_rsc=iZGmHDWBA-6V7KTQ net::ERR_ABORTED | /proposals?_rsc=iZGmHDWBA-6V7KTQ net::ERR_ABORTED | /intelligence?_rsc=iZGmHDWBA-6V7KTQ net::ERR_ABORTED | /intelligence/bids?_rsc=iZGmHDWBA-6V7KTQ net::ERR_ABORTED | /catalog?_rsc=iZGmHDWBA-6V7KTQ net::ERR_ABORTED | /analytics?_rsc=iZGmHDWBA-6V7KTQ net::ERR_ABORTED | /notifications?_rsc=iZGmHDWBA-6V7KTQ net::ERR_ABORTED | /catalog/gudid?_rsc=iZGmHDWBA-6V7KTQ net::ERR_ABORTED | /crosses?_rsc=iZGmHDWBA-6V7KTQ net::ERR_ABORTED | /settings?_rsc=iZGmHDWBA-6V7KTQ net::ERR_ABORTED | /requests/new?_rsc=iZGmHDWBA-6V7KTQ net::ERR_ABORTED | /accounts/cmuffqiii02rkfs7dzbqrnru0?_rsc=iZGmHDWBA-6V7KTQ net::ERR_ABORTED | /accounts/cmuffqiiq02rlfs7d9y1un1wd?_rsc=iZGmHDWBA-6V7KTQ net::ERR_ABORTED | /accounts/cmuffqiiv02rmfs7diaqvuvc9?_rsc=iZGmHDWBA-6V7KTQ net::ERR_ABORTED | /accounts/cmuffqiif02rjfs7dkcvn5i4a?_rsc=iZGmHDWBA-6V7KTQ net::ERR_ABORTED | /?_rsc=oRxEn_R9e10JER3Z net::ERR_ABORTED | /proposals?_rsc=oRxEn_R9e10JER3Z net::ERR_ABORTED | /requests?_rsc=oRxEn_R9e10JER3Z net::ERR_ABORTED | /approvals?_rsc=oRxEn_R9e10JER3Z net::ERR_ABORTED | /contracts?_rsc=oRxEn_R9e10JER3Z net::ERR_ABORTED | /accounts?_rsc=oRxEn_R9e10JER3Z net::ERR_ABORTED | /intelligence?_rsc=oRxEn_R9e10JER3Z net::ERR_ABORTED | /intelligence/bids?_rsc=oRxEn_R9e10JER3Z net::ERR_ABORTED | /catalog/gudid?_rsc=oRxEn_R9e10JER3Z net::ERR_ABORTED | /analytics?_rsc=oRxEn_R9e10JER3Z net::ERR_ABORTED | /crosses?_rsc=oRxEn_R9e10JER3Z net::ERR_ABORTED | /catalog?_rsc=oRxEn_R9e10JER3Z net::ERR_ABORTED | /settings?_rsc=oRxEn_R9e10JER3Z net::ERR_ABORTED | /notifications?_rsc=oRxEn_R9e10JER3Z net::ERR_ABORTED | /requests/new?_rsc=oRxEn_R9e10JER3Z net::ERR_ABORTED | /accounts/cmuffqiif02rjfs7dkcvn5i4a?_rsc=oRxEn_R9e10JER3Z net::ERR_ABORTED | /accounts/cmuffqiia02rifs7d9g96f4p7?_rsc=oRxEn_R9e10JER3Z net::ERR_ABORTED | /accounts/cmuffqiiv02rmfs7diaqvuvc9?_rsc=oRxEn_R9e10JER3Z net::ERR_ABORTED | /accounts/cmuffqiiq02rlfs7d9y1un1wd?_rsc=oRxEn_R9e10JER3Z net::ERR_ABORTED","","0","0","0","New request ; Switch user"
"REGIONAL_MANAGER","/accounts/[id]","/accounts/cmuffqiii02rkfs7dzbqrnru0","200","Hospital A — Mount Vernon General","","","0","/approvals?_rsc=mfJnIb6u-3Mn-ESD net::ERR_ABORTED | /?_rsc=mfJnIb6u-3Mn-ESD net::ERR_ABORTED | /requests?_rsc=mfJnIb6u-3Mn-ESD net::ERR_ABORTED | /proposals?_rsc=mfJnIb6u-3Mn-ESD net::ERR_ABORTED | /contracts?_rsc=mfJnIb6u-3Mn-ESD net::ERR_ABORTED | /intelligence?_rsc=mfJnIb6u-3Mn-ESD net::ERR_ABORTED | /catalog/gudid?_rsc=mfJnIb6u-3Mn-ESD net::ERR_ABORTED | /crosses?_rsc=mfJnIb6u-3Mn-ESD net::ERR_ABORTED | /requests/new?_rsc=mfJnIb6u-3Mn-ESD net::ERR_ABORTED | /notifications?_rsc=mfJnIb6u-3Mn-ESD net::ERR_ABORTED | /settings?_rsc=mfJnIb6u-3Mn-ESD net::ERR_ABORTED | /contracts/cmuffqio702syfs7d0fonyhf3?_rsc=mfJnIb6u-3Mn-ESD net::ERR_ABORTED | /approvals?_rsc=pzgFYKDD5bs714zj net::ERR_ABORTED | /?_rsc=pzgFYKDD5bs714zj net::ERR_ABORTED | /requests?_rsc=pzgFYKDD5bs714zj net::ERR_ABORTED | /proposals?_rsc=pzgFYKDD5bs714zj net::ERR_ABORTED | /accounts?_rsc=pzgFYKDD5bs714zj net::ERR_ABORTED | /contracts?_rsc=pzgFYKDD5bs714zj net::ERR_ABORTED | /intelligence?_rsc=pzgFYKDD5bs714zj net::ERR_ABORTED | /intelligence/bids?_rsc=pzgFYKDD5bs714zj net::ERR_ABORTED | /analytics?_rsc=pzgFYKDD5bs714zj net::ERR_ABORTED | /catalog/gudid?_rsc=pzgFYKDD5bs714zj net::ERR_ABORTED | /crosses?_rsc=pzgFYKDD5bs714zj net::ERR_ABORTED | /catalog?_rsc=pzgFYKDD5bs714zj net::ERR_ABORTED | /settings?_rsc=pzgFYKDD5bs714zj net::ERR_ABORTED | /contracts/cmuffqio702syfs7d0fonyhf3?_rsc=pzgFYKDD5bs714zj net::ERR_ABORTED | /notifications?_rsc=pzgFYKDD5bs714zj net::ERR_ABORTED | /requests/new?_rsc=pzgFYKDD5bs714zj net::ERR_ABORTED","","0","1","0","New request ; Switch user"
"REGIONAL_MANAGER","/contracts","/contracts","200","Contracts & price context","","","0","/requests?_rsc=DzmfcRRfJeItXkgz net::ERR_ABORTED | /?_rsc=DzmfcRRfJeItXkgz net::ERR_ABORTED | /intelligence/bids?_rsc=DzmfcRRfJeItXkgz net::ERR_ABORTED | /intelligence?_rsc=DzmfcRRfJeItXkgz net::ERR_ABORTED | /catalog/gudid?_rsc=DzmfcRRfJeItXkgz net::ERR_ABORTED | /notifications?_rsc=DzmfcRRfJeItXkgz net::ERR_ABORTED | /settings?_rsc=DzmfcRRfJeItXkgz net::ERR_ABORTED | /contracts/cmuffqioe02szfs7dl658b8gy?_rsc=DzmfcRRfJeItXkgz net::ERR_ABORTED | /requests/new?_rsc=DzmfcRRfJeItXkgz net::ERR_ABORTED | /contracts/cmuffqio702syfs7d0fonyhf3?_rsc=DzmfcRRfJeItXkgz net::ERR_ABORTED | /?_rsc=2Ju2sngZl13OvaTN net::ERR_ABORTED | /requests?_rsc=2Ju2sngZl13OvaTN net::ERR_ABORTED | /proposals?_rsc=2Ju2sngZl13OvaTN net::ERR_ABORTED | /approvals?_rsc=2Ju2sngZl13OvaTN net::ERR_ABORTED | /accounts?_rsc=2Ju2sngZl13OvaTN net::ERR_ABORTED | /contracts?_rsc=2Ju2sngZl13OvaTN net::ERR_ABORTED | /intelligence?_rsc=2Ju2sngZl13OvaTN net::ERR_ABORTED | /analytics?_rsc=2Ju2sngZl13OvaTN net::ERR_ABORTED | /intelligence/bids?_rsc=2Ju2sngZl13OvaTN net::ERR_ABORTED | /catalog?_rsc=2Ju2sngZl13OvaTN net::ERR_ABORTED | /catalog/gudid?_rsc=2Ju2sngZl13OvaTN net::ERR_ABORTED | /crosses?_rsc=2Ju2sngZl13OvaTN net::ERR_ABORTED | /settings?_rsc=2Ju2sngZl13OvaTN net::ERR_ABORTED | /contracts/cmuffqio702syfs7d0fonyhf3?_rsc=2Ju2sngZl13OvaTN net::ERR_ABORTED | /notifications?_rsc=2Ju2sngZl13OvaTN net::ERR_ABORTED | /contracts/cmuffqioe02szfs7dl658b8gy?_rsc=2Ju2sngZl13OvaTN net::ERR_ABORTED | /requests/new?_rsc=2Ju2sngZl13OvaTN net::ERR_ABORTED","","0","1","0","New request ; Switch user ; New contract (disabled)"
"REGIONAL_MANAGER","/contracts/[id]","/contracts/cmuffqioe02szfs7dl658b8gy","200","MSK-LOCAL-2026 · MSK local mesh agreement","","","0","/proposals?_rsc=mef3hIvfndT_j2OY net::ERR_ABORTED | /approvals?_rsc=mef3hIvfndT_j2OY net::ERR_ABORTED | /?_rsc=mef3hIvfndT_j2OY net::ERR_ABORTED | /requests?_rsc=mef3hIvfndT_j2OY net::ERR_ABORTED | /accounts/cmuffqiif02rjfs7dkcvn5i4a?_rsc=mef3hIvfndT_j2OY net::ERR_ABORTED | /analytics?_rsc=mef3hIvfndT_j2OY net::ERR_ABORTED | /catalog?_rsc=mef3hIvfndT_j2OY net::ERR_ABORTED | /catalog/gudid?_rsc=mef3hIvfndT_j2OY net::ERR_ABORTED | /crosses?_rsc=mef3hIvfndT_j2OY net::ERR_ABORTED | /settings?_rsc=mef3hIvfndT_j2OY net::ERR_ABORTED | /notifications?_rsc=mef3hIvfndT_j2OY net::ERR_ABORTED | /?_rsc=4Gf8Hzsu8Hn8XV6X net::ERR_ABORTED | /requests?_rsc=4Gf8Hzsu8Hn8XV6X net::ERR_ABORTED | /proposals?_rsc=4Gf8Hzsu8Hn8XV6X net::ERR_ABORTED | /accounts/cmuffqiif02rjfs7dkcvn5i4a?_rsc=4Gf8Hzsu8Hn8XV6X net::ERR_ABORTED | /approvals?_rsc=4Gf8Hzsu8Hn8XV6X net::ERR_ABORTED | /contracts?_rsc=4Gf8Hzsu8Hn8XV6X net::ERR_ABORTED | /intelligence?_rsc=4Gf8Hzsu8Hn8XV6X net::ERR_ABORTED | /accounts?_rsc=4Gf8Hzsu8Hn8XV6X net::ERR_ABORTED | /catalog/gudid?_rsc=4Gf8Hzsu8Hn8XV6X net::ERR_ABORTED | /catalog?_rsc=4Gf8Hzsu8Hn8XV6X net::ERR_ABORTED | /intelligence/bids?_rsc=4Gf8Hzsu8Hn8XV6X net::ERR_ABORTED | /analytics?_rsc=4Gf8Hzsu8Hn8XV6X net::ERR_ABORTED | /notifications?_rsc=4Gf8Hzsu8Hn8XV6X net::ERR_ABORTED | /settings?_rsc=4Gf8Hzsu8Hn8XV6X net::ERR_ABORTED | /requests/new?_rsc=4Gf8Hzsu8Hn8XV6X net::ERR_ABORTED | /crosses?_rsc=4Gf8Hzsu8Hn8XV6X net::ERR_ABORTED","","0","1","0","New request ; Switch user ; Refresh performance ; Save entries (disabled)"
"REGIONAL_MANAGER","/intelligence","/intelligence","200","Competitor pricing","","","0","/proposals?_rsc=3fD0047dUoUPXvG2 net::ERR_ABORTED | /?_rsc=3fD0047dUoUPXvG2 net::ERR_ABORTED | /requests?_rsc=3fD0047dUoUPXvG2 net::ERR_ABORTED | /approvals?_rsc=3fD0047dUoUPXvG2 net::ERR_ABORTED | /intelligence/bids?_rsc=3fD0047dUoUPXvG2 net::ERR_ABORTED | /catalog?_rsc=3fD0047dUoUPXvG2 net::ERR_ABORTED | /?_rsc=gu9LWiAQNzfrKsW2 net::ERR_ABORTED | /requests/new?_rsc=3fD0047dUoUPXvG2 net::ERR_ABORTED | /proposals?_rsc=gu9LWiAQNzfrKsW2 net::ERR_ABORTED | /approvals?_rsc=gu9LWiAQNzfrKsW2 net::ERR_ABORTED | /requests?_rsc=gu9LWiAQNzfrKsW2 net::ERR_ABORTED | /accounts?_rsc=gu9LWiAQNzfrKsW2 net::ERR_ABORTED | /intelligence?_rsc=gu9LWiAQNzfrKsW2 net::ERR_ABORTED | /intelligence/bids?_rsc=gu9LWiAQNzfrKsW2 net::ERR_ABORTED | /analytics?_rsc=gu9LWiAQNzfrKsW2 net::ERR_ABORTED | /contracts?_rsc=gu9LWiAQNzfrKsW2 net::ERR_ABORTED | /catalog?_rsc=gu9LWiAQNzfrKsW2 net::ERR_ABORTED | /catalog/gudid?_rsc=gu9LWiAQNzfrKsW2 net::ERR_ABORTED | /settings?_rsc=gu9LWiAQNzfrKsW2 net::ERR_ABORTED | /notifications?_rsc=gu9LWiAQNzfrKsW2 net::ERR_ABORTED | /requests/new?_rsc=gu9LWiAQNzfrKsW2 net::ERR_ABORTED | /crosses?_rsc=gu9LWiAQNzfrKsW2 net::ERR_ABORTED","","0","1","0","New request ; Switch user ; Import .xlsx / .csv ; INPUT ; Extract a document… ; 1190500 ; 113700 ; 1410015010 ; SPMII ; 1190816 ; 1190820 ; 1DLMC05 ; UPA31015 ; 1DLMC03 ; 1200710 ; 1190300 ; 112650 ; SPMXXL ; 1202025 ; 112660 ; 112680 ; 1201520 ; Record (disabled)"
"REGIONAL_MANAGER","/intelligence/bids","/intelligence/bids","200","Public bids and awards","","","0","/?_rsc=2gWrMJaxdn-CU2fc net::ERR_ABORTED | /requests?_rsc=2gWrMJaxdn-CU2fc net::ERR_ABORTED | /proposals?_rsc=2gWrMJaxdn-CU2fc net::ERR_ABORTED | /approvals?_rsc=2gWrMJaxdn-CU2fc net::ERR_ABORTED | /accounts?_rsc=2gWrMJaxdn-CU2fc net::ERR_ABORTED | /contracts?_rsc=2gWrMJaxdn-CU2fc net::ERR_ABORTED | /intelligence?_rsc=2gWrMJaxdn-CU2fc net::ERR_ABORTED | /analytics?_rsc=2gWrMJaxdn-CU2fc net::ERR_ABORTED | /catalog?_rsc=2gWrMJaxdn-CU2fc net::ERR_ABORTED | /catalog/gudid?_rsc=2gWrMJaxdn-CU2fc net::ERR_ABORTED | /crosses?_rsc=2gWrMJaxdn-CU2fc net::ERR_ABORTED | /settings?_rsc=2gWrMJaxdn-CU2fc net::ERR_ABORTED | /notifications?_rsc=2gWrMJaxdn-CU2fc net::ERR_ABORTED | /requests/new?_rsc=2gWrMJaxdn-CU2fc net::ERR_ABORTED | /approvals?_rsc=W5McYxvxTMCZbYJx net::ERR_ABORTED | /requests?_rsc=W5McYxvxTMCZbYJx net::ERR_ABORTED | /proposals?_rsc=W5McYxvxTMCZbYJx net::ERR_ABORTED | /?_rsc=W5McYxvxTMCZbYJx net::ERR_ABORTED | /intelligence?_rsc=W5McYxvxTMCZbYJx net::ERR_ABORTED | /intelligence/bids?_rsc=W5McYxvxTMCZbYJx net::ERR_ABORTED | /contracts?_rsc=W5McYxvxTMCZbYJx net::ERR_ABORTED | /accounts?_rsc=W5McYxvxTMCZbYJx net::ERR_ABORTED | /catalog?_rsc=W5McYxvxTMCZbYJx net::ERR_ABORTED | /crosses?_rsc=W5McYxvxTMCZbYJx net::ERR_ABORTED | /requests/new?_rsc=W5McYxvxTMCZbYJx net::ERR_ABORTED | /settings?_rsc=W5McYxvxTMCZbYJx net::ERR_ABORTED","","0","0","0","New request ; Switch user ; Pull (disabled) ; Pull ; Save (disabled) ; Bid file"
"REGIONAL_MANAGER","/intelligence/extractions/[id]","/intelligence/extractions/missing0000000000000000","200","Extraction","Failed to load resource: the server responded with a status of 404 (Not Found)","","0","/?_rsc=VJB2dfGule5Oh2L3 net::ERR_ABORTED | /requests?_rsc=VJB2dfGule5Oh2L3 net::ERR_ABORTED | /proposals?_rsc=VJB2dfGule5Oh2L3 net::ERR_ABORTED | /approvals?_rsc=VJB2dfGule5Oh2L3 net::ERR_ABORTED | /contracts?_rsc=VJB2dfGule5Oh2L3 net::ERR_ABORTED | /intelligence?_rsc=VJB2dfGule5Oh2L3 net::ERR_ABORTED | /intelligence/bids?_rsc=VJB2dfGule5Oh2L3 net::ERR_ABORTED | /accounts?_rsc=VJB2dfGule5Oh2L3 net::ERR_ABORTED | /analytics?_rsc=VJB2dfGule5Oh2L3 net::ERR_ABORTED | /catalog?_rsc=VJB2dfGule5Oh2L3 net::ERR_ABORTED | /catalog/gudid?_rsc=VJB2dfGule5Oh2L3 net::ERR_ABORTED | /settings?_rsc=VJB2dfGule5Oh2L3 net::ERR_ABORTED | /notifications?_rsc=VJB2dfGule5Oh2L3 net::ERR_ABORTED | /requests/new?_rsc=VJB2dfGule5Oh2L3 net::ERR_ABORTED | /?_rsc=wBL8jh-0AxNJNXN_ net::ERR_ABORTED | /accounts?_rsc=wBL8jh-0AxNJNXN_ net::ERR_ABORTED | /proposals?_rsc=wBL8jh-0AxNJNXN_ net::ERR_ABORTED | /approvals?_rsc=wBL8jh-0AxNJNXN_ net::ERR_ABORTED | /requests?_rsc=wBL8jh-0AxNJNXN_ net::ERR_ABORTED | /analytics?_rsc=wBL8jh-0AxNJNXN_ net::ERR_ABORTED | /contracts?_rsc=wBL8jh-0AxNJNXN_ net::ERR_ABORTED | /intelligence?_rsc=wBL8jh-0AxNJNXN_ net::ERR_ABORTED | /intelligence/bids?_rsc=wBL8jh-0AxNJNXN_ net::ERR_ABORTED | /catalog/gudid?_rsc=wBL8jh-0AxNJNXN_ net::ERR_ABORTED | /crosses?_rsc=wBL8jh-0AxNJNXN_ net::ERR_ABORTED | /catalog?_rsc=wBL8jh-0AxNJNXN_ net::ERR_ABORTED | /settings?_rsc=wBL8jh-0AxNJNXN_ net::ERR_ABORTED | /requests/new?_rsc=wBL8jh-0AxNJNXN_ net::ERR_ABORTED | /notifications?_rsc=wBL8jh-0AxNJNXN_ net::ERR_ABORTED","404 /api/documents/extractions/missing0000000000000000","0","0","0","New request ; Switch user"
"REGIONAL_MANAGER","/analytics","/analytics","200","Commercial feedback loop","","","0","/?_rsc=ix5_aAief6TvBg04 net::ERR_ABORTED | /requests?_rsc=ix5_aAief6TvBg04 net::ERR_ABORTED | /proposals?_rsc=ix5_aAief6TvBg04 net::ERR_ABORTED | /approvals?_rsc=ix5_aAief6TvBg04 net::ERR_ABORTED | /intelligence/bids?_rsc=ix5_aAief6TvBg04 net::ERR_ABORTED | /intelligence?_rsc=ix5_aAief6TvBg04 net::ERR_ABORTED | /accounts?_rsc=ix5_aAief6TvBg04 net::ERR_ABORTED | /contracts?_rsc=ix5_aAief6TvBg04 net::ERR_ABORTED | /settings?_rsc=ix5_aAief6TvBg04 net::ERR_ABORTED | /catalog?_rsc=ix5_aAief6TvBg04 net::ERR_ABORTED | /catalog/gudid?_rsc=ix5_aAief6TvBg04 net::ERR_ABORTED | /crosses?_rsc=ix5_aAief6TvBg04 net::ERR_ABORTED | /notifications?_rsc=ix5_aAief6TvBg04 net::ERR_ABORTED | /requests/new?_rsc=ix5_aAief6TvBg04 net::ERR_ABORTED | /approvals?_rsc=Dt318okBLJyNDlfE net::ERR_ABORTED | /?_rsc=Dt318okBLJyNDlfE net::ERR_ABORTED | /requests?_rsc=Dt318okBLJyNDlfE net::ERR_ABORTED | /proposals?_rsc=Dt318okBLJyNDlfE net::ERR_ABORTED | /accounts?_rsc=Dt318okBLJyNDlfE net::ERR_ABORTED | /contracts?_rsc=Dt318okBLJyNDlfE net::ERR_ABORTED | /intelligence?_rsc=Dt318okBLJyNDlfE net::ERR_ABORTED | /intelligence/bids?_rsc=Dt318okBLJyNDlfE net::ERR_ABORTED | /analytics?_rsc=Dt318okBLJyNDlfE net::ERR_ABORTED | /catalog?_rsc=Dt318okBLJyNDlfE net::ERR_ABORTED | /catalog/gudid?_rsc=Dt318okBLJyNDlfE net::ERR_ABORTED | /crosses?_rsc=Dt318okBLJyNDlfE net::ERR_ABORTED | /settings?_rsc=Dt318okBLJyNDlfE net::ERR_ABORTED | /notifications?_rsc=Dt318okBLJyNDlfE net::ERR_ABORTED | /requests/new?_rsc=Dt318okBLJyNDlfE net::ERR_ABORTED","","0","1","0","New request ; Switch user ; Refresh"
"REGIONAL_MANAGER","/catalog","/catalog","200","Our catalog","","","0","/approvals?_rsc=OYzo7EH3MGwwxBfF net::ERR_ABORTED | /?_rsc=OYzo7EH3MGwwxBfF net::ERR_ABORTED | /requests?_rsc=OYzo7EH3MGwwxBfF net::ERR_ABORTED | /proposals?_rsc=OYzo7EH3MGwwxBfF net::ERR_ABORTED | /intelligence?_rsc=OYzo7EH3MGwwxBfF net::ERR_ABORTED | /intelligence/bids?_rsc=OYzo7EH3MGwwxBfF net::ERR_ABORTED | /accounts?_rsc=OYzo7EH3MGwwxBfF net::ERR_ABORTED | /contracts?_rsc=OYzo7EH3MGwwxBfF net::ERR_ABORTED | /analytics?_rsc=OYzo7EH3MGwwxBfF net::ERR_ABORTED | /crosses?_rsc=OYzo7EH3MGwwxBfF net::ERR_ABORTED | /catalog/gudid?_rsc=OYzo7EH3MGwwxBfF net::ERR_ABORTED | /settings?_rsc=OYzo7EH3MGwwxBfF net::ERR_ABORTED | /requests/new?_rsc=OYzo7EH3MGwwxBfF net::ERR_ABORTED | /notifications?_rsc=OYzo7EH3MGwwxBfF net::ERR_ABORTED | /requests?_rsc=O6cAbYUSgs3KBG-F net::ERR_ABORTED | /?_rsc=O6cAbYUSgs3KBG-F net::ERR_ABORTED | /proposals?_rsc=O6cAbYUSgs3KBG-F net::ERR_ABORTED | /accounts?_rsc=O6cAbYUSgs3KBG-F net::ERR_ABORTED | /approvals?_rsc=O6cAbYUSgs3KBG-F net::ERR_ABORTED | /contracts?_rsc=O6cAbYUSgs3KBG-F net::ERR_ABORTED | /intelligence?_rsc=O6cAbYUSgs3KBG-F net::ERR_ABORTED | /intelligence/bids?_rsc=O6cAbYUSgs3KBG-F net::ERR_ABORTED | /analytics?_rsc=O6cAbYUSgs3KBG-F net::ERR_ABORTED | /catalog?_rsc=O6cAbYUSgs3KBG-F net::ERR_ABORTED | /catalog/gudid?_rsc=O6cAbYUSgs3KBG-F net::ERR_ABORTED | /settings?_rsc=O6cAbYUSgs3KBG-F net::ERR_ABORTED | /crosses?_rsc=O6cAbYUSgs3KBG-F net::ERR_ABORTED | /requests/new?_rsc=O6cAbYUSgs3KBG-F net::ERR_ABORTED | /notifications?_rsc=O6cAbYUSgs3KBG-F net::ERR_ABORTED","","0","1","0","New request ; Switch user ; GUDID library ; 174006 ; ABSTACK30 ; ABSTACK30X ; PCO2015X ; PCO2520X ; PCO9X ; 11-1276 ; 11-1278 ; 171305 ; 173019 ; 173030 ; 173046 ; 173049 ; 173050G ; 174001 ; 174209 ; 174213 ; 174233 ; 174301 ; 174309 ; 174317 ; 174601 ; 176605 ; 176613 ; 176643 ; 176645 ; 176647 ; 178081 ; 178083 ; 178091 ; 178093 ; 178099 ; 25030 ; CATCH10 ; E3781-28 ; E3781R-28ASP ; E3783-28 ; E3783R-28ASP ; E3783R-36ASP ; LF1837 ; LF5637 ; SILSCLINCH46 ; SILSDISSECT46 ; SILSHOOK36 ; SILSHOOK46 ; SILSSHEAR46 ; WPLGR914 ; WPXLGR1117 ; 010316L ; 010460 ; 010470 ; 015427L ; 015433L ; 015441L ; 015451L ; 015458L ; 015477L ; 015485L ; 015888L ; 017614 ; 020242 ; 030330L ; 030412 ; 030424L ; 030425 ; 030426 ; 030454 ; 030470 ; 030735L ; 059037 ; 111981 ; 111983 ; 111985 ; 111987 ; 111989 ; 3948L ; 3971 ; 3973 ; 4901T ; 8886803712 ; EEA21 ; EEA2135 ; EEA25 ; EEA2535 ; EEA28 ; EEA2835 ; EEA31 ; EEA33 ; EEAXL21 ; EEAXL2135 ; EEAXL25 ; EEAXL2535 ; EEAXL28 ; EEAXL2835 ; EEAXL31 ; EEAXL33 ; EGIA45AMT ; EGIA45AV ; EGIA45AVM ; EGIA45CTAVM ; EGIA60AMT ; EGIA60AVM ; EGIA60AXT ; EGIARADMT ; EGIARADVM ; EGIARADXT ; EGIAUSHORT ; EGIAUSTND ; EGIAUXL ; GIA10038L ; GIA10038S ; GIA10048L ; GIA10048S ; GIA6025L ; GIA6025S ; GIA6038L ; GIA6038S ; GIA6048L ; GIA6048S ; GIA60MTC ; GIA60MTS ; GIA60XTC ; GIA60XTS ; GIA8038L ; GIA8038S ; GIA8048L ; GIA8048S ; GIA80MTC ; GIA80MTS ; GIA80XTC ; GIA80XTS ; HEM3335 ; HEM3348 ; IDRVULTRA1 ; SGIA6038S ; SIG30AMT ; SIG30AV ; SIG30AVM ; SIG30CTAV ; SIG30CTAVM ; SIG45AMT ; SIG45AXT ; SIG45CTAMT ; SIG45CTAV ; SIG45CTAVM ; SIG60AMT ; SIG60AXT ; SIG60CTAMT ; SIG60CTAVM ; SIGADAPTSHORT ; SIGADAPTSTND ; SIGADAPTXL ; SIGC45MT ; SIGC45V ; SIGC45VM ; SIGC45VT ; SIGC60MT ; SIGC60V ; SIGC60VM ; SIGC60VT ; SIGLU45A ; SIGLU60A ; SIGPSHELL ; SIGRADMT ; SIGRADVM ; SIGRADXT ; SIGSDL45CTVT ; SIGSDS30CTV ; SIGSDS30CTVT ; SIGTRSB45AMT ; SIGTRSB45AXT ; SIGTRSB60AMT ; SIGTRSB60AXT ; TA3035L ; TA3035S ; TA3048L ; TA3048S ; TA30V3L ; TA30V3S ; TA4535L ; TA4535S ; TA4548L ; TA4548S ; TA6035L ; TA6035S ; TA6048L ; TA6048S ; TA9035L ; TA9035S ; TA9048L ; TA9048S ; TRIEEA28MT ; TRIEEA28XT ; TRIEEA31MT ; TRIEEA31XT ; TRIEEAXL28MT ; TRIEEAXL28XT ; TRIEEAXL31MT ; TRIEEAXL31XT ; TRIEEAXL33MT ; PPDS12 ; PPDS15 ; PPDS1510 ; PPDS2015 ; PPM1106X3 ; PPM1510X3 ; PPM4530 ; 171313 ; 171315 ; 172015 ; 172016 ; 176626P ; 176673P ; 176674P ; 176674PF ; 177090P ; 177090PF ; 177091P ; 177091PF ; 177092 ; 177092F ; 177992P ; 177995P ; 179076P ; 179077P ; 179078PF ; 179093 ; 179093F ; 179094 ; 179094F ; 179095P ; 179096P ; 179096PF ; 179097P ; 179097PF ; 179100 ; 179101 ; 179102P ; 179301 ; 179303 ; 179305 ; 179307 ; 179308 ; 179309 ; 179310 ; 21-345 ; 220-50 ; 24055- ; 4216 ; B11STF ; B11STS ; B12LGF ; B12LGS ; B12STF ; B12STFCS ; B12STS ; B5SHF ; B5SHS ; B5STF ; B5STS ; BPT12STS ; MS100703 ; MS100705 ; MS100708 ; MS101003 ; MS101005 ; MS101008 ; NB11STF ; NB12LGF ; NB12SHF ; NB12STF ; NB12STS ; NB15LGF ; NB15STF ; NB3SHFLP ; NB5LGF ; NB5SHF ; NB5SHFLP ; NB5STF ; NB5STFLP ; NBFCA11ST ; NBFCA12ST ; NONB11STF ; NONB12LGF ; NONB12SHF ; NONB12STF ; NONB12STS ; NONB15LGF ; NONB15STF ; NONB5LGF ; NONB5SHF ; NONB5STF ; NONB8STF ; OMS-T10BT ; OMS-T10BTNL ; OMS-T10BTS ; OMS-T10BTSNL ; OMS-T12BT ; OMS-T12BTNL ; ONB11LGF ; ONB11STF ; ONB12LGF ; ONB12SHF ; ONB12STF ; ONB12STF-NSB ; ONB12STFCS ; ONB12STS ; ONB15STF ; ONB5LGF ; ONB5SHF ; ONB5STF ; ONB5STF-NSB ; ONB5STF2C ; ONBFCA11ST ; S100000 ; S100700 ; S100705 ; S100710 ; S100712 ; S101000 ; S101005 ; S101010 ; S101012 ; S110000 ; SILSPT12TA ; SILSPT5TA ; UNVCA11STF ; UNVCA12LGF ; UNVCA12STF ; UNVCA12STF-NSB ; UNVCA12STS ; UNVCA5LGF ; UNVCA5SHF ; UNVCA5STF ; VS070000 ; VS100700 ; VS100705 ; VS100711P ; VS100712P ; VS101000 ; VS101005 ; VS101011P ; VS101012P ; VS101015P ; VS101500 ; VS101505 ; VS101512P ; VS150000 ; VSR100005 ; VSR100812P ; WPMD509 ; WPSM256 ; WPXSM24"
"REGIONAL_MANAGER","/catalog/gudid","/catalog/gudid","200","GUDID library","","","0","/?_rsc=DGmoGnAw5OqJpMhM net::ERR_ABORTED | /requests?_rsc=DGmoGnAw5OqJpMhM net::ERR_ABORTED | /proposals?_rsc=DGmoGnAw5OqJpMhM net::ERR_ABORTED | /accounts?_rsc=DGmoGnAw5OqJpMhM net::ERR_ABORTED | /contracts?_rsc=DGmoGnAw5OqJpMhM net::ERR_ABORTED | /intelligence?_rsc=DGmoGnAw5OqJpMhM net::ERR_ABORTED | /intelligence/bids?_rsc=DGmoGnAw5OqJpMhM net::ERR_ABORTED | /analytics?_rsc=DGmoGnAw5OqJpMhM net::ERR_ABORTED | /crosses?_rsc=DGmoGnAw5OqJpMhM net::ERR_ABORTED | /settings?_rsc=DGmoGnAw5OqJpMhM net::ERR_ABORTED | /notifications?_rsc=DGmoGnAw5OqJpMhM net::ERR_ABORTED | /requests/new?_rsc=DGmoGnAw5OqJpMhM net::ERR_ABORTED | /?_rsc=Z9EVd8HHdUwJDdIQ net::ERR_ABORTED | /approvals?_rsc=Z9EVd8HHdUwJDdIQ net::ERR_ABORTED | /requests?_rsc=Z9EVd8HHdUwJDdIQ net::ERR_ABORTED | /proposals?_rsc=Z9EVd8HHdUwJDdIQ net::ERR_ABORTED | /accounts?_rsc=Z9EVd8HHdUwJDdIQ net::ERR_ABORTED | /contracts?_rsc=Z9EVd8HHdUwJDdIQ net::ERR_ABORTED | /intelligence/bids?_rsc=Z9EVd8HHdUwJDdIQ net::ERR_ABORTED | /intelligence?_rsc=Z9EVd8HHdUwJDdIQ net::ERR_ABORTED | /analytics?_rsc=Z9EVd8HHdUwJDdIQ net::ERR_ABORTED | /catalog/gudid?_rsc=Z9EVd8HHdUwJDdIQ net::ERR_ABORTED | /catalog?_rsc=Z9EVd8HHdUwJDdIQ net::ERR_ABORTED | /crosses?_rsc=Z9EVd8HHdUwJDdIQ net::ERR_ABORTED | /notifications?_rsc=Z9EVd8HHdUwJDdIQ net::ERR_ABORTED | /settings?_rsc=Z9EVd8HHdUwJDdIQ net::ERR_ABORTED | /requests/new?_rsc=Z9EVd8HHdUwJDdIQ net::ERR_ABORTED","","0","0","0","New request ; Switch user"
"REGIONAL_MANAGER","/crosses","/crosses","200","Crosswalk","","","0","/?_rsc=zAn-vlYtEcVbUMJ6 net::ERR_ABORTED | /requests?_rsc=zAn-vlYtEcVbUMJ6 net::ERR_ABORTED | /proposals?_rsc=zAn-vlYtEcVbUMJ6 net::ERR_ABORTED | /intelligence?_rsc=zAn-vlYtEcVbUMJ6 net::ERR_ABORTED | /intelligence/bids?_rsc=zAn-vlYtEcVbUMJ6 net::ERR_ABORTED | /analytics?_rsc=zAn-vlYtEcVbUMJ6 net::ERR_ABORTED | /catalog?_rsc=zAn-vlYtEcVbUMJ6 net::ERR_ABORTED | /catalog/gudid?_rsc=zAn-vlYtEcVbUMJ6 net::ERR_ABORTED | /notifications?_rsc=zAn-vlYtEcVbUMJ6 net::ERR_ABORTED | /requests/new?_rsc=zAn-vlYtEcVbUMJ6 net::ERR_ABORTED | /?_rsc=aniPmKjMQR6zCALO net::ERR_ABORTED | /requests?_rsc=aniPmKjMQR6zCALO net::ERR_ABORTED | /contracts?_rsc=aniPmKjMQR6zCALO net::ERR_ABORTED | /accounts?_rsc=aniPmKjMQR6zCALO net::ERR_ABORTED | /proposals?_rsc=aniPmKjMQR6zCALO net::ERR_ABORTED | /approvals?_rsc=aniPmKjMQR6zCALO net::ERR_ABORTED | /analytics?_rsc=aniPmKjMQR6zCALO net::ERR_ABORTED | /catalog?_rsc=aniPmKjMQR6zCALO net::ERR_ABORTED | /intelligence?_rsc=aniPmKjMQR6zCALO net::ERR_ABORTED | /intelligence/bids?_rsc=aniPmKjMQR6zCALO net::ERR_ABORTED | /notifications?_rsc=aniPmKjMQR6zCALO net::ERR_ABORTED | /catalog/gudid?_rsc=aniPmKjMQR6zCALO net::ERR_ABORTED | /crosses?_rsc=aniPmKjMQR6zCALO net::ERR_ABORTED | /settings?_rsc=aniPmKjMQR6zCALO net::ERR_ABORTED | /requests/new?_rsc=aniPmKjMQR6zCALO net::ERR_ABORTED","","0","0","0","New request ; Switch user"
"REGIONAL_MANAGER","/notifications","/notifications","200","Notifications","","","0","/?_rsc=oG-rbVP81bj5yHs2 net::ERR_ABORTED | /approvals?_rsc=oG-rbVP81bj5yHs2 net::ERR_ABORTED | /intelligence?_rsc=oG-rbVP81bj5yHs2 net::ERR_ABORTED | /catalog?_rsc=oG-rbVP81bj5yHs2 net::ERR_ABORTED | /intelligence/bids?_rsc=oG-rbVP81bj5yHs2 net::ERR_ABORTED | /analytics?_rsc=oG-rbVP81bj5yHs2 net::ERR_ABORTED | /settings?_rsc=oG-rbVP81bj5yHs2 net::ERR_ABORTED | /requests/new?_rsc=oG-rbVP81bj5yHs2 net::ERR_ABORTED | /requests?_rsc=FxIb9Zh5xrkPNSW4 net::ERR_ABORTED | /proposals?_rsc=FxIb9Zh5xrkPNSW4 net::ERR_ABORTED | /?_rsc=FxIb9Zh5xrkPNSW4 net::ERR_ABORTED | /approvals?_rsc=FxIb9Zh5xrkPNSW4 net::ERR_ABORTED | /contracts?_rsc=FxIb9Zh5xrkPNSW4 net::ERR_ABORTED | /analytics?_rsc=FxIb9Zh5xrkPNSW4 net::ERR_ABORTED | /intelligence?_rsc=FxIb9Zh5xrkPNSW4 net::ERR_ABORTED | /intelligence/bids?_rsc=FxIb9Zh5xrkPNSW4 net::ERR_ABORTED | /catalog?_rsc=FxIb9Zh5xrkPNSW4 net::ERR_ABORTED | /catalog/gudid?_rsc=FxIb9Zh5xrkPNSW4 net::ERR_ABORTED | /crosses?_rsc=FxIb9Zh5xrkPNSW4 net::ERR_ABORTED | /settings?_rsc=FxIb9Zh5xrkPNSW4 net::ERR_ABORTED | /requests/new?_rsc=FxIb9Zh5xrkPNSW4 net::ERR_ABORTED | /notifications?_rsc=FxIb9Zh5xrkPNSW4 net::ERR_ABORTED","","0","0","0","New request ; Switch user ; Mark all read ; Read"
"REGIONAL_MANAGER","/settings","/settings","200","Settings","","","0","/?_rsc=DQxjArDrgutTG17x net::ERR_ABORTED | /proposals?_rsc=DQxjArDrgutTG17x net::ERR_ABORTED | /approvals?_rsc=DQxjArDrgutTG17x net::ERR_ABORTED | /contracts?_rsc=DQxjArDrgutTG17x net::ERR_ABORTED | /intelligence?_rsc=DQxjArDrgutTG17x net::ERR_ABORTED | /intelligence/bids?_rsc=DQxjArDrgutTG17x net::ERR_ABORTED | /analytics?_rsc=DQxjArDrgutTG17x net::ERR_ABORTED | /catalog?_rsc=DQxjArDrgutTG17x net::ERR_ABORTED | /catalog/gudid?_rsc=DQxjArDrgutTG17x net::ERR_ABORTED | /crosses?_rsc=DQxjArDrgutTG17x net::ERR_ABORTED | /notifications?_rsc=DQxjArDrgutTG17x net::ERR_ABORTED | /requests/new?_rsc=DQxjArDrgutTG17x net::ERR_ABORTED | /settings/pricing?_rsc=DQxjArDrgutTG17x net::ERR_ABORTED | /approvals?_rsc=j-_vjoKOn8bxlRO7 net::ERR_ABORTED | /proposals?_rsc=j-_vjoKOn8bxlRO7 net::ERR_ABORTED | /?_rsc=j-_vjoKOn8bxlRO7 net::ERR_ABORTED | /requests?_rsc=j-_vjoKOn8bxlRO7 net::ERR_ABORTED | /accounts?_rsc=j-_vjoKOn8bxlRO7 net::ERR_ABORTED | /contracts?_rsc=j-_vjoKOn8bxlRO7 net::ERR_ABORTED | /intelligence?_rsc=j-_vjoKOn8bxlRO7 net::ERR_ABORTED | /intelligence/bids?_rsc=j-_vjoKOn8bxlRO7 net::ERR_ABORTED | /analytics?_rsc=j-_vjoKOn8bxlRO7 net::ERR_ABORTED | /catalog?_rsc=j-_vjoKOn8bxlRO7 net::ERR_ABORTED | /catalog/gudid?_rsc=j-_vjoKOn8bxlRO7 net::ERR_ABORTED | /crosses?_rsc=j-_vjoKOn8bxlRO7 net::ERR_ABORTED | /settings?_rsc=j-_vjoKOn8bxlRO7 net::ERR_ABORTED | /settings/pricing?_rsc=j-_vjoKOn8bxlRO7 net::ERR_ABORTED | /notifications?_rsc=j-_vjoKOn8bxlRO7 net::ERR_ABORTED | /requests/new?_rsc=j-_vjoKOn8bxlRO7 net::ERR_ABORTED","","0","0","0","New request ; Switch user ; Save (disabled) ; Details ; How to connect"
"REGIONAL_MANAGER","/settings/integrations","/settings/integrations","200","Settings","","","0","/requests?_rsc=DQxjArDrgutTG17x net::ERR_ABORTED | /requests/new?_rsc=DQxjArDrgutTG17x net::ERR_ABORTED | /settings/pricing?_rsc=DQxjArDrgutTG17x net::ERR_ABORTED | /?_rsc=j-_vjoKOn8bxlRO7 net::ERR_ABORTED | /requests?_rsc=j-_vjoKOn8bxlRO7 net::ERR_ABORTED | /proposals?_rsc=j-_vjoKOn8bxlRO7 net::ERR_ABORTED | /intelligence?_rsc=j-_vjoKOn8bxlRO7 net::ERR_ABORTED | /intelligence/bids?_rsc=j-_vjoKOn8bxlRO7 net::ERR_ABORTED | /analytics?_rsc=j-_vjoKOn8bxlRO7 net::ERR_ABORTED | /catalog?_rsc=j-_vjoKOn8bxlRO7 net::ERR_ABORTED | /catalog/gudid?_rsc=j-_vjoKOn8bxlRO7 net::ERR_ABORTED | /crosses?_rsc=j-_vjoKOn8bxlRO7 net::ERR_ABORTED | /settings?_rsc=j-_vjoKOn8bxlRO7 net::ERR_ABORTED | /notifications?_rsc=j-_vjoKOn8bxlRO7 net::ERR_ABORTED | /requests/new?_rsc=j-_vjoKOn8bxlRO7 net::ERR_ABORTED | /settings/pricing?_rsc=j-_vjoKOn8bxlRO7 net::ERR_ABORTED","","0","0","0","New request ; Switch user ; Save (disabled) ; Details ; How to connect"
"REGIONAL_MANAGER","/settings/pricing","/settings/pricing","200","Pricing policies","","","0","/approvals?_rsc=8oSST31HPn0UlEto net::ERR_ABORTED | /?_rsc=8oSST31HPn0UlEto net::ERR_ABORTED | /requests?_rsc=8oSST31HPn0UlEto net::ERR_ABORTED | /proposals?_rsc=8oSST31HPn0UlEto net::ERR_ABORTED | /accounts?_rsc=8oSST31HPn0UlEto net::ERR_ABORTED | /contracts?_rsc=8oSST31HPn0UlEto net::ERR_ABORTED | /intelligence?_rsc=8oSST31HPn0UlEto net::ERR_ABORTED | /intelligence/bids?_rsc=8oSST31HPn0UlEto net::ERR_ABORTED | /analytics?_rsc=8oSST31HPn0UlEto net::ERR_ABORTED | /catalog?_rsc=8oSST31HPn0UlEto net::ERR_ABORTED | /catalog/gudid?_rsc=8oSST31HPn0UlEto net::ERR_ABORTED | /crosses?_rsc=8oSST31HPn0UlEto net::ERR_ABORTED | /settings?_rsc=8oSST31HPn0UlEto net::ERR_ABORTED | /notifications?_rsc=8oSST31HPn0UlEto net::ERR_ABORTED | /requests/new?_rsc=8oSST31HPn0UlEto net::ERR_ABORTED | /?_rsc=_Ie442TgELs3Q458 net::ERR_ABORTED | /accounts?_rsc=_Ie442TgELs3Q458 net::ERR_ABORTED | /requests?_rsc=_Ie442TgELs3Q458 net::ERR_ABORTED | /proposals?_rsc=_Ie442TgELs3Q458 net::ERR_ABORTED | /approvals?_rsc=_Ie442TgELs3Q458 net::ERR_ABORTED | /intelligence?_rsc=_Ie442TgELs3Q458 net::ERR_ABORTED | /analytics?_rsc=_Ie442TgELs3Q458 net::ERR_ABORTED | /contracts?_rsc=_Ie442TgELs3Q458 net::ERR_ABORTED | /crosses?_rsc=_Ie442TgELs3Q458 net::ERR_ABORTED | /settings?_rsc=_Ie442TgELs3Q458 net::ERR_ABORTED | /catalog?_rsc=_Ie442TgELs3Q458 net::ERR_ABORTED | /catalog/gudid?_rsc=_Ie442TgELs3Q458 net::ERR_ABORTED | /notifications?_rsc=_Ie442TgELs3Q458 net::ERR_ABORTED | /requests/new?_rsc=_Ie442TgELs3Q458 net::ERR_ABORTED","","0","0","0","New request ; Switch user ; New draft (disabled)"
"CONTRACTING_MANAGER","/","/","200","Competitive cross reference","","","0","/proposals?_rsc=5CB68i4pnAekjehf net::ERR_ABORTED | /approvals?_rsc=5CB68i4pnAekjehf net::ERR_ABORTED | /accounts?_rsc=5CB68i4pnAekjehf net::ERR_ABORTED | /contracts?_rsc=5CB68i4pnAekjehf net::ERR_ABORTED | /intelligence?_rsc=5CB68i4pnAekjehf net::ERR_ABORTED | /intelligence/bids?_rsc=5CB68i4pnAekjehf net::ERR_ABORTED | /analytics?_rsc=5CB68i4pnAekjehf net::ERR_ABORTED | /catalog?_rsc=5CB68i4pnAekjehf net::ERR_ABORTED | /catalog/gudid?_rsc=5CB68i4pnAekjehf net::ERR_ABORTED | /crosses?_rsc=5CB68i4pnAekjehf net::ERR_ABORTED | /settings?_rsc=5CB68i4pnAekjehf net::ERR_ABORTED | /requests/new?_rsc=5CB68i4pnAekjehf net::ERR_ABORTED | /notifications?_rsc=5CB68i4pnAekjehf net::ERR_ABORTED | /?_rsc=tXyZJ52UQVBCVsD3 net::ERR_ABORTED | /proposals?_rsc=tXyZJ52UQVBCVsD3 net::ERR_ABORTED | /requests?_rsc=tXyZJ52UQVBCVsD3 net::ERR_ABORTED | /approvals?_rsc=tXyZJ52UQVBCVsD3 net::ERR_ABORTED | /accounts?_rsc=tXyZJ52UQVBCVsD3 net::ERR_ABORTED | /intelligence?_rsc=tXyZJ52UQVBCVsD3 net::ERR_ABORTED | /contracts?_rsc=tXyZJ52UQVBCVsD3 net::ERR_ABORTED | /catalog?_rsc=tXyZJ52UQVBCVsD3 net::ERR_ABORTED | /catalog/gudid?_rsc=tXyZJ52UQVBCVsD3 net::ERR_ABORTED | /crosses?_rsc=tXyZJ52UQVBCVsD3 net::ERR_ABORTED | /settings?_rsc=tXyZJ52UQVBCVsD3 net::ERR_ABORTED | /notifications?_rsc=tXyZJ52UQVBCVsD3 net::ERR_ABORTED | /requests/new?_rsc=tXyZJ52UQVBCVsD3 net::ERR_ABORTED","","0","0","0","New request ; Switch user"
"CONTRACTING_MANAGER","/requests","/requests","200","Cross-reference requests","","","0","/proposals?_rsc=p3Q57VochOqcQNsg net::ERR_ABORTED | /approvals?_rsc=p3Q57VochOqcQNsg net::ERR_ABORTED | /accounts?_rsc=p3Q57VochOqcQNsg net::ERR_ABORTED | /?_rsc=p3Q57VochOqcQNsg net::ERR_ABORTED | /analytics?_rsc=p3Q57VochOqcQNsg net::ERR_ABORTED | /intelligence?_rsc=p3Q57VochOqcQNsg net::ERR_ABORTED | /intelligence/bids?_rsc=p3Q57VochOqcQNsg net::ERR_ABORTED | /catalog?_rsc=p3Q57VochOqcQNsg net::ERR_ABORTED | /catalog/gudid?_rsc=p3Q57VochOqcQNsg net::ERR_ABORTED | /crosses?_rsc=p3Q57VochOqcQNsg net::ERR_ABORTED | /settings?_rsc=p3Q57VochOqcQNsg net::ERR_ABORTED | /notifications?_rsc=p3Q57VochOqcQNsg net::ERR_ABORTED | /requests/new?_rsc=p3Q57VochOqcQNsg net::ERR_ABORTED | /requests?_rsc=nIzLgF1M7nWxnHlV net::ERR_ABORTED | /approvals?_rsc=nIzLgF1M7nWxnHlV net::ERR_ABORTED | /proposals?_rsc=nIzLgF1M7nWxnHlV net::ERR_ABORTED | /?_rsc=nIzLgF1M7nWxnHlV net::ERR_ABORTED | /contracts?_rsc=nIzLgF1M7nWxnHlV net::ERR_ABORTED | /intelligence?_rsc=nIzLgF1M7nWxnHlV net::ERR_ABORTED | /intelligence/bids?_rsc=nIzLgF1M7nWxnHlV net::ERR_ABORTED | /catalog?_rsc=nIzLgF1M7nWxnHlV net::ERR_ABORTED | /analytics?_rsc=nIzLgF1M7nWxnHlV net::ERR_ABORTED | /crosses?_rsc=nIzLgF1M7nWxnHlV net::ERR_ABORTED | /settings?_rsc=nIzLgF1M7nWxnHlV net::ERR_ABORTED | /notifications?_rsc=nIzLgF1M7nWxnHlV net::ERR_ABORTED | /requests/new?_rsc=nIzLgF1M7nWxnHlV net::ERR_ABORTED","","0","0","0","New request ; Switch user"
"CONTRACTING_MANAGER","/requests/new","/requests/new","200","Competitive cross reference","","","0","/?_rsc=4belA-F-xg-XtLdx net::ERR_ABORTED | /requests?_rsc=4belA-F-xg-XtLdx net::ERR_ABORTED | /proposals?_rsc=4belA-F-xg-XtLdx net::ERR_ABORTED | /approvals?_rsc=4belA-F-xg-XtLdx net::ERR_ABORTED | /intelligence/bids?_rsc=4belA-F-xg-XtLdx net::ERR_ABORTED | /contracts?_rsc=4belA-F-xg-XtLdx net::ERR_ABORTED | /accounts?_rsc=4belA-F-xg-XtLdx net::ERR_ABORTED | /intelligence?_rsc=4belA-F-xg-XtLdx net::ERR_ABORTED | /crosses?_rsc=4belA-F-xg-XtLdx net::ERR_ABORTED | /analytics?_rsc=4belA-F-xg-XtLdx net::ERR_ABORTED | /catalog?_rsc=4belA-F-xg-XtLdx net::ERR_ABORTED | /catalog/gudid?_rsc=4belA-F-xg-XtLdx net::ERR_ABORTED | /notifications?_rsc=4belA-F-xg-XtLdx net::ERR_ABORTED | /?_rsc=O1p93FFpSnNce0k4 net::ERR_ABORTED | /requests?_rsc=O1p93FFpSnNce0k4 net::ERR_ABORTED | /settings?_rsc=4belA-F-xg-XtLdx net::ERR_ABORTED | /proposals?_rsc=O1p93FFpSnNce0k4 net::ERR_ABORTED | /catalog/gudid?_rsc=O1p93FFpSnNce0k4 net::ERR_ABORTED | /intelligence/bids?_rsc=O1p93FFpSnNce0k4 net::ERR_ABORTED | /analytics?_rsc=O1p93FFpSnNce0k4 net::ERR_ABORTED | /catalog?_rsc=O1p93FFpSnNce0k4 net::ERR_ABORTED | /crosses?_rsc=O1p93FFpSnNce0k4 net::ERR_ABORTED | /settings?_rsc=O1p93FFpSnNce0k4 net::ERR_ABORTED | /notifications?_rsc=O1p93FFpSnNce0k4 net::ERR_ABORTED | /requests/new?_rsc=O1p93FFpSnNce0k4 net::ERR_ABORTED","","0","0","0","New request ; Switch user ; Google Sheets link ; Upload .xlsx / .csv ; Paste from a sheet ; Read sheet (disabled) ; Continue request (disabled)"
"CONTRACTING_MANAGER","/requests/[id]","/requests/null","200","","Failed to load resource: the server responded with a status of 404 (Not Found)","","0","/requests?_rsc=76SvvV1TLjtpHtqe net::ERR_ABORTED | /proposals?_rsc=76SvvV1TLjtpHtqe net::ERR_ABORTED | /approvals?_rsc=76SvvV1TLjtpHtqe net::ERR_ABORTED | /settings?_rsc=76SvvV1TLjtpHtqe net::ERR_ABORTED | /requests/new?_rsc=76SvvV1TLjtpHtqe net::ERR_ABORTED | /notifications?_rsc=76SvvV1TLjtpHtqe net::ERR_ABORTED | /requests?_rsc=eoRKZgXY26fq4Ulk net::ERR_ABORTED | /?_rsc=eoRKZgXY26fq4Ulk net::ERR_ABORTED | /approvals?_rsc=eoRKZgXY26fq4Ulk net::ERR_ABORTED | /accounts?_rsc=eoRKZgXY26fq4Ulk net::ERR_ABORTED | /proposals?_rsc=eoRKZgXY26fq4Ulk net::ERR_ABORTED | /contracts?_rsc=eoRKZgXY26fq4Ulk net::ERR_ABORTED | /intelligence?_rsc=eoRKZgXY26fq4Ulk net::ERR_ABORTED | /intelligence/bids?_rsc=eoRKZgXY26fq4Ulk net::ERR_ABORTED | /analytics?_rsc=eoRKZgXY26fq4Ulk net::ERR_ABORTED | /catalog?_rsc=eoRKZgXY26fq4Ulk net::ERR_ABORTED | /catalog/gudid?_rsc=eoRKZgXY26fq4Ulk net::ERR_ABORTED | /crosses?_rsc=eoRKZgXY26fq4Ulk net::ERR_ABORTED | /notifications?_rsc=eoRKZgXY26fq4Ulk net::ERR_ABORTED | /settings?_rsc=eoRKZgXY26fq4Ulk net::ERR_ABORTED | /requests/new?_rsc=eoRKZgXY26fq4Ulk net::ERR_ABORTED","404 /api/requests/null","0","0","0","New request ; Switch user"
"CONTRACTING_MANAGER","/proposals","/proposals","200","Commercial proposals","","","0","/?_rsc=8qZH60WsiyOTuseO net::ERR_ABORTED | /requests?_rsc=8qZH60WsiyOTuseO net::ERR_ABORTED | /accounts?_rsc=8qZH60WsiyOTuseO net::ERR_ABORTED | /contracts?_rsc=8qZH60WsiyOTuseO net::ERR_ABORTED | /intelligence?_rsc=8qZH60WsiyOTuseO net::ERR_ABORTED | /intelligence/bids?_rsc=8qZH60WsiyOTuseO net::ERR_ABORTED | /analytics?_rsc=8qZH60WsiyOTuseO net::ERR_ABORTED | /catalog?_rsc=8qZH60WsiyOTuseO net::ERR_ABORTED | /catalog/gudid?_rsc=8qZH60WsiyOTuseO net::ERR_ABORTED | /crosses?_rsc=8qZH60WsiyOTuseO net::ERR_ABORTED | /settings?_rsc=8qZH60WsiyOTuseO net::ERR_ABORTED | /notifications?_rsc=8qZH60WsiyOTuseO net::ERR_ABORTED | /?_rsc=yDw8cg_cK2Tq2IDS net::ERR_ABORTED | /requests/new?_rsc=8qZH60WsiyOTuseO net::ERR_ABORTED | /requests?_rsc=yDw8cg_cK2Tq2IDS net::ERR_ABORTED | /proposals?_rsc=yDw8cg_cK2Tq2IDS net::ERR_ABORTED | /accounts?_rsc=yDw8cg_cK2Tq2IDS net::ERR_ABORTED | /contracts?_rsc=yDw8cg_cK2Tq2IDS net::ERR_ABORTED | /approvals?_rsc=yDw8cg_cK2Tq2IDS net::ERR_ABORTED | /intelligence?_rsc=yDw8cg_cK2Tq2IDS net::ERR_ABORTED | /intelligence/bids?_rsc=yDw8cg_cK2Tq2IDS net::ERR_ABORTED | /analytics?_rsc=yDw8cg_cK2Tq2IDS net::ERR_ABORTED | /catalog?_rsc=yDw8cg_cK2Tq2IDS net::ERR_ABORTED | /catalog/gudid?_rsc=yDw8cg_cK2Tq2IDS net::ERR_ABORTED | /settings?_rsc=yDw8cg_cK2Tq2IDS net::ERR_ABORTED | /notifications?_rsc=yDw8cg_cK2Tq2IDS net::ERR_ABORTED | /crosses?_rsc=yDw8cg_cK2Tq2IDS net::ERR_ABORTED | /requests/new?_rsc=yDw8cg_cK2Tq2IDS net::ERR_ABORTED","","0","0","0","New request ; Switch user"
"CONTRACTING_MANAGER","/proposals/[id]","/proposals/null","200","","Failed to load resource: the server responded with a status of 404 (Not Found)","","0","/requests?_rsc=VreOGdJHuaZwqD3- net::ERR_ABORTED | /proposals?_rsc=VreOGdJHuaZwqD3- net::ERR_ABORTED | /approvals?_rsc=VreOGdJHuaZwqD3- net::ERR_ABORTED | /?_rsc=VreOGdJHuaZwqD3- net::ERR_ABORTED | /accounts?_rsc=VreOGdJHuaZwqD3- net::ERR_ABORTED | /contracts?_rsc=VreOGdJHuaZwqD3- net::ERR_ABORTED | /intelligence?_rsc=VreOGdJHuaZwqD3- net::ERR_ABORTED | /intelligence/bids?_rsc=VreOGdJHuaZwqD3- net::ERR_ABORTED | /catalog?_rsc=VreOGdJHuaZwqD3- net::ERR_ABORTED | /analytics?_rsc=VreOGdJHuaZwqD3- net::ERR_ABORTED | /catalog/gudid?_rsc=VreOGdJHuaZwqD3- net::ERR_ABORTED | /crosses?_rsc=VreOGdJHuaZwqD3- net::ERR_ABORTED | /proposals?_rsc=hzu8hJFrzSYjsRgK net::ERR_ABORTED | /settings?_rsc=VreOGdJHuaZwqD3- net::ERR_ABORTED | /notifications?_rsc=VreOGdJHuaZwqD3- net::ERR_ABORTED | /requests/new?_rsc=VreOGdJHuaZwqD3- net::ERR_ABORTED | /approvals?_rsc=hzu8hJFrzSYjsRgK net::ERR_ABORTED | /requests?_rsc=hzu8hJFrzSYjsRgK net::ERR_ABORTED | /accounts?_rsc=hzu8hJFrzSYjsRgK net::ERR_ABORTED | /?_rsc=hzu8hJFrzSYjsRgK net::ERR_ABORTED | /analytics?_rsc=hzu8hJFrzSYjsRgK net::ERR_ABORTED | /contracts?_rsc=hzu8hJFrzSYjsRgK net::ERR_ABORTED | /intelligence?_rsc=hzu8hJFrzSYjsRgK net::ERR_ABORTED | /intelligence/bids?_rsc=hzu8hJFrzSYjsRgK net::ERR_ABORTED | /settings?_rsc=hzu8hJFrzSYjsRgK net::ERR_ABORTED | /catalog?_rsc=hzu8hJFrzSYjsRgK net::ERR_ABORTED | /catalog/gudid?_rsc=hzu8hJFrzSYjsRgK net::ERR_ABORTED | /crosses?_rsc=hzu8hJFrzSYjsRgK net::ERR_ABORTED | /notifications?_rsc=hzu8hJFrzSYjsRgK net::ERR_ABORTED | /requests/new?_rsc=hzu8hJFrzSYjsRgK net::ERR_ABORTED","404 /api/proposals/null","0","0","0","New request ; Switch user"
"CONTRACTING_MANAGER","/approvals","/approvals","200","Pricing approvals","","","0","/?_rsc=Ut9iRRX_9PZKRdF- net::ERR_ABORTED | /requests?_rsc=Ut9iRRX_9PZKRdF- net::ERR_ABORTED | /proposals?_rsc=Ut9iRRX_9PZKRdF- net::ERR_ABORTED | /accounts?_rsc=Ut9iRRX_9PZKRdF- net::ERR_ABORTED | /contracts?_rsc=Ut9iRRX_9PZKRdF- net::ERR_ABORTED | /intelligence?_rsc=Ut9iRRX_9PZKRdF- net::ERR_ABORTED | /intelligence/bids?_rsc=Ut9iRRX_9PZKRdF- net::ERR_ABORTED | /catalog?_rsc=Ut9iRRX_9PZKRdF- net::ERR_ABORTED | /catalog/gudid?_rsc=Ut9iRRX_9PZKRdF- net::ERR_ABORTED | /crosses?_rsc=Ut9iRRX_9PZKRdF- net::ERR_ABORTED | /analytics?_rsc=Ut9iRRX_9PZKRdF- net::ERR_ABORTED | /settings?_rsc=Ut9iRRX_9PZKRdF- net::ERR_ABORTED | /notifications?_rsc=Ut9iRRX_9PZKRdF- net::ERR_ABORTED | /requests/new?_rsc=Ut9iRRX_9PZKRdF- net::ERR_ABORTED | /?_rsc=AU6DTT46DVXZ7jWj net::ERR_ABORTED | /requests?_rsc=AU6DTT46DVXZ7jWj net::ERR_ABORTED | /proposals?_rsc=AU6DTT46DVXZ7jWj net::ERR_ABORTED | /approvals?_rsc=AU6DTT46DVXZ7jWj net::ERR_ABORTED | /accounts?_rsc=AU6DTT46DVXZ7jWj net::ERR_ABORTED | /intelligence?_rsc=AU6DTT46DVXZ7jWj net::ERR_ABORTED | /contracts?_rsc=AU6DTT46DVXZ7jWj net::ERR_ABORTED | /analytics?_rsc=AU6DTT46DVXZ7jWj net::ERR_ABORTED | /crosses?_rsc=AU6DTT46DVXZ7jWj net::ERR_ABORTED | /settings?_rsc=AU6DTT46DVXZ7jWj net::ERR_ABORTED | /catalog?_rsc=AU6DTT46DVXZ7jWj net::ERR_ABORTED | /catalog/gudid?_rsc=AU6DTT46DVXZ7jWj net::ERR_ABORTED | /requests/new?_rsc=AU6DTT46DVXZ7jWj net::ERR_ABORTED | /notifications?_rsc=AU6DTT46DVXZ7jWj net::ERR_ABORTED","","0","0","0","New request ; Switch user ; Delegate my approvals"
"CONTRACTING_MANAGER","/accounts","/accounts","200","Accounts & GPO membership","","","0","/?_rsc=iZGmHDWBA-6V7KTQ net::ERR_ABORTED | /requests?_rsc=iZGmHDWBA-6V7KTQ net::ERR_ABORTED | /proposals?_rsc=iZGmHDWBA-6V7KTQ net::ERR_ABORTED | /approvals?_rsc=iZGmHDWBA-6V7KTQ net::ERR_ABORTED | /contracts?_rsc=iZGmHDWBA-6V7KTQ net::ERR_ABORTED | /catalog?_rsc=iZGmHDWBA-6V7KTQ net::ERR_ABORTED | /intelligence?_rsc=iZGmHDWBA-6V7KTQ net::ERR_ABORTED | /intelligence/bids?_rsc=iZGmHDWBA-6V7KTQ net::ERR_ABORTED | /analytics?_rsc=iZGmHDWBA-6V7KTQ net::ERR_ABORTED | /catalog/gudid?_rsc=iZGmHDWBA-6V7KTQ net::ERR_ABORTED | /crosses?_rsc=iZGmHDWBA-6V7KTQ net::ERR_ABORTED | /settings?_rsc=iZGmHDWBA-6V7KTQ net::ERR_ABORTED | /requests/new?_rsc=iZGmHDWBA-6V7KTQ net::ERR_ABORTED | /notifications?_rsc=iZGmHDWBA-6V7KTQ net::ERR_ABORTED | /accounts/cmuffqiii02rkfs7dzbqrnru0?_rsc=iZGmHDWBA-6V7KTQ net::ERR_ABORTED | /accounts/cmuffqiiq02rlfs7d9y1un1wd?_rsc=iZGmHDWBA-6V7KTQ net::ERR_ABORTED | /accounts/cmuffqiiv02rmfs7diaqvuvc9?_rsc=iZGmHDWBA-6V7KTQ net::ERR_ABORTED | /accounts/cmuffqiif02rjfs7dkcvn5i4a?_rsc=iZGmHDWBA-6V7KTQ net::ERR_ABORTED | /requests?_rsc=oRxEn_R9e10JER3Z net::ERR_ABORTED | /proposals?_rsc=oRxEn_R9e10JER3Z net::ERR_ABORTED | /approvals?_rsc=oRxEn_R9e10JER3Z net::ERR_ABORTED | /?_rsc=oRxEn_R9e10JER3Z net::ERR_ABORTED | /accounts?_rsc=oRxEn_R9e10JER3Z net::ERR_ABORTED | /contracts?_rsc=oRxEn_R9e10JER3Z net::ERR_ABORTED | /intelligence?_rsc=oRxEn_R9e10JER3Z net::ERR_ABORTED | /intelligence/bids?_rsc=oRxEn_R9e10JER3Z net::ERR_ABORTED | /catalog?_rsc=oRxEn_R9e10JER3Z net::ERR_ABORTED | /analytics?_rsc=oRxEn_R9e10JER3Z net::ERR_ABORTED | /settings?_rsc=oRxEn_R9e10JER3Z net::ERR_ABORTED | /catalog/gudid?_rsc=oRxEn_R9e10JER3Z net::ERR_ABORTED | /crosses?_rsc=oRxEn_R9e10JER3Z net::ERR_ABORTED | /requests/new?_rsc=oRxEn_R9e10JER3Z net::ERR_ABORTED | /accounts/cmuffqiii02rkfs7dzbqrnru0?_rsc=oRxEn_R9e10JER3Z net::ERR_ABORTED | /notifications?_rsc=oRxEn_R9e10JER3Z net::ERR_ABORTED | /accounts/cmuffqiiq02rlfs7d9y1un1wd?_rsc=oRxEn_R9e10JER3Z net::ERR_ABORTED | /accounts/cmuffqiiv02rmfs7diaqvuvc9?_rsc=oRxEn_R9e10JER3Z net::ERR_ABORTED | /accounts/cmuffqiif02rjfs7dkcvn5i4a?_rsc=oRxEn_R9e10JER3Z net::ERR_ABORTED | /accounts/cmuffqiia02rifs7d9g96f4p7?_rsc=oRxEn_R9e10JER3Z net::ERR_ABORTED","","0","0","0","New request ; Switch user"
"CONTRACTING_MANAGER","/accounts/[id]","/accounts/cmuffqiii02rkfs7dzbqrnru0","200","Hospital A — Mount Vernon General","","","0","/requests?_rsc=mfJnIb6u-3Mn-ESD net::ERR_ABORTED | /proposals?_rsc=mfJnIb6u-3Mn-ESD net::ERR_ABORTED | /approvals?_rsc=mfJnIb6u-3Mn-ESD net::ERR_ABORTED | /accounts?_rsc=mfJnIb6u-3Mn-ESD net::ERR_ABORTED | /intelligence?_rsc=mfJnIb6u-3Mn-ESD net::ERR_ABORTED | /intelligence/bids?_rsc=mfJnIb6u-3Mn-ESD net::ERR_ABORTED | /analytics?_rsc=mfJnIb6u-3Mn-ESD net::ERR_ABORTED | /contracts?_rsc=mfJnIb6u-3Mn-ESD net::ERR_ABORTED | /catalog?_rsc=mfJnIb6u-3Mn-ESD net::ERR_ABORTED | /catalog/gudid?_rsc=mfJnIb6u-3Mn-ESD net::ERR_ABORTED | /crosses?_rsc=mfJnIb6u-3Mn-ESD net::ERR_ABORTED | /notifications?_rsc=mfJnIb6u-3Mn-ESD net::ERR_ABORTED | /requests/new?_rsc=mfJnIb6u-3Mn-ESD net::ERR_ABORTED | /contracts/cmuffqio702syfs7d0fonyhf3?_rsc=mfJnIb6u-3Mn-ESD net::ERR_ABORTED | /requests?_rsc=pzgFYKDD5bs714zj net::ERR_ABORTED | /?_rsc=pzgFYKDD5bs714zj net::ERR_ABORTED | /proposals?_rsc=pzgFYKDD5bs714zj net::ERR_ABORTED | /approvals?_rsc=pzgFYKDD5bs714zj net::ERR_ABORTED | /intelligence?_rsc=pzgFYKDD5bs714zj net::ERR_ABORTED | /accounts?_rsc=pzgFYKDD5bs714zj net::ERR_ABORTED | /contracts?_rsc=pzgFYKDD5bs714zj net::ERR_ABORTED | /catalog/gudid?_rsc=pzgFYKDD5bs714zj net::ERR_ABORTED | /analytics?_rsc=pzgFYKDD5bs714zj net::ERR_ABORTED | /catalog?_rsc=pzgFYKDD5bs714zj net::ERR_ABORTED | /intelligence/bids?_rsc=pzgFYKDD5bs714zj net::ERR_ABORTED | /crosses?_rsc=pzgFYKDD5bs714zj net::ERR_ABORTED | /settings?_rsc=pzgFYKDD5bs714zj net::ERR_ABORTED | /notifications?_rsc=pzgFYKDD5bs714zj net::ERR_ABORTED | /requests/new?_rsc=pzgFYKDD5bs714zj net::ERR_ABORTED | /contracts/cmuffqio702syfs7d0fonyhf3?_rsc=pzgFYKDD5bs714zj net::ERR_ABORTED","","0","1","0","New request ; Switch user"
"CONTRACTING_MANAGER","/contracts","/contracts","200","Contracts & price context","","","0","/approvals?_rsc=DzmfcRRfJeItXkgz net::ERR_ABORTED | /?_rsc=DzmfcRRfJeItXkgz net::ERR_ABORTED | /requests?_rsc=DzmfcRRfJeItXkgz net::ERR_ABORTED | /proposals?_rsc=DzmfcRRfJeItXkgz net::ERR_ABORTED | /accounts?_rsc=DzmfcRRfJeItXkgz net::ERR_ABORTED | /intelligence?_rsc=DzmfcRRfJeItXkgz net::ERR_ABORTED | /intelligence/bids?_rsc=DzmfcRRfJeItXkgz net::ERR_ABORTED | /analytics?_rsc=DzmfcRRfJeItXkgz net::ERR_ABORTED | /catalog?_rsc=DzmfcRRfJeItXkgz net::ERR_ABORTED | /catalog/gudid?_rsc=DzmfcRRfJeItXkgz net::ERR_ABORTED | /crosses?_rsc=DzmfcRRfJeItXkgz net::ERR_ABORTED | /settings?_rsc=DzmfcRRfJeItXkgz net::ERR_ABORTED | /notifications?_rsc=DzmfcRRfJeItXkgz net::ERR_ABORTED | /requests/new?_rsc=DzmfcRRfJeItXkgz net::ERR_ABORTED | /contracts/cmuffqioe02szfs7dl658b8gy?_rsc=DzmfcRRfJeItXkgz net::ERR_ABORTED | /contracts/cmuffqio702syfs7d0fonyhf3?_rsc=DzmfcRRfJeItXkgz net::ERR_ABORTED | /?_rsc=2Ju2sngZl13OvaTN net::ERR_ABORTED | /requests?_rsc=2Ju2sngZl13OvaTN net::ERR_ABORTED | /proposals?_rsc=2Ju2sngZl13OvaTN net::ERR_ABORTED | /approvals?_rsc=2Ju2sngZl13OvaTN net::ERR_ABORTED | /accounts?_rsc=2Ju2sngZl13OvaTN net::ERR_ABORTED | /intelligence/bids?_rsc=2Ju2sngZl13OvaTN net::ERR_ABORTED | /contracts?_rsc=2Ju2sngZl13OvaTN net::ERR_ABORTED | /intelligence?_rsc=2Ju2sngZl13OvaTN net::ERR_ABORTED | /analytics?_rsc=2Ju2sngZl13OvaTN net::ERR_ABORTED | /catalog?_rsc=2Ju2sngZl13OvaTN net::ERR_ABORTED | /crosses?_rsc=2Ju2sngZl13OvaTN net::ERR_ABORTED | /catalog/gudid?_rsc=2Ju2sngZl13OvaTN net::ERR_ABORTED | /contracts/cmuffqioe02szfs7dl658b8gy?_rsc=2Ju2sngZl13OvaTN net::ERR_ABORTED | /contracts/cmuffqio702syfs7d0fonyhf3?_rsc=2Ju2sngZl13OvaTN net::ERR_ABORTED | /requests/new?_rsc=2Ju2sngZl13OvaTN net::ERR_ABORTED","","0","1","0","New request ; Switch user ; New contract"
"CONTRACTING_MANAGER","/contracts/[id]","/contracts/cmuffqioe02szfs7dl658b8gy","200","MSK-LOCAL-2026 · MSK local mesh agreement","","","0","/requests?_rsc=mef3hIvfndT_j2OY net::ERR_ABORTED | /proposals?_rsc=mef3hIvfndT_j2OY net::ERR_ABORTED | /approvals?_rsc=mef3hIvfndT_j2OY net::ERR_ABORTED | /?_rsc=mef3hIvfndT_j2OY net::ERR_ABORTED | /accounts/cmuffqiif02rjfs7dkcvn5i4a?_rsc=mef3hIvfndT_j2OY net::ERR_ABORTED | /catalog?_rsc=mef3hIvfndT_j2OY net::ERR_ABORTED | /catalog/gudid?_rsc=mef3hIvfndT_j2OY net::ERR_ABORTED | /crosses?_rsc=mef3hIvfndT_j2OY net::ERR_ABORTED | /settings?_rsc=mef3hIvfndT_j2OY net::ERR_ABORTED | /notifications?_rsc=mef3hIvfndT_j2OY net::ERR_ABORTED | /requests/new?_rsc=mef3hIvfndT_j2OY net::ERR_ABORTED | /accounts/cmuffqiif02rjfs7dkcvn5i4a?_rsc=4Gf8Hzsu8Hn8XV6X net::ERR_ABORTED | /?_rsc=4Gf8Hzsu8Hn8XV6X net::ERR_ABORTED | /requests?_rsc=4Gf8Hzsu8Hn8XV6X net::ERR_ABORTED | /proposals?_rsc=4Gf8Hzsu8Hn8XV6X net::ERR_ABORTED | /approvals?_rsc=4Gf8Hzsu8Hn8XV6X net::ERR_ABORTED | /accounts?_rsc=4Gf8Hzsu8Hn8XV6X net::ERR_ABORTED | /contracts?_rsc=4Gf8Hzsu8Hn8XV6X net::ERR_ABORTED | /intelligence/bids?_rsc=4Gf8Hzsu8Hn8XV6X net::ERR_ABORTED | /analytics?_rsc=4Gf8Hzsu8Hn8XV6X net::ERR_ABORTED | /intelligence?_rsc=4Gf8Hzsu8Hn8XV6X net::ERR_ABORTED | /catalog?_rsc=4Gf8Hzsu8Hn8XV6X net::ERR_ABORTED | /catalog/gudid?_rsc=4Gf8Hzsu8Hn8XV6X net::ERR_ABORTED | /crosses?_rsc=4Gf8Hzsu8Hn8XV6X net::ERR_ABORTED | /notifications?_rsc=4Gf8Hzsu8Hn8XV6X net::ERR_ABORTED | /settings?_rsc=4Gf8Hzsu8Hn8XV6X net::ERR_ABORTED | /requests/new?_rsc=4Gf8Hzsu8Hn8XV6X net::ERR_ABORTED","","0","1","0","New request ; Switch user ; Refresh performance ; Terminate ; Add commitment ; remove ; Add rebate ; Save entries (disabled)"
"CONTRACTING_MANAGER","/intelligence","/intelligence","200","Competitor pricing","","","0","/proposals?_rsc=3fD0047dUoUPXvG2 net::ERR_ABORTED | /approvals?_rsc=3fD0047dUoUPXvG2 net::ERR_ABORTED | /catalog/gudid?_rsc=3fD0047dUoUPXvG2 net::ERR_ABORTED | /requests/new?_rsc=3fD0047dUoUPXvG2 net::ERR_ABORTED | /crosses?_rsc=3fD0047dUoUPXvG2 net::ERR_ABORTED | /settings?_rsc=3fD0047dUoUPXvG2 net::ERR_ABORTED | /notifications?_rsc=3fD0047dUoUPXvG2 net::ERR_ABORTED | /?_rsc=gu9LWiAQNzfrKsW2 net::ERR_ABORTED | /requests?_rsc=gu9LWiAQNzfrKsW2 net::ERR_ABORTED | /proposals?_rsc=gu9LWiAQNzfrKsW2 net::ERR_ABORTED | /approvals?_rsc=gu9LWiAQNzfrKsW2 net::ERR_ABORTED | /accounts?_rsc=gu9LWiAQNzfrKsW2 net::ERR_ABORTED | /contracts?_rsc=gu9LWiAQNzfrKsW2 net::ERR_ABORTED | /intelligence/bids?_rsc=gu9LWiAQNzfrKsW2 net::ERR_ABORTED | /intelligence?_rsc=gu9LWiAQNzfrKsW2 net::ERR_ABORTED | /crosses?_rsc=gu9LWiAQNzfrKsW2 net::ERR_ABORTED | /catalog?_rsc=gu9LWiAQNzfrKsW2 net::ERR_ABORTED | /catalog/gudid?_rsc=gu9LWiAQNzfrKsW2 net::ERR_ABORTED | /analytics?_rsc=gu9LWiAQNzfrKsW2 net::ERR_ABORTED | /requests/new?_rsc=gu9LWiAQNzfrKsW2 net::ERR_ABORTED | /notifications?_rsc=gu9LWiAQNzfrKsW2 net::ERR_ABORTED | /settings?_rsc=gu9LWiAQNzfrKsW2 net::ERR_ABORTED","","0","1","0","New request ; Switch user ; 1190500 ; 113700 ; 1410015010 ; SPMII ; 1190816 ; 1190820 ; 1DLMC05 ; UPA31015 ; 1DLMC03 ; 1200710 ; 1190300 ; 112650 ; SPMXXL ; 1202025 ; 112660 ; 112680 ; 1201520"
"CONTRACTING_MANAGER","/intelligence/bids","/intelligence/bids","200","Public bids and awards","","","0","/?_rsc=2gWrMJaxdn-CU2fc net::ERR_ABORTED | /requests?_rsc=2gWrMJaxdn-CU2fc net::ERR_ABORTED | /proposals?_rsc=2gWrMJaxdn-CU2fc net::ERR_ABORTED | /approvals?_rsc=2gWrMJaxdn-CU2fc net::ERR_ABORTED | /accounts?_rsc=2gWrMJaxdn-CU2fc net::ERR_ABORTED | /contracts?_rsc=2gWrMJaxdn-CU2fc net::ERR_ABORTED | /intelligence?_rsc=2gWrMJaxdn-CU2fc net::ERR_ABORTED | /analytics?_rsc=2gWrMJaxdn-CU2fc net::ERR_ABORTED | /crosses?_rsc=2gWrMJaxdn-CU2fc net::ERR_ABORTED | /catalog?_rsc=2gWrMJaxdn-CU2fc net::ERR_ABORTED | /catalog/gudid?_rsc=2gWrMJaxdn-CU2fc net::ERR_ABORTED | /settings?_rsc=2gWrMJaxdn-CU2fc net::ERR_ABORTED | /notifications?_rsc=2gWrMJaxdn-CU2fc net::ERR_ABORTED | /requests/new?_rsc=2gWrMJaxdn-CU2fc net::ERR_ABORTED | /?_rsc=W5McYxvxTMCZbYJx net::ERR_ABORTED | /requests?_rsc=W5McYxvxTMCZbYJx net::ERR_ABORTED | /proposals?_rsc=W5McYxvxTMCZbYJx net::ERR_ABORTED | /approvals?_rsc=W5McYxvxTMCZbYJx net::ERR_ABORTED | /accounts?_rsc=W5McYxvxTMCZbYJx net::ERR_ABORTED | /intelligence?_rsc=W5McYxvxTMCZbYJx net::ERR_ABORTED | /contracts?_rsc=W5McYxvxTMCZbYJx net::ERR_ABORTED | /intelligence/bids?_rsc=W5McYxvxTMCZbYJx net::ERR_ABORTED | /catalog/gudid?_rsc=W5McYxvxTMCZbYJx net::ERR_ABORTED | /crosses?_rsc=W5McYxvxTMCZbYJx net::ERR_ABORTED | /analytics?_rsc=W5McYxvxTMCZbYJx net::ERR_ABORTED | /catalog?_rsc=W5McYxvxTMCZbYJx net::ERR_ABORTED | /requests/new?_rsc=W5McYxvxTMCZbYJx net::ERR_ABORTED | /settings?_rsc=W5McYxvxTMCZbYJx net::ERR_ABORTED | /notifications?_rsc=W5McYxvxTMCZbYJx net::ERR_ABORTED","","0","0","0","New request ; Switch user ; Pull (disabled) ; Save (disabled) ; Bid file (disabled)"
"CONTRACTING_MANAGER","/intelligence/extractions/[id]","/intelligence/extractions/missing0000000000000000","200","Extraction","Failed to load resource: the server responded with a status of 404 (Not Found)","","0","/?_rsc=VJB2dfGule5Oh2L3 net::ERR_ABORTED | /requests?_rsc=VJB2dfGule5Oh2L3 net::ERR_ABORTED | /proposals?_rsc=VJB2dfGule5Oh2L3 net::ERR_ABORTED | /approvals?_rsc=VJB2dfGule5Oh2L3 net::ERR_ABORTED | /accounts?_rsc=VJB2dfGule5Oh2L3 net::ERR_ABORTED | /contracts?_rsc=VJB2dfGule5Oh2L3 net::ERR_ABORTED | /intelligence?_rsc=VJB2dfGule5Oh2L3 net::ERR_ABORTED | /intelligence/bids?_rsc=VJB2dfGule5Oh2L3 net::ERR_ABORTED | /analytics?_rsc=VJB2dfGule5Oh2L3 net::ERR_ABORTED | /catalog?_rsc=VJB2dfGule5Oh2L3 net::ERR_ABORTED | /catalog/gudid?_rsc=VJB2dfGule5Oh2L3 net::ERR_ABORTED | /crosses?_rsc=VJB2dfGule5Oh2L3 net::ERR_ABORTED | /settings?_rsc=VJB2dfGule5Oh2L3 net::ERR_ABORTED | /notifications?_rsc=VJB2dfGule5Oh2L3 net::ERR_ABORTED | /requests/new?_rsc=VJB2dfGule5Oh2L3 net::ERR_ABORTED | /?_rsc=wBL8jh-0AxNJNXN_ net::ERR_ABORTED | /requests?_rsc=wBL8jh-0AxNJNXN_ net::ERR_ABORTED | /proposals?_rsc=wBL8jh-0AxNJNXN_ net::ERR_ABORTED | /approvals?_rsc=wBL8jh-0AxNJNXN_ net::ERR_ABORTED | /accounts?_rsc=wBL8jh-0AxNJNXN_ net::ERR_ABORTED | /contracts?_rsc=wBL8jh-0AxNJNXN_ net::ERR_ABORTED | /analytics?_rsc=wBL8jh-0AxNJNXN_ net::ERR_ABORTED | /catalog?_rsc=wBL8jh-0AxNJNXN_ net::ERR_ABORTED | /intelligence?_rsc=wBL8jh-0AxNJNXN_ net::ERR_ABORTED | /intelligence/bids?_rsc=wBL8jh-0AxNJNXN_ net::ERR_ABORTED | /catalog/gudid?_rsc=wBL8jh-0AxNJNXN_ net::ERR_ABORTED | /crosses?_rsc=wBL8jh-0AxNJNXN_ net::ERR_ABORTED | /settings?_rsc=wBL8jh-0AxNJNXN_ net::ERR_ABORTED | /requests/new?_rsc=wBL8jh-0AxNJNXN_ net::ERR_ABORTED | /notifications?_rsc=wBL8jh-0AxNJNXN_ net::ERR_ABORTED","404 /api/documents/extractions/missing0000000000000000","0","0","0","New request ; Switch user"
"CONTRACTING_MANAGER","/analytics","/analytics","200","Commercial feedback loop","","","0","/proposals?_rsc=ix5_aAief6TvBg04 net::ERR_ABORTED | /approvals?_rsc=ix5_aAief6TvBg04 net::ERR_ABORTED | /?_rsc=ix5_aAief6TvBg04 net::ERR_ABORTED | /requests?_rsc=ix5_aAief6TvBg04 net::ERR_ABORTED | /accounts?_rsc=ix5_aAief6TvBg04 net::ERR_ABORTED | /contracts?_rsc=ix5_aAief6TvBg04 net::ERR_ABORTED | /intelligence?_rsc=ix5_aAief6TvBg04 net::ERR_ABORTED | /intelligence/bids?_rsc=ix5_aAief6TvBg04 net::ERR_ABORTED | /catalog?_rsc=ix5_aAief6TvBg04 net::ERR_ABORTED | /catalog/gudid?_rsc=ix5_aAief6TvBg04 net::ERR_ABORTED | /settings?_rsc=ix5_aAief6TvBg04 net::ERR_ABORTED | /notifications?_rsc=ix5_aAief6TvBg04 net::ERR_ABORTED | /requests?_rsc=Dt318okBLJyNDlfE net::ERR_ABORTED | /requests/new?_rsc=ix5_aAief6TvBg04 net::ERR_ABORTED | /proposals?_rsc=Dt318okBLJyNDlfE net::ERR_ABORTED | /approvals?_rsc=Dt318okBLJyNDlfE net::ERR_ABORTED | /accounts?_rsc=Dt318okBLJyNDlfE net::ERR_ABORTED | /contracts?_rsc=Dt318okBLJyNDlfE net::ERR_ABORTED | /intelligence?_rsc=Dt318okBLJyNDlfE net::ERR_ABORTED | /intelligence/bids?_rsc=Dt318okBLJyNDlfE net::ERR_ABORTED | /catalog?_rsc=Dt318okBLJyNDlfE net::ERR_ABORTED | /catalog/gudid?_rsc=Dt318okBLJyNDlfE net::ERR_ABORTED | /notifications?_rsc=Dt318okBLJyNDlfE net::ERR_ABORTED | /crosses?_rsc=Dt318okBLJyNDlfE net::ERR_ABORTED","","0","1","0","New request ; Switch user ; Refresh"
"CONTRACTING_MANAGER","/catalog","/catalog","200","Our catalog","","","0","/proposals?_rsc=OYzo7EH3MGwwxBfF net::ERR_ABORTED | /accounts?_rsc=OYzo7EH3MGwwxBfF net::ERR_ABORTED | /contracts?_rsc=OYzo7EH3MGwwxBfF net::ERR_ABORTED | /intelligence?_rsc=OYzo7EH3MGwwxBfF net::ERR_ABORTED | /intelligence/bids?_rsc=OYzo7EH3MGwwxBfF net::ERR_ABORTED | /catalog/gudid?_rsc=OYzo7EH3MGwwxBfF net::ERR_ABORTED | /analytics?_rsc=OYzo7EH3MGwwxBfF net::ERR_ABORTED | /crosses?_rsc=OYzo7EH3MGwwxBfF net::ERR_ABORTED | /settings?_rsc=OYzo7EH3MGwwxBfF net::ERR_ABORTED | /notifications?_rsc=OYzo7EH3MGwwxBfF net::ERR_ABORTED | /requests/new?_rsc=OYzo7EH3MGwwxBfF net::ERR_ABORTED | /?_rsc=O6cAbYUSgs3KBG-F net::ERR_ABORTED | /requests?_rsc=O6cAbYUSgs3KBG-F net::ERR_ABORTED | /proposals?_rsc=O6cAbYUSgs3KBG-F net::ERR_ABORTED | /approvals?_rsc=O6cAbYUSgs3KBG-F net::ERR_ABORTED | /accounts?_rsc=O6cAbYUSgs3KBG-F net::ERR_ABORTED | /analytics?_rsc=O6cAbYUSgs3KBG-F net::ERR_ABORTED | /intelligence/bids?_rsc=O6cAbYUSgs3KBG-F net::ERR_ABORTED | /contracts?_rsc=O6cAbYUSgs3KBG-F net::ERR_ABORTED | /intelligence?_rsc=O6cAbYUSgs3KBG-F net::ERR_ABORTED | /catalog/gudid?_rsc=O6cAbYUSgs3KBG-F net::ERR_ABORTED | /crosses?_rsc=O6cAbYUSgs3KBG-F net::ERR_ABORTED | /catalog?_rsc=O6cAbYUSgs3KBG-F net::ERR_ABORTED | /settings?_rsc=O6cAbYUSgs3KBG-F net::ERR_ABORTED | /requests/new?_rsc=O6cAbYUSgs3KBG-F net::ERR_ABORTED | /notifications?_rsc=O6cAbYUSgs3KBG-F net::ERR_ABORTED","","0","1","0","New request ; Switch user ; GUDID library ; Enrich from GUDID ; Competitor sizes ; Add SKUs ; 174006 ; ABSTACK30 ; ABSTACK30X ; PCO2015X ; PCO2520X ; PCO9X ; 11-1276 ; 11-1278 ; 171305 ; 173019 ; 173030 ; 173046 ; 173049 ; 173050G ; 174001 ; 174209 ; 174213 ; 174233 ; 174301 ; 174309 ; 174317 ; 174601 ; 176605 ; 176613 ; 176643 ; 176645 ; 176647 ; 178081 ; 178083 ; 178091 ; 178093 ; 178099 ; 25030 ; CATCH10 ; E3781-28 ; E3781R-28ASP ; E3783-28 ; E3783R-28ASP ; E3783R-36ASP ; LF1837 ; LF5637 ; SILSCLINCH46 ; SILSDISSECT46 ; SILSHOOK36 ; SILSHOOK46 ; SILSSHEAR46 ; WPLGR914 ; WPXLGR1117 ; 010316L ; 010460 ; 010470 ; 015427L ; 015433L ; 015441L ; 015451L ; 015458L ; 015477L ; 015485L ; 015888L ; 017614 ; 020242 ; 030330L ; 030412 ; 030424L ; 030425 ; 030426 ; 030454 ; 030470 ; 030735L ; 059037 ; 111981 ; 111983 ; 111985 ; 111987 ; 111989 ; 3948L ; 3971 ; 3973 ; 4901T ; 8886803712 ; EEA21 ; EEA2135 ; EEA25 ; EEA2535 ; EEA28 ; EEA2835 ; EEA31 ; EEA33 ; EEAXL21 ; EEAXL2135 ; EEAXL25 ; EEAXL2535 ; EEAXL28 ; EEAXL2835 ; EEAXL31 ; EEAXL33 ; EGIA45AMT ; EGIA45AV ; EGIA45AVM ; EGIA45CTAVM ; EGIA60AMT ; EGIA60AVM ; EGIA60AXT ; EGIARADMT ; EGIARADVM ; EGIARADXT ; EGIAUSHORT ; EGIAUSTND ; EGIAUXL ; GIA10038L ; GIA10038S ; GIA10048L ; GIA10048S ; GIA6025L ; GIA6025S ; GIA6038L ; GIA6038S ; GIA6048L ; GIA6048S ; GIA60MTC ; GIA60MTS ; GIA60XTC ; GIA60XTS ; GIA8038L ; GIA8038S ; GIA8048L ; GIA8048S ; GIA80MTC ; GIA80MTS ; GIA80XTC ; GIA80XTS ; HEM3335 ; HEM3348 ; IDRVULTRA1 ; SGIA6038S ; SIG30AMT ; SIG30AV ; SIG30AVM ; SIG30CTAV ; SIG30CTAVM ; SIG45AMT ; SIG45AXT ; SIG45CTAMT ; SIG45CTAV ; SIG45CTAVM ; SIG60AMT ; SIG60AXT ; SIG60CTAMT ; SIG60CTAVM ; SIGADAPTSHORT ; SIGADAPTSTND ; SIGADAPTXL ; SIGC45MT ; SIGC45V ; SIGC45VM ; SIGC45VT ; SIGC60MT ; SIGC60V ; SIGC60VM ; SIGC60VT ; SIGLU45A ; SIGLU60A ; SIGPSHELL ; SIGRADMT ; SIGRADVM ; SIGRADXT ; SIGSDL45CTVT ; SIGSDS30CTV ; SIGSDS30CTVT ; SIGTRSB45AMT ; SIGTRSB45AXT ; SIGTRSB60AMT ; SIGTRSB60AXT ; TA3035L ; TA3035S ; TA3048L ; TA3048S ; TA30V3L ; TA30V3S ; TA4535L ; TA4535S ; TA4548L ; TA4548S ; TA6035L ; TA6035S ; TA6048L ; TA6048S ; TA9035L ; TA9035S ; TA9048L ; TA9048S ; TRIEEA28MT ; TRIEEA28XT ; TRIEEA31MT ; TRIEEA31XT ; TRIEEAXL28MT ; TRIEEAXL28XT ; TRIEEAXL31MT ; TRIEEAXL31XT ; TRIEEAXL33MT ; PPDS12 ; PPDS15 ; PPDS1510 ; PPDS2015 ; PPM1106X3 ; PPM1510X3 ; PPM4530 ; 171313 ; 171315 ; 172015 ; 172016 ; 176626P ; 176673P ; 176674P ; 176674PF ; 177090P ; 177090PF ; 177091P ; 177091PF ; 177092 ; 177092F ; 177992P ; 177995P ; 179076P ; 179077P ; 179078PF ; 179093 ; 179093F ; 179094 ; 179094F ; 179095P ; 179096P ; 179096PF ; 179097P ; 179097PF ; 179100 ; 179101 ; 179102P ; 179301 ; 179303 ; 179305 ; 179307 ; 179308 ; 179309 ; 179310 ; 21-345 ; 220-50 ; 24055- ; 4216 ; B11STF ; B11STS ; B12LGF ; B12LGS ; B12STF ; B12STFCS ; B12STS ; B5SHF ; B5SHS ; B5STF ; B5STS ; BPT12STS ; MS100703 ; MS100705 ; MS100708 ; MS101003 ; MS101005 ; MS101008 ; NB11STF ; NB12LGF ; NB12SHF ; NB12STF ; NB12STS ; NB15LGF ; NB15STF ; NB3SHFLP ; NB5LGF ; NB5SHF ; NB5SHFLP ; NB5STF ; NB5STFLP ; NBFCA11ST ; NBFCA12ST ; NONB11STF ; NONB12LGF ; NONB12SHF ; NONB12STF ; NONB12STS ; NONB15LGF ; NONB15STF ; NONB5LGF ; NONB5SHF ; NONB5STF ; NONB8STF ; OMS-T10BT ; OMS-T10BTNL ; OMS-T10BTS ; OMS-T10BTSNL ; OMS-T12BT ; OMS-T12BTNL ; ONB11LGF ; ONB11STF ; ONB12LGF ; ONB12SHF ; ONB12STF ; ONB12STF-NSB ; ONB12STFCS ; ONB12STS ; ONB15STF ; ONB5LGF ; ONB5SHF ; ONB5STF ; ONB5STF-NSB ; ONB5STF2C ; ONBFCA11ST ; S100000 ; S100700 ; S100705 ; S100710 ; S100712 ; S101000 ; S101005 ; S101010 ; S101012 ; S110000 ; SILSPT12TA ; SILSPT5TA ; UNVCA11STF ; UNVCA12LGF ; UNVCA12STF ; UNVCA12STF-NSB ; UNVCA12STS ; UNVCA5LGF ; UNVCA5SHF ; UNVCA5STF ; VS070000 ; VS100700 ; VS100705 ; VS100711P ; VS100712P ; VS101000 ; VS101005 ; VS101011P ; VS101012P ; VS101015P ; VS101500 ; VS101505 ; VS101512P ; VS150000 ; VSR100005 ; VSR100812P ; WPMD509 ; WPSM256 ; WPXSM24"
"CONTRACTING_MANAGER","/catalog/gudid","/catalog/gudid","200","GUDID library","","","0","/approvals?_rsc=DGmoGnAw5OqJpMhM net::ERR_ABORTED | /?_rsc=DGmoGnAw5OqJpMhM net::ERR_ABORTED | /requests?_rsc=DGmoGnAw5OqJpMhM net::ERR_ABORTED | /proposals?_rsc=DGmoGnAw5OqJpMhM net::ERR_ABORTED | /accounts?_rsc=DGmoGnAw5OqJpMhM net::ERR_ABORTED | /contracts?_rsc=DGmoGnAw5OqJpMhM net::ERR_ABORTED | /intelligence?_rsc=DGmoGnAw5OqJpMhM net::ERR_ABORTED | /intelligence/bids?_rsc=DGmoGnAw5OqJpMhM net::ERR_ABORTED | /analytics?_rsc=DGmoGnAw5OqJpMhM net::ERR_ABORTED | /catalog?_rsc=DGmoGnAw5OqJpMhM net::ERR_ABORTED | /crosses?_rsc=DGmoGnAw5OqJpMhM net::ERR_ABORTED | /requests/new?_rsc=DGmoGnAw5OqJpMhM net::ERR_ABORTED | /requests?_rsc=Z9EVd8HHdUwJDdIQ net::ERR_ABORTED | /proposals?_rsc=Z9EVd8HHdUwJDdIQ net::ERR_ABORTED | /approvals?_rsc=Z9EVd8HHdUwJDdIQ net::ERR_ABORTED | /accounts?_rsc=Z9EVd8HHdUwJDdIQ net::ERR_ABORTED | /contracts?_rsc=Z9EVd8HHdUwJDdIQ net::ERR_ABORTED | /intelligence?_rsc=Z9EVd8HHdUwJDdIQ net::ERR_ABORTED | /intelligence/bids?_rsc=Z9EVd8HHdUwJDdIQ net::ERR_ABORTED | /analytics?_rsc=Z9EVd8HHdUwJDdIQ net::ERR_ABORTED | /crosses?_rsc=Z9EVd8HHdUwJDdIQ net::ERR_ABORTED | /settings?_rsc=Z9EVd8HHdUwJDdIQ net::ERR_ABORTED | /catalog?_rsc=Z9EVd8HHdUwJDdIQ net::ERR_ABORTED | /catalog/gudid?_rsc=Z9EVd8HHdUwJDdIQ net::ERR_ABORTED | /requests/new?_rsc=Z9EVd8HHdUwJDdIQ net::ERR_ABORTED | /notifications?_rsc=Z9EVd8HHdUwJDdIQ net::ERR_ABORTED","","0","0","0","New request ; Switch user ; Import from GUDID"
"CONTRACTING_MANAGER","/crosses","/crosses","200","Crosswalk","","","0","/?_rsc=zAn-vlYtEcVbUMJ6 net::ERR_ABORTED | /requests?_rsc=zAn-vlYtEcVbUMJ6 net::ERR_ABORTED | /intelligence?_rsc=zAn-vlYtEcVbUMJ6 net::ERR_ABORTED | /analytics?_rsc=zAn-vlYtEcVbUMJ6 net::ERR_ABORTED | /intelligence/bids?_rsc=zAn-vlYtEcVbUMJ6 net::ERR_ABORTED | /catalog/gudid?_rsc=zAn-vlYtEcVbUMJ6 net::ERR_ABORTED | /settings?_rsc=zAn-vlYtEcVbUMJ6 net::ERR_ABORTED | /requests?_rsc=aniPmKjMQR6zCALO net::ERR_ABORTED | /?_rsc=aniPmKjMQR6zCALO net::ERR_ABORTED | /notifications?_rsc=zAn-vlYtEcVbUMJ6 net::ERR_ABORTED | /requests/new?_rsc=zAn-vlYtEcVbUMJ6 net::ERR_ABORTED | /proposals?_rsc=aniPmKjMQR6zCALO net::ERR_ABORTED | /intelligence?_rsc=aniPmKjMQR6zCALO net::ERR_ABORTED | /contracts?_rsc=aniPmKjMQR6zCALO net::ERR_ABORTED | /accounts?_rsc=aniPmKjMQR6zCALO net::ERR_ABORTED | /approvals?_rsc=aniPmKjMQR6zCALO net::ERR_ABORTED | /intelligence/bids?_rsc=aniPmKjMQR6zCALO net::ERR_ABORTED | /catalog?_rsc=aniPmKjMQR6zCALO net::ERR_ABORTED | /analytics?_rsc=aniPmKjMQR6zCALO net::ERR_ABORTED | /catalog/gudid?_rsc=aniPmKjMQR6zCALO net::ERR_ABORTED | /notifications?_rsc=aniPmKjMQR6zCALO net::ERR_ABORTED | /settings?_rsc=aniPmKjMQR6zCALO net::ERR_ABORTED | /requests/new?_rsc=aniPmKjMQR6zCALO net::ERR_ABORTED","","0","0","0","New request ; Switch user"
"CONTRACTING_MANAGER","/notifications","/notifications","200","Notifications","","","0","/?_rsc=oG-rbVP81bj5yHs2 net::ERR_ABORTED | /requests?_rsc=oG-rbVP81bj5yHs2 net::ERR_ABORTED | /proposals?_rsc=oG-rbVP81bj5yHs2 net::ERR_ABORTED | /approvals?_rsc=oG-rbVP81bj5yHs2 net::ERR_ABORTED | /accounts?_rsc=oG-rbVP81bj5yHs2 net::ERR_ABORTED | /contracts?_rsc=oG-rbVP81bj5yHs2 net::ERR_ABORTED | /intelligence?_rsc=oG-rbVP81bj5yHs2 net::ERR_ABORTED | /crosses?_rsc=oG-rbVP81bj5yHs2 net::ERR_ABORTED | /settings?_rsc=oG-rbVP81bj5yHs2 net::ERR_ABORTED | /requests/new?_rsc=oG-rbVP81bj5yHs2 net::ERR_ABORTED | /approvals?_rsc=FxIb9Zh5xrkPNSW4 net::ERR_ABORTED | /?_rsc=FxIb9Zh5xrkPNSW4 net::ERR_ABORTED | /requests?_rsc=FxIb9Zh5xrkPNSW4 net::ERR_ABORTED | /proposals?_rsc=FxIb9Zh5xrkPNSW4 net::ERR_ABORTED | /accounts?_rsc=FxIb9Zh5xrkPNSW4 net::ERR_ABORTED | /contracts?_rsc=FxIb9Zh5xrkPNSW4 net::ERR_ABORTED | /intelligence?_rsc=FxIb9Zh5xrkPNSW4 net::ERR_ABORTED | /analytics?_rsc=FxIb9Zh5xrkPNSW4 net::ERR_ABORTED | /catalog?_rsc=FxIb9Zh5xrkPNSW4 net::ERR_ABORTED | /catalog/gudid?_rsc=FxIb9Zh5xrkPNSW4 net::ERR_ABORTED | /settings?_rsc=FxIb9Zh5xrkPNSW4 net::ERR_ABORTED | /requests/new?_rsc=FxIb9Zh5xrkPNSW4 net::ERR_ABORTED | /notifications?_rsc=FxIb9Zh5xrkPNSW4 net::ERR_ABORTED","","0","0","0","New request ; Switch user ; Mark all read ; Read"
"CONTRACTING_MANAGER","/settings","/settings","200","Settings","","","0","/proposals?_rsc=DQxjArDrgutTG17x net::ERR_ABORTED | /approvals?_rsc=DQxjArDrgutTG17x net::ERR_ABORTED | /?_rsc=DQxjArDrgutTG17x net::ERR_ABORTED | /requests?_rsc=DQxjArDrgutTG17x net::ERR_ABORTED | /accounts?_rsc=DQxjArDrgutTG17x net::ERR_ABORTED | /contracts?_rsc=DQxjArDrgutTG17x net::ERR_ABORTED | /intelligence?_rsc=DQxjArDrgutTG17x net::ERR_ABORTED | /intelligence/bids?_rsc=DQxjArDrgutTG17x net::ERR_ABORTED | /analytics?_rsc=DQxjArDrgutTG17x net::ERR_ABORTED | /catalog/gudid?_rsc=DQxjArDrgutTG17x net::ERR_ABORTED | /crosses?_rsc=DQxjArDrgutTG17x net::ERR_ABORTED | /catalog?_rsc=DQxjArDrgutTG17x net::ERR_ABORTED | /notifications?_rsc=DQxjArDrgutTG17x net::ERR_ABORTED | /requests/new?_rsc=DQxjArDrgutTG17x net::ERR_ABORTED | /settings/pricing?_rsc=DQxjArDrgutTG17x net::ERR_ABORTED | /?_rsc=j-_vjoKOn8bxlRO7 net::ERR_ABORTED | /requests?_rsc=j-_vjoKOn8bxlRO7 net::ERR_ABORTED | /proposals?_rsc=j-_vjoKOn8bxlRO7 net::ERR_ABORTED | /approvals?_rsc=j-_vjoKOn8bxlRO7 net::ERR_ABORTED | /accounts?_rsc=j-_vjoKOn8bxlRO7 net::ERR_ABORTED | /intelligence?_rsc=j-_vjoKOn8bxlRO7 net::ERR_ABORTED | /contracts?_rsc=j-_vjoKOn8bxlRO7 net::ERR_ABORTED | /catalog?_rsc=j-_vjoKOn8bxlRO7 net::ERR_ABORTED | /intelligence/bids?_rsc=j-_vjoKOn8bxlRO7 net::ERR_ABORTED | /analytics?_rsc=j-_vjoKOn8bxlRO7 net::ERR_ABORTED | /catalog/gudid?_rsc=j-_vjoKOn8bxlRO7 net::ERR_ABORTED | /crosses?_rsc=j-_vjoKOn8bxlRO7 net::ERR_ABORTED | /settings?_rsc=j-_vjoKOn8bxlRO7 net::ERR_ABORTED | /notifications?_rsc=j-_vjoKOn8bxlRO7 net::ERR_ABORTED | /requests/new?_rsc=j-_vjoKOn8bxlRO7 net::ERR_ABORTED | /settings/pricing?_rsc=j-_vjoKOn8bxlRO7 net::ERR_ABORTED","","0","0","0","New request ; Switch user ; Save (disabled) ; Details ; How to connect ; Sync now"
"CONTRACTING_MANAGER","/settings/integrations","/settings/integrations","200","Settings","","","0","/contracts?_rsc=DQxjArDrgutTG17x net::ERR_ABORTED | /intelligence?_rsc=DQxjArDrgutTG17x net::ERR_ABORTED | /intelligence/bids?_rsc=DQxjArDrgutTG17x net::ERR_ABORTED | /analytics?_rsc=DQxjArDrgutTG17x net::ERR_ABORTED | /catalog/gudid?_rsc=DQxjArDrgutTG17x net::ERR_ABORTED | /crosses?_rsc=DQxjArDrgutTG17x net::ERR_ABORTED | /notifications?_rsc=DQxjArDrgutTG17x net::ERR_ABORTED | /settings/pricing?_rsc=DQxjArDrgutTG17x net::ERR_ABORTED | /requests/new?_rsc=DQxjArDrgutTG17x net::ERR_ABORTED | /approvals?_rsc=j-_vjoKOn8bxlRO7 net::ERR_ABORTED | /accounts?_rsc=j-_vjoKOn8bxlRO7 net::ERR_ABORTED | /contracts?_rsc=j-_vjoKOn8bxlRO7 net::ERR_ABORTED | /intelligence?_rsc=j-_vjoKOn8bxlRO7 net::ERR_ABORTED | /intelligence/bids?_rsc=j-_vjoKOn8bxlRO7 net::ERR_ABORTED | /analytics?_rsc=j-_vjoKOn8bxlRO7 net::ERR_ABORTED | /catalog?_rsc=j-_vjoKOn8bxlRO7 net::ERR_ABORTED | /catalog/gudid?_rsc=j-_vjoKOn8bxlRO7 net::ERR_ABORTED | /crosses?_rsc=j-_vjoKOn8bxlRO7 net::ERR_ABORTED | /settings?_rsc=j-_vjoKOn8bxlRO7 net::ERR_ABORTED | /notifications?_rsc=j-_vjoKOn8bxlRO7 net::ERR_ABORTED | /requests/new?_rsc=j-_vjoKOn8bxlRO7 net::ERR_ABORTED | /settings/pricing?_rsc=j-_vjoKOn8bxlRO7 net::ERR_ABORTED","","0","0","0","New request ; Switch user ; Save (disabled) ; Details ; How to connect ; Sync now"
"CONTRACTING_MANAGER","/settings/pricing","/settings/pricing","200","Pricing policies","","","0","/approvals?_rsc=8oSST31HPn0UlEto net::ERR_ABORTED | /?_rsc=8oSST31HPn0UlEto net::ERR_ABORTED | /requests?_rsc=8oSST31HPn0UlEto net::ERR_ABORTED | /proposals?_rsc=8oSST31HPn0UlEto net::ERR_ABORTED | /accounts?_rsc=8oSST31HPn0UlEto net::ERR_ABORTED | /contracts?_rsc=8oSST31HPn0UlEto net::ERR_ABORTED | /intelligence?_rsc=8oSST31HPn0UlEto net::ERR_ABORTED | /intelligence/bids?_rsc=8oSST31HPn0UlEto net::ERR_ABORTED | /analytics?_rsc=8oSST31HPn0UlEto net::ERR_ABORTED | /catalog?_rsc=8oSST31HPn0UlEto net::ERR_ABORTED | /catalog/gudid?_rsc=8oSST31HPn0UlEto net::ERR_ABORTED | /crosses?_rsc=8oSST31HPn0UlEto net::ERR_ABORTED | /settings?_rsc=8oSST31HPn0UlEto net::ERR_ABORTED | /notifications?_rsc=8oSST31HPn0UlEto net::ERR_ABORTED | /requests/new?_rsc=8oSST31HPn0UlEto net::ERR_ABORTED | /?_rsc=_Ie442TgELs3Q458 net::ERR_ABORTED | /requests?_rsc=_Ie442TgELs3Q458 net::ERR_ABORTED | /proposals?_rsc=_Ie442TgELs3Q458 net::ERR_ABORTED | /approvals?_rsc=_Ie442TgELs3Q458 net::ERR_ABORTED | /accounts?_rsc=_Ie442TgELs3Q458 net::ERR_ABORTED | /contracts?_rsc=_Ie442TgELs3Q458 net::ERR_ABORTED | /intelligence/bids?_rsc=_Ie442TgELs3Q458 net::ERR_ABORTED | /intelligence?_rsc=_Ie442TgELs3Q458 net::ERR_ABORTED | /analytics?_rsc=_Ie442TgELs3Q458 net::ERR_ABORTED | /catalog?_rsc=_Ie442TgELs3Q458 net::ERR_ABORTED | /crosses?_rsc=_Ie442TgELs3Q458 net::ERR_ABORTED | /settings?_rsc=_Ie442TgELs3Q458 net::ERR_ABORTED | /catalog/gudid?_rsc=_Ie442TgELs3Q458 net::ERR_ABORTED | /notifications?_rsc=_Ie442TgELs3Q458 net::ERR_ABORTED | /requests/new?_rsc=_Ie442TgELs3Q458 net::ERR_ABORTED","","0","0","0","New request ; Switch user ; New draft (disabled)"
"PRICING_ANALYST","/","/","200","Competitive cross reference","","","0","/accounts?_rsc=5CB68i4pnAekjehf net::ERR_ABORTED | /contracts?_rsc=5CB68i4pnAekjehf net::ERR_ABORTED | /intelligence/bids?_rsc=5CB68i4pnAekjehf net::ERR_ABORTED | /intelligence?_rsc=5CB68i4pnAekjehf net::ERR_ABORTED | /analytics?_rsc=5CB68i4pnAekjehf net::ERR_ABORTED | /catalog?_rsc=5CB68i4pnAekjehf net::ERR_ABORTED | /catalog/gudid?_rsc=5CB68i4pnAekjehf net::ERR_ABORTED | /crosses?_rsc=5CB68i4pnAekjehf net::ERR_ABORTED | /settings?_rsc=5CB68i4pnAekjehf net::ERR_ABORTED | /notifications?_rsc=5CB68i4pnAekjehf net::ERR_ABORTED | /proposals?_rsc=tXyZJ52UQVBCVsD3 net::ERR_ABORTED | /requests/new?_rsc=5CB68i4pnAekjehf net::ERR_ABORTED | /?_rsc=tXyZJ52UQVBCVsD3 net::ERR_ABORTED | /requests?_rsc=tXyZJ52UQVBCVsD3 net::ERR_ABORTED | /intelligence?_rsc=tXyZJ52UQVBCVsD3 net::ERR_ABORTED | /intelligence/bids?_rsc=tXyZJ52UQVBCVsD3 net::ERR_ABORTED | /accounts?_rsc=tXyZJ52UQVBCVsD3 net::ERR_ABORTED | /contracts?_rsc=tXyZJ52UQVBCVsD3 net::ERR_ABORTED | /crosses?_rsc=tXyZJ52UQVBCVsD3 net::ERR_ABORTED | /analytics?_rsc=tXyZJ52UQVBCVsD3 net::ERR_ABORTED | /catalog?_rsc=tXyZJ52UQVBCVsD3 net::ERR_ABORTED | /catalog/gudid?_rsc=tXyZJ52UQVBCVsD3 net::ERR_ABORTED | /settings?_rsc=tXyZJ52UQVBCVsD3 net::ERR_ABORTED | /notifications?_rsc=tXyZJ52UQVBCVsD3 net::ERR_ABORTED | /requests/new?_rsc=tXyZJ52UQVBCVsD3 net::ERR_ABORTED","","0","0","0","New request ; Switch user"
"PRICING_ANALYST","/requests","/requests","200","Cross-reference requests","","","0","/?_rsc=p3Q57VochOqcQNsg net::ERR_ABORTED | /proposals?_rsc=p3Q57VochOqcQNsg net::ERR_ABORTED | /accounts?_rsc=p3Q57VochOqcQNsg net::ERR_ABORTED | /contracts?_rsc=p3Q57VochOqcQNsg net::ERR_ABORTED | /intelligence?_rsc=p3Q57VochOqcQNsg net::ERR_ABORTED | /analytics?_rsc=p3Q57VochOqcQNsg net::ERR_ABORTED | /intelligence/bids?_rsc=p3Q57VochOqcQNsg net::ERR_ABORTED | /catalog?_rsc=p3Q57VochOqcQNsg net::ERR_ABORTED | /settings?_rsc=p3Q57VochOqcQNsg net::ERR_ABORTED | /notifications?_rsc=p3Q57VochOqcQNsg net::ERR_ABORTED | /catalog/gudid?_rsc=p3Q57VochOqcQNsg net::ERR_ABORTED | /crosses?_rsc=p3Q57VochOqcQNsg net::ERR_ABORTED | /requests/new?_rsc=p3Q57VochOqcQNsg net::ERR_ABORTED | /requests?_rsc=nIzLgF1M7nWxnHlV net::ERR_ABORTED | /proposals?_rsc=nIzLgF1M7nWxnHlV net::ERR_ABORTED | /?_rsc=nIzLgF1M7nWxnHlV net::ERR_ABORTED | /intelligence?_rsc=nIzLgF1M7nWxnHlV net::ERR_ABORTED | /intelligence/bids?_rsc=nIzLgF1M7nWxnHlV net::ERR_ABORTED | /accounts?_rsc=nIzLgF1M7nWxnHlV net::ERR_ABORTED | /contracts?_rsc=nIzLgF1M7nWxnHlV net::ERR_ABORTED | /analytics?_rsc=nIzLgF1M7nWxnHlV net::ERR_ABORTED | /catalog?_rsc=nIzLgF1M7nWxnHlV net::ERR_ABORTED | /crosses?_rsc=nIzLgF1M7nWxnHlV net::ERR_ABORTED | /catalog/gudid?_rsc=nIzLgF1M7nWxnHlV net::ERR_ABORTED | /settings?_rsc=nIzLgF1M7nWxnHlV net::ERR_ABORTED | /notifications?_rsc=nIzLgF1M7nWxnHlV net::ERR_ABORTED | /requests/new?_rsc=nIzLgF1M7nWxnHlV net::ERR_ABORTED","","0","0","0","New request ; Switch user"
"PRICING_ANALYST","/requests/new","/requests/new","200","Competitive cross reference","","","0","/?_rsc=4belA-F-xg-XtLdx net::ERR_ABORTED | /requests?_rsc=4belA-F-xg-XtLdx net::ERR_ABORTED | /proposals?_rsc=4belA-F-xg-XtLdx net::ERR_ABORTED | /accounts?_rsc=4belA-F-xg-XtLdx net::ERR_ABORTED | /contracts?_rsc=4belA-F-xg-XtLdx net::ERR_ABORTED | /intelligence?_rsc=4belA-F-xg-XtLdx net::ERR_ABORTED | /intelligence/bids?_rsc=4belA-F-xg-XtLdx net::ERR_ABORTED | /catalog?_rsc=4belA-F-xg-XtLdx net::ERR_ABORTED | /catalog/gudid?_rsc=4belA-F-xg-XtLdx net::ERR_ABORTED | /crosses?_rsc=4belA-F-xg-XtLdx net::ERR_ABORTED | /settings?_rsc=4belA-F-xg-XtLdx net::ERR_ABORTED | /notifications?_rsc=4belA-F-xg-XtLdx net::ERR_ABORTED | /?_rsc=O1p93FFpSnNce0k4 net::ERR_ABORTED | /requests?_rsc=O1p93FFpSnNce0k4 net::ERR_ABORTED | /accounts?_rsc=O1p93FFpSnNce0k4 net::ERR_ABORTED | /contracts?_rsc=O1p93FFpSnNce0k4 net::ERR_ABORTED | /intelligence?_rsc=O1p93FFpSnNce0k4 net::ERR_ABORTED | /proposals?_rsc=O1p93FFpSnNce0k4 net::ERR_ABORTED | /catalog?_rsc=O1p93FFpSnNce0k4 net::ERR_ABORTED | /catalog/gudid?_rsc=O1p93FFpSnNce0k4 net::ERR_ABORTED | /intelligence/bids?_rsc=O1p93FFpSnNce0k4 net::ERR_ABORTED | /analytics?_rsc=O1p93FFpSnNce0k4 net::ERR_ABORTED | /settings?_rsc=O1p93FFpSnNce0k4 net::ERR_ABORTED | /crosses?_rsc=O1p93FFpSnNce0k4 net::ERR_ABORTED | /notifications?_rsc=O1p93FFpSnNce0k4 net::ERR_ABORTED | /requests/new?_rsc=O1p93FFpSnNce0k4 net::ERR_ABORTED","","0","0","0","New request ; Switch user ; Google Sheets link ; Upload .xlsx / .csv ; Paste from a sheet ; Read sheet (disabled) ; Continue request (disabled)"
"PRICING_ANALYST","/requests/[id]","/requests/null","200","","Failed to load resource: the server responded with a status of 404 (Not Found)","","0","/contracts?_rsc=76SvvV1TLjtpHtqe net::ERR_ABORTED | /intelligence?_rsc=76SvvV1TLjtpHtqe net::ERR_ABORTED | /intelligence/bids?_rsc=76SvvV1TLjtpHtqe net::ERR_ABORTED | /analytics?_rsc=76SvvV1TLjtpHtqe net::ERR_ABORTED | /catalog?_rsc=76SvvV1TLjtpHtqe net::ERR_ABORTED | /catalog/gudid?_rsc=76SvvV1TLjtpHtqe net::ERR_ABORTED | /crosses?_rsc=76SvvV1TLjtpHtqe net::ERR_ABORTED | /settings?_rsc=76SvvV1TLjtpHtqe net::ERR_ABORTED | /notifications?_rsc=76SvvV1TLjtpHtqe net::ERR_ABORTED | /requests/new?_rsc=76SvvV1TLjtpHtqe net::ERR_ABORTED | /requests?_rsc=eoRKZgXY26fq4Ulk net::ERR_ABORTED | /?_rsc=eoRKZgXY26fq4Ulk net::ERR_ABORTED | /proposals?_rsc=eoRKZgXY26fq4Ulk net::ERR_ABORTED | /accounts?_rsc=eoRKZgXY26fq4Ulk net::ERR_ABORTED | /contracts?_rsc=eoRKZgXY26fq4Ulk net::ERR_ABORTED | /intelligence?_rsc=eoRKZgXY26fq4Ulk net::ERR_ABORTED | /intelligence/bids?_rsc=eoRKZgXY26fq4Ulk net::ERR_ABORTED | /catalog?_rsc=eoRKZgXY26fq4Ulk net::ERR_ABORTED | /catalog/gudid?_rsc=eoRKZgXY26fq4Ulk net::ERR_ABORTED | /analytics?_rsc=eoRKZgXY26fq4Ulk net::ERR_ABORTED | /crosses?_rsc=eoRKZgXY26fq4Ulk net::ERR_ABORTED | /requests/new?_rsc=eoRKZgXY26fq4Ulk net::ERR_ABORTED | /notifications?_rsc=eoRKZgXY26fq4Ulk net::ERR_ABORTED | /settings?_rsc=eoRKZgXY26fq4Ulk net::ERR_ABORTED","404 /api/requests/null","0","0","0","New request ; Switch user"
"PRICING_ANALYST","/proposals","/proposals","200","Commercial proposals","","","0","/?_rsc=8qZH60WsiyOTuseO net::ERR_ABORTED | /requests?_rsc=8qZH60WsiyOTuseO net::ERR_ABORTED | /accounts?_rsc=8qZH60WsiyOTuseO net::ERR_ABORTED | /contracts?_rsc=8qZH60WsiyOTuseO net::ERR_ABORTED | /intelligence?_rsc=8qZH60WsiyOTuseO net::ERR_ABORTED | /intelligence/bids?_rsc=8qZH60WsiyOTuseO net::ERR_ABORTED | /analytics?_rsc=8qZH60WsiyOTuseO net::ERR_ABORTED | /catalog?_rsc=8qZH60WsiyOTuseO net::ERR_ABORTED | /catalog/gudid?_rsc=8qZH60WsiyOTuseO net::ERR_ABORTED | /crosses?_rsc=8qZH60WsiyOTuseO net::ERR_ABORTED | /settings?_rsc=8qZH60WsiyOTuseO net::ERR_ABORTED | /proposals?_rsc=yDw8cg_cK2Tq2IDS net::ERR_ABORTED | /?_rsc=yDw8cg_cK2Tq2IDS net::ERR_ABORTED | /requests/new?_rsc=8qZH60WsiyOTuseO net::ERR_ABORTED | /requests?_rsc=yDw8cg_cK2Tq2IDS net::ERR_ABORTED | /intelligence?_rsc=yDw8cg_cK2Tq2IDS net::ERR_ABORTED | /contracts?_rsc=yDw8cg_cK2Tq2IDS net::ERR_ABORTED | /intelligence/bids?_rsc=yDw8cg_cK2Tq2IDS net::ERR_ABORTED | /accounts?_rsc=yDw8cg_cK2Tq2IDS net::ERR_ABORTED | /catalog?_rsc=yDw8cg_cK2Tq2IDS net::ERR_ABORTED | /analytics?_rsc=yDw8cg_cK2Tq2IDS net::ERR_ABORTED | /crosses?_rsc=yDw8cg_cK2Tq2IDS net::ERR_ABORTED | /settings?_rsc=yDw8cg_cK2Tq2IDS net::ERR_ABORTED | /requests/new?_rsc=yDw8cg_cK2Tq2IDS net::ERR_ABORTED | /notifications?_rsc=yDw8cg_cK2Tq2IDS net::ERR_ABORTED","","0","0","0","New request ; Switch user"
"PRICING_ANALYST","/proposals/[id]","/proposals/null","200","","Failed to load resource: the server responded with a status of 404 (Not Found)","","0","/intelligence?_rsc=VreOGdJHuaZwqD3- net::ERR_ABORTED | /intelligence/bids?_rsc=VreOGdJHuaZwqD3- net::ERR_ABORTED | /catalog?_rsc=VreOGdJHuaZwqD3- net::ERR_ABORTED | /analytics?_rsc=VreOGdJHuaZwqD3- net::ERR_ABORTED | /catalog/gudid?_rsc=VreOGdJHuaZwqD3- net::ERR_ABORTED | /crosses?_rsc=VreOGdJHuaZwqD3- net::ERR_ABORTED | /requests/new?_rsc=VreOGdJHuaZwqD3- net::ERR_ABORTED | /proposals?_rsc=hzu8hJFrzSYjsRgK net::ERR_ABORTED | /requests?_rsc=hzu8hJFrzSYjsRgK net::ERR_ABORTED | /accounts?_rsc=hzu8hJFrzSYjsRgK net::ERR_ABORTED | /?_rsc=hzu8hJFrzSYjsRgK net::ERR_ABORTED | /contracts?_rsc=hzu8hJFrzSYjsRgK net::ERR_ABORTED | /intelligence/bids?_rsc=hzu8hJFrzSYjsRgK net::ERR_ABORTED | /analytics?_rsc=hzu8hJFrzSYjsRgK net::ERR_ABORTED | /catalog?_rsc=hzu8hJFrzSYjsRgK net::ERR_ABORTED | /intelligence?_rsc=hzu8hJFrzSYjsRgK net::ERR_ABORTED | /catalog/gudid?_rsc=hzu8hJFrzSYjsRgK net::ERR_ABORTED | /crosses?_rsc=hzu8hJFrzSYjsRgK net::ERR_ABORTED | /settings?_rsc=hzu8hJFrzSYjsRgK net::ERR_ABORTED | /notifications?_rsc=hzu8hJFrzSYjsRgK net::ERR_ABORTED | /requests/new?_rsc=hzu8hJFrzSYjsRgK net::ERR_ABORTED","404 /api/proposals/null","0","0","0","New request ; Switch user"
"PRICING_ANALYST","/approvals","/approvals","200","Pricing approvals","","","0","/?_rsc=Ut9iRRX_9PZKRdF- net::ERR_ABORTED | /requests?_rsc=Ut9iRRX_9PZKRdF- net::ERR_ABORTED | /proposals?_rsc=Ut9iRRX_9PZKRdF- net::ERR_ABORTED | /accounts?_rsc=Ut9iRRX_9PZKRdF- net::ERR_ABORTED | /contracts?_rsc=Ut9iRRX_9PZKRdF- net::ERR_ABORTED | /intelligence?_rsc=Ut9iRRX_9PZKRdF- net::ERR_ABORTED | /intelligence/bids?_rsc=Ut9iRRX_9PZKRdF- net::ERR_ABORTED | /catalog/gudid?_rsc=Ut9iRRX_9PZKRdF- net::ERR_ABORTED | /analytics?_rsc=Ut9iRRX_9PZKRdF- net::ERR_ABORTED | /catalog?_rsc=Ut9iRRX_9PZKRdF- net::ERR_ABORTED | /crosses?_rsc=Ut9iRRX_9PZKRdF- net::ERR_ABORTED | /settings?_rsc=Ut9iRRX_9PZKRdF- net::ERR_ABORTED | /notifications?_rsc=Ut9iRRX_9PZKRdF- net::ERR_ABORTED | /requests/new?_rsc=Ut9iRRX_9PZKRdF- net::ERR_ABORTED | /?_rsc=AU6DTT46DVXZ7jWj net::ERR_ABORTED | /proposals?_rsc=AU6DTT46DVXZ7jWj net::ERR_ABORTED | /contracts?_rsc=AU6DTT46DVXZ7jWj net::ERR_ABORTED | /intelligence?_rsc=AU6DTT46DVXZ7jWj net::ERR_ABORTED | /intelligence/bids?_rsc=AU6DTT46DVXZ7jWj net::ERR_ABORTED | /analytics?_rsc=AU6DTT46DVXZ7jWj net::ERR_ABORTED | /catalog?_rsc=AU6DTT46DVXZ7jWj net::ERR_ABORTED | /notifications?_rsc=AU6DTT46DVXZ7jWj net::ERR_ABORTED | /catalog/gudid?_rsc=AU6DTT46DVXZ7jWj net::ERR_ABORTED | /crosses?_rsc=AU6DTT46DVXZ7jWj net::ERR_ABORTED | /settings?_rsc=AU6DTT46DVXZ7jWj net::ERR_ABORTED | /requests/new?_rsc=AU6DTT46DVXZ7jWj net::ERR_ABORTED","","0","0","0","New request ; Switch user ; Delegate my approvals (disabled)"
"PRICING_ANALYST","/accounts","/accounts","200","Accounts & GPO membership","","","0","/contracts?_rsc=iZGmHDWBA-6V7KTQ net::ERR_ABORTED | /?_rsc=iZGmHDWBA-6V7KTQ net::ERR_ABORTED | /requests?_rsc=iZGmHDWBA-6V7KTQ net::ERR_ABORTED | /proposals?_rsc=iZGmHDWBA-6V7KTQ net::ERR_ABORTED | /intelligence?_rsc=iZGmHDWBA-6V7KTQ net::ERR_ABORTED | /analytics?_rsc=iZGmHDWBA-6V7KTQ net::ERR_ABORTED | /intelligence/bids?_rsc=iZGmHDWBA-6V7KTQ net::ERR_ABORTED | /notifications?_rsc=iZGmHDWBA-6V7KTQ net::ERR_ABORTED | /catalog/gudid?_rsc=iZGmHDWBA-6V7KTQ net::ERR_ABORTED | /crosses?_rsc=iZGmHDWBA-6V7KTQ net::ERR_ABORTED | /settings?_rsc=iZGmHDWBA-6V7KTQ net::ERR_ABORTED | /accounts/cmuffqiiv02rmfs7diaqvuvc9?_rsc=iZGmHDWBA-6V7KTQ net::ERR_ABORTED | /requests/new?_rsc=iZGmHDWBA-6V7KTQ net::ERR_ABORTED | /accounts/cmuffqiii02rkfs7dzbqrnru0?_rsc=iZGmHDWBA-6V7KTQ net::ERR_ABORTED | /accounts/cmuffqiiq02rlfs7d9y1un1wd?_rsc=iZGmHDWBA-6V7KTQ net::ERR_ABORTED | /?_rsc=oRxEn_R9e10JER3Z net::ERR_ABORTED | /requests?_rsc=oRxEn_R9e10JER3Z net::ERR_ABORTED | /proposals?_rsc=oRxEn_R9e10JER3Z net::ERR_ABORTED | /contracts?_rsc=oRxEn_R9e10JER3Z net::ERR_ABORTED | /accounts?_rsc=oRxEn_R9e10JER3Z net::ERR_ABORTED | /intelligence?_rsc=oRxEn_R9e10JER3Z net::ERR_ABORTED | /intelligence/bids?_rsc=oRxEn_R9e10JER3Z net::ERR_ABORTED | /analytics?_rsc=oRxEn_R9e10JER3Z net::ERR_ABORTED | /catalog?_rsc=oRxEn_R9e10JER3Z net::ERR_ABORTED | /catalog/gudid?_rsc=oRxEn_R9e10JER3Z net::ERR_ABORTED | /crosses?_rsc=oRxEn_R9e10JER3Z net::ERR_ABORTED | /settings?_rsc=oRxEn_R9e10JER3Z net::ERR_ABORTED | /notifications?_rsc=oRxEn_R9e10JER3Z net::ERR_ABORTED | /requests/new?_rsc=oRxEn_R9e10JER3Z net::ERR_ABORTED | /accounts/cmuffqiiq02rlfs7d9y1un1wd?_rsc=oRxEn_R9e10JER3Z net::ERR_ABORTED | /accounts/cmuffqiif02rjfs7dkcvn5i4a?_rsc=oRxEn_R9e10JER3Z net::ERR_ABORTED | /accounts/cmuffqiiv02rmfs7diaqvuvc9?_rsc=oRxEn_R9e10JER3Z net::ERR_ABORTED | /accounts/cmuffqiii02rkfs7dzbqrnru0?_rsc=oRxEn_R9e10JER3Z net::ERR_ABORTED | /accounts/cmuffqiia02rifs7d9g96f4p7?_rsc=oRxEn_R9e10JER3Z net::ERR_ABORTED","","0","0","0","New request ; Switch user"
"PRICING_ANALYST","/accounts/[id]","/accounts/cmuffqiii02rkfs7dzbqrnru0","200","Hospital A — Mount Vernon General","","","0","/proposals?_rsc=mfJnIb6u-3Mn-ESD net::ERR_ABORTED | /accounts?_rsc=mfJnIb6u-3Mn-ESD net::ERR_ABORTED | /?_rsc=mfJnIb6u-3Mn-ESD net::ERR_ABORTED | /requests?_rsc=mfJnIb6u-3Mn-ESD net::ERR_ABORTED | /intelligence?_rsc=mfJnIb6u-3Mn-ESD net::ERR_ABORTED | /intelligence/bids?_rsc=mfJnIb6u-3Mn-ESD net::ERR_ABORTED | /catalog/gudid?_rsc=mfJnIb6u-3Mn-ESD net::ERR_ABORTED | /analytics?_rsc=mfJnIb6u-3Mn-ESD net::ERR_ABORTED | /catalog?_rsc=mfJnIb6u-3Mn-ESD net::ERR_ABORTED | /crosses?_rsc=mfJnIb6u-3Mn-ESD net::ERR_ABORTED | /requests/new?_rsc=mfJnIb6u-3Mn-ESD net::ERR_ABORTED | /notifications?_rsc=mfJnIb6u-3Mn-ESD net::ERR_ABORTED | /contracts/cmuffqio702syfs7d0fonyhf3?_rsc=mfJnIb6u-3Mn-ESD net::ERR_ABORTED | /?_rsc=pzgFYKDD5bs714zj net::ERR_ABORTED | /proposals?_rsc=pzgFYKDD5bs714zj net::ERR_ABORTED | /requests?_rsc=pzgFYKDD5bs714zj net::ERR_ABORTED | /accounts?_rsc=pzgFYKDD5bs714zj net::ERR_ABORTED | /analytics?_rsc=pzgFYKDD5bs714zj net::ERR_ABORTED | /contracts?_rsc=pzgFYKDD5bs714zj net::ERR_ABORTED | /intelligence?_rsc=pzgFYKDD5bs714zj net::ERR_ABORTED | /intelligence/bids?_rsc=pzgFYKDD5bs714zj net::ERR_ABORTED | /catalog?_rsc=pzgFYKDD5bs714zj net::ERR_ABORTED | /catalog/gudid?_rsc=pzgFYKDD5bs714zj net::ERR_ABORTED | /crosses?_rsc=pzgFYKDD5bs714zj net::ERR_ABORTED | /settings?_rsc=pzgFYKDD5bs714zj net::ERR_ABORTED | /notifications?_rsc=pzgFYKDD5bs714zj net::ERR_ABORTED | /requests/new?_rsc=pzgFYKDD5bs714zj net::ERR_ABORTED | /contracts/cmuffqio702syfs7d0fonyhf3?_rsc=pzgFYKDD5bs714zj net::ERR_ABORTED","","0","1","0","New request ; Switch user"
"PRICING_ANALYST","/contracts","/contracts","200","Contracts & price context","","","0","/?_rsc=DzmfcRRfJeItXkgz net::ERR_ABORTED | /requests?_rsc=DzmfcRRfJeItXkgz net::ERR_ABORTED | /proposals?_rsc=DzmfcRRfJeItXkgz net::ERR_ABORTED | /accounts?_rsc=DzmfcRRfJeItXkgz net::ERR_ABORTED | /intelligence?_rsc=DzmfcRRfJeItXkgz net::ERR_ABORTED | /intelligence/bids?_rsc=DzmfcRRfJeItXkgz net::ERR_ABORTED | /analytics?_rsc=DzmfcRRfJeItXkgz net::ERR_ABORTED | /catalog?_rsc=DzmfcRRfJeItXkgz net::ERR_ABORTED | /notifications?_rsc=DzmfcRRfJeItXkgz net::ERR_ABORTED | /catalog/gudid?_rsc=DzmfcRRfJeItXkgz net::ERR_ABORTED | /crosses?_rsc=DzmfcRRfJeItXkgz net::ERR_ABORTED | /settings?_rsc=DzmfcRRfJeItXkgz net::ERR_ABORTED | /contracts/cmuffqio702syfs7d0fonyhf3?_rsc=DzmfcRRfJeItXkgz net::ERR_ABORTED | /requests/new?_rsc=DzmfcRRfJeItXkgz net::ERR_ABORTED | /contracts/cmuffqioe02szfs7dl658b8gy?_rsc=DzmfcRRfJeItXkgz net::ERR_ABORTED | /proposals?_rsc=2Ju2sngZl13OvaTN net::ERR_ABORTED | /requests?_rsc=2Ju2sngZl13OvaTN net::ERR_ABORTED | /accounts?_rsc=2Ju2sngZl13OvaTN net::ERR_ABORTED | /contracts?_rsc=2Ju2sngZl13OvaTN net::ERR_ABORTED | /intelligence?_rsc=2Ju2sngZl13OvaTN net::ERR_ABORTED | /intelligence/bids?_rsc=2Ju2sngZl13OvaTN net::ERR_ABORTED | /analytics?_rsc=2Ju2sngZl13OvaTN net::ERR_ABORTED | /catalog/gudid?_rsc=2Ju2sngZl13OvaTN net::ERR_ABORTED | /catalog?_rsc=2Ju2sngZl13OvaTN net::ERR_ABORTED | /settings?_rsc=2Ju2sngZl13OvaTN net::ERR_ABORTED | /crosses?_rsc=2Ju2sngZl13OvaTN net::ERR_ABORTED | /contracts/cmuffqio702syfs7d0fonyhf3?_rsc=2Ju2sngZl13OvaTN net::ERR_ABORTED | /contracts/cmuffqioe02szfs7dl658b8gy?_rsc=2Ju2sngZl13OvaTN net::ERR_ABORTED | /notifications?_rsc=2Ju2sngZl13OvaTN net::ERR_ABORTED | /requests/new?_rsc=2Ju2sngZl13OvaTN net::ERR_ABORTED","","0","1","0","New request ; Switch user ; New contract (disabled)"
"PRICING_ANALYST","/contracts/[id]","/contracts/cmuffqioe02szfs7dl658b8gy","200","MSK-LOCAL-2026 · MSK local mesh agreement","","","0","/?_rsc=mef3hIvfndT_j2OY net::ERR_ABORTED | /requests?_rsc=mef3hIvfndT_j2OY net::ERR_ABORTED | /proposals?_rsc=mef3hIvfndT_j2OY net::ERR_ABORTED | /accounts?_rsc=mef3hIvfndT_j2OY net::ERR_ABORTED | /contracts?_rsc=mef3hIvfndT_j2OY net::ERR_ABORTED | /intelligence?_rsc=mef3hIvfndT_j2OY net::ERR_ABORTED | /intelligence/bids?_rsc=mef3hIvfndT_j2OY net::ERR_ABORTED | /catalog?_rsc=mef3hIvfndT_j2OY net::ERR_ABORTED | /catalog/gudid?_rsc=mef3hIvfndT_j2OY net::ERR_ABORTED | /crosses?_rsc=mef3hIvfndT_j2OY net::ERR_ABORTED | /accounts/cmuffqiif02rjfs7dkcvn5i4a?_rsc=mef3hIvfndT_j2OY net::ERR_ABORTED | /settings?_rsc=mef3hIvfndT_j2OY net::ERR_ABORTED | /notifications?_rsc=mef3hIvfndT_j2OY net::ERR_ABORTED | /requests/new?_rsc=mef3hIvfndT_j2OY net::ERR_ABORTED | /accounts/cmuffqiif02rjfs7dkcvn5i4a?_rsc=4Gf8Hzsu8Hn8XV6X net::ERR_ABORTED | /requests?_rsc=4Gf8Hzsu8Hn8XV6X net::ERR_ABORTED | /proposals?_rsc=4Gf8Hzsu8Hn8XV6X net::ERR_ABORTED | /accounts?_rsc=4Gf8Hzsu8Hn8XV6X net::ERR_ABORTED | /?_rsc=4Gf8Hzsu8Hn8XV6X net::ERR_ABORTED | /contracts?_rsc=4Gf8Hzsu8Hn8XV6X net::ERR_ABORTED | /intelligence?_rsc=4Gf8Hzsu8Hn8XV6X net::ERR_ABORTED | /intelligence/bids?_rsc=4Gf8Hzsu8Hn8XV6X net::ERR_ABORTED | /analytics?_rsc=4Gf8Hzsu8Hn8XV6X net::ERR_ABORTED | /catalog?_rsc=4Gf8Hzsu8Hn8XV6X net::ERR_ABORTED | /catalog/gudid?_rsc=4Gf8Hzsu8Hn8XV6X net::ERR_ABORTED | /crosses?_rsc=4Gf8Hzsu8Hn8XV6X net::ERR_ABORTED | /settings?_rsc=4Gf8Hzsu8Hn8XV6X net::ERR_ABORTED | /notifications?_rsc=4Gf8Hzsu8Hn8XV6X net::ERR_ABORTED | /requests/new?_rsc=4Gf8Hzsu8Hn8XV6X net::ERR_ABORTED","","0","1","0","New request ; Switch user ; Refresh performance ; Save entries (disabled)"
"PRICING_ANALYST","/intelligence","/intelligence","200","Competitor pricing","","","0","/requests?_rsc=3fD0047dUoUPXvG2 net::ERR_ABORTED | /proposals?_rsc=3fD0047dUoUPXvG2 net::ERR_ABORTED | /accounts?_rsc=3fD0047dUoUPXvG2 net::ERR_ABORTED | /contracts?_rsc=3fD0047dUoUPXvG2 net::ERR_ABORTED | /intelligence/bids?_rsc=3fD0047dUoUPXvG2 net::ERR_ABORTED | /analytics?_rsc=3fD0047dUoUPXvG2 net::ERR_ABORTED | /catalog?_rsc=3fD0047dUoUPXvG2 net::ERR_ABORTED | /catalog/gudid?_rsc=3fD0047dUoUPXvG2 net::ERR_ABORTED | /crosses?_rsc=3fD0047dUoUPXvG2 net::ERR_ABORTED | /requests/new?_rsc=3fD0047dUoUPXvG2 net::ERR_ABORTED | /?_rsc=gu9LWiAQNzfrKsW2 net::ERR_ABORTED | /proposals?_rsc=gu9LWiAQNzfrKsW2 net::ERR_ABORTED | /requests?_rsc=gu9LWiAQNzfrKsW2 net::ERR_ABORTED | /accounts?_rsc=gu9LWiAQNzfrKsW2 net::ERR_ABORTED | /contracts?_rsc=gu9LWiAQNzfrKsW2 net::ERR_ABORTED | /analytics?_rsc=gu9LWiAQNzfrKsW2 net::ERR_ABORTED | /intelligence?_rsc=gu9LWiAQNzfrKsW2 net::ERR_ABORTED | /intelligence/bids?_rsc=gu9LWiAQNzfrKsW2 net::ERR_ABORTED | /catalog?_rsc=gu9LWiAQNzfrKsW2 net::ERR_ABORTED | /catalog/gudid?_rsc=gu9LWiAQNzfrKsW2 net::ERR_ABORTED | /crosses?_rsc=gu9LWiAQNzfrKsW2 net::ERR_ABORTED | /settings?_rsc=gu9LWiAQNzfrKsW2 net::ERR_ABORTED | /notifications?_rsc=gu9LWiAQNzfrKsW2 net::ERR_ABORTED | /requests/new?_rsc=gu9LWiAQNzfrKsW2 net::ERR_ABORTED","","0","1","0","New request ; Switch user ; Import .xlsx / .csv ; INPUT ; Extract a document… ; Verify ; Dispute ; 1190500 ; 113700 ; 1410015010 ; SPMII ; 1190816 ; 1190820 ; 1DLMC05 ; UPA31015 ; 1DLMC03 ; 1200710 ; 1190300 ; 112650 ; SPMXXL ; 1202025 ; 112660 ; 112680 ; 1201520 ; Record (disabled)"
"PRICING_ANALYST","/intelligence/bids","/intelligence/bids","200","Public bids and awards","","","0","/contracts?_rsc=2gWrMJaxdn-CU2fc net::ERR_ABORTED | /intelligence?_rsc=2gWrMJaxdn-CU2fc net::ERR_ABORTED | /catalog/gudid?_rsc=2gWrMJaxdn-CU2fc net::ERR_ABORTED | /requests/new?_rsc=2gWrMJaxdn-CU2fc net::ERR_ABORTED | /requests?_rsc=W5McYxvxTMCZbYJx net::ERR_ABORTED | /?_rsc=W5McYxvxTMCZbYJx net::ERR_ABORTED | /proposals?_rsc=W5McYxvxTMCZbYJx net::ERR_ABORTED | /accounts?_rsc=W5McYxvxTMCZbYJx net::ERR_ABORTED | /contracts?_rsc=W5McYxvxTMCZbYJx net::ERR_ABORTED | /intelligence?_rsc=W5McYxvxTMCZbYJx net::ERR_ABORTED | /intelligence/bids?_rsc=W5McYxvxTMCZbYJx net::ERR_ABORTED | /analytics?_rsc=W5McYxvxTMCZbYJx net::ERR_ABORTED | /catalog?_rsc=W5McYxvxTMCZbYJx net::ERR_ABORTED | /catalog/gudid?_rsc=W5McYxvxTMCZbYJx net::ERR_ABORTED | /crosses?_rsc=W5McYxvxTMCZbYJx net::ERR_ABORTED | /settings?_rsc=W5McYxvxTMCZbYJx net::ERR_ABORTED | /notifications?_rsc=W5McYxvxTMCZbYJx net::ERR_ABORTED | /requests/new?_rsc=W5McYxvxTMCZbYJx net::ERR_ABORTED","","0","0","0","New request ; Switch user ; Pull (disabled) ; Pull ; Save (disabled) ; Bid file"
"PRICING_ANALYST","/intelligence/extractions/[id]","/intelligence/extractions/missing0000000000000000","200","Extraction","Failed to load resource: the server responded with a status of 404 (Not Found)","","0","/?_rsc=VJB2dfGule5Oh2L3 net::ERR_ABORTED | /requests?_rsc=VJB2dfGule5Oh2L3 net::ERR_ABORTED | /proposals?_rsc=VJB2dfGule5Oh2L3 net::ERR_ABORTED | /accounts?_rsc=VJB2dfGule5Oh2L3 net::ERR_ABORTED | /analytics?_rsc=VJB2dfGule5Oh2L3 net::ERR_ABORTED | /contracts?_rsc=VJB2dfGule5Oh2L3 net::ERR_ABORTED | /intelligence?_rsc=VJB2dfGule5Oh2L3 net::ERR_ABORTED | /intelligence/bids?_rsc=VJB2dfGule5Oh2L3 net::ERR_ABORTED | /catalog/gudid?_rsc=VJB2dfGule5Oh2L3 net::ERR_ABORTED | /crosses?_rsc=VJB2dfGule5Oh2L3 net::ERR_ABORTED | /settings?_rsc=VJB2dfGule5Oh2L3 net::ERR_ABORTED | /catalog?_rsc=VJB2dfGule5Oh2L3 net::ERR_ABORTED | /notifications?_rsc=VJB2dfGule5Oh2L3 net::ERR_ABORTED | /requests/new?_rsc=VJB2dfGule5Oh2L3 net::ERR_ABORTED | /?_rsc=wBL8jh-0AxNJNXN_ net::ERR_ABORTED | /requests?_rsc=wBL8jh-0AxNJNXN_ net::ERR_ABORTED | /accounts?_rsc=wBL8jh-0AxNJNXN_ net::ERR_ABORTED | /proposals?_rsc=wBL8jh-0AxNJNXN_ net::ERR_ABORTED | /contracts?_rsc=wBL8jh-0AxNJNXN_ net::ERR_ABORTED | /intelligence?_rsc=wBL8jh-0AxNJNXN_ net::ERR_ABORTED | /catalog/gudid?_rsc=wBL8jh-0AxNJNXN_ net::ERR_ABORTED | /intelligence/bids?_rsc=wBL8jh-0AxNJNXN_ net::ERR_ABORTED | /analytics?_rsc=wBL8jh-0AxNJNXN_ net::ERR_ABORTED | /catalog?_rsc=wBL8jh-0AxNJNXN_ net::ERR_ABORTED | /notifications?_rsc=wBL8jh-0AxNJNXN_ net::ERR_ABORTED | /requests/new?_rsc=wBL8jh-0AxNJNXN_ net::ERR_ABORTED","404 /api/documents/extractions/missing0000000000000000","0","0","0","New request ; Switch user"
"PRICING_ANALYST","/analytics","/analytics","200","Commercial feedback loop","","","0","/?_rsc=ix5_aAief6TvBg04 net::ERR_ABORTED | /requests?_rsc=ix5_aAief6TvBg04 net::ERR_ABORTED | /proposals?_rsc=ix5_aAief6TvBg04 net::ERR_ABORTED | /accounts?_rsc=ix5_aAief6TvBg04 net::ERR_ABORTED | /intelligence/bids?_rsc=ix5_aAief6TvBg04 net::ERR_ABORTED | /catalog?_rsc=ix5_aAief6TvBg04 net::ERR_ABORTED | /contracts?_rsc=ix5_aAief6TvBg04 net::ERR_ABORTED | /intelligence?_rsc=ix5_aAief6TvBg04 net::ERR_ABORTED | /catalog/gudid?_rsc=ix5_aAief6TvBg04 net::ERR_ABORTED | /crosses?_rsc=ix5_aAief6TvBg04 net::ERR_ABORTED | /settings?_rsc=ix5_aAief6TvBg04 net::ERR_ABORTED | /notifications?_rsc=ix5_aAief6TvBg04 net::ERR_ABORTED | /proposals?_rsc=Dt318okBLJyNDlfE net::ERR_ABORTED | /requests/new?_rsc=ix5_aAief6TvBg04 net::ERR_ABORTED | /?_rsc=Dt318okBLJyNDlfE net::ERR_ABORTED | /accounts?_rsc=Dt318okBLJyNDlfE net::ERR_ABORTED | /contracts?_rsc=Dt318okBLJyNDlfE net::ERR_ABORTED | /analytics?_rsc=Dt318okBLJyNDlfE net::ERR_ABORTED | /catalog?_rsc=Dt318okBLJyNDlfE net::ERR_ABORTED | /crosses?_rsc=Dt318okBLJyNDlfE net::ERR_ABORTED | /catalog/gudid?_rsc=Dt318okBLJyNDlfE net::ERR_ABORTED | /settings?_rsc=Dt318okBLJyNDlfE net::ERR_ABORTED | /notifications?_rsc=Dt318okBLJyNDlfE net::ERR_ABORTED | /requests/new?_rsc=Dt318okBLJyNDlfE net::ERR_ABORTED","","0","1","0","New request ; Switch user ; Refresh"
"PRICING_ANALYST","/catalog","/catalog","200","Our catalog","","","0","/accounts?_rsc=OYzo7EH3MGwwxBfF net::ERR_ABORTED | /?_rsc=OYzo7EH3MGwwxBfF net::ERR_ABORTED | /requests?_rsc=OYzo7EH3MGwwxBfF net::ERR_ABORTED | /proposals?_rsc=OYzo7EH3MGwwxBfF net::ERR_ABORTED | /analytics?_rsc=OYzo7EH3MGwwxBfF net::ERR_ABORTED | /contracts?_rsc=OYzo7EH3MGwwxBfF net::ERR_ABORTED | /intelligence?_rsc=OYzo7EH3MGwwxBfF net::ERR_ABORTED | /intelligence/bids?_rsc=OYzo7EH3MGwwxBfF net::ERR_ABORTED | /crosses?_rsc=OYzo7EH3MGwwxBfF net::ERR_ABORTED | /notifications?_rsc=OYzo7EH3MGwwxBfF net::ERR_ABORTED | /catalog/gudid?_rsc=OYzo7EH3MGwwxBfF net::ERR_ABORTED | /?_rsc=O6cAbYUSgs3KBG-F net::ERR_ABORTED | /requests?_rsc=O6cAbYUSgs3KBG-F net::ERR_ABORTED | /requests/new?_rsc=OYzo7EH3MGwwxBfF net::ERR_ABORTED | /intelligence/bids?_rsc=O6cAbYUSgs3KBG-F net::ERR_ABORTED | /contracts?_rsc=O6cAbYUSgs3KBG-F net::ERR_ABORTED | /accounts?_rsc=O6cAbYUSgs3KBG-F net::ERR_ABORTED | /intelligence?_rsc=O6cAbYUSgs3KBG-F net::ERR_ABORTED | /analytics?_rsc=O6cAbYUSgs3KBG-F net::ERR_ABORTED | /catalog?_rsc=O6cAbYUSgs3KBG-F net::ERR_ABORTED | /catalog/gudid?_rsc=O6cAbYUSgs3KBG-F net::ERR_ABORTED | /crosses?_rsc=O6cAbYUSgs3KBG-F net::ERR_ABORTED | /settings?_rsc=O6cAbYUSgs3KBG-F net::ERR_ABORTED | /notifications?_rsc=O6cAbYUSgs3KBG-F net::ERR_ABORTED | /requests/new?_rsc=O6cAbYUSgs3KBG-F net::ERR_ABORTED","","0","1","0","New request ; Switch user ; GUDID library ; Enrich from GUDID ; Pricing ; Competitor sizes ; Add SKUs ; 174006 ; ABSTACK30 ; ABSTACK30X ; PCO2015X ; PCO2520X ; PCO9X ; 11-1276 ; 11-1278 ; 171305 ; 173019 ; 173030 ; 173046 ; 173049 ; 173050G ; 174001 ; 174209 ; 174213 ; 174233 ; 174301 ; 174309 ; 174317 ; 174601 ; 176605 ; 176613 ; 176643 ; 176645 ; 176647 ; 178081 ; 178083 ; 178091 ; 178093 ; 178099 ; 25030 ; CATCH10 ; E3781-28 ; E3781R-28ASP ; E3783-28 ; E3783R-28ASP ; E3783R-36ASP ; LF1837 ; LF5637 ; SILSCLINCH46 ; SILSDISSECT46 ; SILSHOOK36 ; SILSHOOK46 ; SILSSHEAR46 ; WPLGR914 ; WPXLGR1117 ; 010316L ; 010460 ; 010470 ; 015427L ; 015433L ; 015441L ; 015451L ; 015458L ; 015477L ; 015485L ; 015888L ; 017614 ; 020242 ; 030330L ; 030412 ; 030424L ; 030425 ; 030426 ; 030454 ; 030470 ; 030735L ; 059037 ; 111981 ; 111983 ; 111985 ; 111987 ; 111989 ; 3948L ; 3971 ; 3973 ; 4901T ; 8886803712 ; EEA21 ; EEA2135 ; EEA25 ; EEA2535 ; EEA28 ; EEA2835 ; EEA31 ; EEA33 ; EEAXL21 ; EEAXL2135 ; EEAXL25 ; EEAXL2535 ; EEAXL28 ; EEAXL2835 ; EEAXL31 ; EEAXL33 ; EGIA45AMT ; EGIA45AV ; EGIA45AVM ; EGIA45CTAVM ; EGIA60AMT ; EGIA60AVM ; EGIA60AXT ; EGIARADMT ; EGIARADVM ; EGIARADXT ; EGIAUSHORT ; EGIAUSTND ; EGIAUXL ; GIA10038L ; GIA10038S ; GIA10048L ; GIA10048S ; GIA6025L ; GIA6025S ; GIA6038L ; GIA6038S ; GIA6048L ; GIA6048S ; GIA60MTC ; GIA60MTS ; GIA60XTC ; GIA60XTS ; GIA8038L ; GIA8038S ; GIA8048L ; GIA8048S ; GIA80MTC ; GIA80MTS ; GIA80XTC ; GIA80XTS ; HEM3335 ; HEM3348 ; IDRVULTRA1 ; SGIA6038S ; SIG30AMT ; SIG30AV ; SIG30AVM ; SIG30CTAV ; SIG30CTAVM ; SIG45AMT ; SIG45AXT ; SIG45CTAMT ; SIG45CTAV ; SIG45CTAVM ; SIG60AMT ; SIG60AXT ; SIG60CTAMT ; SIG60CTAVM ; SIGADAPTSHORT ; SIGADAPTSTND ; SIGADAPTXL ; SIGC45MT ; SIGC45V ; SIGC45VM ; SIGC45VT ; SIGC60MT ; SIGC60V ; SIGC60VM ; SIGC60VT ; SIGLU45A ; SIGLU60A ; SIGPSHELL ; SIGRADMT ; SIGRADVM ; SIGRADXT ; SIGSDL45CTVT ; SIGSDS30CTV ; SIGSDS30CTVT ; SIGTRSB45AMT ; SIGTRSB45AXT ; SIGTRSB60AMT ; SIGTRSB60AXT ; TA3035L ; TA3035S ; TA3048L ; TA3048S ; TA30V3L ; TA30V3S ; TA4535L ; TA4535S ; TA4548L ; TA4548S ; TA6035L ; TA6035S ; TA6048L ; TA6048S ; TA9035L ; TA9035S ; TA9048L ; TA9048S ; TRIEEA28MT ; TRIEEA28XT ; TRIEEA31MT ; TRIEEA31XT ; TRIEEAXL28MT ; TRIEEAXL28XT ; TRIEEAXL31MT ; TRIEEAXL31XT ; TRIEEAXL33MT ; PPDS12 ; PPDS15 ; PPDS1510 ; PPDS2015 ; PPM1106X3 ; PPM1510X3 ; PPM4530 ; 171313 ; 171315 ; 172015 ; 172016 ; 176626P ; 176673P ; 176674P ; 176674PF ; 177090P ; 177090PF ; 177091P ; 177091PF ; 177092 ; 177092F ; 177992P ; 177995P ; 179076P ; 179077P ; 179078PF ; 179093 ; 179093F ; 179094 ; 179094F ; 179095P ; 179096P ; 179096PF ; 179097P ; 179097PF ; 179100 ; 179101 ; 179102P ; 179301 ; 179303 ; 179305 ; 179307 ; 179308 ; 179309 ; 179310 ; 21-345 ; 220-50 ; 24055- ; 4216 ; B11STF ; B11STS ; B12LGF ; B12LGS ; B12STF ; B12STFCS ; B12STS ; B5SHF ; B5SHS ; B5STF ; B5STS ; BPT12STS ; MS100703 ; MS100705 ; MS100708 ; MS101003 ; MS101005 ; MS101008 ; NB11STF ; NB12LGF ; NB12SHF ; NB12STF ; NB12STS ; NB15LGF ; NB15STF ; NB3SHFLP ; NB5LGF ; NB5SHF ; NB5SHFLP ; NB5STF ; NB5STFLP ; NBFCA11ST ; NBFCA12ST ; NONB11STF ; NONB12LGF ; NONB12SHF ; NONB12STF ; NONB12STS ; NONB15LGF ; NONB15STF ; NONB5LGF ; NONB5SHF ; NONB5STF ; NONB8STF ; OMS-T10BT ; OMS-T10BTNL ; OMS-T10BTS ; OMS-T10BTSNL ; OMS-T12BT ; OMS-T12BTNL ; ONB11LGF ; ONB11STF ; ONB12LGF ; ONB12SHF ; ONB12STF ; ONB12STF-NSB ; ONB12STFCS ; ONB12STS ; ONB15STF ; ONB5LGF ; ONB5SHF ; ONB5STF ; ONB5STF-NSB ; ONB5STF2C ; ONBFCA11ST ; S100000 ; S100700 ; S100705 ; S100710 ; S100712 ; S101000 ; S101005 ; S101010 ; S101012 ; S110000 ; SILSPT12TA ; SILSPT5TA ; UNVCA11STF ; UNVCA12LGF ; UNVCA12STF ; UNVCA12STF-NSB ; UNVCA12STS ; UNVCA5LGF ; UNVCA5SHF ; UNVCA5STF ; VS070000 ; VS100700 ; VS100705 ; VS100711P ; VS100712P ; VS101000 ; VS101005 ; VS101011P ; VS101012P ; VS101015P ; VS101500 ; VS101505 ; VS101512P ; VS150000 ; VSR100005 ; VSR100812P ; WPMD509 ; WPSM256 ; WPXSM24"
"PRICING_ANALYST","/catalog/gudid","/catalog/gudid","200","GUDID library","","","0","/proposals?_rsc=DGmoGnAw5OqJpMhM net::ERR_ABORTED | /accounts?_rsc=DGmoGnAw5OqJpMhM net::ERR_ABORTED | /?_rsc=DGmoGnAw5OqJpMhM net::ERR_ABORTED | /requests?_rsc=DGmoGnAw5OqJpMhM net::ERR_ABORTED | /intelligence?_rsc=DGmoGnAw5OqJpMhM net::ERR_ABORTED | /intelligence/bids?_rsc=DGmoGnAw5OqJpMhM net::ERR_ABORTED | /analytics?_rsc=DGmoGnAw5OqJpMhM net::ERR_ABORTED | /contracts?_rsc=DGmoGnAw5OqJpMhM net::ERR_ABORTED | /catalog?_rsc=DGmoGnAw5OqJpMhM net::ERR_ABORTED | /crosses?_rsc=DGmoGnAw5OqJpMhM net::ERR_ABORTED | /?_rsc=Z9EVd8HHdUwJDdIQ net::ERR_ABORTED | /requests/new?_rsc=DGmoGnAw5OqJpMhM net::ERR_ABORTED | /notifications?_rsc=DGmoGnAw5OqJpMhM net::ERR_ABORTED | /settings?_rsc=DGmoGnAw5OqJpMhM net::ERR_ABORTED | /accounts?_rsc=Z9EVd8HHdUwJDdIQ net::ERR_ABORTED | /contracts?_rsc=Z9EVd8HHdUwJDdIQ net::ERR_ABORTED | /requests?_rsc=Z9EVd8HHdUwJDdIQ net::ERR_ABORTED | /catalog?_rsc=Z9EVd8HHdUwJDdIQ net::ERR_ABORTED | /intelligence?_rsc=Z9EVd8HHdUwJDdIQ net::ERR_ABORTED | /intelligence/bids?_rsc=Z9EVd8HHdUwJDdIQ net::ERR_ABORTED | /analytics?_rsc=Z9EVd8HHdUwJDdIQ net::ERR_ABORTED | /catalog/gudid?_rsc=Z9EVd8HHdUwJDdIQ net::ERR_ABORTED | /crosses?_rsc=Z9EVd8HHdUwJDdIQ net::ERR_ABORTED | /settings?_rsc=Z9EVd8HHdUwJDdIQ net::ERR_ABORTED | /notifications?_rsc=Z9EVd8HHdUwJDdIQ net::ERR_ABORTED | /requests/new?_rsc=Z9EVd8HHdUwJDdIQ net::ERR_ABORTED","","0","0","0","New request ; Switch user ; Import from GUDID"
"PRICING_ANALYST","/crosses","/crosses","200","Crosswalk","","","0","/?_rsc=zAn-vlYtEcVbUMJ6 net::ERR_ABORTED | /requests?_rsc=zAn-vlYtEcVbUMJ6 net::ERR_ABORTED | /analytics?_rsc=zAn-vlYtEcVbUMJ6 net::ERR_ABORTED | /contracts?_rsc=zAn-vlYtEcVbUMJ6 net::ERR_ABORTED | /intelligence?_rsc=zAn-vlYtEcVbUMJ6 net::ERR_ABORTED | /intelligence/bids?_rsc=zAn-vlYtEcVbUMJ6 net::ERR_ABORTED | /catalog?_rsc=zAn-vlYtEcVbUMJ6 net::ERR_ABORTED | /catalog/gudid?_rsc=zAn-vlYtEcVbUMJ6 net::ERR_ABORTED | /settings?_rsc=zAn-vlYtEcVbUMJ6 net::ERR_ABORTED | /notifications?_rsc=zAn-vlYtEcVbUMJ6 net::ERR_ABORTED | /?_rsc=aniPmKjMQR6zCALO net::ERR_ABORTED | /requests/new?_rsc=zAn-vlYtEcVbUMJ6 net::ERR_ABORTED | /requests?_rsc=aniPmKjMQR6zCALO net::ERR_ABORTED | /proposals?_rsc=aniPmKjMQR6zCALO net::ERR_ABORTED | /accounts?_rsc=aniPmKjMQR6zCALO net::ERR_ABORTED | /contracts?_rsc=aniPmKjMQR6zCALO net::ERR_ABORTED | /intelligence?_rsc=aniPmKjMQR6zCALO net::ERR_ABORTED | /catalog?_rsc=aniPmKjMQR6zCALO net::ERR_ABORTED | /catalog/gudid?_rsc=aniPmKjMQR6zCALO net::ERR_ABORTED | /intelligence/bids?_rsc=aniPmKjMQR6zCALO net::ERR_ABORTED | /analytics?_rsc=aniPmKjMQR6zCALO net::ERR_ABORTED | /crosses?_rsc=aniPmKjMQR6zCALO net::ERR_ABORTED | /settings?_rsc=aniPmKjMQR6zCALO net::ERR_ABORTED | /notifications?_rsc=aniPmKjMQR6zCALO net::ERR_ABORTED | /requests/new?_rsc=aniPmKjMQR6zCALO net::ERR_ABORTED","","0","0","0","New request ; Switch user"
"PRICING_ANALYST","/notifications","/notifications","200","Notifications","","","0","/?_rsc=oG-rbVP81bj5yHs2 net::ERR_ABORTED | /requests?_rsc=oG-rbVP81bj5yHs2 net::ERR_ABORTED | /proposals?_rsc=oG-rbVP81bj5yHs2 net::ERR_ABORTED | /contracts?_rsc=oG-rbVP81bj5yHs2 net::ERR_ABORTED | /intelligence?_rsc=oG-rbVP81bj5yHs2 net::ERR_ABORTED | /intelligence/bids?_rsc=oG-rbVP81bj5yHs2 net::ERR_ABORTED | /accounts?_rsc=oG-rbVP81bj5yHs2 net::ERR_ABORTED | /analytics?_rsc=oG-rbVP81bj5yHs2 net::ERR_ABORTED | /catalog?_rsc=oG-rbVP81bj5yHs2 net::ERR_ABORTED | /catalog/gudid?_rsc=oG-rbVP81bj5yHs2 net::ERR_ABORTED | /crosses?_rsc=oG-rbVP81bj5yHs2 net::ERR_ABORTED | /settings?_rsc=oG-rbVP81bj5yHs2 net::ERR_ABORTED | /requests/new?_rsc=oG-rbVP81bj5yHs2 net::ERR_ABORTED | /?_rsc=FxIb9Zh5xrkPNSW4 net::ERR_ABORTED | /accounts?_rsc=FxIb9Zh5xrkPNSW4 net::ERR_ABORTED | /proposals?_rsc=FxIb9Zh5xrkPNSW4 net::ERR_ABORTED | /requests?_rsc=FxIb9Zh5xrkPNSW4 net::ERR_ABORTED | /contracts?_rsc=FxIb9Zh5xrkPNSW4 net::ERR_ABORTED | /intelligence?_rsc=FxIb9Zh5xrkPNSW4 net::ERR_ABORTED | /intelligence/bids?_rsc=FxIb9Zh5xrkPNSW4 net::ERR_ABORTED | /analytics?_rsc=FxIb9Zh5xrkPNSW4 net::ERR_ABORTED | /catalog?_rsc=FxIb9Zh5xrkPNSW4 net::ERR_ABORTED | /catalog/gudid?_rsc=FxIb9Zh5xrkPNSW4 net::ERR_ABORTED | /crosses?_rsc=FxIb9Zh5xrkPNSW4 net::ERR_ABORTED | /settings?_rsc=FxIb9Zh5xrkPNSW4 net::ERR_ABORTED | /notifications?_rsc=FxIb9Zh5xrkPNSW4 net::ERR_ABORTED","","0","0","0","New request ; Switch user ; Mark all read (disabled)"
"PRICING_ANALYST","/settings","/settings","200","Settings","","","0","/requests?_rsc=DQxjArDrgutTG17x net::ERR_ABORTED | /proposals?_rsc=DQxjArDrgutTG17x net::ERR_ABORTED | /accounts?_rsc=DQxjArDrgutTG17x net::ERR_ABORTED | /?_rsc=DQxjArDrgutTG17x net::ERR_ABORTED | /contracts?_rsc=DQxjArDrgutTG17x net::ERR_ABORTED | /intelligence?_rsc=DQxjArDrgutTG17x net::ERR_ABORTED | /intelligence/bids?_rsc=DQxjArDrgutTG17x net::ERR_ABORTED | /analytics?_rsc=DQxjArDrgutTG17x net::ERR_ABORTED | /catalog/gudid?_rsc=DQxjArDrgutTG17x net::ERR_ABORTED | /catalog?_rsc=DQxjArDrgutTG17x net::ERR_ABORTED | /crosses?_rsc=DQxjArDrgutTG17x net::ERR_ABORTED | /notifications?_rsc=DQxjArDrgutTG17x net::ERR_ABORTED | /requests/new?_rsc=DQxjArDrgutTG17x net::ERR_ABORTED | /settings/pricing?_rsc=DQxjArDrgutTG17x net::ERR_ABORTED | /accounts?_rsc=j-_vjoKOn8bxlRO7 net::ERR_ABORTED | /?_rsc=j-_vjoKOn8bxlRO7 net::ERR_ABORTED | /requests?_rsc=j-_vjoKOn8bxlRO7 net::ERR_ABORTED | /contracts?_rsc=j-_vjoKOn8bxlRO7 net::ERR_ABORTED | /intelligence?_rsc=j-_vjoKOn8bxlRO7 net::ERR_ABORTED | /intelligence/bids?_rsc=j-_vjoKOn8bxlRO7 net::ERR_ABORTED | /analytics?_rsc=j-_vjoKOn8bxlRO7 net::ERR_ABORTED | /catalog?_rsc=j-_vjoKOn8bxlRO7 net::ERR_ABORTED | /catalog/gudid?_rsc=j-_vjoKOn8bxlRO7 net::ERR_ABORTED | /crosses?_rsc=j-_vjoKOn8bxlRO7 net::ERR_ABORTED | /settings?_rsc=j-_vjoKOn8bxlRO7 net::ERR_ABORTED | /settings/pricing?_rsc=j-_vjoKOn8bxlRO7 net::ERR_ABORTED | /requests/new?_rsc=j-_vjoKOn8bxlRO7 net::ERR_ABORTED | /notifications?_rsc=j-_vjoKOn8bxlRO7 net::ERR_ABORTED","","0","0","0","New request ; Switch user ; Save (disabled) ; Details ; How to connect"
"PRICING_ANALYST","/settings/integrations","/settings/integrations","200","Settings","","","0","/?_rsc=DQxjArDrgutTG17x net::ERR_ABORTED | /requests?_rsc=DQxjArDrgutTG17x net::ERR_ABORTED | /accounts?_rsc=DQxjArDrgutTG17x net::ERR_ABORTED | /analytics?_rsc=DQxjArDrgutTG17x net::ERR_ABORTED | /contracts?_rsc=DQxjArDrgutTG17x net::ERR_ABORTED | /intelligence?_rsc=DQxjArDrgutTG17x net::ERR_ABORTED | /intelligence/bids?_rsc=DQxjArDrgutTG17x net::ERR_ABORTED | /catalog/gudid?_rsc=DQxjArDrgutTG17x net::ERR_ABORTED | /catalog?_rsc=DQxjArDrgutTG17x net::ERR_ABORTED | /notifications?_rsc=DQxjArDrgutTG17x net::ERR_ABORTED | /proposals?_rsc=j-_vjoKOn8bxlRO7 net::ERR_ABORTED | /settings/pricing?_rsc=DQxjArDrgutTG17x net::ERR_ABORTED | /requests?_rsc=j-_vjoKOn8bxlRO7 net::ERR_ABORTED | /?_rsc=j-_vjoKOn8bxlRO7 net::ERR_ABORTED | /accounts?_rsc=j-_vjoKOn8bxlRO7 net::ERR_ABORTED | /contracts?_rsc=j-_vjoKOn8bxlRO7 net::ERR_ABORTED | /intelligence?_rsc=j-_vjoKOn8bxlRO7 net::ERR_ABORTED | /intelligence/bids?_rsc=j-_vjoKOn8bxlRO7 net::ERR_ABORTED | /crosses?_rsc=j-_vjoKOn8bxlRO7 net::ERR_ABORTED | /catalog/gudid?_rsc=j-_vjoKOn8bxlRO7 net::ERR_ABORTED | /analytics?_rsc=j-_vjoKOn8bxlRO7 net::ERR_ABORTED | /catalog?_rsc=j-_vjoKOn8bxlRO7 net::ERR_ABORTED | /settings?_rsc=j-_vjoKOn8bxlRO7 net::ERR_ABORTED | /notifications?_rsc=j-_vjoKOn8bxlRO7 net::ERR_ABORTED | /requests/new?_rsc=j-_vjoKOn8bxlRO7 net::ERR_ABORTED | /settings/pricing?_rsc=j-_vjoKOn8bxlRO7 net::ERR_ABORTED","","0","0","0","New request ; Switch user ; Save (disabled) ; Details ; How to connect"
"PRICING_ANALYST","/settings/pricing","/settings/pricing","200","Pricing policies","","","0","/?_rsc=8oSST31HPn0UlEto net::ERR_ABORTED | /requests?_rsc=8oSST31HPn0UlEto net::ERR_ABORTED | /proposals?_rsc=8oSST31HPn0UlEto net::ERR_ABORTED | /accounts?_rsc=8oSST31HPn0UlEto net::ERR_ABORTED | /contracts?_rsc=8oSST31HPn0UlEto net::ERR_ABORTED | /intelligence?_rsc=8oSST31HPn0UlEto net::ERR_ABORTED | /intelligence/bids?_rsc=8oSST31HPn0UlEto net::ERR_ABORTED | /analytics?_rsc=8oSST31HPn0UlEto net::ERR_ABORTED | /settings?_rsc=8oSST31HPn0UlEto net::ERR_ABORTED | /catalog?_rsc=8oSST31HPn0UlEto net::ERR_ABORTED | /catalog/gudid?_rsc=8oSST31HPn0UlEto net::ERR_ABORTED | /crosses?_rsc=8oSST31HPn0UlEto net::ERR_ABORTED | /notifications?_rsc=8oSST31HPn0UlEto net::ERR_ABORTED | /requests/new?_rsc=8oSST31HPn0UlEto net::ERR_ABORTED | /accounts?_rsc=_Ie442TgELs3Q458 net::ERR_ABORTED | /?_rsc=_Ie442TgELs3Q458 net::ERR_ABORTED | /proposals?_rsc=_Ie442TgELs3Q458 net::ERR_ABORTED | /requests?_rsc=_Ie442TgELs3Q458 net::ERR_ABORTED | /analytics?_rsc=_Ie442TgELs3Q458 net::ERR_ABORTED | /contracts?_rsc=_Ie442TgELs3Q458 net::ERR_ABORTED | /intelligence?_rsc=_Ie442TgELs3Q458 net::ERR_ABORTED | /intelligence/bids?_rsc=_Ie442TgELs3Q458 net::ERR_ABORTED | /settings?_rsc=_Ie442TgELs3Q458 net::ERR_ABORTED | /crosses?_rsc=_Ie442TgELs3Q458 net::ERR_ABORTED | /catalog?_rsc=_Ie442TgELs3Q458 net::ERR_ABORTED | /catalog/gudid?_rsc=_Ie442TgELs3Q458 net::ERR_ABORTED | /notifications?_rsc=_Ie442TgELs3Q458 net::ERR_ABORTED | /requests/new?_rsc=_Ie442TgELs3Q458 net::ERR_ABORTED","","0","0","0","New request ; Switch user ; New draft (disabled)"
"PRICING_DIRECTOR","/","/","200","Competitive cross reference","","","0","/proposals?_rsc=5CB68i4pnAekjehf net::ERR_ABORTED | /approvals?_rsc=5CB68i4pnAekjehf net::ERR_ABORTED | /requests?_rsc=5CB68i4pnAekjehf net::ERR_ABORTED | /accounts?_rsc=5CB68i4pnAekjehf net::ERR_ABORTED | /intelligence/bids?_rsc=5CB68i4pnAekjehf net::ERR_ABORTED | /contracts?_rsc=5CB68i4pnAekjehf net::ERR_ABORTED | /intelligence?_rsc=5CB68i4pnAekjehf net::ERR_ABORTED | /catalog?_rsc=5CB68i4pnAekjehf net::ERR_ABORTED | /catalog/gudid?_rsc=5CB68i4pnAekjehf net::ERR_ABORTED | /crosses?_rsc=5CB68i4pnAekjehf net::ERR_ABORTED | /settings?_rsc=5CB68i4pnAekjehf net::ERR_ABORTED | /notifications?_rsc=5CB68i4pnAekjehf net::ERR_ABORTED | /?_rsc=tXyZJ52UQVBCVsD3 net::ERR_ABORTED | /requests?_rsc=tXyZJ52UQVBCVsD3 net::ERR_ABORTED | /proposals?_rsc=tXyZJ52UQVBCVsD3 net::ERR_ABORTED | /approvals?_rsc=tXyZJ52UQVBCVsD3 net::ERR_ABORTED | /intelligence?_rsc=tXyZJ52UQVBCVsD3 net::ERR_ABORTED | /accounts?_rsc=tXyZJ52UQVBCVsD3 net::ERR_ABORTED | /contracts?_rsc=tXyZJ52UQVBCVsD3 net::ERR_ABORTED | /intelligence/bids?_rsc=tXyZJ52UQVBCVsD3 net::ERR_ABORTED | /catalog/gudid?_rsc=tXyZJ52UQVBCVsD3 net::ERR_ABORTED | /catalog?_rsc=tXyZJ52UQVBCVsD3 net::ERR_ABORTED | /analytics?_rsc=tXyZJ52UQVBCVsD3 net::ERR_ABORTED | /crosses?_rsc=tXyZJ52UQVBCVsD3 net::ERR_ABORTED | /notifications?_rsc=tXyZJ52UQVBCVsD3 net::ERR_ABORTED | /settings?_rsc=tXyZJ52UQVBCVsD3 net::ERR_ABORTED | /requests/new?_rsc=tXyZJ52UQVBCVsD3 net::ERR_ABORTED","","0","0","0","New request ; Switch user"
"PRICING_DIRECTOR","/requests","/requests","200","Cross-reference requests","","","0","/proposals?_rsc=p3Q57VochOqcQNsg net::ERR_ABORTED | /?_rsc=p3Q57VochOqcQNsg net::ERR_ABORTED | /contracts?_rsc=p3Q57VochOqcQNsg net::ERR_ABORTED | /intelligence?_rsc=p3Q57VochOqcQNsg net::ERR_ABORTED | /analytics?_rsc=p3Q57VochOqcQNsg net::ERR_ABORTED | /intelligence/bids?_rsc=p3Q57VochOqcQNsg net::ERR_ABORTED | /catalog?_rsc=p3Q57VochOqcQNsg net::ERR_ABORTED | /catalog/gudid?_rsc=p3Q57VochOqcQNsg net::ERR_ABORTED | /settings?_rsc=p3Q57VochOqcQNsg net::ERR_ABORTED | /crosses?_rsc=p3Q57VochOqcQNsg net::ERR_ABORTED | /notifications?_rsc=p3Q57VochOqcQNsg net::ERR_ABORTED | /requests?_rsc=nIzLgF1M7nWxnHlV net::ERR_ABORTED | /?_rsc=nIzLgF1M7nWxnHlV net::ERR_ABORTED | /proposals?_rsc=nIzLgF1M7nWxnHlV net::ERR_ABORTED | /approvals?_rsc=nIzLgF1M7nWxnHlV net::ERR_ABORTED | /contracts?_rsc=nIzLgF1M7nWxnHlV net::ERR_ABORTED | /accounts?_rsc=nIzLgF1M7nWxnHlV net::ERR_ABORTED | /catalog?_rsc=nIzLgF1M7nWxnHlV net::ERR_ABORTED | /intelligence?_rsc=nIzLgF1M7nWxnHlV net::ERR_ABORTED | /analytics?_rsc=nIzLgF1M7nWxnHlV net::ERR_ABORTED | /intelligence/bids?_rsc=nIzLgF1M7nWxnHlV net::ERR_ABORTED | /catalog/gudid?_rsc=nIzLgF1M7nWxnHlV net::ERR_ABORTED | /crosses?_rsc=nIzLgF1M7nWxnHlV net::ERR_ABORTED | /settings?_rsc=nIzLgF1M7nWxnHlV net::ERR_ABORTED | /notifications?_rsc=nIzLgF1M7nWxnHlV net::ERR_ABORTED | /requests/new?_rsc=nIzLgF1M7nWxnHlV net::ERR_ABORTED","","0","0","0","New request ; Switch user"
"PRICING_DIRECTOR","/requests/new","/requests/new","200","Competitive cross reference","","","0","/?_rsc=4belA-F-xg-XtLdx net::ERR_ABORTED | /requests?_rsc=4belA-F-xg-XtLdx net::ERR_ABORTED | /proposals?_rsc=4belA-F-xg-XtLdx net::ERR_ABORTED | /approvals?_rsc=4belA-F-xg-XtLdx net::ERR_ABORTED | /accounts?_rsc=4belA-F-xg-XtLdx net::ERR_ABORTED | /intelligence/bids?_rsc=4belA-F-xg-XtLdx net::ERR_ABORTED | /catalog?_rsc=4belA-F-xg-XtLdx net::ERR_ABORTED | /catalog/gudid?_rsc=4belA-F-xg-XtLdx net::ERR_ABORTED | /crosses?_rsc=4belA-F-xg-XtLdx net::ERR_ABORTED | /settings?_rsc=4belA-F-xg-XtLdx net::ERR_ABORTED | /notifications?_rsc=4belA-F-xg-XtLdx net::ERR_ABORTED | /?_rsc=O1p93FFpSnNce0k4 net::ERR_ABORTED | /requests?_rsc=O1p93FFpSnNce0k4 net::ERR_ABORTED | /accounts?_rsc=O1p93FFpSnNce0k4 net::ERR_ABORTED | /contracts?_rsc=O1p93FFpSnNce0k4 net::ERR_ABORTED | /intelligence?_rsc=O1p93FFpSnNce0k4 net::ERR_ABORTED | /intelligence/bids?_rsc=O1p93FFpSnNce0k4 net::ERR_ABORTED | /analytics?_rsc=O1p93FFpSnNce0k4 net::ERR_ABORTED | /catalog/gudid?_rsc=O1p93FFpSnNce0k4 net::ERR_ABORTED | /catalog?_rsc=O1p93FFpSnNce0k4 net::ERR_ABORTED | /crosses?_rsc=O1p93FFpSnNce0k4 net::ERR_ABORTED | /requests/new?_rsc=O1p93FFpSnNce0k4 net::ERR_ABORTED | /settings?_rsc=O1p93FFpSnNce0k4 net::ERR_ABORTED | /notifications?_rsc=O1p93FFpSnNce0k4 net::ERR_ABORTED","","0","0","0","New request ; Switch user ; Google Sheets link ; Upload .xlsx / .csv ; Paste from a sheet ; Read sheet (disabled) ; Continue request (disabled)"
"PRICING_DIRECTOR","/requests/[id]","/requests/null","200","","Failed to load resource: the server responded with a status of 404 (Not Found)","","0","/?_rsc=76SvvV1TLjtpHtqe net::ERR_ABORTED | /requests?_rsc=76SvvV1TLjtpHtqe net::ERR_ABORTED | /proposals?_rsc=76SvvV1TLjtpHtqe net::ERR_ABORTED | /approvals?_rsc=76SvvV1TLjtpHtqe net::ERR_ABORTED | /accounts?_rsc=76SvvV1TLjtpHtqe net::ERR_ABORTED | /contracts?_rsc=76SvvV1TLjtpHtqe net::ERR_ABORTED | /intelligence?_rsc=76SvvV1TLjtpHtqe net::ERR_ABORTED | /intelligence/bids?_rsc=76SvvV1TLjtpHtqe net::ERR_ABORTED | /analytics?_rsc=76SvvV1TLjtpHtqe net::ERR_ABORTED | /catalog?_rsc=76SvvV1TLjtpHtqe net::ERR_ABORTED | /catalog/gudid?_rsc=76SvvV1TLjtpHtqe net::ERR_ABORTED | /crosses?_rsc=76SvvV1TLjtpHtqe net::ERR_ABORTED | /notifications?_rsc=76SvvV1TLjtpHtqe net::ERR_ABORTED | /requests/new?_rsc=76SvvV1TLjtpHtqe net::ERR_ABORTED | /requests?_rsc=eoRKZgXY26fq4Ulk net::ERR_ABORTED | /settings?_rsc=76SvvV1TLjtpHtqe net::ERR_ABORTED | /proposals?_rsc=eoRKZgXY26fq4Ulk net::ERR_ABORTED | /?_rsc=eoRKZgXY26fq4Ulk net::ERR_ABORTED | /accounts?_rsc=eoRKZgXY26fq4Ulk net::ERR_ABORTED | /intelligence?_rsc=eoRKZgXY26fq4Ulk net::ERR_ABORTED | /intelligence/bids?_rsc=eoRKZgXY26fq4Ulk net::ERR_ABORTED | /contracts?_rsc=eoRKZgXY26fq4Ulk net::ERR_ABORTED | /analytics?_rsc=eoRKZgXY26fq4Ulk net::ERR_ABORTED | /settings?_rsc=eoRKZgXY26fq4Ulk net::ERR_ABORTED | /catalog/gudid?_rsc=eoRKZgXY26fq4Ulk net::ERR_ABORTED | /crosses?_rsc=eoRKZgXY26fq4Ulk net::ERR_ABORTED | /catalog?_rsc=eoRKZgXY26fq4Ulk net::ERR_ABORTED | /notifications?_rsc=eoRKZgXY26fq4Ulk net::ERR_ABORTED | /requests/new?_rsc=eoRKZgXY26fq4Ulk net::ERR_ABORTED","404 /api/requests/null","0","0","0","New request ; Switch user"
"PRICING_DIRECTOR","/proposals","/proposals","200","Commercial proposals","","","0","/intelligence?_rsc=8qZH60WsiyOTuseO net::ERR_ABORTED | /intelligence/bids?_rsc=8qZH60WsiyOTuseO net::ERR_ABORTED | /analytics?_rsc=8qZH60WsiyOTuseO net::ERR_ABORTED | /catalog?_rsc=8qZH60WsiyOTuseO net::ERR_ABORTED | /catalog/gudid?_rsc=8qZH60WsiyOTuseO net::ERR_ABORTED | /settings?_rsc=8qZH60WsiyOTuseO net::ERR_ABORTED | /crosses?_rsc=8qZH60WsiyOTuseO net::ERR_ABORTED | /requests/new?_rsc=8qZH60WsiyOTuseO net::ERR_ABORTED | /?_rsc=yDw8cg_cK2Tq2IDS net::ERR_ABORTED | /requests?_rsc=yDw8cg_cK2Tq2IDS net::ERR_ABORTED | /proposals?_rsc=yDw8cg_cK2Tq2IDS net::ERR_ABORTED | /approvals?_rsc=yDw8cg_cK2Tq2IDS net::ERR_ABORTED | /accounts?_rsc=yDw8cg_cK2Tq2IDS net::ERR_ABORTED | /contracts?_rsc=yDw8cg_cK2Tq2IDS net::ERR_ABORTED | /intelligence?_rsc=yDw8cg_cK2Tq2IDS net::ERR_ABORTED | /intelligence/bids?_rsc=yDw8cg_cK2Tq2IDS net::ERR_ABORTED | /analytics?_rsc=yDw8cg_cK2Tq2IDS net::ERR_ABORTED | /catalog?_rsc=yDw8cg_cK2Tq2IDS net::ERR_ABORTED | /settings?_rsc=yDw8cg_cK2Tq2IDS net::ERR_ABORTED | /crosses?_rsc=yDw8cg_cK2Tq2IDS net::ERR_ABORTED | /catalog/gudid?_rsc=yDw8cg_cK2Tq2IDS net::ERR_ABORTED | /notifications?_rsc=yDw8cg_cK2Tq2IDS net::ERR_ABORTED | /requests/new?_rsc=yDw8cg_cK2Tq2IDS net::ERR_ABORTED","","0","0","0","New request ; Switch user"
"PRICING_DIRECTOR","/proposals/[id]","/proposals/null","200","","Failed to load resource: the server responded with a status of 404 (Not Found)","","0","/proposals?_rsc=VreOGdJHuaZwqD3- net::ERR_ABORTED | /approvals?_rsc=VreOGdJHuaZwqD3- net::ERR_ABORTED | /accounts?_rsc=VreOGdJHuaZwqD3- net::ERR_ABORTED | /contracts?_rsc=VreOGdJHuaZwqD3- net::ERR_ABORTED | /intelligence?_rsc=VreOGdJHuaZwqD3- net::ERR_ABORTED | /intelligence/bids?_rsc=VreOGdJHuaZwqD3- net::ERR_ABORTED | /analytics?_rsc=VreOGdJHuaZwqD3- net::ERR_ABORTED | /catalog/gudid?_rsc=VreOGdJHuaZwqD3- net::ERR_ABORTED | /crosses?_rsc=VreOGdJHuaZwqD3- net::ERR_ABORTED | /settings?_rsc=VreOGdJHuaZwqD3- net::ERR_ABORTED | /catalog?_rsc=VreOGdJHuaZwqD3- net::ERR_ABORTED | /?_rsc=hzu8hJFrzSYjsRgK net::ERR_ABORTED | /notifications?_rsc=VreOGdJHuaZwqD3- net::ERR_ABORTED | /requests/new?_rsc=VreOGdJHuaZwqD3- net::ERR_ABORTED | /proposals?_rsc=hzu8hJFrzSYjsRgK net::ERR_ABORTED | /requests?_rsc=hzu8hJFrzSYjsRgK net::ERR_ABORTED | /accounts?_rsc=hzu8hJFrzSYjsRgK net::ERR_ABORTED | /approvals?_rsc=hzu8hJFrzSYjsRgK net::ERR_ABORTED | /analytics?_rsc=hzu8hJFrzSYjsRgK net::ERR_ABORTED | /catalog?_rsc=hzu8hJFrzSYjsRgK net::ERR_ABORTED | /catalog/gudid?_rsc=hzu8hJFrzSYjsRgK net::ERR_ABORTED | /settings?_rsc=hzu8hJFrzSYjsRgK net::ERR_ABORTED | /notifications?_rsc=hzu8hJFrzSYjsRgK net::ERR_ABORTED | /requests/new?_rsc=hzu8hJFrzSYjsRgK net::ERR_ABORTED | /crosses?_rsc=hzu8hJFrzSYjsRgK net::ERR_ABORTED","404 /api/proposals/null","0","0","0","New request ; Switch user"
"PRICING_DIRECTOR","/approvals","/approvals","200","Pricing approvals","","","0","/?_rsc=Ut9iRRX_9PZKRdF- net::ERR_ABORTED | /requests?_rsc=Ut9iRRX_9PZKRdF- net::ERR_ABORTED | /proposals?_rsc=Ut9iRRX_9PZKRdF- net::ERR_ABORTED | /accounts?_rsc=Ut9iRRX_9PZKRdF- net::ERR_ABORTED | /contracts?_rsc=Ut9iRRX_9PZKRdF- net::ERR_ABORTED | /intelligence?_rsc=Ut9iRRX_9PZKRdF- net::ERR_ABORTED | /analytics?_rsc=Ut9iRRX_9PZKRdF- net::ERR_ABORTED | /catalog?_rsc=Ut9iRRX_9PZKRdF- net::ERR_ABORTED | /catalog/gudid?_rsc=Ut9iRRX_9PZKRdF- net::ERR_ABORTED | /crosses?_rsc=Ut9iRRX_9PZKRdF- net::ERR_ABORTED | /settings?_rsc=Ut9iRRX_9PZKRdF- net::ERR_ABORTED | /?_rsc=AU6DTT46DVXZ7jWj net::ERR_ABORTED | /notifications?_rsc=Ut9iRRX_9PZKRdF- net::ERR_ABORTED | /requests/new?_rsc=Ut9iRRX_9PZKRdF- net::ERR_ABORTED | /requests?_rsc=AU6DTT46DVXZ7jWj net::ERR_ABORTED | /proposals?_rsc=AU6DTT46DVXZ7jWj net::ERR_ABORTED | /approvals?_rsc=AU6DTT46DVXZ7jWj net::ERR_ABORTED | /accounts?_rsc=AU6DTT46DVXZ7jWj net::ERR_ABORTED | /contracts?_rsc=AU6DTT46DVXZ7jWj net::ERR_ABORTED | /catalog?_rsc=AU6DTT46DVXZ7jWj net::ERR_ABORTED | /intelligence?_rsc=AU6DTT46DVXZ7jWj net::ERR_ABORTED | /intelligence/bids?_rsc=AU6DTT46DVXZ7jWj net::ERR_ABORTED | /analytics?_rsc=AU6DTT46DVXZ7jWj net::ERR_ABORTED | /crosses?_rsc=AU6DTT46DVXZ7jWj net::ERR_ABORTED | /catalog/gudid?_rsc=AU6DTT46DVXZ7jWj net::ERR_ABORTED | /settings?_rsc=AU6DTT46DVXZ7jWj net::ERR_ABORTED | /notifications?_rsc=AU6DTT46DVXZ7jWj net::ERR_ABORTED | /requests/new?_rsc=AU6DTT46DVXZ7jWj net::ERR_ABORTED","","0","0","0","New request ; Switch user ; Delegate my approvals"
"PRICING_DIRECTOR","/accounts","/accounts","200","Accounts & GPO membership","","","0","/?_rsc=iZGmHDWBA-6V7KTQ net::ERR_ABORTED | /approvals?_rsc=iZGmHDWBA-6V7KTQ net::ERR_ABORTED | /requests?_rsc=iZGmHDWBA-6V7KTQ net::ERR_ABORTED | /proposals?_rsc=iZGmHDWBA-6V7KTQ net::ERR_ABORTED | /contracts?_rsc=iZGmHDWBA-6V7KTQ net::ERR_ABORTED | /intelligence?_rsc=iZGmHDWBA-6V7KTQ net::ERR_ABORTED | /intelligence/bids?_rsc=iZGmHDWBA-6V7KTQ net::ERR_ABORTED | /analytics?_rsc=iZGmHDWBA-6V7KTQ net::ERR_ABORTED | /catalog?_rsc=iZGmHDWBA-6V7KTQ net::ERR_ABORTED | /catalog/gudid?_rsc=iZGmHDWBA-6V7KTQ net::ERR_ABORTED | /crosses?_rsc=iZGmHDWBA-6V7KTQ net::ERR_ABORTED | /settings?_rsc=iZGmHDWBA-6V7KTQ net::ERR_ABORTED | /notifications?_rsc=iZGmHDWBA-6V7KTQ net::ERR_ABORTED | /requests/new?_rsc=iZGmHDWBA-6V7KTQ net::ERR_ABORTED | /accounts/cmuffqiii02rkfs7dzbqrnru0?_rsc=iZGmHDWBA-6V7KTQ net::ERR_ABORTED | /accounts/cmuffqiiq02rlfs7d9y1un1wd?_rsc=iZGmHDWBA-6V7KTQ net::ERR_ABORTED | /accounts/cmuffqiif02rjfs7dkcvn5i4a?_rsc=iZGmHDWBA-6V7KTQ net::ERR_ABORTED | /?_rsc=oRxEn_R9e10JER3Z net::ERR_ABORTED | /requests?_rsc=oRxEn_R9e10JER3Z net::ERR_ABORTED | /accounts/cmuffqiiv02rmfs7diaqvuvc9?_rsc=iZGmHDWBA-6V7KTQ net::ERR_ABORTED | /proposals?_rsc=oRxEn_R9e10JER3Z net::ERR_ABORTED | /approvals?_rsc=oRxEn_R9e10JER3Z net::ERR_ABORTED | /accounts?_rsc=oRxEn_R9e10JER3Z net::ERR_ABORTED | /contracts?_rsc=oRxEn_R9e10JER3Z net::ERR_ABORTED | /intelligence?_rsc=oRxEn_R9e10JER3Z net::ERR_ABORTED | /catalog?_rsc=oRxEn_R9e10JER3Z net::ERR_ABORTED | /intelligence/bids?_rsc=oRxEn_R9e10JER3Z net::ERR_ABORTED | /analytics?_rsc=oRxEn_R9e10JER3Z net::ERR_ABORTED | /catalog/gudid?_rsc=oRxEn_R9e10JER3Z net::ERR_ABORTED | /crosses?_rsc=oRxEn_R9e10JER3Z net::ERR_ABORTED | /accounts/cmuffqiii02rkfs7dzbqrnru0?_rsc=oRxEn_R9e10JER3Z net::ERR_ABORTED | /settings?_rsc=oRxEn_R9e10JER3Z net::ERR_ABORTED | /notifications?_rsc=oRxEn_R9e10JER3Z net::ERR_ABORTED | /requests/new?_rsc=oRxEn_R9e10JER3Z net::ERR_ABORTED | /accounts/cmuffqiiq02rlfs7d9y1un1wd?_rsc=oRxEn_R9e10JER3Z net::ERR_ABORTED | /accounts/cmuffqiif02rjfs7dkcvn5i4a?_rsc=oRxEn_R9e10JER3Z net::ERR_ABORTED | /accounts/cmuffqiiv02rmfs7diaqvuvc9?_rsc=oRxEn_R9e10JER3Z net::ERR_ABORTED | /accounts/cmuffqiia02rifs7d9g96f4p7?_rsc=oRxEn_R9e10JER3Z net::ERR_ABORTED","","0","0","0","New request ; Switch user"
"PRICING_DIRECTOR","/accounts/[id]","/accounts/cmuffqiii02rkfs7dzbqrnru0","200","Hospital A — Mount Vernon General","","","0","/requests?_rsc=mfJnIb6u-3Mn-ESD net::ERR_ABORTED | /proposals?_rsc=mfJnIb6u-3Mn-ESD net::ERR_ABORTED | /approvals?_rsc=mfJnIb6u-3Mn-ESD net::ERR_ABORTED | /?_rsc=mfJnIb6u-3Mn-ESD net::ERR_ABORTED | /accounts?_rsc=mfJnIb6u-3Mn-ESD net::ERR_ABORTED | /contracts?_rsc=mfJnIb6u-3Mn-ESD net::ERR_ABORTED | /intelligence?_rsc=mfJnIb6u-3Mn-ESD net::ERR_ABORTED | /intelligence/bids?_rsc=mfJnIb6u-3Mn-ESD net::ERR_ABORTED | /analytics?_rsc=mfJnIb6u-3Mn-ESD net::ERR_ABORTED | /crosses?_rsc=mfJnIb6u-3Mn-ESD net::ERR_ABORTED | /catalog?_rsc=mfJnIb6u-3Mn-ESD net::ERR_ABORTED | /catalog/gudid?_rsc=mfJnIb6u-3Mn-ESD net::ERR_ABORTED | /requests/new?_rsc=mfJnIb6u-3Mn-ESD net::ERR_ABORTED | /contracts/cmuffqio702syfs7d0fonyhf3?_rsc=mfJnIb6u-3Mn-ESD net::ERR_ABORTED | /?_rsc=pzgFYKDD5bs714zj net::ERR_ABORTED | /requests?_rsc=pzgFYKDD5bs714zj net::ERR_ABORTED | /approvals?_rsc=pzgFYKDD5bs714zj net::ERR_ABORTED | /contracts?_rsc=pzgFYKDD5bs714zj net::ERR_ABORTED | /analytics?_rsc=pzgFYKDD5bs714zj net::ERR_ABORTED | /intelligence?_rsc=pzgFYKDD5bs714zj net::ERR_ABORTED | /intelligence/bids?_rsc=pzgFYKDD5bs714zj net::ERR_ABORTED | /catalog?_rsc=pzgFYKDD5bs714zj net::ERR_ABORTED | /catalog/gudid?_rsc=pzgFYKDD5bs714zj net::ERR_ABORTED | /requests/new?_rsc=pzgFYKDD5bs714zj net::ERR_ABORTED | /crosses?_rsc=pzgFYKDD5bs714zj net::ERR_ABORTED | /settings?_rsc=pzgFYKDD5bs714zj net::ERR_ABORTED | /notifications?_rsc=pzgFYKDD5bs714zj net::ERR_ABORTED | /contracts/cmuffqio702syfs7d0fonyhf3?_rsc=pzgFYKDD5bs714zj net::ERR_ABORTED","","0","1","0","New request ; Switch user"
"PRICING_DIRECTOR","/contracts","/contracts","200","Contracts & price context","","","0","/?_rsc=DzmfcRRfJeItXkgz net::ERR_ABORTED | /requests?_rsc=DzmfcRRfJeItXkgz net::ERR_ABORTED | /proposals?_rsc=DzmfcRRfJeItXkgz net::ERR_ABORTED | /accounts?_rsc=DzmfcRRfJeItXkgz net::ERR_ABORTED | /intelligence?_rsc=DzmfcRRfJeItXkgz net::ERR_ABORTED | /intelligence/bids?_rsc=DzmfcRRfJeItXkgz net::ERR_ABORTED | /analytics?_rsc=DzmfcRRfJeItXkgz net::ERR_ABORTED | /catalog?_rsc=DzmfcRRfJeItXkgz net::ERR_ABORTED | /catalog/gudid?_rsc=DzmfcRRfJeItXkgz net::ERR_ABORTED | /crosses?_rsc=DzmfcRRfJeItXkgz net::ERR_ABORTED | /settings?_rsc=DzmfcRRfJeItXkgz net::ERR_ABORTED | /notifications?_rsc=DzmfcRRfJeItXkgz net::ERR_ABORTED | /requests/new?_rsc=DzmfcRRfJeItXkgz net::ERR_ABORTED | /contracts/cmuffqioe02szfs7dl658b8gy?_rsc=DzmfcRRfJeItXkgz net::ERR_ABORTED | /?_rsc=2Ju2sngZl13OvaTN net::ERR_ABORTED | /requests?_rsc=2Ju2sngZl13OvaTN net::ERR_ABORTED | /proposals?_rsc=2Ju2sngZl13OvaTN net::ERR_ABORTED | /approvals?_rsc=2Ju2sngZl13OvaTN net::ERR_ABORTED | /intelligence/bids?_rsc=2Ju2sngZl13OvaTN net::ERR_ABORTED | /accounts?_rsc=2Ju2sngZl13OvaTN net::ERR_ABORTED | /contracts?_rsc=2Ju2sngZl13OvaTN net::ERR_ABORTED | /intelligence?_rsc=2Ju2sngZl13OvaTN net::ERR_ABORTED | /analytics?_rsc=2Ju2sngZl13OvaTN net::ERR_ABORTED | /catalog?_rsc=2Ju2sngZl13OvaTN net::ERR_ABORTED | /catalog/gudid?_rsc=2Ju2sngZl13OvaTN net::ERR_ABORTED | /crosses?_rsc=2Ju2sngZl13OvaTN net::ERR_ABORTED | /settings?_rsc=2Ju2sngZl13OvaTN net::ERR_ABORTED | /contracts/cmuffqioe02szfs7dl658b8gy?_rsc=2Ju2sngZl13OvaTN net::ERR_ABORTED | /notifications?_rsc=2Ju2sngZl13OvaTN net::ERR_ABORTED | /contracts/cmuffqio702syfs7d0fonyhf3?_rsc=2Ju2sngZl13OvaTN net::ERR_ABORTED | /requests/new?_rsc=2Ju2sngZl13OvaTN net::ERR_ABORTED","","0","1","0","New request ; Switch user ; New contract"
"PRICING_DIRECTOR","/contracts/[id]","/contracts/cmuffqioe02szfs7dl658b8gy","200","MSK-LOCAL-2026 · MSK local mesh agreement","","","0","/?_rsc=mef3hIvfndT_j2OY net::ERR_ABORTED | /requests?_rsc=mef3hIvfndT_j2OY net::ERR_ABORTED | /proposals?_rsc=mef3hIvfndT_j2OY net::ERR_ABORTED | /approvals?_rsc=mef3hIvfndT_j2OY net::ERR_ABORTED | /accounts?_rsc=mef3hIvfndT_j2OY net::ERR_ABORTED | /analytics?_rsc=mef3hIvfndT_j2OY net::ERR_ABORTED | /catalog/gudid?_rsc=mef3hIvfndT_j2OY net::ERR_ABORTED | /accounts/cmuffqiif02rjfs7dkcvn5i4a?_rsc=mef3hIvfndT_j2OY net::ERR_ABORTED | /catalog?_rsc=mef3hIvfndT_j2OY net::ERR_ABORTED | /crosses?_rsc=mef3hIvfndT_j2OY net::ERR_ABORTED | /proposals?_rsc=4Gf8Hzsu8Hn8XV6X net::ERR_ABORTED | /accounts/cmuffqiif02rjfs7dkcvn5i4a?_rsc=4Gf8Hzsu8Hn8XV6X net::ERR_ABORTED | /approvals?_rsc=4Gf8Hzsu8Hn8XV6X net::ERR_ABORTED | /accounts?_rsc=4Gf8Hzsu8Hn8XV6X net::ERR_ABORTED | /contracts?_rsc=4Gf8Hzsu8Hn8XV6X net::ERR_ABORTED | /intelligence?_rsc=4Gf8Hzsu8Hn8XV6X net::ERR_ABORTED | /intelligence/bids?_rsc=4Gf8Hzsu8Hn8XV6X net::ERR_ABORTED | /analytics?_rsc=4Gf8Hzsu8Hn8XV6X net::ERR_ABORTED | /catalog?_rsc=4Gf8Hzsu8Hn8XV6X net::ERR_ABORTED | /catalog/gudid?_rsc=4Gf8Hzsu8Hn8XV6X net::ERR_ABORTED | /crosses?_rsc=4Gf8Hzsu8Hn8XV6X net::ERR_ABORTED | /settings?_rsc=4Gf8Hzsu8Hn8XV6X net::ERR_ABORTED | /notifications?_rsc=4Gf8Hzsu8Hn8XV6X net::ERR_ABORTED | /requests/new?_rsc=4Gf8Hzsu8Hn8XV6X net::ERR_ABORTED","","0","1","0","New request ; Switch user ; Refresh performance ; Terminate ; Add commitment ; remove ; Add rebate ; Save entries (disabled)"
"PRICING_DIRECTOR","/intelligence","/intelligence","200","Competitor pricing","","","0","/?_rsc=3fD0047dUoUPXvG2 net::ERR_ABORTED | /proposals?_rsc=3fD0047dUoUPXvG2 net::ERR_ABORTED | /approvals?_rsc=3fD0047dUoUPXvG2 net::ERR_ABORTED | /accounts?_rsc=3fD0047dUoUPXvG2 net::ERR_ABORTED | /intelligence/bids?_rsc=3fD0047dUoUPXvG2 net::ERR_ABORTED | /analytics?_rsc=3fD0047dUoUPXvG2 net::ERR_ABORTED | /catalog?_rsc=3fD0047dUoUPXvG2 net::ERR_ABORTED | /?_rsc=gu9LWiAQNzfrKsW2 net::ERR_ABORTED | /proposals?_rsc=gu9LWiAQNzfrKsW2 net::ERR_ABORTED | /approvals?_rsc=gu9LWiAQNzfrKsW2 net::ERR_ABORTED | /requests?_rsc=gu9LWiAQNzfrKsW2 net::ERR_ABORTED | /accounts?_rsc=gu9LWiAQNzfrKsW2 net::ERR_ABORTED | /contracts?_rsc=gu9LWiAQNzfrKsW2 net::ERR_ABORTED | /intelligence?_rsc=gu9LWiAQNzfrKsW2 net::ERR_ABORTED | /intelligence/bids?_rsc=gu9LWiAQNzfrKsW2 net::ERR_ABORTED | /catalog?_rsc=gu9LWiAQNzfrKsW2 net::ERR_ABORTED | /catalog/gudid?_rsc=gu9LWiAQNzfrKsW2 net::ERR_ABORTED | /crosses?_rsc=gu9LWiAQNzfrKsW2 net::ERR_ABORTED | /analytics?_rsc=gu9LWiAQNzfrKsW2 net::ERR_ABORTED | /settings?_rsc=gu9LWiAQNzfrKsW2 net::ERR_ABORTED | /notifications?_rsc=gu9LWiAQNzfrKsW2 net::ERR_ABORTED | /requests/new?_rsc=gu9LWiAQNzfrKsW2 net::ERR_ABORTED","","0","1","0","New request ; Switch user ; Import .xlsx / .csv ; INPUT ; Extract a document… ; Verify ; Dispute ; 1190500 ; 113700 ; 1410015010 ; SPMII ; 1190816 ; 1190820 ; 1DLMC05 ; UPA31015 ; 1DLMC03 ; 1200710 ; 1190300 ; 112650 ; SPMXXL ; 1202025 ; 112660 ; 112680 ; 1201520 ; Record (disabled)"
"PRICING_DIRECTOR","/intelligence/bids","/intelligence/bids","200","Public bids and awards","","","0","/?_rsc=2gWrMJaxdn-CU2fc net::ERR_ABORTED | /requests?_rsc=2gWrMJaxdn-CU2fc net::ERR_ABORTED | /accounts?_rsc=2gWrMJaxdn-CU2fc net::ERR_ABORTED | /contracts?_rsc=2gWrMJaxdn-CU2fc net::ERR_ABORTED | /intelligence?_rsc=2gWrMJaxdn-CU2fc net::ERR_ABORTED | /analytics?_rsc=2gWrMJaxdn-CU2fc net::ERR_ABORTED | /catalog?_rsc=2gWrMJaxdn-CU2fc net::ERR_ABORTED | /catalog/gudid?_rsc=2gWrMJaxdn-CU2fc net::ERR_ABORTED | /crosses?_rsc=2gWrMJaxdn-CU2fc net::ERR_ABORTED | /settings?_rsc=2gWrMJaxdn-CU2fc net::ERR_ABORTED | /notifications?_rsc=2gWrMJaxdn-CU2fc net::ERR_ABORTED | /requests/new?_rsc=2gWrMJaxdn-CU2fc net::ERR_ABORTED | /approvals?_rsc=W5McYxvxTMCZbYJx net::ERR_ABORTED | /proposals?_rsc=W5McYxvxTMCZbYJx net::ERR_ABORTED | /requests?_rsc=W5McYxvxTMCZbYJx net::ERR_ABORTED | /?_rsc=W5McYxvxTMCZbYJx net::ERR_ABORTED | /contracts?_rsc=W5McYxvxTMCZbYJx net::ERR_ABORTED | /intelligence?_rsc=W5McYxvxTMCZbYJx net::ERR_ABORTED | /accounts?_rsc=W5McYxvxTMCZbYJx net::ERR_ABORTED | /intelligence/bids?_rsc=W5McYxvxTMCZbYJx net::ERR_ABORTED | /analytics?_rsc=W5McYxvxTMCZbYJx net::ERR_ABORTED | /catalog?_rsc=W5McYxvxTMCZbYJx net::ERR_ABORTED | /catalog/gudid?_rsc=W5McYxvxTMCZbYJx net::ERR_ABORTED | /crosses?_rsc=W5McYxvxTMCZbYJx net::ERR_ABORTED | /requests/new?_rsc=W5McYxvxTMCZbYJx net::ERR_ABORTED | /notifications?_rsc=W5McYxvxTMCZbYJx net::ERR_ABORTED","","0","0","0","New request ; Switch user ; Pull (disabled) ; Pull ; Save ; Bid file"
"PRICING_DIRECTOR","/intelligence/extractions/[id]","/intelligence/extractions/missing0000000000000000","200","Extraction","Failed to load resource: the server responded with a status of 404 (Not Found)","","0","/?_rsc=VJB2dfGule5Oh2L3 net::ERR_ABORTED | /requests?_rsc=VJB2dfGule5Oh2L3 net::ERR_ABORTED | /proposals?_rsc=VJB2dfGule5Oh2L3 net::ERR_ABORTED | /accounts?_rsc=VJB2dfGule5Oh2L3 net::ERR_ABORTED | /contracts?_rsc=VJB2dfGule5Oh2L3 net::ERR_ABORTED | /catalog?_rsc=VJB2dfGule5Oh2L3 net::ERR_ABORTED | /intelligence?_rsc=VJB2dfGule5Oh2L3 net::ERR_ABORTED | /intelligence/bids?_rsc=VJB2dfGule5Oh2L3 net::ERR_ABORTED | /analytics?_rsc=VJB2dfGule5Oh2L3 net::ERR_ABORTED | /catalog/gudid?_rsc=VJB2dfGule5Oh2L3 net::ERR_ABORTED | /crosses?_rsc=VJB2dfGule5Oh2L3 net::ERR_ABORTED | /notifications?_rsc=VJB2dfGule5Oh2L3 net::ERR_ABORTED | /settings?_rsc=VJB2dfGule5Oh2L3 net::ERR_ABORTED | /requests/new?_rsc=VJB2dfGule5Oh2L3 net::ERR_ABORTED | /?_rsc=wBL8jh-0AxNJNXN_ net::ERR_ABORTED | /requests?_rsc=wBL8jh-0AxNJNXN_ net::ERR_ABORTED | /approvals?_rsc=wBL8jh-0AxNJNXN_ net::ERR_ABORTED | /proposals?_rsc=wBL8jh-0AxNJNXN_ net::ERR_ABORTED | /accounts?_rsc=wBL8jh-0AxNJNXN_ net::ERR_ABORTED | /contracts?_rsc=wBL8jh-0AxNJNXN_ net::ERR_ABORTED | /intelligence/bids?_rsc=wBL8jh-0AxNJNXN_ net::ERR_ABORTED | /intelligence?_rsc=wBL8jh-0AxNJNXN_ net::ERR_ABORTED | /analytics?_rsc=wBL8jh-0AxNJNXN_ net::ERR_ABORTED | /catalog?_rsc=wBL8jh-0AxNJNXN_ net::ERR_ABORTED | /settings?_rsc=wBL8jh-0AxNJNXN_ net::ERR_ABORTED | /notifications?_rsc=wBL8jh-0AxNJNXN_ net::ERR_ABORTED | /catalog/gudid?_rsc=wBL8jh-0AxNJNXN_ net::ERR_ABORTED | /crosses?_rsc=wBL8jh-0AxNJNXN_ net::ERR_ABORTED | /requests/new?_rsc=wBL8jh-0AxNJNXN_ net::ERR_ABORTED","404 /api/documents/extractions/missing0000000000000000","0","0","0","New request ; Switch user"
"PRICING_DIRECTOR","/analytics","/analytics","200","Commercial feedback loop","","","0","/contracts?_rsc=ix5_aAief6TvBg04 net::ERR_ABORTED | /accounts?_rsc=ix5_aAief6TvBg04 net::ERR_ABORTED | /catalog/gudid?_rsc=ix5_aAief6TvBg04 net::ERR_ABORTED | /intelligence?_rsc=ix5_aAief6TvBg04 net::ERR_ABORTED | /intelligence/bids?_rsc=ix5_aAief6TvBg04 net::ERR_ABORTED | /catalog?_rsc=ix5_aAief6TvBg04 net::ERR_ABORTED | /crosses?_rsc=ix5_aAief6TvBg04 net::ERR_ABORTED | /settings?_rsc=ix5_aAief6TvBg04 net::ERR_ABORTED | /requests/new?_rsc=ix5_aAief6TvBg04 net::ERR_ABORTED | /notifications?_rsc=ix5_aAief6TvBg04 net::ERR_ABORTED | /?_rsc=Dt318okBLJyNDlfE net::ERR_ABORTED | /requests?_rsc=Dt318okBLJyNDlfE net::ERR_ABORTED | /proposals?_rsc=Dt318okBLJyNDlfE net::ERR_ABORTED | /approvals?_rsc=Dt318okBLJyNDlfE net::ERR_ABORTED | /accounts?_rsc=Dt318okBLJyNDlfE net::ERR_ABORTED | /contracts?_rsc=Dt318okBLJyNDlfE net::ERR_ABORTED | /intelligence?_rsc=Dt318okBLJyNDlfE net::ERR_ABORTED | /intelligence/bids?_rsc=Dt318okBLJyNDlfE net::ERR_ABORTED | /analytics?_rsc=Dt318okBLJyNDlfE net::ERR_ABORTED | /catalog/gudid?_rsc=Dt318okBLJyNDlfE net::ERR_ABORTED | /crosses?_rsc=Dt318okBLJyNDlfE net::ERR_ABORTED | /settings?_rsc=Dt318okBLJyNDlfE net::ERR_ABORTED | /notifications?_rsc=Dt318okBLJyNDlfE net::ERR_ABORTED | /requests/new?_rsc=Dt318okBLJyNDlfE net::ERR_ABORTED","","0","1","0","New request ; Switch user ; Refresh"
"PRICING_DIRECTOR","/catalog","/catalog","200","Our catalog","","","0","/proposals?_rsc=OYzo7EH3MGwwxBfF net::ERR_ABORTED | /approvals?_rsc=OYzo7EH3MGwwxBfF net::ERR_ABORTED | /?_rsc=OYzo7EH3MGwwxBfF net::ERR_ABORTED | /requests?_rsc=OYzo7EH3MGwwxBfF net::ERR_ABORTED | /accounts?_rsc=OYzo7EH3MGwwxBfF net::ERR_ABORTED | /contracts?_rsc=OYzo7EH3MGwwxBfF net::ERR_ABORTED | /intelligence?_rsc=OYzo7EH3MGwwxBfF net::ERR_ABORTED | /intelligence/bids?_rsc=OYzo7EH3MGwwxBfF net::ERR_ABORTED | /catalog/gudid?_rsc=OYzo7EH3MGwwxBfF net::ERR_ABORTED | /crosses?_rsc=OYzo7EH3MGwwxBfF net::ERR_ABORTED | /settings?_rsc=OYzo7EH3MGwwxBfF net::ERR_ABORTED | /analytics?_rsc=OYzo7EH3MGwwxBfF net::ERR_ABORTED | /notifications?_rsc=OYzo7EH3MGwwxBfF net::ERR_ABORTED | /requests/new?_rsc=OYzo7EH3MGwwxBfF net::ERR_ABORTED | /?_rsc=O6cAbYUSgs3KBG-F net::ERR_ABORTED | /requests?_rsc=O6cAbYUSgs3KBG-F net::ERR_ABORTED | /proposals?_rsc=O6cAbYUSgs3KBG-F net::ERR_ABORTED | /approvals?_rsc=O6cAbYUSgs3KBG-F net::ERR_ABORTED | /accounts?_rsc=O6cAbYUSgs3KBG-F net::ERR_ABORTED | /contracts?_rsc=O6cAbYUSgs3KBG-F net::ERR_ABORTED | /intelligence?_rsc=O6cAbYUSgs3KBG-F net::ERR_ABORTED | /intelligence/bids?_rsc=O6cAbYUSgs3KBG-F net::ERR_ABORTED | /analytics?_rsc=O6cAbYUSgs3KBG-F net::ERR_ABORTED | /catalog?_rsc=O6cAbYUSgs3KBG-F net::ERR_ABORTED | /catalog/gudid?_rsc=O6cAbYUSgs3KBG-F net::ERR_ABORTED | /crosses?_rsc=O6cAbYUSgs3KBG-F net::ERR_ABORTED | /notifications?_rsc=O6cAbYUSgs3KBG-F net::ERR_ABORTED | /settings?_rsc=O6cAbYUSgs3KBG-F net::ERR_ABORTED | /requests/new?_rsc=O6cAbYUSgs3KBG-F net::ERR_ABORTED","","0","1","0","New request ; Switch user ; GUDID library ; Pricing ; 174006 ; ABSTACK30 ; ABSTACK30X ; PCO2015X ; PCO2520X ; PCO9X ; 11-1276 ; 11-1278 ; 171305 ; 173019 ; 173030 ; 173046 ; 173049 ; 173050G ; 174001 ; 174209 ; 174213 ; 174233 ; 174301 ; 174309 ; 174317 ; 174601 ; 176605 ; 176613 ; 176643 ; 176645 ; 176647 ; 178081 ; 178083 ; 178091 ; 178093 ; 178099 ; 25030 ; CATCH10 ; E3781-28 ; E3781R-28ASP ; E3783-28 ; E3783R-28ASP ; E3783R-36ASP ; LF1837 ; LF5637 ; SILSCLINCH46 ; SILSDISSECT46 ; SILSHOOK36 ; SILSHOOK46 ; SILSSHEAR46 ; WPLGR914 ; WPXLGR1117 ; 010316L ; 010460 ; 010470 ; 015427L ; 015433L ; 015441L ; 015451L ; 015458L ; 015477L ; 015485L ; 015888L ; 017614 ; 020242 ; 030330L ; 030412 ; 030424L ; 030425 ; 030426 ; 030454 ; 030470 ; 030735L ; 059037 ; 111981 ; 111983 ; 111985 ; 111987 ; 111989 ; 3948L ; 3971 ; 3973 ; 4901T ; 8886803712 ; EEA21 ; EEA2135 ; EEA25 ; EEA2535 ; EEA28 ; EEA2835 ; EEA31 ; EEA33 ; EEAXL21 ; EEAXL2135 ; EEAXL25 ; EEAXL2535 ; EEAXL28 ; EEAXL2835 ; EEAXL31 ; EEAXL33 ; EGIA45AMT ; EGIA45AV ; EGIA45AVM ; EGIA45CTAVM ; EGIA60AMT ; EGIA60AVM ; EGIA60AXT ; EGIARADMT ; EGIARADVM ; EGIARADXT ; EGIAUSHORT ; EGIAUSTND ; EGIAUXL ; GIA10038L ; GIA10038S ; GIA10048L ; GIA10048S ; GIA6025L ; GIA6025S ; GIA6038L ; GIA6038S ; GIA6048L ; GIA6048S ; GIA60MTC ; GIA60MTS ; GIA60XTC ; GIA60XTS ; GIA8038L ; GIA8038S ; GIA8048L ; GIA8048S ; GIA80MTC ; GIA80MTS ; GIA80XTC ; GIA80XTS ; HEM3335 ; HEM3348 ; IDRVULTRA1 ; SGIA6038S ; SIG30AMT ; SIG30AV ; SIG30AVM ; SIG30CTAV ; SIG30CTAVM ; SIG45AMT ; SIG45AXT ; SIG45CTAMT ; SIG45CTAV ; SIG45CTAVM ; SIG60AMT ; SIG60AXT ; SIG60CTAMT ; SIG60CTAVM ; SIGADAPTSHORT ; SIGADAPTSTND ; SIGADAPTXL ; SIGC45MT ; SIGC45V ; SIGC45VM ; SIGC45VT ; SIGC60MT ; SIGC60V ; SIGC60VM ; SIGC60VT ; SIGLU45A ; SIGLU60A ; SIGPSHELL ; SIGRADMT ; SIGRADVM ; SIGRADXT ; SIGSDL45CTVT ; SIGSDS30CTV ; SIGSDS30CTVT ; SIGTRSB45AMT ; SIGTRSB45AXT ; SIGTRSB60AMT ; SIGTRSB60AXT ; TA3035L ; TA3035S ; TA3048L ; TA3048S ; TA30V3L ; TA30V3S ; TA4535L ; TA4535S ; TA4548L ; TA4548S ; TA6035L ; TA6035S ; TA6048L ; TA6048S ; TA9035L ; TA9035S ; TA9048L ; TA9048S ; TRIEEA28MT ; TRIEEA28XT ; TRIEEA31MT ; TRIEEA31XT ; TRIEEAXL28MT ; TRIEEAXL28XT ; TRIEEAXL31MT ; TRIEEAXL31XT ; TRIEEAXL33MT ; PPDS12 ; PPDS15 ; PPDS1510 ; PPDS2015 ; PPM1106X3 ; PPM1510X3 ; PPM4530 ; 171313 ; 171315 ; 172015 ; 172016 ; 176626P ; 176673P ; 176674P ; 176674PF ; 177090P ; 177090PF ; 177091P ; 177091PF ; 177092 ; 177092F ; 177992P ; 177995P ; 179076P ; 179077P ; 179078PF ; 179093 ; 179093F ; 179094 ; 179094F ; 179095P ; 179096P ; 179096PF ; 179097P ; 179097PF ; 179100 ; 179101 ; 179102P ; 179301 ; 179303 ; 179305 ; 179307 ; 179308 ; 179309 ; 179310 ; 21-345 ; 220-50 ; 24055- ; 4216 ; B11STF ; B11STS ; B12LGF ; B12LGS ; B12STF ; B12STFCS ; B12STS ; B5SHF ; B5SHS ; B5STF ; B5STS ; BPT12STS ; MS100703 ; MS100705 ; MS100708 ; MS101003 ; MS101005 ; MS101008 ; NB11STF ; NB12LGF ; NB12SHF ; NB12STF ; NB12STS ; NB15LGF ; NB15STF ; NB3SHFLP ; NB5LGF ; NB5SHF ; NB5SHFLP ; NB5STF ; NB5STFLP ; NBFCA11ST ; NBFCA12ST ; NONB11STF ; NONB12LGF ; NONB12SHF ; NONB12STF ; NONB12STS ; NONB15LGF ; NONB15STF ; NONB5LGF ; NONB5SHF ; NONB5STF ; NONB8STF ; OMS-T10BT ; OMS-T10BTNL ; OMS-T10BTS ; OMS-T10BTSNL ; OMS-T12BT ; OMS-T12BTNL ; ONB11LGF ; ONB11STF ; ONB12LGF ; ONB12SHF ; ONB12STF ; ONB12STF-NSB ; ONB12STFCS ; ONB12STS ; ONB15STF ; ONB5LGF ; ONB5SHF ; ONB5STF ; ONB5STF-NSB ; ONB5STF2C ; ONBFCA11ST ; S100000 ; S100700 ; S100705 ; S100710 ; S100712 ; S101000 ; S101005 ; S101010 ; S101012 ; S110000 ; SILSPT12TA ; SILSPT5TA ; UNVCA11STF ; UNVCA12LGF ; UNVCA12STF ; UNVCA12STF-NSB ; UNVCA12STS ; UNVCA5LGF ; UNVCA5SHF ; UNVCA5STF ; VS070000 ; VS100700 ; VS100705 ; VS100711P ; VS100712P ; VS101000 ; VS101005 ; VS101011P ; VS101012P ; VS101015P ; VS101500 ; VS101505 ; VS101512P ; VS150000 ; VSR100005 ; VSR100812P ; WPMD509 ; WPSM256 ; WPXSM24"
"PRICING_DIRECTOR","/catalog/gudid","/catalog/gudid","200","GUDID library","","","0","/approvals?_rsc=DGmoGnAw5OqJpMhM net::ERR_ABORTED | /?_rsc=DGmoGnAw5OqJpMhM net::ERR_ABORTED | /requests?_rsc=DGmoGnAw5OqJpMhM net::ERR_ABORTED | /proposals?_rsc=DGmoGnAw5OqJpMhM net::ERR_ABORTED | /accounts?_rsc=DGmoGnAw5OqJpMhM net::ERR_ABORTED | /contracts?_rsc=DGmoGnAw5OqJpMhM net::ERR_ABORTED | /intelligence?_rsc=DGmoGnAw5OqJpMhM net::ERR_ABORTED | /intelligence/bids?_rsc=DGmoGnAw5OqJpMhM net::ERR_ABORTED | /analytics?_rsc=DGmoGnAw5OqJpMhM net::ERR_ABORTED | /catalog?_rsc=DGmoGnAw5OqJpMhM net::ERR_ABORTED | /requests/new?_rsc=DGmoGnAw5OqJpMhM net::ERR_ABORTED | /crosses?_rsc=DGmoGnAw5OqJpMhM net::ERR_ABORTED | /settings?_rsc=DGmoGnAw5OqJpMhM net::ERR_ABORTED | /notifications?_rsc=DGmoGnAw5OqJpMhM net::ERR_ABORTED | /approvals?_rsc=Z9EVd8HHdUwJDdIQ net::ERR_ABORTED | /?_rsc=Z9EVd8HHdUwJDdIQ net::ERR_ABORTED | /requests?_rsc=Z9EVd8HHdUwJDdIQ net::ERR_ABORTED | /proposals?_rsc=Z9EVd8HHdUwJDdIQ net::ERR_ABORTED | /accounts?_rsc=Z9EVd8HHdUwJDdIQ net::ERR_ABORTED | /contracts?_rsc=Z9EVd8HHdUwJDdIQ net::ERR_ABORTED | /intelligence?_rsc=Z9EVd8HHdUwJDdIQ net::ERR_ABORTED | /intelligence/bids?_rsc=Z9EVd8HHdUwJDdIQ net::ERR_ABORTED | /catalog/gudid?_rsc=Z9EVd8HHdUwJDdIQ net::ERR_ABORTED | /crosses?_rsc=Z9EVd8HHdUwJDdIQ net::ERR_ABORTED","","0","0","0","New request ; Switch user"
"PRICING_DIRECTOR","/crosses","/crosses","200","Crosswalk","","","0","/proposals?_rsc=zAn-vlYtEcVbUMJ6 net::ERR_ABORTED | /?_rsc=zAn-vlYtEcVbUMJ6 net::ERR_ABORTED | /requests?_rsc=zAn-vlYtEcVbUMJ6 net::ERR_ABORTED | /intelligence/bids?_rsc=zAn-vlYtEcVbUMJ6 net::ERR_ABORTED | /analytics?_rsc=zAn-vlYtEcVbUMJ6 net::ERR_ABORTED | /catalog/gudid?_rsc=zAn-vlYtEcVbUMJ6 net::ERR_ABORTED | /settings?_rsc=zAn-vlYtEcVbUMJ6 net::ERR_ABORTED | /notifications?_rsc=zAn-vlYtEcVbUMJ6 net::ERR_ABORTED | /requests/new?_rsc=zAn-vlYtEcVbUMJ6 net::ERR_ABORTED | /?_rsc=aniPmKjMQR6zCALO net::ERR_ABORTED | /requests?_rsc=aniPmKjMQR6zCALO net::ERR_ABORTED | /proposals?_rsc=aniPmKjMQR6zCALO net::ERR_ABORTED | /approvals?_rsc=aniPmKjMQR6zCALO net::ERR_ABORTED | /accounts?_rsc=aniPmKjMQR6zCALO net::ERR_ABORTED | /contracts?_rsc=aniPmKjMQR6zCALO net::ERR_ABORTED | /intelligence?_rsc=aniPmKjMQR6zCALO net::ERR_ABORTED | /intelligence/bids?_rsc=aniPmKjMQR6zCALO net::ERR_ABORTED | /analytics?_rsc=aniPmKjMQR6zCALO net::ERR_ABORTED | /catalog?_rsc=aniPmKjMQR6zCALO net::ERR_ABORTED | /catalog/gudid?_rsc=aniPmKjMQR6zCALO net::ERR_ABORTED | /crosses?_rsc=aniPmKjMQR6zCALO net::ERR_ABORTED | /settings?_rsc=aniPmKjMQR6zCALO net::ERR_ABORTED | /notifications?_rsc=aniPmKjMQR6zCALO net::ERR_ABORTED | /requests/new?_rsc=aniPmKjMQR6zCALO net::ERR_ABORTED","","0","0","0","New request ; Switch user"
"PRICING_DIRECTOR","/notifications","/notifications","200","Notifications","","","0","/proposals?_rsc=oG-rbVP81bj5yHs2 net::ERR_ABORTED | /approvals?_rsc=oG-rbVP81bj5yHs2 net::ERR_ABORTED | /accounts?_rsc=oG-rbVP81bj5yHs2 net::ERR_ABORTED | /contracts?_rsc=oG-rbVP81bj5yHs2 net::ERR_ABORTED | /requests/new?_rsc=oG-rbVP81bj5yHs2 net::ERR_ABORTED | /?_rsc=FxIb9Zh5xrkPNSW4 net::ERR_ABORTED | /approvals?_rsc=FxIb9Zh5xrkPNSW4 net::ERR_ABORTED | /contracts?_rsc=FxIb9Zh5xrkPNSW4 net::ERR_ABORTED | /intelligence?_rsc=FxIb9Zh5xrkPNSW4 net::ERR_ABORTED | /intelligence/bids?_rsc=FxIb9Zh5xrkPNSW4 net::ERR_ABORTED | /catalog/gudid?_rsc=FxIb9Zh5xrkPNSW4 net::ERR_ABORTED | /crosses?_rsc=FxIb9Zh5xrkPNSW4 net::ERR_ABORTED | /analytics?_rsc=FxIb9Zh5xrkPNSW4 net::ERR_ABORTED | /catalog?_rsc=FxIb9Zh5xrkPNSW4 net::ERR_ABORTED | /requests/new?_rsc=FxIb9Zh5xrkPNSW4 net::ERR_ABORTED | /settings?_rsc=FxIb9Zh5xrkPNSW4 net::ERR_ABORTED | /notifications?_rsc=FxIb9Zh5xrkPNSW4 net::ERR_ABORTED","","0","0","0","New request ; Switch user ; Mark all read ; Read"
"PRICING_DIRECTOR","/settings","/settings","200","Settings","","","0","/?_rsc=DQxjArDrgutTG17x net::ERR_ABORTED | /proposals?_rsc=DQxjArDrgutTG17x net::ERR_ABORTED | /intelligence?_rsc=DQxjArDrgutTG17x net::ERR_ABORTED | /intelligence/bids?_rsc=DQxjArDrgutTG17x net::ERR_ABORTED | /crosses?_rsc=DQxjArDrgutTG17x net::ERR_ABORTED | /catalog?_rsc=DQxjArDrgutTG17x net::ERR_ABORTED | /catalog/gudid?_rsc=DQxjArDrgutTG17x net::ERR_ABORTED | /requests/new?_rsc=DQxjArDrgutTG17x net::ERR_ABORTED | /settings/integrations?_rsc=DQxjArDrgutTG17x net::ERR_ABORTED | /?_rsc=j-_vjoKOn8bxlRO7 net::ERR_ABORTED | /settings/pricing?_rsc=DQxjArDrgutTG17x net::ERR_ABORTED | /requests?_rsc=j-_vjoKOn8bxlRO7 net::ERR_ABORTED | /proposals?_rsc=j-_vjoKOn8bxlRO7 net::ERR_ABORTED | /approvals?_rsc=j-_vjoKOn8bxlRO7 net::ERR_ABORTED | /accounts?_rsc=j-_vjoKOn8bxlRO7 net::ERR_ABORTED | /contracts?_rsc=j-_vjoKOn8bxlRO7 net::ERR_ABORTED | /catalog?_rsc=j-_vjoKOn8bxlRO7 net::ERR_ABORTED | /intelligence/bids?_rsc=j-_vjoKOn8bxlRO7 net::ERR_ABORTED | /intelligence?_rsc=j-_vjoKOn8bxlRO7 net::ERR_ABORTED | /analytics?_rsc=j-_vjoKOn8bxlRO7 net::ERR_ABORTED | /catalog/gudid?_rsc=j-_vjoKOn8bxlRO7 net::ERR_ABORTED | /settings?_rsc=j-_vjoKOn8bxlRO7 net::ERR_ABORTED | /crosses?_rsc=j-_vjoKOn8bxlRO7 net::ERR_ABORTED | /notifications?_rsc=j-_vjoKOn8bxlRO7 net::ERR_ABORTED | /requests/new?_rsc=j-_vjoKOn8bxlRO7 net::ERR_ABORTED","","0","0","0","New request ; Switch user ; Save ; Evaluate alerts now ; Retry failed jobs ; Refresh stale records ; Edit ; Configure integrations → ; How to connect ; Sync now"
"PRICING_DIRECTOR","/settings/integrations","/settings/integrations","200","Integrations","","","0","/?_rsc=U-OwWBq-vq-slwyv net::ERR_ABORTED | /requests?_rsc=U-OwWBq-vq-slwyv net::ERR_ABORTED | /proposals?_rsc=U-OwWBq-vq-slwyv net::ERR_ABORTED | /approvals?_rsc=U-OwWBq-vq-slwyv net::ERR_ABORTED | /contracts?_rsc=U-OwWBq-vq-slwyv net::ERR_ABORTED | /intelligence?_rsc=U-OwWBq-vq-slwyv net::ERR_ABORTED | /intelligence/bids?_rsc=U-OwWBq-vq-slwyv net::ERR_ABORTED | /catalog/gudid?_rsc=U-OwWBq-vq-slwyv net::ERR_ABORTED | /crosses?_rsc=U-OwWBq-vq-slwyv net::ERR_ABORTED | /settings?_rsc=U-OwWBq-vq-slwyv net::ERR_ABORTED | /requests/new?_rsc=U-OwWBq-vq-slwyv net::ERR_ABORTED | /requests?_rsc=hbetPO-u3vUUlMwr net::ERR_ABORTED | /?_rsc=hbetPO-u3vUUlMwr net::ERR_ABORTED | /approvals?_rsc=hbetPO-u3vUUlMwr net::ERR_ABORTED | /accounts?_rsc=hbetPO-u3vUUlMwr net::ERR_ABORTED | /contracts?_rsc=hbetPO-u3vUUlMwr net::ERR_ABORTED | /proposals?_rsc=hbetPO-u3vUUlMwr net::ERR_ABORTED | /intelligence?_rsc=hbetPO-u3vUUlMwr net::ERR_ABORTED | /intelligence/bids?_rsc=hbetPO-u3vUUlMwr net::ERR_ABORTED | /analytics?_rsc=hbetPO-u3vUUlMwr net::ERR_ABORTED | /catalog?_rsc=hbetPO-u3vUUlMwr net::ERR_ABORTED | /catalog/gudid?_rsc=hbetPO-u3vUUlMwr net::ERR_ABORTED | /notifications?_rsc=hbetPO-u3vUUlMwr net::ERR_ABORTED | /requests/new?_rsc=hbetPO-u3vUUlMwr net::ERR_ABORTED","","0","0","0","New request ; Switch user ; Salesforce (CRM)disabledMock Salesforce  ; SAP ERP (OData)not configuredno provider ; Premier rosternot configuredno provider ; Vizient rosternot configuredno provider ; HealthTrust rosternot configuredno provi ; Document extraction (OCR)not configuredn ; Exchange ratesnot configuredno provider ; Competitor GPO contract pricesnot config ; Review queue0 open items across all inte"
"PRICING_DIRECTOR","/settings/pricing","/settings/pricing","200","Pricing policies","","","0","/?_rsc=8oSST31HPn0UlEto net::ERR_ABORTED | /requests?_rsc=8oSST31HPn0UlEto net::ERR_ABORTED | /proposals?_rsc=8oSST31HPn0UlEto net::ERR_ABORTED | /approvals?_rsc=8oSST31HPn0UlEto net::ERR_ABORTED | /accounts?_rsc=8oSST31HPn0UlEto net::ERR_ABORTED | /intelligence/bids?_rsc=8oSST31HPn0UlEto net::ERR_ABORTED | /contracts?_rsc=8oSST31HPn0UlEto net::ERR_ABORTED | /intelligence?_rsc=8oSST31HPn0UlEto net::ERR_ABORTED | /catalog?_rsc=8oSST31HPn0UlEto net::ERR_ABORTED | /catalog/gudid?_rsc=8oSST31HPn0UlEto net::ERR_ABORTED | /crosses?_rsc=8oSST31HPn0UlEto net::ERR_ABORTED | /settings?_rsc=8oSST31HPn0UlEto net::ERR_ABORTED | /notifications?_rsc=8oSST31HPn0UlEto net::ERR_ABORTED | /requests/new?_rsc=8oSST31HPn0UlEto net::ERR_ABORTED | /requests?_rsc=_Ie442TgELs3Q458 net::ERR_ABORTED | /?_rsc=_Ie442TgELs3Q458 net::ERR_ABORTED | /proposals?_rsc=_Ie442TgELs3Q458 net::ERR_ABORTED | /contracts?_rsc=_Ie442TgELs3Q458 net::ERR_ABORTED | /intelligence?_rsc=_Ie442TgELs3Q458 net::ERR_ABORTED | /accounts?_rsc=_Ie442TgELs3Q458 net::ERR_ABORTED | /approvals?_rsc=_Ie442TgELs3Q458 net::ERR_ABORTED | /intelligence/bids?_rsc=_Ie442TgELs3Q458 net::ERR_ABORTED | /analytics?_rsc=_Ie442TgELs3Q458 net::ERR_ABORTED | /catalog?_rsc=_Ie442TgELs3Q458 net::ERR_ABORTED | /catalog/gudid?_rsc=_Ie442TgELs3Q458 net::ERR_ABORTED | /notifications?_rsc=_Ie442TgELs3Q458 net::ERR_ABORTED | /requests/new?_rsc=_Ie442TgELs3Q458 net::ERR_ABORTED | /settings?_rsc=_Ie442TgELs3Q458 net::ERR_ABORTED | /crosses?_rsc=_Ie442TgELs3Q458 net::ERR_ABORTED","","0","0","0","New request ; Switch user ; New draft ; New version"
"PRICING_COMMITTEE","/","/","200","Competitive cross reference","","","0","/accounts?_rsc=5CB68i4pnAekjehf net::ERR_ABORTED | /proposals?_rsc=5CB68i4pnAekjehf net::ERR_ABORTED | /approvals?_rsc=5CB68i4pnAekjehf net::ERR_ABORTED | /intelligence/bids?_rsc=5CB68i4pnAekjehf net::ERR_ABORTED | /analytics?_rsc=5CB68i4pnAekjehf net::ERR_ABORTED | /catalog?_rsc=5CB68i4pnAekjehf net::ERR_ABORTED | /catalog/gudid?_rsc=5CB68i4pnAekjehf net::ERR_ABORTED | /crosses?_rsc=5CB68i4pnAekjehf net::ERR_ABORTED | /settings?_rsc=5CB68i4pnAekjehf net::ERR_ABORTED | /notifications?_rsc=5CB68i4pnAekjehf net::ERR_ABORTED | /?_rsc=tXyZJ52UQVBCVsD3 net::ERR_ABORTED | /proposals?_rsc=tXyZJ52UQVBCVsD3 net::ERR_ABORTED | /approvals?_rsc=tXyZJ52UQVBCVsD3 net::ERR_ABORTED | /accounts?_rsc=tXyZJ52UQVBCVsD3 net::ERR_ABORTED | /contracts?_rsc=tXyZJ52UQVBCVsD3 net::ERR_ABORTED | /intelligence?_rsc=tXyZJ52UQVBCVsD3 net::ERR_ABORTED | /analytics?_rsc=tXyZJ52UQVBCVsD3 net::ERR_ABORTED | /notifications?_rsc=tXyZJ52UQVBCVsD3 net::ERR_ABORTED","","0","0","0","Switch user"
"PRICING_COMMITTEE","/requests","/requests","200","","","","0","/?_rsc=p3Q57VochOqcQNsg net::ERR_ABORTED | /proposals?_rsc=p3Q57VochOqcQNsg net::ERR_ABORTED | /approvals?_rsc=p3Q57VochOqcQNsg net::ERR_ABORTED | /accounts?_rsc=p3Q57VochOqcQNsg net::ERR_ABORTED | /contracts?_rsc=p3Q57VochOqcQNsg net::ERR_ABORTED | /intelligence?_rsc=p3Q57VochOqcQNsg net::ERR_ABORTED | /intelligence/bids?_rsc=p3Q57VochOqcQNsg net::ERR_ABORTED | /analytics?_rsc=p3Q57VochOqcQNsg net::ERR_ABORTED | /catalog?_rsc=p3Q57VochOqcQNsg net::ERR_ABORTED | /catalog/gudid?_rsc=p3Q57VochOqcQNsg net::ERR_ABORTED | /crosses?_rsc=p3Q57VochOqcQNsg net::ERR_ABORTED | /settings?_rsc=p3Q57VochOqcQNsg net::ERR_ABORTED | /notifications?_rsc=p3Q57VochOqcQNsg net::ERR_ABORTED | /?_rsc=nIzLgF1M7nWxnHlV net::ERR_ABORTED | /proposals?_rsc=nIzLgF1M7nWxnHlV net::ERR_ABORTED | /contracts?_rsc=nIzLgF1M7nWxnHlV net::ERR_ABORTED | /approvals?_rsc=nIzLgF1M7nWxnHlV net::ERR_ABORTED | /accounts?_rsc=nIzLgF1M7nWxnHlV net::ERR_ABORTED | /intelligence?_rsc=nIzLgF1M7nWxnHlV net::ERR_ABORTED | /catalog/gudid?_rsc=nIzLgF1M7nWxnHlV net::ERR_ABORTED | /intelligence/bids?_rsc=nIzLgF1M7nWxnHlV net::ERR_ABORTED | /analytics?_rsc=nIzLgF1M7nWxnHlV net::ERR_ABORTED | /catalog?_rsc=nIzLgF1M7nWxnHlV net::ERR_ABORTED | /notifications?_rsc=nIzLgF1M7nWxnHlV net::ERR_ABORTED | /crosses?_rsc=nIzLgF1M7nWxnHlV net::ERR_ABORTED | /settings?_rsc=nIzLgF1M7nWxnHlV net::ERR_ABORTED","","0","0","0","Switch user"
"PRICING_COMMITTEE","/requests/new","/requests/new","200","","","","0","/accounts?_rsc=4belA-F-xg-XtLdx net::ERR_ABORTED | /proposals?_rsc=4belA-F-xg-XtLdx net::ERR_ABORTED | /?_rsc=4belA-F-xg-XtLdx net::ERR_ABORTED | /approvals?_rsc=4belA-F-xg-XtLdx net::ERR_ABORTED | /intelligence?_rsc=4belA-F-xg-XtLdx net::ERR_ABORTED | /intelligence/bids?_rsc=4belA-F-xg-XtLdx net::ERR_ABORTED | /analytics?_rsc=4belA-F-xg-XtLdx net::ERR_ABORTED | /catalog?_rsc=4belA-F-xg-XtLdx net::ERR_ABORTED | /catalog/gudid?_rsc=4belA-F-xg-XtLdx net::ERR_ABORTED | /crosses?_rsc=4belA-F-xg-XtLdx net::ERR_ABORTED | /settings?_rsc=4belA-F-xg-XtLdx net::ERR_ABORTED | /notifications?_rsc=4belA-F-xg-XtLdx net::ERR_ABORTED | /?_rsc=O1p93FFpSnNce0k4 net::ERR_ABORTED | /proposals?_rsc=O1p93FFpSnNce0k4 net::ERR_ABORTED | /approvals?_rsc=O1p93FFpSnNce0k4 net::ERR_ABORTED | /accounts?_rsc=O1p93FFpSnNce0k4 net::ERR_ABORTED | /contracts?_rsc=O1p93FFpSnNce0k4 net::ERR_ABORTED | /settings?_rsc=O1p93FFpSnNce0k4 net::ERR_ABORTED | /catalog?_rsc=O1p93FFpSnNce0k4 net::ERR_ABORTED | /catalog/gudid?_rsc=O1p93FFpSnNce0k4 net::ERR_ABORTED | /crosses?_rsc=O1p93FFpSnNce0k4 net::ERR_ABORTED | /notifications?_rsc=O1p93FFpSnNce0k4 net::ERR_ABORTED","","0","0","0","Switch user"
"PRICING_COMMITTEE","/requests/[id]","/requests/null","200","","Failed to load resource: the server responded with a status of 403 (Forbidden)","","0","/approvals?_rsc=76SvvV1TLjtpHtqe net::ERR_ABORTED | /accounts?_rsc=76SvvV1TLjtpHtqe net::ERR_ABORTED | /?_rsc=76SvvV1TLjtpHtqe net::ERR_ABORTED | /proposals?_rsc=76SvvV1TLjtpHtqe net::ERR_ABORTED | /contracts?_rsc=76SvvV1TLjtpHtqe net::ERR_ABORTED | /intelligence?_rsc=76SvvV1TLjtpHtqe net::ERR_ABORTED | /intelligence/bids?_rsc=76SvvV1TLjtpHtqe net::ERR_ABORTED | /analytics?_rsc=76SvvV1TLjtpHtqe net::ERR_ABORTED | /crosses?_rsc=76SvvV1TLjtpHtqe net::ERR_ABORTED | /settings?_rsc=76SvvV1TLjtpHtqe net::ERR_ABORTED | /notifications?_rsc=76SvvV1TLjtpHtqe net::ERR_ABORTED | /?_rsc=eoRKZgXY26fq4Ulk net::ERR_ABORTED | /proposals?_rsc=eoRKZgXY26fq4Ulk net::ERR_ABORTED | /intelligence?_rsc=eoRKZgXY26fq4Ulk net::ERR_ABORTED | /requests?_rsc=76SvvV1TLjtpHtqe net::ERR_ABORTED | /intelligence/bids?_rsc=eoRKZgXY26fq4Ulk net::ERR_ABORTED | /analytics?_rsc=eoRKZgXY26fq4Ulk net::ERR_ABORTED | /catalog?_rsc=eoRKZgXY26fq4Ulk net::ERR_ABORTED | /requests?_rsc=eoRKZgXY26fq4Ulk net::ERR_ABORTED | /catalog/gudid?_rsc=eoRKZgXY26fq4Ulk net::ERR_ABORTED | /crosses?_rsc=eoRKZgXY26fq4Ulk net::ERR_ABORTED | /settings?_rsc=eoRKZgXY26fq4Ulk net::ERR_ABORTED | /notifications?_rsc=eoRKZgXY26fq4Ulk net::ERR_ABORTED","403 /api/requests/null","0","0","0","Switch user"
"PRICING_COMMITTEE","/proposals","/proposals","200","Commercial proposals","","","0","/accounts?_rsc=8qZH60WsiyOTuseO net::ERR_ABORTED | /?_rsc=8qZH60WsiyOTuseO net::ERR_ABORTED | /approvals?_rsc=8qZH60WsiyOTuseO net::ERR_ABORTED | /intelligence/bids?_rsc=8qZH60WsiyOTuseO net::ERR_ABORTED | /analytics?_rsc=8qZH60WsiyOTuseO net::ERR_ABORTED | /catalog?_rsc=8qZH60WsiyOTuseO net::ERR_ABORTED | /catalog/gudid?_rsc=8qZH60WsiyOTuseO net::ERR_ABORTED | /crosses?_rsc=8qZH60WsiyOTuseO net::ERR_ABORTED | /settings?_rsc=8qZH60WsiyOTuseO net::ERR_ABORTED | /notifications?_rsc=8qZH60WsiyOTuseO net::ERR_ABORTED | /?_rsc=yDw8cg_cK2Tq2IDS net::ERR_ABORTED | /proposals?_rsc=yDw8cg_cK2Tq2IDS net::ERR_ABORTED | /approvals?_rsc=yDw8cg_cK2Tq2IDS net::ERR_ABORTED | /intelligence/bids?_rsc=yDw8cg_cK2Tq2IDS net::ERR_ABORTED | /accounts?_rsc=yDw8cg_cK2Tq2IDS net::ERR_ABORTED | /contracts?_rsc=yDw8cg_cK2Tq2IDS net::ERR_ABORTED | /intelligence?_rsc=yDw8cg_cK2Tq2IDS net::ERR_ABORTED | /analytics?_rsc=yDw8cg_cK2Tq2IDS net::ERR_ABORTED | /catalog?_rsc=yDw8cg_cK2Tq2IDS net::ERR_ABORTED | /catalog/gudid?_rsc=yDw8cg_cK2Tq2IDS net::ERR_ABORTED | /crosses?_rsc=yDw8cg_cK2Tq2IDS net::ERR_ABORTED | /notifications?_rsc=yDw8cg_cK2Tq2IDS net::ERR_ABORTED | /settings?_rsc=yDw8cg_cK2Tq2IDS net::ERR_ABORTED","","0","0","0","Switch user"
"PRICING_COMMITTEE","/proposals/[id]","/proposals/null","200","","Failed to load resource: the server responded with a status of 404 (Not Found)","","0","/?_rsc=VreOGdJHuaZwqD3- net::ERR_ABORTED | /proposals?_rsc=VreOGdJHuaZwqD3- net::ERR_ABORTED | /approvals?_rsc=VreOGdJHuaZwqD3- net::ERR_ABORTED | /accounts?_rsc=VreOGdJHuaZwqD3- net::ERR_ABORTED | /catalog?_rsc=VreOGdJHuaZwqD3- net::ERR_ABORTED | /catalog/gudid?_rsc=VreOGdJHuaZwqD3- net::ERR_ABORTED | /crosses?_rsc=VreOGdJHuaZwqD3- net::ERR_ABORTED | /settings?_rsc=VreOGdJHuaZwqD3- net::ERR_ABORTED | /notifications?_rsc=VreOGdJHuaZwqD3- net::ERR_ABORTED | /accounts?_rsc=hzu8hJFrzSYjsRgK net::ERR_ABORTED | /?_rsc=hzu8hJFrzSYjsRgK net::ERR_ABORTED | /approvals?_rsc=hzu8hJFrzSYjsRgK net::ERR_ABORTED | /proposals?_rsc=hzu8hJFrzSYjsRgK net::ERR_ABORTED | /contracts?_rsc=hzu8hJFrzSYjsRgK net::ERR_ABORTED | /intelligence?_rsc=hzu8hJFrzSYjsRgK net::ERR_ABORTED | /catalog/gudid?_rsc=hzu8hJFrzSYjsRgK net::ERR_ABORTED | /intelligence/bids?_rsc=hzu8hJFrzSYjsRgK net::ERR_ABORTED | /analytics?_rsc=hzu8hJFrzSYjsRgK net::ERR_ABORTED | /catalog?_rsc=hzu8hJFrzSYjsRgK net::ERR_ABORTED | /notifications?_rsc=hzu8hJFrzSYjsRgK net::ERR_ABORTED | /crosses?_rsc=hzu8hJFrzSYjsRgK net::ERR_ABORTED | /settings?_rsc=hzu8hJFrzSYjsRgK net::ERR_ABORTED","404 /api/proposals/null","0","0","0","Switch user"
"PRICING_COMMITTEE","/approvals","/approvals","200","Pricing approvals","","","0","/?_rsc=Ut9iRRX_9PZKRdF- net::ERR_ABORTED | /proposals?_rsc=Ut9iRRX_9PZKRdF- net::ERR_ABORTED | /accounts?_rsc=Ut9iRRX_9PZKRdF- net::ERR_ABORTED | /intelligence/bids?_rsc=Ut9iRRX_9PZKRdF- net::ERR_ABORTED | /contracts?_rsc=Ut9iRRX_9PZKRdF- net::ERR_ABORTED | /intelligence?_rsc=Ut9iRRX_9PZKRdF- net::ERR_ABORTED | /analytics?_rsc=Ut9iRRX_9PZKRdF- net::ERR_ABORTED | /catalog?_rsc=Ut9iRRX_9PZKRdF- net::ERR_ABORTED | /catalog/gudid?_rsc=Ut9iRRX_9PZKRdF- net::ERR_ABORTED | /?_rsc=AU6DTT46DVXZ7jWj net::ERR_ABORTED | /crosses?_rsc=Ut9iRRX_9PZKRdF- net::ERR_ABORTED | /settings?_rsc=Ut9iRRX_9PZKRdF- net::ERR_ABORTED | /notifications?_rsc=Ut9iRRX_9PZKRdF- net::ERR_ABORTED | /contracts?_rsc=AU6DTT46DVXZ7jWj net::ERR_ABORTED | /accounts?_rsc=AU6DTT46DVXZ7jWj net::ERR_ABORTED | /proposals?_rsc=AU6DTT46DVXZ7jWj net::ERR_ABORTED | /approvals?_rsc=AU6DTT46DVXZ7jWj net::ERR_ABORTED | /intelligence?_rsc=AU6DTT46DVXZ7jWj net::ERR_ABORTED | /intelligence/bids?_rsc=AU6DTT46DVXZ7jWj net::ERR_ABORTED | /analytics?_rsc=AU6DTT46DVXZ7jWj net::ERR_ABORTED | /catalog?_rsc=AU6DTT46DVXZ7jWj net::ERR_ABORTED | /catalog/gudid?_rsc=AU6DTT46DVXZ7jWj net::ERR_ABORTED | /crosses?_rsc=AU6DTT46DVXZ7jWj net::ERR_ABORTED | /settings?_rsc=AU6DTT46DVXZ7jWj net::ERR_ABORTED | /notifications?_rsc=AU6DTT46DVXZ7jWj net::ERR_ABORTED","","0","0","0","Switch user ; Delegate my approvals"
"PRICING_COMMITTEE","/accounts","/accounts","200","Accounts & GPO membership","","","0","/proposals?_rsc=iZGmHDWBA-6V7KTQ net::ERR_ABORTED | /approvals?_rsc=iZGmHDWBA-6V7KTQ net::ERR_ABORTED | /?_rsc=iZGmHDWBA-6V7KTQ net::ERR_ABORTED | /intelligence/bids?_rsc=iZGmHDWBA-6V7KTQ net::ERR_ABORTED | /analytics?_rsc=iZGmHDWBA-6V7KTQ net::ERR_ABORTED | /catalog?_rsc=iZGmHDWBA-6V7KTQ net::ERR_ABORTED | /intelligence?_rsc=iZGmHDWBA-6V7KTQ net::ERR_ABORTED | /settings?_rsc=iZGmHDWBA-6V7KTQ net::ERR_ABORTED | /catalog/gudid?_rsc=iZGmHDWBA-6V7KTQ net::ERR_ABORTED | /crosses?_rsc=iZGmHDWBA-6V7KTQ net::ERR_ABORTED | /accounts/cmuffqiii02rkfs7dzbqrnru0?_rsc=iZGmHDWBA-6V7KTQ net::ERR_ABORTED | /accounts/cmuffqiiq02rlfs7d9y1un1wd?_rsc=iZGmHDWBA-6V7KTQ net::ERR_ABORTED | /accounts/cmuffqiiv02rmfs7diaqvuvc9?_rsc=iZGmHDWBA-6V7KTQ net::ERR_ABORTED | /accounts/cmuffqiif02rjfs7dkcvn5i4a?_rsc=iZGmHDWBA-6V7KTQ net::ERR_ABORTED | /?_rsc=oRxEn_R9e10JER3Z net::ERR_ABORTED | /proposals?_rsc=oRxEn_R9e10JER3Z net::ERR_ABORTED | /accounts?_rsc=oRxEn_R9e10JER3Z net::ERR_ABORTED | /approvals?_rsc=oRxEn_R9e10JER3Z net::ERR_ABORTED | /intelligence/bids?_rsc=oRxEn_R9e10JER3Z net::ERR_ABORTED | /analytics?_rsc=oRxEn_R9e10JER3Z net::ERR_ABORTED | /settings?_rsc=oRxEn_R9e10JER3Z net::ERR_ABORTED | /catalog/gudid?_rsc=oRxEn_R9e10JER3Z net::ERR_ABORTED | /crosses?_rsc=oRxEn_R9e10JER3Z net::ERR_ABORTED | /catalog?_rsc=oRxEn_R9e10JER3Z net::ERR_ABORTED | /notifications?_rsc=oRxEn_R9e10JER3Z net::ERR_ABORTED | /accounts/cmuffqiiv02rmfs7diaqvuvc9?_rsc=oRxEn_R9e10JER3Z net::ERR_ABORTED | /accounts/cmuffqiii02rkfs7dzbqrnru0?_rsc=oRxEn_R9e10JER3Z net::ERR_ABORTED | /accounts/cmuffqiif02rjfs7dkcvn5i4a?_rsc=oRxEn_R9e10JER3Z net::ERR_ABORTED | /accounts/cmuffqiiq02rlfs7d9y1un1wd?_rsc=oRxEn_R9e10JER3Z net::ERR_ABORTED | /accounts/cmuffqiia02rifs7d9g96f4p7?_rsc=oRxEn_R9e10JER3Z net::ERR_ABORTED","","0","0","0","Switch user"
"PRICING_COMMITTEE","/accounts/[id]","/accounts/cmuffqiii02rkfs7dzbqrnru0","200","Hospital A — Mount Vernon General","","","0","/accounts?_rsc=mfJnIb6u-3Mn-ESD net::ERR_ABORTED | /?_rsc=mfJnIb6u-3Mn-ESD net::ERR_ABORTED | /proposals?_rsc=mfJnIb6u-3Mn-ESD net::ERR_ABORTED | /approvals?_rsc=mfJnIb6u-3Mn-ESD net::ERR_ABORTED | /analytics?_rsc=mfJnIb6u-3Mn-ESD net::ERR_ABORTED | /contracts?_rsc=mfJnIb6u-3Mn-ESD net::ERR_ABORTED | /intelligence?_rsc=mfJnIb6u-3Mn-ESD net::ERR_ABORTED | /intelligence/bids?_rsc=mfJnIb6u-3Mn-ESD net::ERR_ABORTED | /settings?_rsc=mfJnIb6u-3Mn-ESD net::ERR_ABORTED | /catalog?_rsc=mfJnIb6u-3Mn-ESD net::ERR_ABORTED | /catalog/gudid?_rsc=mfJnIb6u-3Mn-ESD net::ERR_ABORTED | /crosses?_rsc=mfJnIb6u-3Mn-ESD net::ERR_ABORTED | /notifications?_rsc=mfJnIb6u-3Mn-ESD net::ERR_ABORTED | /contracts/cmuffqio702syfs7d0fonyhf3?_rsc=mfJnIb6u-3Mn-ESD net::ERR_ABORTED | /?_rsc=pzgFYKDD5bs714zj net::ERR_ABORTED | /proposals?_rsc=pzgFYKDD5bs714zj net::ERR_ABORTED | /approvals?_rsc=pzgFYKDD5bs714zj net::ERR_ABORTED | /accounts?_rsc=pzgFYKDD5bs714zj net::ERR_ABORTED | /contracts?_rsc=pzgFYKDD5bs714zj net::ERR_ABORTED | /intelligence/bids?_rsc=pzgFYKDD5bs714zj net::ERR_ABORTED | /intelligence?_rsc=pzgFYKDD5bs714zj net::ERR_ABORTED | /analytics?_rsc=pzgFYKDD5bs714zj net::ERR_ABORTED | /catalog?_rsc=pzgFYKDD5bs714zj net::ERR_ABORTED | /crosses?_rsc=pzgFYKDD5bs714zj net::ERR_ABORTED | /catalog/gudid?_rsc=pzgFYKDD5bs714zj net::ERR_ABORTED | /settings?_rsc=pzgFYKDD5bs714zj net::ERR_ABORTED | /notifications?_rsc=pzgFYKDD5bs714zj net::ERR_ABORTED | /contracts/cmuffqio702syfs7d0fonyhf3?_rsc=pzgFYKDD5bs714zj net::ERR_ABORTED","","0","1","0","Switch user"
"PRICING_COMMITTEE","/contracts","/contracts","200","Contracts & price context","","","0","/?_rsc=DzmfcRRfJeItXkgz net::ERR_ABORTED | /proposals?_rsc=DzmfcRRfJeItXkgz net::ERR_ABORTED | /accounts?_rsc=DzmfcRRfJeItXkgz net::ERR_ABORTED | /approvals?_rsc=DzmfcRRfJeItXkgz net::ERR_ABORTED | /intelligence?_rsc=DzmfcRRfJeItXkgz net::ERR_ABORTED | /intelligence/bids?_rsc=DzmfcRRfJeItXkgz net::ERR_ABORTED | /catalog?_rsc=DzmfcRRfJeItXkgz net::ERR_ABORTED | /analytics?_rsc=DzmfcRRfJeItXkgz net::ERR_ABORTED | /catalog/gudid?_rsc=DzmfcRRfJeItXkgz net::ERR_ABORTED | /crosses?_rsc=DzmfcRRfJeItXkgz net::ERR_ABORTED | /settings?_rsc=DzmfcRRfJeItXkgz net::ERR_ABORTED | /notifications?_rsc=DzmfcRRfJeItXkgz net::ERR_ABORTED | /contracts/cmuffqioe02szfs7dl658b8gy?_rsc=DzmfcRRfJeItXkgz net::ERR_ABORTED | /contracts/cmuffqio702syfs7d0fonyhf3?_rsc=DzmfcRRfJeItXkgz net::ERR_ABORTED | /approvals?_rsc=2Ju2sngZl13OvaTN net::ERR_ABORTED | /accounts?_rsc=2Ju2sngZl13OvaTN net::ERR_ABORTED | /proposals?_rsc=2Ju2sngZl13OvaTN net::ERR_ABORTED | /?_rsc=2Ju2sngZl13OvaTN net::ERR_ABORTED | /intelligence?_rsc=2Ju2sngZl13OvaTN net::ERR_ABORTED | /intelligence/bids?_rsc=2Ju2sngZl13OvaTN net::ERR_ABORTED | /contracts?_rsc=2Ju2sngZl13OvaTN net::ERR_ABORTED | /analytics?_rsc=2Ju2sngZl13OvaTN net::ERR_ABORTED | /catalog/gudid?_rsc=2Ju2sngZl13OvaTN net::ERR_ABORTED | /crosses?_rsc=2Ju2sngZl13OvaTN net::ERR_ABORTED | /settings?_rsc=2Ju2sngZl13OvaTN net::ERR_ABORTED | /notifications?_rsc=2Ju2sngZl13OvaTN net::ERR_ABORTED | /contracts/cmuffqioe02szfs7dl658b8gy?_rsc=2Ju2sngZl13OvaTN net::ERR_ABORTED | /contracts/cmuffqio702syfs7d0fonyhf3?_rsc=2Ju2sngZl13OvaTN net::ERR_ABORTED","","0","1","0","Switch user ; New contract (disabled)"
"PRICING_COMMITTEE","/contracts/[id]","/contracts/cmuffqioe02szfs7dl658b8gy","200","MSK-LOCAL-2026 · MSK local mesh agreement","","","0","/?_rsc=mef3hIvfndT_j2OY net::ERR_ABORTED | /proposals?_rsc=mef3hIvfndT_j2OY net::ERR_ABORTED | /approvals?_rsc=mef3hIvfndT_j2OY net::ERR_ABORTED | /accounts?_rsc=mef3hIvfndT_j2OY net::ERR_ABORTED | /catalog?_rsc=mef3hIvfndT_j2OY net::ERR_ABORTED | /catalog/gudid?_rsc=mef3hIvfndT_j2OY net::ERR_ABORTED | /crosses?_rsc=mef3hIvfndT_j2OY net::ERR_ABORTED | /settings?_rsc=mef3hIvfndT_j2OY net::ERR_ABORTED | /accounts/cmuffqiif02rjfs7dkcvn5i4a?_rsc=mef3hIvfndT_j2OY net::ERR_ABORTED | /?_rsc=4Gf8Hzsu8Hn8XV6X net::ERR_ABORTED | /notifications?_rsc=mef3hIvfndT_j2OY net::ERR_ABORTED | /proposals?_rsc=4Gf8Hzsu8Hn8XV6X net::ERR_ABORTED | /accounts/cmuffqiif02rjfs7dkcvn5i4a?_rsc=4Gf8Hzsu8Hn8XV6X net::ERR_ABORTED | /approvals?_rsc=4Gf8Hzsu8Hn8XV6X net::ERR_ABORTED | /accounts?_rsc=4Gf8Hzsu8Hn8XV6X net::ERR_ABORTED | /contracts?_rsc=4Gf8Hzsu8Hn8XV6X net::ERR_ABORTED | /catalog?_rsc=4Gf8Hzsu8Hn8XV6X net::ERR_ABORTED | /intelligence?_rsc=4Gf8Hzsu8Hn8XV6X net::ERR_ABORTED | /intelligence/bids?_rsc=4Gf8Hzsu8Hn8XV6X net::ERR_ABORTED | /analytics?_rsc=4Gf8Hzsu8Hn8XV6X net::ERR_ABORTED | /catalog/gudid?_rsc=4Gf8Hzsu8Hn8XV6X net::ERR_ABORTED | /notifications?_rsc=4Gf8Hzsu8Hn8XV6X net::ERR_ABORTED | /crosses?_rsc=4Gf8Hzsu8Hn8XV6X net::ERR_ABORTED | /settings?_rsc=4Gf8Hzsu8Hn8XV6X net::ERR_ABORTED","","0","1","0","Switch user ; Refresh performance ; Save entries (disabled)"
"PRICING_COMMITTEE","/intelligence","/intelligence","200","Competitor pricing","","","0","/?_rsc=3fD0047dUoUPXvG2 net::ERR_ABORTED | /proposals?_rsc=3fD0047dUoUPXvG2 net::ERR_ABORTED | /approvals?_rsc=3fD0047dUoUPXvG2 net::ERR_ABORTED | /catalog?_rsc=3fD0047dUoUPXvG2 net::ERR_ABORTED | /contracts?_rsc=3fD0047dUoUPXvG2 net::ERR_ABORTED | /catalog/gudid?_rsc=3fD0047dUoUPXvG2 net::ERR_ABORTED | /crosses?_rsc=3fD0047dUoUPXvG2 net::ERR_ABORTED | /settings?_rsc=3fD0047dUoUPXvG2 net::ERR_ABORTED | /notifications?_rsc=3fD0047dUoUPXvG2 net::ERR_ABORTED | /proposals?_rsc=gu9LWiAQNzfrKsW2 net::ERR_ABORTED | /contracts?_rsc=gu9LWiAQNzfrKsW2 net::ERR_ABORTED | /approvals?_rsc=gu9LWiAQNzfrKsW2 net::ERR_ABORTED | /accounts?_rsc=gu9LWiAQNzfrKsW2 net::ERR_ABORTED | /intelligence/bids?_rsc=gu9LWiAQNzfrKsW2 net::ERR_ABORTED | /analytics?_rsc=gu9LWiAQNzfrKsW2 net::ERR_ABORTED | /catalog/gudid?_rsc=gu9LWiAQNzfrKsW2 net::ERR_ABORTED | /catalog?_rsc=gu9LWiAQNzfrKsW2 net::ERR_ABORTED | /notifications?_rsc=gu9LWiAQNzfrKsW2 net::ERR_ABORTED","","0","1","0","Switch user ; 1190500 ; 113700 ; 1410015010 ; SPMII ; 1190816 ; 1190820 ; 1DLMC05 ; UPA31015 ; 1DLMC03 ; 1200710 ; 1190300 ; 112650 ; SPMXXL ; 1202025 ; 112660 ; 112680 ; 1201520"
"PRICING_COMMITTEE","/intelligence/bids","/intelligence/bids","200","Public bids and awards","","","0","/proposals?_rsc=2gWrMJaxdn-CU2fc net::ERR_ABORTED | /approvals?_rsc=2gWrMJaxdn-CU2fc net::ERR_ABORTED | /intelligence?_rsc=2gWrMJaxdn-CU2fc net::ERR_ABORTED | /contracts?_rsc=2gWrMJaxdn-CU2fc net::ERR_ABORTED | /analytics?_rsc=2gWrMJaxdn-CU2fc net::ERR_ABORTED | /catalog?_rsc=2gWrMJaxdn-CU2fc net::ERR_ABORTED | /catalog/gudid?_rsc=2gWrMJaxdn-CU2fc net::ERR_ABORTED | /crosses?_rsc=2gWrMJaxdn-CU2fc net::ERR_ABORTED | /settings?_rsc=2gWrMJaxdn-CU2fc net::ERR_ABORTED | /notifications?_rsc=2gWrMJaxdn-CU2fc net::ERR_ABORTED | /?_rsc=W5McYxvxTMCZbYJx net::ERR_ABORTED | /proposals?_rsc=W5McYxvxTMCZbYJx net::ERR_ABORTED | /approvals?_rsc=W5McYxvxTMCZbYJx net::ERR_ABORTED | /contracts?_rsc=W5McYxvxTMCZbYJx net::ERR_ABORTED | /intelligence?_rsc=W5McYxvxTMCZbYJx net::ERR_ABORTED | /intelligence/bids?_rsc=W5McYxvxTMCZbYJx net::ERR_ABORTED | /analytics?_rsc=W5McYxvxTMCZbYJx net::ERR_ABORTED | /catalog?_rsc=W5McYxvxTMCZbYJx net::ERR_ABORTED | /catalog/gudid?_rsc=W5McYxvxTMCZbYJx net::ERR_ABORTED | /crosses?_rsc=W5McYxvxTMCZbYJx net::ERR_ABORTED | /settings?_rsc=W5McYxvxTMCZbYJx net::ERR_ABORTED | /notifications?_rsc=W5McYxvxTMCZbYJx net::ERR_ABORTED","","0","0","0","Switch user ; Pull (disabled) ; Save (disabled) ; Bid file (disabled)"
"PRICING_COMMITTEE","/intelligence/extractions/[id]","/intelligence/extractions/missing0000000000000000","200","Extraction","Failed to load resource: the server responded with a status of 404 (Not Found)","","0","/proposals?_rsc=VJB2dfGule5Oh2L3 net::ERR_ABORTED | /approvals?_rsc=VJB2dfGule5Oh2L3 net::ERR_ABORTED | /accounts?_rsc=VJB2dfGule5Oh2L3 net::ERR_ABORTED | /?_rsc=VJB2dfGule5Oh2L3 net::ERR_ABORTED | /contracts?_rsc=VJB2dfGule5Oh2L3 net::ERR_ABORTED | /intelligence?_rsc=VJB2dfGule5Oh2L3 net::ERR_ABORTED | /intelligence/bids?_rsc=VJB2dfGule5Oh2L3 net::ERR_ABORTED | /analytics?_rsc=VJB2dfGule5Oh2L3 net::ERR_ABORTED | /catalog?_rsc=VJB2dfGule5Oh2L3 net::ERR_ABORTED | /catalog/gudid?_rsc=VJB2dfGule5Oh2L3 net::ERR_ABORTED | /crosses?_rsc=VJB2dfGule5Oh2L3 net::ERR_ABORTED | /settings?_rsc=VJB2dfGule5Oh2L3 net::ERR_ABORTED | /notifications?_rsc=VJB2dfGule5Oh2L3 net::ERR_ABORTED | /?_rsc=wBL8jh-0AxNJNXN_ net::ERR_ABORTED | /proposals?_rsc=wBL8jh-0AxNJNXN_ net::ERR_ABORTED | /accounts?_rsc=wBL8jh-0AxNJNXN_ net::ERR_ABORTED | /approvals?_rsc=wBL8jh-0AxNJNXN_ net::ERR_ABORTED | /contracts?_rsc=wBL8jh-0AxNJNXN_ net::ERR_ABORTED | /intelligence/bids?_rsc=wBL8jh-0AxNJNXN_ net::ERR_ABORTED | /analytics?_rsc=wBL8jh-0AxNJNXN_ net::ERR_ABORTED | /catalog?_rsc=wBL8jh-0AxNJNXN_ net::ERR_ABORTED | /intelligence?_rsc=wBL8jh-0AxNJNXN_ net::ERR_ABORTED | /catalog/gudid?_rsc=wBL8jh-0AxNJNXN_ net::ERR_ABORTED | /crosses?_rsc=wBL8jh-0AxNJNXN_ net::ERR_ABORTED | /notifications?_rsc=wBL8jh-0AxNJNXN_ net::ERR_ABORTED | /settings?_rsc=wBL8jh-0AxNJNXN_ net::ERR_ABORTED","404 /api/documents/extractions/missing0000000000000000","0","0","0","Switch user"
"PRICING_COMMITTEE","/analytics","/analytics","200","Commercial feedback loop","","","0","/proposals?_rsc=ix5_aAief6TvBg04 net::ERR_ABORTED | /approvals?_rsc=ix5_aAief6TvBg04 net::ERR_ABORTED | /accounts?_rsc=ix5_aAief6TvBg04 net::ERR_ABORTED | /intelligence?_rsc=ix5_aAief6TvBg04 net::ERR_ABORTED | /intelligence/bids?_rsc=ix5_aAief6TvBg04 net::ERR_ABORTED | /catalog?_rsc=ix5_aAief6TvBg04 net::ERR_ABORTED | /contracts?_rsc=ix5_aAief6TvBg04 net::ERR_ABORTED | /crosses?_rsc=ix5_aAief6TvBg04 net::ERR_ABORTED | /catalog/gudid?_rsc=ix5_aAief6TvBg04 net::ERR_ABORTED | /?_rsc=Dt318okBLJyNDlfE net::ERR_ABORTED | /proposals?_rsc=Dt318okBLJyNDlfE net::ERR_ABORTED | /contracts?_rsc=Dt318okBLJyNDlfE net::ERR_ABORTED | /intelligence?_rsc=Dt318okBLJyNDlfE net::ERR_ABORTED | /accounts?_rsc=Dt318okBLJyNDlfE net::ERR_ABORTED | /approvals?_rsc=Dt318okBLJyNDlfE net::ERR_ABORTED | /intelligence/bids?_rsc=Dt318okBLJyNDlfE net::ERR_ABORTED | /analytics?_rsc=Dt318okBLJyNDlfE net::ERR_ABORTED | /catalog?_rsc=Dt318okBLJyNDlfE net::ERR_ABORTED | /catalog/gudid?_rsc=Dt318okBLJyNDlfE net::ERR_ABORTED | /crosses?_rsc=Dt318okBLJyNDlfE net::ERR_ABORTED | /settings?_rsc=Dt318okBLJyNDlfE net::ERR_ABORTED | /notifications?_rsc=Dt318okBLJyNDlfE net::ERR_ABORTED","","0","1","0","Switch user ; Refresh"
"PRICING_COMMITTEE","/catalog","/catalog","200","Our catalog","","","0","/?_rsc=OYzo7EH3MGwwxBfF net::ERR_ABORTED | /proposals?_rsc=OYzo7EH3MGwwxBfF net::ERR_ABORTED | /approvals?_rsc=OYzo7EH3MGwwxBfF net::ERR_ABORTED | /contracts?_rsc=OYzo7EH3MGwwxBfF net::ERR_ABORTED | /analytics?_rsc=OYzo7EH3MGwwxBfF net::ERR_ABORTED | /crosses?_rsc=OYzo7EH3MGwwxBfF net::ERR_ABORTED | /settings?_rsc=OYzo7EH3MGwwxBfF net::ERR_ABORTED | /catalog/gudid?_rsc=OYzo7EH3MGwwxBfF net::ERR_ABORTED | /notifications?_rsc=OYzo7EH3MGwwxBfF net::ERR_ABORTED | /?_rsc=O6cAbYUSgs3KBG-F net::ERR_ABORTED | /accounts?_rsc=O6cAbYUSgs3KBG-F net::ERR_ABORTED | /proposals?_rsc=O6cAbYUSgs3KBG-F net::ERR_ABORTED | /approvals?_rsc=O6cAbYUSgs3KBG-F net::ERR_ABORTED | /contracts?_rsc=O6cAbYUSgs3KBG-F net::ERR_ABORTED | /intelligence?_rsc=O6cAbYUSgs3KBG-F net::ERR_ABORTED | /intelligence/bids?_rsc=O6cAbYUSgs3KBG-F net::ERR_ABORTED | /analytics?_rsc=O6cAbYUSgs3KBG-F net::ERR_ABORTED | /settings?_rsc=O6cAbYUSgs3KBG-F net::ERR_ABORTED | /catalog?_rsc=O6cAbYUSgs3KBG-F net::ERR_ABORTED | /catalog/gudid?_rsc=O6cAbYUSgs3KBG-F net::ERR_ABORTED | /crosses?_rsc=O6cAbYUSgs3KBG-F net::ERR_ABORTED | /notifications?_rsc=O6cAbYUSgs3KBG-F net::ERR_ABORTED","","0","1","0","Switch user ; GUDID library ; 174006 ; ABSTACK30 ; ABSTACK30X ; PCO2015X ; PCO2520X ; PCO9X ; 11-1276 ; 11-1278 ; 171305 ; 173019 ; 173030 ; 173046 ; 173049 ; 173050G ; 174001 ; 174209 ; 174213 ; 174233 ; 174301 ; 174309 ; 174317 ; 174601 ; 176605 ; 176613 ; 176643 ; 176645 ; 176647 ; 178081 ; 178083 ; 178091 ; 178093 ; 178099 ; 25030 ; CATCH10 ; E3781-28 ; E3781R-28ASP ; E3783-28 ; E3783R-28ASP ; E3783R-36ASP ; LF1837 ; LF5637 ; SILSCLINCH46 ; SILSDISSECT46 ; SILSHOOK36 ; SILSHOOK46 ; SILSSHEAR46 ; WPLGR914 ; WPXLGR1117 ; 010316L ; 010460 ; 010470 ; 015427L ; 015433L ; 015441L ; 015451L ; 015458L ; 015477L ; 015485L ; 015888L ; 017614 ; 020242 ; 030330L ; 030412 ; 030424L ; 030425 ; 030426 ; 030454 ; 030470 ; 030735L ; 059037 ; 111981 ; 111983 ; 111985 ; 111987 ; 111989 ; 3948L ; 3971 ; 3973 ; 4901T ; 8886803712 ; EEA21 ; EEA2135 ; EEA25 ; EEA2535 ; EEA28 ; EEA2835 ; EEA31 ; EEA33 ; EEAXL21 ; EEAXL2135 ; EEAXL25 ; EEAXL2535 ; EEAXL28 ; EEAXL2835 ; EEAXL31 ; EEAXL33 ; EGIA45AMT ; EGIA45AV ; EGIA45AVM ; EGIA45CTAVM ; EGIA60AMT ; EGIA60AVM ; EGIA60AXT ; EGIARADMT ; EGIARADVM ; EGIARADXT ; EGIAUSHORT ; EGIAUSTND ; EGIAUXL ; GIA10038L ; GIA10038S ; GIA10048L ; GIA10048S ; GIA6025L ; GIA6025S ; GIA6038L ; GIA6038S ; GIA6048L ; GIA6048S ; GIA60MTC ; GIA60MTS ; GIA60XTC ; GIA60XTS ; GIA8038L ; GIA8038S ; GIA8048L ; GIA8048S ; GIA80MTC ; GIA80MTS ; GIA80XTC ; GIA80XTS ; HEM3335 ; HEM3348 ; IDRVULTRA1 ; SGIA6038S ; SIG30AMT ; SIG30AV ; SIG30AVM ; SIG30CTAV ; SIG30CTAVM ; SIG45AMT ; SIG45AXT ; SIG45CTAMT ; SIG45CTAV ; SIG45CTAVM ; SIG60AMT ; SIG60AXT ; SIG60CTAMT ; SIG60CTAVM ; SIGADAPTSHORT ; SIGADAPTSTND ; SIGADAPTXL ; SIGC45MT ; SIGC45V ; SIGC45VM ; SIGC45VT ; SIGC60MT ; SIGC60V ; SIGC60VM ; SIGC60VT ; SIGLU45A ; SIGLU60A ; SIGPSHELL ; SIGRADMT ; SIGRADVM ; SIGRADXT ; SIGSDL45CTVT ; SIGSDS30CTV ; SIGSDS30CTVT ; SIGTRSB45AMT ; SIGTRSB45AXT ; SIGTRSB60AMT ; SIGTRSB60AXT ; TA3035L ; TA3035S ; TA3048L ; TA3048S ; TA30V3L ; TA30V3S ; TA4535L ; TA4535S ; TA4548L ; TA4548S ; TA6035L ; TA6035S ; TA6048L ; TA6048S ; TA9035L ; TA9035S ; TA9048L ; TA9048S ; TRIEEA28MT ; TRIEEA28XT ; TRIEEA31MT ; TRIEEA31XT ; TRIEEAXL28MT ; TRIEEAXL28XT ; TRIEEAXL31MT ; TRIEEAXL31XT ; TRIEEAXL33MT ; PPDS12 ; PPDS15 ; PPDS1510 ; PPDS2015 ; PPM1106X3 ; PPM1510X3 ; PPM4530 ; 171313 ; 171315 ; 172015 ; 172016 ; 176626P ; 176673P ; 176674P ; 176674PF ; 177090P ; 177090PF ; 177091P ; 177091PF ; 177092 ; 177092F ; 177992P ; 177995P ; 179076P ; 179077P ; 179078PF ; 179093 ; 179093F ; 179094 ; 179094F ; 179095P ; 179096P ; 179096PF ; 179097P ; 179097PF ; 179100 ; 179101 ; 179102P ; 179301 ; 179303 ; 179305 ; 179307 ; 179308 ; 179309 ; 179310 ; 21-345 ; 220-50 ; 24055- ; 4216 ; B11STF ; B11STS ; B12LGF ; B12LGS ; B12STF ; B12STFCS ; B12STS ; B5SHF ; B5SHS ; B5STF ; B5STS ; BPT12STS ; MS100703 ; MS100705 ; MS100708 ; MS101003 ; MS101005 ; MS101008 ; NB11STF ; NB12LGF ; NB12SHF ; NB12STF ; NB12STS ; NB15LGF ; NB15STF ; NB3SHFLP ; NB5LGF ; NB5SHF ; NB5SHFLP ; NB5STF ; NB5STFLP ; NBFCA11ST ; NBFCA12ST ; NONB11STF ; NONB12LGF ; NONB12SHF ; NONB12STF ; NONB12STS ; NONB15LGF ; NONB15STF ; NONB5LGF ; NONB5SHF ; NONB5STF ; NONB8STF ; OMS-T10BT ; OMS-T10BTNL ; OMS-T10BTS ; OMS-T10BTSNL ; OMS-T12BT ; OMS-T12BTNL ; ONB11LGF ; ONB11STF ; ONB12LGF ; ONB12SHF ; ONB12STF ; ONB12STF-NSB ; ONB12STFCS ; ONB12STS ; ONB15STF ; ONB5LGF ; ONB5SHF ; ONB5STF ; ONB5STF-NSB ; ONB5STF2C ; ONBFCA11ST ; S100000 ; S100700 ; S100705 ; S100710 ; S100712 ; S101000 ; S101005 ; S101010 ; S101012 ; S110000 ; SILSPT12TA ; SILSPT5TA ; UNVCA11STF ; UNVCA12LGF ; UNVCA12STF ; UNVCA12STF-NSB ; UNVCA12STS ; UNVCA5LGF ; UNVCA5SHF ; UNVCA5STF ; VS070000 ; VS100700 ; VS100705 ; VS100711P ; VS100712P ; VS101000 ; VS101005 ; VS101011P ; VS101012P ; VS101015P ; VS101500 ; VS101505 ; VS101512P ; VS150000 ; VSR100005 ; VSR100812P ; WPMD509 ; WPSM256 ; WPXSM24"
"PRICING_COMMITTEE","/catalog/gudid","/catalog/gudid","200","GUDID library","","","0","/approvals?_rsc=DGmoGnAw5OqJpMhM net::ERR_ABORTED | /accounts?_rsc=DGmoGnAw5OqJpMhM net::ERR_ABORTED | /?_rsc=DGmoGnAw5OqJpMhM net::ERR_ABORTED | /proposals?_rsc=DGmoGnAw5OqJpMhM net::ERR_ABORTED | /analytics?_rsc=DGmoGnAw5OqJpMhM net::ERR_ABORTED | /contracts?_rsc=DGmoGnAw5OqJpMhM net::ERR_ABORTED | /intelligence?_rsc=DGmoGnAw5OqJpMhM net::ERR_ABORTED | /intelligence/bids?_rsc=DGmoGnAw5OqJpMhM net::ERR_ABORTED | /notifications?_rsc=DGmoGnAw5OqJpMhM net::ERR_ABORTED | /catalog?_rsc=DGmoGnAw5OqJpMhM net::ERR_ABORTED | /crosses?_rsc=DGmoGnAw5OqJpMhM net::ERR_ABORTED | /settings?_rsc=DGmoGnAw5OqJpMhM net::ERR_ABORTED | /?_rsc=Z9EVd8HHdUwJDdIQ net::ERR_ABORTED | /proposals?_rsc=Z9EVd8HHdUwJDdIQ net::ERR_ABORTED | /approvals?_rsc=Z9EVd8HHdUwJDdIQ net::ERR_ABORTED | /accounts?_rsc=Z9EVd8HHdUwJDdIQ net::ERR_ABORTED | /contracts?_rsc=Z9EVd8HHdUwJDdIQ net::ERR_ABORTED | /intelligence?_rsc=Z9EVd8HHdUwJDdIQ net::ERR_ABORTED | /analytics?_rsc=Z9EVd8HHdUwJDdIQ net::ERR_ABORTED | /intelligence/bids?_rsc=Z9EVd8HHdUwJDdIQ net::ERR_ABORTED | /catalog/gudid?_rsc=Z9EVd8HHdUwJDdIQ net::ERR_ABORTED | /crosses?_rsc=Z9EVd8HHdUwJDdIQ net::ERR_ABORTED | /notifications?_rsc=Z9EVd8HHdUwJDdIQ net::ERR_ABORTED","","0","0","0","Switch user"
"PRICING_COMMITTEE","/crosses","/crosses","200","Crosswalk","","","0","/?_rsc=zAn-vlYtEcVbUMJ6 net::ERR_ABORTED | /proposals?_rsc=zAn-vlYtEcVbUMJ6 net::ERR_ABORTED | /approvals?_rsc=zAn-vlYtEcVbUMJ6 net::ERR_ABORTED | /accounts?_rsc=zAn-vlYtEcVbUMJ6 net::ERR_ABORTED | /contracts?_rsc=zAn-vlYtEcVbUMJ6 net::ERR_ABORTED | /intelligence?_rsc=zAn-vlYtEcVbUMJ6 net::ERR_ABORTED | /catalog?_rsc=zAn-vlYtEcVbUMJ6 net::ERR_ABORTED | /proposals?_rsc=aniPmKjMQR6zCALO net::ERR_ABORTED | /approvals?_rsc=aniPmKjMQR6zCALO net::ERR_ABORTED | /accounts?_rsc=aniPmKjMQR6zCALO net::ERR_ABORTED | /contracts?_rsc=aniPmKjMQR6zCALO net::ERR_ABORTED | /intelligence?_rsc=aniPmKjMQR6zCALO net::ERR_ABORTED | /intelligence/bids?_rsc=aniPmKjMQR6zCALO net::ERR_ABORTED | /catalog/gudid?_rsc=aniPmKjMQR6zCALO net::ERR_ABORTED | /analytics?_rsc=aniPmKjMQR6zCALO net::ERR_ABORTED | /catalog?_rsc=aniPmKjMQR6zCALO net::ERR_ABORTED | /notifications?_rsc=aniPmKjMQR6zCALO net::ERR_ABORTED | /settings?_rsc=aniPmKjMQR6zCALO net::ERR_ABORTED","","0","0","0","Switch user"
"PRICING_COMMITTEE","/notifications","/notifications","200","Notifications","","","0","/proposals?_rsc=oG-rbVP81bj5yHs2 net::ERR_ABORTED | /?_rsc=oG-rbVP81bj5yHs2 net::ERR_ABORTED | /approvals?_rsc=oG-rbVP81bj5yHs2 net::ERR_ABORTED | /contracts?_rsc=oG-rbVP81bj5yHs2 net::ERR_ABORTED | /crosses?_rsc=oG-rbVP81bj5yHs2 net::ERR_ABORTED | /settings?_rsc=oG-rbVP81bj5yHs2 net::ERR_ABORTED | /approvals?_rsc=FxIb9Zh5xrkPNSW4 net::ERR_ABORTED | /accounts?_rsc=FxIb9Zh5xrkPNSW4 net::ERR_ABORTED | /proposals?_rsc=FxIb9Zh5xrkPNSW4 net::ERR_ABORTED | /?_rsc=FxIb9Zh5xrkPNSW4 net::ERR_ABORTED | /analytics?_rsc=FxIb9Zh5xrkPNSW4 net::ERR_ABORTED | /contracts?_rsc=FxIb9Zh5xrkPNSW4 net::ERR_ABORTED | /intelligence/bids?_rsc=FxIb9Zh5xrkPNSW4 net::ERR_ABORTED | /intelligence?_rsc=FxIb9Zh5xrkPNSW4 net::ERR_ABORTED | /crosses?_rsc=FxIb9Zh5xrkPNSW4 net::ERR_ABORTED | /settings?_rsc=FxIb9Zh5xrkPNSW4 net::ERR_ABORTED | /catalog?_rsc=FxIb9Zh5xrkPNSW4 net::ERR_ABORTED | /catalog/gudid?_rsc=FxIb9Zh5xrkPNSW4 net::ERR_ABORTED | /notifications?_rsc=FxIb9Zh5xrkPNSW4 net::ERR_ABORTED","","0","0","0","Switch user ; Mark all read ; Read"
"PRICING_COMMITTEE","/settings","/settings","200","Settings","","","0","/contracts?_rsc=DQxjArDrgutTG17x net::ERR_ABORTED | /intelligence?_rsc=DQxjArDrgutTG17x net::ERR_ABORTED | /analytics?_rsc=DQxjArDrgutTG17x net::ERR_ABORTED | /catalog?_rsc=DQxjArDrgutTG17x net::ERR_ABORTED | /catalog/gudid?_rsc=DQxjArDrgutTG17x net::ERR_ABORTED | /crosses?_rsc=DQxjArDrgutTG17x net::ERR_ABORTED | /notifications?_rsc=DQxjArDrgutTG17x net::ERR_ABORTED | /approvals?_rsc=j-_vjoKOn8bxlRO7 net::ERR_ABORTED | /settings/pricing?_rsc=DQxjArDrgutTG17x net::ERR_ABORTED | /?_rsc=j-_vjoKOn8bxlRO7 net::ERR_ABORTED | /proposals?_rsc=j-_vjoKOn8bxlRO7 net::ERR_ABORTED | /intelligence?_rsc=j-_vjoKOn8bxlRO7 net::ERR_ABORTED | /contracts?_rsc=j-_vjoKOn8bxlRO7 net::ERR_ABORTED | /accounts?_rsc=j-_vjoKOn8bxlRO7 net::ERR_ABORTED | /intelligence/bids?_rsc=j-_vjoKOn8bxlRO7 net::ERR_ABORTED | /analytics?_rsc=j-_vjoKOn8bxlRO7 net::ERR_ABORTED | /catalog?_rsc=j-_vjoKOn8bxlRO7 net::ERR_ABORTED | /catalog/gudid?_rsc=j-_vjoKOn8bxlRO7 net::ERR_ABORTED | /crosses?_rsc=j-_vjoKOn8bxlRO7 net::ERR_ABORTED | /notifications?_rsc=j-_vjoKOn8bxlRO7 net::ERR_ABORTED | /settings?_rsc=j-_vjoKOn8bxlRO7 net::ERR_ABORTED | /settings/pricing?_rsc=j-_vjoKOn8bxlRO7 net::ERR_ABORTED","","0","0","0","Switch user ; Save (disabled) ; Details ; How to connect"
"PRICING_COMMITTEE","/settings/integrations","/settings/integrations","200","Settings","","","0","/?_rsc=DQxjArDrgutTG17x net::ERR_ABORTED | /proposals?_rsc=DQxjArDrgutTG17x net::ERR_ABORTED | /approvals?_rsc=DQxjArDrgutTG17x net::ERR_ABORTED | /settings/pricing?_rsc=DQxjArDrgutTG17x net::ERR_ABORTED | /proposals?_rsc=j-_vjoKOn8bxlRO7 net::ERR_ABORTED | /approvals?_rsc=j-_vjoKOn8bxlRO7 net::ERR_ABORTED | /?_rsc=j-_vjoKOn8bxlRO7 net::ERR_ABORTED | /accounts?_rsc=j-_vjoKOn8bxlRO7 net::ERR_ABORTED | /contracts?_rsc=j-_vjoKOn8bxlRO7 net::ERR_ABORTED | /intelligence/bids?_rsc=j-_vjoKOn8bxlRO7 net::ERR_ABORTED | /intelligence?_rsc=j-_vjoKOn8bxlRO7 net::ERR_ABORTED | /analytics?_rsc=j-_vjoKOn8bxlRO7 net::ERR_ABORTED | /catalog?_rsc=j-_vjoKOn8bxlRO7 net::ERR_ABORTED | /catalog/gudid?_rsc=j-_vjoKOn8bxlRO7 net::ERR_ABORTED | /crosses?_rsc=j-_vjoKOn8bxlRO7 net::ERR_ABORTED | /settings?_rsc=j-_vjoKOn8bxlRO7 net::ERR_ABORTED | /notifications?_rsc=j-_vjoKOn8bxlRO7 net::ERR_ABORTED | /settings/pricing?_rsc=j-_vjoKOn8bxlRO7 net::ERR_ABORTED","","0","0","0","Switch user ; Save (disabled) ; Details ; How to connect"
"PRICING_COMMITTEE","/settings/pricing","/settings/pricing","200","Pricing policies","","","0","/accounts?_rsc=8oSST31HPn0UlEto net::ERR_ABORTED | /?_rsc=8oSST31HPn0UlEto net::ERR_ABORTED | /contracts?_rsc=8oSST31HPn0UlEto net::ERR_ABORTED | /intelligence?_rsc=8oSST31HPn0UlEto net::ERR_ABORTED | /intelligence/bids?_rsc=8oSST31HPn0UlEto net::ERR_ABORTED | /analytics?_rsc=8oSST31HPn0UlEto net::ERR_ABORTED | /catalog/gudid?_rsc=8oSST31HPn0UlEto net::ERR_ABORTED | /catalog?_rsc=8oSST31HPn0UlEto net::ERR_ABORTED | /notifications?_rsc=8oSST31HPn0UlEto net::ERR_ABORTED | /?_rsc=_Ie442TgELs3Q458 net::ERR_ABORTED | /approvals?_rsc=_Ie442TgELs3Q458 net::ERR_ABORTED | /accounts?_rsc=_Ie442TgELs3Q458 net::ERR_ABORTED | /contracts?_rsc=_Ie442TgELs3Q458 net::ERR_ABORTED | /crosses?_rsc=_Ie442TgELs3Q458 net::ERR_ABORTED | /catalog?_rsc=_Ie442TgELs3Q458 net::ERR_ABORTED | /catalog/gudid?_rsc=_Ie442TgELs3Q458 net::ERR_ABORTED | /analytics?_rsc=_Ie442TgELs3Q458 net::ERR_ABORTED | /settings?_rsc=_Ie442TgELs3Q458 net::ERR_ABORTED","","0","0","0","Switch user ; New draft (disabled)"
"PRODUCT_MARKETING","/","/","200","Competitive cross reference","","","0","/proposals?_rsc=5CB68i4pnAekjehf net::ERR_ABORTED | /requests?_rsc=5CB68i4pnAekjehf net::ERR_ABORTED | /contracts?_rsc=5CB68i4pnAekjehf net::ERR_ABORTED | /accounts?_rsc=5CB68i4pnAekjehf net::ERR_ABORTED | /intelligence?_rsc=5CB68i4pnAekjehf net::ERR_ABORTED | /intelligence/bids?_rsc=5CB68i4pnAekjehf net::ERR_ABORTED | /analytics?_rsc=5CB68i4pnAekjehf net::ERR_ABORTED | /catalog/gudid?_rsc=5CB68i4pnAekjehf net::ERR_ABORTED | /catalog?_rsc=5CB68i4pnAekjehf net::ERR_ABORTED | /crosses?_rsc=5CB68i4pnAekjehf net::ERR_ABORTED | /settings?_rsc=5CB68i4pnAekjehf net::ERR_ABORTED | /notifications?_rsc=5CB68i4pnAekjehf net::ERR_ABORTED | /requests/new?_rsc=5CB68i4pnAekjehf net::ERR_ABORTED | /requests?_rsc=tXyZJ52UQVBCVsD3 net::ERR_ABORTED | /?_rsc=tXyZJ52UQVBCVsD3 net::ERR_ABORTED | /proposals?_rsc=tXyZJ52UQVBCVsD3 net::ERR_ABORTED | /intelligence/bids?_rsc=tXyZJ52UQVBCVsD3 net::ERR_ABORTED | /contracts?_rsc=tXyZJ52UQVBCVsD3 net::ERR_ABORTED | /intelligence?_rsc=tXyZJ52UQVBCVsD3 net::ERR_ABORTED | /accounts?_rsc=tXyZJ52UQVBCVsD3 net::ERR_ABORTED | /catalog/gudid?_rsc=tXyZJ52UQVBCVsD3 net::ERR_ABORTED | /catalog?_rsc=tXyZJ52UQVBCVsD3 net::ERR_ABORTED | /crosses?_rsc=tXyZJ52UQVBCVsD3 net::ERR_ABORTED | /requests/new?_rsc=tXyZJ52UQVBCVsD3 net::ERR_ABORTED | /settings?_rsc=tXyZJ52UQVBCVsD3 net::ERR_ABORTED | /notifications?_rsc=tXyZJ52UQVBCVsD3 net::ERR_ABORTED","","0","0","0","New request ; Switch user"
"PRODUCT_MARKETING","/requests","/requests","200","Cross-reference requests","","","0","/contracts?_rsc=p3Q57VochOqcQNsg net::ERR_ABORTED | /?_rsc=p3Q57VochOqcQNsg net::ERR_ABORTED | /proposals?_rsc=p3Q57VochOqcQNsg net::ERR_ABORTED | /accounts?_rsc=p3Q57VochOqcQNsg net::ERR_ABORTED | /intelligence?_rsc=p3Q57VochOqcQNsg net::ERR_ABORTED | /intelligence/bids?_rsc=p3Q57VochOqcQNsg net::ERR_ABORTED | /analytics?_rsc=p3Q57VochOqcQNsg net::ERR_ABORTED | /catalog?_rsc=p3Q57VochOqcQNsg net::ERR_ABORTED | /catalog/gudid?_rsc=p3Q57VochOqcQNsg net::ERR_ABORTED | /crosses?_rsc=p3Q57VochOqcQNsg net::ERR_ABORTED | /settings?_rsc=p3Q57VochOqcQNsg net::ERR_ABORTED | /notifications?_rsc=p3Q57VochOqcQNsg net::ERR_ABORTED | /requests/new?_rsc=p3Q57VochOqcQNsg net::ERR_ABORTED | /requests?_rsc=nIzLgF1M7nWxnHlV net::ERR_ABORTED | /?_rsc=nIzLgF1M7nWxnHlV net::ERR_ABORTED | /proposals?_rsc=nIzLgF1M7nWxnHlV net::ERR_ABORTED | /analytics?_rsc=nIzLgF1M7nWxnHlV net::ERR_ABORTED | /contracts?_rsc=nIzLgF1M7nWxnHlV net::ERR_ABORTED | /intelligence?_rsc=nIzLgF1M7nWxnHlV net::ERR_ABORTED | /intelligence/bids?_rsc=nIzLgF1M7nWxnHlV net::ERR_ABORTED | /catalog?_rsc=nIzLgF1M7nWxnHlV net::ERR_ABORTED | /catalog/gudid?_rsc=nIzLgF1M7nWxnHlV net::ERR_ABORTED | /notifications?_rsc=nIzLgF1M7nWxnHlV net::ERR_ABORTED | /crosses?_rsc=nIzLgF1M7nWxnHlV net::ERR_ABORTED | /settings?_rsc=nIzLgF1M7nWxnHlV net::ERR_ABORTED | /requests/new?_rsc=nIzLgF1M7nWxnHlV net::ERR_ABORTED","","0","0","0","New request ; Switch user"
"PRODUCT_MARKETING","/requests/new","/requests/new","200","Competitive cross reference","","","0","/accounts?_rsc=4belA-F-xg-XtLdx net::ERR_ABORTED | /?_rsc=4belA-F-xg-XtLdx net::ERR_ABORTED | /requests?_rsc=4belA-F-xg-XtLdx net::ERR_ABORTED | /proposals?_rsc=4belA-F-xg-XtLdx net::ERR_ABORTED | /analytics?_rsc=4belA-F-xg-XtLdx net::ERR_ABORTED | /contracts?_rsc=4belA-F-xg-XtLdx net::ERR_ABORTED | /intelligence?_rsc=4belA-F-xg-XtLdx net::ERR_ABORTED | /catalog?_rsc=4belA-F-xg-XtLdx net::ERR_ABORTED | /crosses?_rsc=4belA-F-xg-XtLdx net::ERR_ABORTED | /settings?_rsc=4belA-F-xg-XtLdx net::ERR_ABORTED | /notifications?_rsc=4belA-F-xg-XtLdx net::ERR_ABORTED | /catalog/gudid?_rsc=4belA-F-xg-XtLdx net::ERR_ABORTED | /requests?_rsc=O1p93FFpSnNce0k4 net::ERR_ABORTED | /?_rsc=O1p93FFpSnNce0k4 net::ERR_ABORTED | /accounts?_rsc=O1p93FFpSnNce0k4 net::ERR_ABORTED | /proposals?_rsc=O1p93FFpSnNce0k4 net::ERR_ABORTED | /contracts?_rsc=O1p93FFpSnNce0k4 net::ERR_ABORTED | /intelligence?_rsc=O1p93FFpSnNce0k4 net::ERR_ABORTED | /intelligence/bids?_rsc=O1p93FFpSnNce0k4 net::ERR_ABORTED | /analytics?_rsc=O1p93FFpSnNce0k4 net::ERR_ABORTED | /catalog?_rsc=O1p93FFpSnNce0k4 net::ERR_ABORTED | /catalog/gudid?_rsc=O1p93FFpSnNce0k4 net::ERR_ABORTED | /crosses?_rsc=O1p93FFpSnNce0k4 net::ERR_ABORTED | /requests/new?_rsc=O1p93FFpSnNce0k4 net::ERR_ABORTED | /notifications?_rsc=O1p93FFpSnNce0k4 net::ERR_ABORTED | /settings?_rsc=O1p93FFpSnNce0k4 net::ERR_ABORTED","","0","0","0","New request ; Switch user ; Google Sheets link ; Upload .xlsx / .csv ; Paste from a sheet ; Read sheet (disabled) ; Continue request (disabled)"
"PRODUCT_MARKETING","/requests/[id]","/requests/null","200","","Failed to load resource: the server responded with a status of 404 (Not Found)","","0","/?_rsc=76SvvV1TLjtpHtqe net::ERR_ABORTED | /requests?_rsc=76SvvV1TLjtpHtqe net::ERR_ABORTED | /proposals?_rsc=76SvvV1TLjtpHtqe net::ERR_ABORTED | /contracts?_rsc=76SvvV1TLjtpHtqe net::ERR_ABORTED | /intelligence/bids?_rsc=76SvvV1TLjtpHtqe net::ERR_ABORTED | /analytics?_rsc=76SvvV1TLjtpHtqe net::ERR_ABORTED | /intelligence?_rsc=76SvvV1TLjtpHtqe net::ERR_ABORTED | /catalog?_rsc=76SvvV1TLjtpHtqe net::ERR_ABORTED | /settings?_rsc=76SvvV1TLjtpHtqe net::ERR_ABORTED | /catalog/gudid?_rsc=76SvvV1TLjtpHtqe net::ERR_ABORTED | /crosses?_rsc=76SvvV1TLjtpHtqe net::ERR_ABORTED | /notifications?_rsc=76SvvV1TLjtpHtqe net::ERR_ABORTED | /requests/new?_rsc=76SvvV1TLjtpHtqe net::ERR_ABORTED | /requests?_rsc=eoRKZgXY26fq4Ulk net::ERR_ABORTED | /proposals?_rsc=eoRKZgXY26fq4Ulk net::ERR_ABORTED | /accounts?_rsc=eoRKZgXY26fq4Ulk net::ERR_ABORTED | /?_rsc=eoRKZgXY26fq4Ulk net::ERR_ABORTED | /contracts?_rsc=eoRKZgXY26fq4Ulk net::ERR_ABORTED | /intelligence/bids?_rsc=eoRKZgXY26fq4Ulk net::ERR_ABORTED | /analytics?_rsc=eoRKZgXY26fq4Ulk net::ERR_ABORTED | /intelligence?_rsc=eoRKZgXY26fq4Ulk net::ERR_ABORTED | /catalog/gudid?_rsc=eoRKZgXY26fq4Ulk net::ERR_ABORTED | /crosses?_rsc=eoRKZgXY26fq4Ulk net::ERR_ABORTED | /requests/new?_rsc=eoRKZgXY26fq4Ulk net::ERR_ABORTED | /settings?_rsc=eoRKZgXY26fq4Ulk net::ERR_ABORTED | /notifications?_rsc=eoRKZgXY26fq4Ulk net::ERR_ABORTED","404 /api/requests/null","0","0","0","New request ; Switch user"
"PRODUCT_MARKETING","/proposals","/proposals","200","Commercial proposals","","","0","/?_rsc=8qZH60WsiyOTuseO net::ERR_ABORTED | /requests?_rsc=8qZH60WsiyOTuseO net::ERR_ABORTED | /accounts?_rsc=8qZH60WsiyOTuseO net::ERR_ABORTED | /contracts?_rsc=8qZH60WsiyOTuseO net::ERR_ABORTED | /intelligence?_rsc=8qZH60WsiyOTuseO net::ERR_ABORTED | /catalog?_rsc=8qZH60WsiyOTuseO net::ERR_ABORTED | /analytics?_rsc=8qZH60WsiyOTuseO net::ERR_ABORTED | /catalog/gudid?_rsc=8qZH60WsiyOTuseO net::ERR_ABORTED | /requests/new?_rsc=8qZH60WsiyOTuseO net::ERR_ABORTED | /crosses?_rsc=8qZH60WsiyOTuseO net::ERR_ABORTED | /settings?_rsc=8qZH60WsiyOTuseO net::ERR_ABORTED | /notifications?_rsc=8qZH60WsiyOTuseO net::ERR_ABORTED | /proposals?_rsc=yDw8cg_cK2Tq2IDS net::ERR_ABORTED | /accounts?_rsc=yDw8cg_cK2Tq2IDS net::ERR_ABORTED | /requests?_rsc=yDw8cg_cK2Tq2IDS net::ERR_ABORTED | /?_rsc=yDw8cg_cK2Tq2IDS net::ERR_ABORTED | /contracts?_rsc=yDw8cg_cK2Tq2IDS net::ERR_ABORTED | /intelligence?_rsc=yDw8cg_cK2Tq2IDS net::ERR_ABORTED | /intelligence/bids?_rsc=yDw8cg_cK2Tq2IDS net::ERR_ABORTED | /analytics?_rsc=yDw8cg_cK2Tq2IDS net::ERR_ABORTED | /catalog?_rsc=yDw8cg_cK2Tq2IDS net::ERR_ABORTED | /catalog/gudid?_rsc=yDw8cg_cK2Tq2IDS net::ERR_ABORTED | /settings?_rsc=yDw8cg_cK2Tq2IDS net::ERR_ABORTED | /notifications?_rsc=yDw8cg_cK2Tq2IDS net::ERR_ABORTED | /requests/new?_rsc=yDw8cg_cK2Tq2IDS net::ERR_ABORTED | /crosses?_rsc=yDw8cg_cK2Tq2IDS net::ERR_ABORTED","","0","0","0","New request ; Switch user"
"PRODUCT_MARKETING","/proposals/[id]","/proposals/null","200","","Failed to load resource: the server responded with a status of 404 (Not Found)","","0","/contracts?_rsc=VreOGdJHuaZwqD3- net::ERR_ABORTED | /intelligence?_rsc=VreOGdJHuaZwqD3- net::ERR_ABORTED | /intelligence/bids?_rsc=VreOGdJHuaZwqD3- net::ERR_ABORTED | /analytics?_rsc=VreOGdJHuaZwqD3- net::ERR_ABORTED | /catalog/gudid?_rsc=VreOGdJHuaZwqD3- net::ERR_ABORTED | /crosses?_rsc=VreOGdJHuaZwqD3- net::ERR_ABORTED | /settings?_rsc=VreOGdJHuaZwqD3- net::ERR_ABORTED | /catalog?_rsc=VreOGdJHuaZwqD3- net::ERR_ABORTED | /notifications?_rsc=VreOGdJHuaZwqD3- net::ERR_ABORTED | /requests/new?_rsc=VreOGdJHuaZwqD3- net::ERR_ABORTED | /proposals?_rsc=hzu8hJFrzSYjsRgK net::ERR_ABORTED | /accounts?_rsc=hzu8hJFrzSYjsRgK net::ERR_ABORTED | /intelligence/bids?_rsc=hzu8hJFrzSYjsRgK net::ERR_ABORTED | /catalog?_rsc=hzu8hJFrzSYjsRgK net::ERR_ABORTED | /notifications?_rsc=hzu8hJFrzSYjsRgK net::ERR_ABORTED | /requests/new?_rsc=hzu8hJFrzSYjsRgK net::ERR_ABORTED","404 /api/proposals/null","0","0","0","New request ; Switch user"
"PRODUCT_MARKETING","/approvals","/approvals","200","Pricing approvals","","","0","/?_rsc=Ut9iRRX_9PZKRdF- net::ERR_ABORTED | /proposals?_rsc=Ut9iRRX_9PZKRdF- net::ERR_ABORTED | /accounts?_rsc=Ut9iRRX_9PZKRdF- net::ERR_ABORTED | /contracts?_rsc=Ut9iRRX_9PZKRdF- net::ERR_ABORTED | /intelligence?_rsc=Ut9iRRX_9PZKRdF- net::ERR_ABORTED | /intelligence/bids?_rsc=Ut9iRRX_9PZKRdF- net::ERR_ABORTED | /catalog?_rsc=Ut9iRRX_9PZKRdF- net::ERR_ABORTED | /analytics?_rsc=Ut9iRRX_9PZKRdF- net::ERR_ABORTED | /catalog/gudid?_rsc=Ut9iRRX_9PZKRdF- net::ERR_ABORTED | /crosses?_rsc=Ut9iRRX_9PZKRdF- net::ERR_ABORTED | /settings?_rsc=Ut9iRRX_9PZKRdF- net::ERR_ABORTED | /requests/new?_rsc=Ut9iRRX_9PZKRdF- net::ERR_ABORTED | /notifications?_rsc=Ut9iRRX_9PZKRdF- net::ERR_ABORTED | /accounts?_rsc=AU6DTT46DVXZ7jWj net::ERR_ABORTED | /?_rsc=AU6DTT46DVXZ7jWj net::ERR_ABORTED | /proposals?_rsc=AU6DTT46DVXZ7jWj net::ERR_ABORTED | /requests?_rsc=AU6DTT46DVXZ7jWj net::ERR_ABORTED | /contracts?_rsc=AU6DTT46DVXZ7jWj net::ERR_ABORTED | /intelligence?_rsc=AU6DTT46DVXZ7jWj net::ERR_ABORTED | /settings?_rsc=AU6DTT46DVXZ7jWj net::ERR_ABORTED | /notifications?_rsc=AU6DTT46DVXZ7jWj net::ERR_ABORTED | /catalog/gudid?_rsc=AU6DTT46DVXZ7jWj net::ERR_ABORTED | /crosses?_rsc=AU6DTT46DVXZ7jWj net::ERR_ABORTED | /requests/new?_rsc=AU6DTT46DVXZ7jWj net::ERR_ABORTED","","0","0","0","New request ; Switch user ; Delegate my approvals (disabled)"
"PRODUCT_MARKETING","/accounts","/accounts","200","Accounts & GPO membership","","","0","/requests?_rsc=iZGmHDWBA-6V7KTQ net::ERR_ABORTED | /proposals?_rsc=iZGmHDWBA-6V7KTQ net::ERR_ABORTED | /contracts?_rsc=iZGmHDWBA-6V7KTQ net::ERR_ABORTED | /?_rsc=iZGmHDWBA-6V7KTQ net::ERR_ABORTED | /intelligence?_rsc=iZGmHDWBA-6V7KTQ net::ERR_ABORTED | /intelligence/bids?_rsc=iZGmHDWBA-6V7KTQ net::ERR_ABORTED | /analytics?_rsc=iZGmHDWBA-6V7KTQ net::ERR_ABORTED | /crosses?_rsc=iZGmHDWBA-6V7KTQ net::ERR_ABORTED | /settings?_rsc=iZGmHDWBA-6V7KTQ net::ERR_ABORTED | /catalog/gudid?_rsc=iZGmHDWBA-6V7KTQ net::ERR_ABORTED | /notifications?_rsc=iZGmHDWBA-6V7KTQ net::ERR_ABORTED | /accounts/cmuffqiiv02rmfs7diaqvuvc9?_rsc=iZGmHDWBA-6V7KTQ net::ERR_ABORTED | /requests/new?_rsc=iZGmHDWBA-6V7KTQ net::ERR_ABORTED | /accounts/cmuffqiii02rkfs7dzbqrnru0?_rsc=iZGmHDWBA-6V7KTQ net::ERR_ABORTED | /accounts/cmuffqiiq02rlfs7d9y1un1wd?_rsc=iZGmHDWBA-6V7KTQ net::ERR_ABORTED | /?_rsc=oRxEn_R9e10JER3Z net::ERR_ABORTED | /proposals?_rsc=oRxEn_R9e10JER3Z net::ERR_ABORTED | /requests?_rsc=oRxEn_R9e10JER3Z net::ERR_ABORTED | /accounts?_rsc=oRxEn_R9e10JER3Z net::ERR_ABORTED | /contracts?_rsc=oRxEn_R9e10JER3Z net::ERR_ABORTED | /catalog?_rsc=oRxEn_R9e10JER3Z net::ERR_ABORTED | /analytics?_rsc=oRxEn_R9e10JER3Z net::ERR_ABORTED | /intelligence?_rsc=oRxEn_R9e10JER3Z net::ERR_ABORTED | /intelligence/bids?_rsc=oRxEn_R9e10JER3Z net::ERR_ABORTED | /catalog/gudid?_rsc=oRxEn_R9e10JER3Z net::ERR_ABORTED | /crosses?_rsc=oRxEn_R9e10JER3Z net::ERR_ABORTED | /settings?_rsc=oRxEn_R9e10JER3Z net::ERR_ABORTED | /notifications?_rsc=oRxEn_R9e10JER3Z net::ERR_ABORTED | /accounts/cmuffqiii02rkfs7dzbqrnru0?_rsc=oRxEn_R9e10JER3Z net::ERR_ABORTED | /accounts/cmuffqiiq02rlfs7d9y1un1wd?_rsc=oRxEn_R9e10JER3Z net::ERR_ABORTED | /accounts/cmuffqiiv02rmfs7diaqvuvc9?_rsc=oRxEn_R9e10JER3Z net::ERR_ABORTED | /accounts/cmuffqiif02rjfs7dkcvn5i4a?_rsc=oRxEn_R9e10JER3Z net::ERR_ABORTED | /accounts/cmuffqiia02rifs7d9g96f4p7?_rsc=oRxEn_R9e10JER3Z net::ERR_ABORTED","","0","0","0","New request ; Switch user"
"PRODUCT_MARKETING","/accounts/[id]","/accounts/cmuffqiii02rkfs7dzbqrnru0","200","Hospital A — Mount Vernon General","","","0","/requests?_rsc=mfJnIb6u-3Mn-ESD net::ERR_ABORTED | /?_rsc=mfJnIb6u-3Mn-ESD net::ERR_ABORTED | /intelligence/bids?_rsc=mfJnIb6u-3Mn-ESD net::ERR_ABORTED | /contracts?_rsc=mfJnIb6u-3Mn-ESD net::ERR_ABORTED | /intelligence?_rsc=mfJnIb6u-3Mn-ESD net::ERR_ABORTED | /catalog?_rsc=mfJnIb6u-3Mn-ESD net::ERR_ABORTED | /crosses?_rsc=mfJnIb6u-3Mn-ESD net::ERR_ABORTED | /settings?_rsc=mfJnIb6u-3Mn-ESD net::ERR_ABORTED | /notifications?_rsc=mfJnIb6u-3Mn-ESD net::ERR_ABORTED | /requests/new?_rsc=mfJnIb6u-3Mn-ESD net::ERR_ABORTED | /contracts/cmuffqio702syfs7d0fonyhf3?_rsc=mfJnIb6u-3Mn-ESD net::ERR_ABORTED | /?_rsc=pzgFYKDD5bs714zj net::ERR_ABORTED | /requests?_rsc=pzgFYKDD5bs714zj net::ERR_ABORTED | /proposals?_rsc=pzgFYKDD5bs714zj net::ERR_ABORTED | /contracts?_rsc=pzgFYKDD5bs714zj net::ERR_ABORTED | /intelligence?_rsc=pzgFYKDD5bs714zj net::ERR_ABORTED | /intelligence/bids?_rsc=pzgFYKDD5bs714zj net::ERR_ABORTED | /analytics?_rsc=pzgFYKDD5bs714zj net::ERR_ABORTED | /catalog?_rsc=pzgFYKDD5bs714zj net::ERR_ABORTED | /crosses?_rsc=pzgFYKDD5bs714zj net::ERR_ABORTED | /catalog/gudid?_rsc=pzgFYKDD5bs714zj net::ERR_ABORTED | /settings?_rsc=pzgFYKDD5bs714zj net::ERR_ABORTED | /notifications?_rsc=pzgFYKDD5bs714zj net::ERR_ABORTED | /contracts/cmuffqio702syfs7d0fonyhf3?_rsc=pzgFYKDD5bs714zj net::ERR_ABORTED | /requests/new?_rsc=pzgFYKDD5bs714zj net::ERR_ABORTED","","0","1","0","New request ; Switch user"
"PRODUCT_MARKETING","/contracts","/contracts","200","Contracts & price context","","","0","/?_rsc=DzmfcRRfJeItXkgz net::ERR_ABORTED | /requests?_rsc=DzmfcRRfJeItXkgz net::ERR_ABORTED | /proposals?_rsc=DzmfcRRfJeItXkgz net::ERR_ABORTED | /accounts?_rsc=DzmfcRRfJeItXkgz net::ERR_ABORTED | /intelligence?_rsc=DzmfcRRfJeItXkgz net::ERR_ABORTED | /intelligence/bids?_rsc=DzmfcRRfJeItXkgz net::ERR_ABORTED | /analytics?_rsc=DzmfcRRfJeItXkgz net::ERR_ABORTED | /catalog?_rsc=DzmfcRRfJeItXkgz net::ERR_ABORTED | /catalog/gudid?_rsc=DzmfcRRfJeItXkgz net::ERR_ABORTED | /requests/new?_rsc=DzmfcRRfJeItXkgz net::ERR_ABORTED | /notifications?_rsc=DzmfcRRfJeItXkgz net::ERR_ABORTED | /crosses?_rsc=DzmfcRRfJeItXkgz net::ERR_ABORTED | /settings?_rsc=DzmfcRRfJeItXkgz net::ERR_ABORTED | /requests?_rsc=2Ju2sngZl13OvaTN net::ERR_ABORTED | /contracts/cmuffqioe02szfs7dl658b8gy?_rsc=DzmfcRRfJeItXkgz net::ERR_ABORTED | /contracts/cmuffqio702syfs7d0fonyhf3?_rsc=DzmfcRRfJeItXkgz net::ERR_ABORTED | /contracts?_rsc=2Ju2sngZl13OvaTN net::ERR_ABORTED | /proposals?_rsc=2Ju2sngZl13OvaTN net::ERR_ABORTED | /accounts?_rsc=2Ju2sngZl13OvaTN net::ERR_ABORTED | /intelligence?_rsc=2Ju2sngZl13OvaTN net::ERR_ABORTED | /catalog/gudid?_rsc=2Ju2sngZl13OvaTN net::ERR_ABORTED | /catalog?_rsc=2Ju2sngZl13OvaTN net::ERR_ABORTED | /analytics?_rsc=2Ju2sngZl13OvaTN net::ERR_ABORTED | /intelligence/bids?_rsc=2Ju2sngZl13OvaTN net::ERR_ABORTED | /crosses?_rsc=2Ju2sngZl13OvaTN net::ERR_ABORTED | /settings?_rsc=2Ju2sngZl13OvaTN net::ERR_ABORTED | /notifications?_rsc=2Ju2sngZl13OvaTN net::ERR_ABORTED | /requests/new?_rsc=2Ju2sngZl13OvaTN net::ERR_ABORTED | /contracts/cmuffqioe02szfs7dl658b8gy?_rsc=2Ju2sngZl13OvaTN net::ERR_ABORTED | /contracts/cmuffqio702syfs7d0fonyhf3?_rsc=2Ju2sngZl13OvaTN net::ERR_ABORTED","","0","1","0","New request ; Switch user ; New contract (disabled)"
"PRODUCT_MARKETING","/contracts/[id]","/contracts/cmuffqioe02szfs7dl658b8gy","200","MSK-LOCAL-2026 · MSK local mesh agreement","","","0","/?_rsc=mef3hIvfndT_j2OY net::ERR_ABORTED | /requests?_rsc=mef3hIvfndT_j2OY net::ERR_ABORTED | /proposals?_rsc=mef3hIvfndT_j2OY net::ERR_ABORTED | /accounts?_rsc=mef3hIvfndT_j2OY net::ERR_ABORTED | /catalog?_rsc=mef3hIvfndT_j2OY net::ERR_ABORTED | /catalog/gudid?_rsc=mef3hIvfndT_j2OY net::ERR_ABORTED | /crosses?_rsc=mef3hIvfndT_j2OY net::ERR_ABORTED | /notifications?_rsc=mef3hIvfndT_j2OY net::ERR_ABORTED | /accounts/cmuffqiif02rjfs7dkcvn5i4a?_rsc=4Gf8Hzsu8Hn8XV6X net::ERR_ABORTED | /?_rsc=4Gf8Hzsu8Hn8XV6X net::ERR_ABORTED | /requests?_rsc=4Gf8Hzsu8Hn8XV6X net::ERR_ABORTED | /proposals?_rsc=4Gf8Hzsu8Hn8XV6X net::ERR_ABORTED | /accounts?_rsc=4Gf8Hzsu8Hn8XV6X net::ERR_ABORTED | /contracts?_rsc=4Gf8Hzsu8Hn8XV6X net::ERR_ABORTED | /intelligence?_rsc=4Gf8Hzsu8Hn8XV6X net::ERR_ABORTED | /intelligence/bids?_rsc=4Gf8Hzsu8Hn8XV6X net::ERR_ABORTED | /analytics?_rsc=4Gf8Hzsu8Hn8XV6X net::ERR_ABORTED | /catalog/gudid?_rsc=4Gf8Hzsu8Hn8XV6X net::ERR_ABORTED | /catalog?_rsc=4Gf8Hzsu8Hn8XV6X net::ERR_ABORTED | /crosses?_rsc=4Gf8Hzsu8Hn8XV6X net::ERR_ABORTED | /settings?_rsc=4Gf8Hzsu8Hn8XV6X net::ERR_ABORTED | /requests/new?_rsc=4Gf8Hzsu8Hn8XV6X net::ERR_ABORTED | /notifications?_rsc=4Gf8Hzsu8Hn8XV6X net::ERR_ABORTED","","0","1","0","New request ; Switch user ; Refresh performance ; Save entries (disabled)"
"PRODUCT_MARKETING","/intelligence","/intelligence","200","Competitor pricing","","","0","/?_rsc=3fD0047dUoUPXvG2 net::ERR_ABORTED | /requests?_rsc=3fD0047dUoUPXvG2 net::ERR_ABORTED | /proposals?_rsc=3fD0047dUoUPXvG2 net::ERR_ABORTED | /accounts?_rsc=3fD0047dUoUPXvG2 net::ERR_ABORTED | /intelligence/bids?_rsc=3fD0047dUoUPXvG2 net::ERR_ABORTED | /contracts?_rsc=3fD0047dUoUPXvG2 net::ERR_ABORTED | /catalog?_rsc=3fD0047dUoUPXvG2 net::ERR_ABORTED | /catalog/gudid?_rsc=3fD0047dUoUPXvG2 net::ERR_ABORTED | /crosses?_rsc=3fD0047dUoUPXvG2 net::ERR_ABORTED | /notifications?_rsc=3fD0047dUoUPXvG2 net::ERR_ABORTED | /settings?_rsc=3fD0047dUoUPXvG2 net::ERR_ABORTED | /analytics?_rsc=gu9LWiAQNzfrKsW2 net::ERR_ABORTED | /catalog?_rsc=gu9LWiAQNzfrKsW2 net::ERR_ABORTED | /settings?_rsc=gu9LWiAQNzfrKsW2 net::ERR_ABORTED | /catalog/gudid?_rsc=gu9LWiAQNzfrKsW2 net::ERR_ABORTED | /requests/new?_rsc=gu9LWiAQNzfrKsW2 net::ERR_ABORTED | /notifications?_rsc=gu9LWiAQNzfrKsW2 net::ERR_ABORTED","","0","1","0","New request ; Switch user ; 1190500 ; 113700 ; 1410015010 ; SPMII ; 1190816 ; 1190820 ; 1DLMC05 ; UPA31015 ; 1DLMC03 ; 1200710 ; 1190300 ; 112650 ; SPMXXL ; 1202025 ; 112660 ; 112680 ; 1201520"
"PRODUCT_MARKETING","/intelligence/bids","/intelligence/bids","200","Public bids and awards","","","0","/?_rsc=2gWrMJaxdn-CU2fc net::ERR_ABORTED | /requests?_rsc=2gWrMJaxdn-CU2fc net::ERR_ABORTED | /proposals?_rsc=2gWrMJaxdn-CU2fc net::ERR_ABORTED | /accounts?_rsc=2gWrMJaxdn-CU2fc net::ERR_ABORTED | /intelligence?_rsc=2gWrMJaxdn-CU2fc net::ERR_ABORTED | /contracts?_rsc=2gWrMJaxdn-CU2fc net::ERR_ABORTED | /catalog/gudid?_rsc=2gWrMJaxdn-CU2fc net::ERR_ABORTED | /settings?_rsc=2gWrMJaxdn-CU2fc net::ERR_ABORTED | /crosses?_rsc=2gWrMJaxdn-CU2fc net::ERR_ABORTED | /notifications?_rsc=2gWrMJaxdn-CU2fc net::ERR_ABORTED | /requests/new?_rsc=2gWrMJaxdn-CU2fc net::ERR_ABORTED | /requests?_rsc=W5McYxvxTMCZbYJx net::ERR_ABORTED | /?_rsc=W5McYxvxTMCZbYJx net::ERR_ABORTED | /proposals?_rsc=W5McYxvxTMCZbYJx net::ERR_ABORTED | /accounts?_rsc=W5McYxvxTMCZbYJx net::ERR_ABORTED | /contracts?_rsc=W5McYxvxTMCZbYJx net::ERR_ABORTED | /intelligence?_rsc=W5McYxvxTMCZbYJx net::ERR_ABORTED | /intelligence/bids?_rsc=W5McYxvxTMCZbYJx net::ERR_ABORTED | /analytics?_rsc=W5McYxvxTMCZbYJx net::ERR_ABORTED | /catalog/gudid?_rsc=W5McYxvxTMCZbYJx net::ERR_ABORTED | /settings?_rsc=W5McYxvxTMCZbYJx net::ERR_ABORTED | /catalog?_rsc=W5McYxvxTMCZbYJx net::ERR_ABORTED | /crosses?_rsc=W5McYxvxTMCZbYJx net::ERR_ABORTED | /requests/new?_rsc=W5McYxvxTMCZbYJx net::ERR_ABORTED | /notifications?_rsc=W5McYxvxTMCZbYJx net::ERR_ABORTED","","0","0","0","New request ; Switch user ; Pull (disabled) ; Save (disabled) ; Bid file (disabled)"
"PRODUCT_MARKETING","/intelligence/extractions/[id]","/intelligence/extractions/missing0000000000000000","200","Extraction","Failed to load resource: the server responded with a status of 404 (Not Found)","","0","/?_rsc=VJB2dfGule5Oh2L3 net::ERR_ABORTED | /intelligence/bids?_rsc=VJB2dfGule5Oh2L3 net::ERR_ABORTED | /analytics?_rsc=VJB2dfGule5Oh2L3 net::ERR_ABORTED | /contracts?_rsc=VJB2dfGule5Oh2L3 net::ERR_ABORTED | /catalog?_rsc=VJB2dfGule5Oh2L3 net::ERR_ABORTED | /settings?_rsc=VJB2dfGule5Oh2L3 net::ERR_ABORTED | /catalog/gudid?_rsc=VJB2dfGule5Oh2L3 net::ERR_ABORTED | /crosses?_rsc=VJB2dfGule5Oh2L3 net::ERR_ABORTED | /notifications?_rsc=VJB2dfGule5Oh2L3 net::ERR_ABORTED | /requests/new?_rsc=VJB2dfGule5Oh2L3 net::ERR_ABORTED | /requests?_rsc=wBL8jh-0AxNJNXN_ net::ERR_ABORTED | /accounts?_rsc=wBL8jh-0AxNJNXN_ net::ERR_ABORTED | /contracts?_rsc=wBL8jh-0AxNJNXN_ net::ERR_ABORTED | /intelligence?_rsc=wBL8jh-0AxNJNXN_ net::ERR_ABORTED | /intelligence/bids?_rsc=wBL8jh-0AxNJNXN_ net::ERR_ABORTED | /analytics?_rsc=wBL8jh-0AxNJNXN_ net::ERR_ABORTED | /catalog?_rsc=wBL8jh-0AxNJNXN_ net::ERR_ABORTED | /settings?_rsc=wBL8jh-0AxNJNXN_ net::ERR_ABORTED | /catalog/gudid?_rsc=wBL8jh-0AxNJNXN_ net::ERR_ABORTED | /crosses?_rsc=wBL8jh-0AxNJNXN_ net::ERR_ABORTED | /notifications?_rsc=wBL8jh-0AxNJNXN_ net::ERR_ABORTED | /requests/new?_rsc=wBL8jh-0AxNJNXN_ net::ERR_ABORTED","404 /api/documents/extractions/missing0000000000000000","0","0","0","New request ; Switch user"
"PRODUCT_MARKETING","/analytics","/analytics","200","Commercial feedback loop","","","0","/?_rsc=ix5_aAief6TvBg04 net::ERR_ABORTED | /requests?_rsc=ix5_aAief6TvBg04 net::ERR_ABORTED | /proposals?_rsc=ix5_aAief6TvBg04 net::ERR_ABORTED | /accounts?_rsc=ix5_aAief6TvBg04 net::ERR_ABORTED | /contracts?_rsc=ix5_aAief6TvBg04 net::ERR_ABORTED | /intelligence/bids?_rsc=ix5_aAief6TvBg04 net::ERR_ABORTED | /catalog?_rsc=ix5_aAief6TvBg04 net::ERR_ABORTED | /intelligence?_rsc=ix5_aAief6TvBg04 net::ERR_ABORTED | /crosses?_rsc=ix5_aAief6TvBg04 net::ERR_ABORTED | /settings?_rsc=ix5_aAief6TvBg04 net::ERR_ABORTED | /catalog/gudid?_rsc=ix5_aAief6TvBg04 net::ERR_ABORTED | /requests/new?_rsc=ix5_aAief6TvBg04 net::ERR_ABORTED | /?_rsc=Dt318okBLJyNDlfE net::ERR_ABORTED | /proposals?_rsc=Dt318okBLJyNDlfE net::ERR_ABORTED | /requests?_rsc=Dt318okBLJyNDlfE net::ERR_ABORTED | /accounts?_rsc=Dt318okBLJyNDlfE net::ERR_ABORTED | /intelligence/bids?_rsc=Dt318okBLJyNDlfE net::ERR_ABORTED | /analytics?_rsc=Dt318okBLJyNDlfE net::ERR_ABORTED | /intelligence?_rsc=Dt318okBLJyNDlfE net::ERR_ABORTED | /catalog?_rsc=Dt318okBLJyNDlfE net::ERR_ABORTED | /catalog/gudid?_rsc=Dt318okBLJyNDlfE net::ERR_ABORTED | /crosses?_rsc=Dt318okBLJyNDlfE net::ERR_ABORTED | /settings?_rsc=Dt318okBLJyNDlfE net::ERR_ABORTED | /notifications?_rsc=Dt318okBLJyNDlfE net::ERR_ABORTED | /requests/new?_rsc=Dt318okBLJyNDlfE net::ERR_ABORTED","","0","1","0","New request ; Switch user ; Refresh"
"PRODUCT_MARKETING","/catalog","/catalog","200","Our catalog","","","0","/?_rsc=OYzo7EH3MGwwxBfF net::ERR_ABORTED | /requests?_rsc=OYzo7EH3MGwwxBfF net::ERR_ABORTED | /proposals?_rsc=OYzo7EH3MGwwxBfF net::ERR_ABORTED | /accounts?_rsc=OYzo7EH3MGwwxBfF net::ERR_ABORTED | /contracts?_rsc=OYzo7EH3MGwwxBfF net::ERR_ABORTED | /intelligence?_rsc=OYzo7EH3MGwwxBfF net::ERR_ABORTED | /analytics?_rsc=OYzo7EH3MGwwxBfF net::ERR_ABORTED | /catalog/gudid?_rsc=OYzo7EH3MGwwxBfF net::ERR_ABORTED | /notifications?_rsc=OYzo7EH3MGwwxBfF net::ERR_ABORTED | /requests/new?_rsc=OYzo7EH3MGwwxBfF net::ERR_ABORTED | /crosses?_rsc=OYzo7EH3MGwwxBfF net::ERR_ABORTED | /settings?_rsc=OYzo7EH3MGwwxBfF net::ERR_ABORTED | /accounts?_rsc=O6cAbYUSgs3KBG-F net::ERR_ABORTED | /?_rsc=O6cAbYUSgs3KBG-F net::ERR_ABORTED | /proposals?_rsc=O6cAbYUSgs3KBG-F net::ERR_ABORTED | /requests?_rsc=O6cAbYUSgs3KBG-F net::ERR_ABORTED | /intelligence?_rsc=O6cAbYUSgs3KBG-F net::ERR_ABORTED | /intelligence/bids?_rsc=O6cAbYUSgs3KBG-F net::ERR_ABORTED | /analytics?_rsc=O6cAbYUSgs3KBG-F net::ERR_ABORTED | /crosses?_rsc=O6cAbYUSgs3KBG-F net::ERR_ABORTED | /catalog/gudid?_rsc=O6cAbYUSgs3KBG-F net::ERR_ABORTED | /settings?_rsc=O6cAbYUSgs3KBG-F net::ERR_ABORTED | /catalog?_rsc=O6cAbYUSgs3KBG-F net::ERR_ABORTED | /notifications?_rsc=O6cAbYUSgs3KBG-F net::ERR_ABORTED | /requests/new?_rsc=O6cAbYUSgs3KBG-F net::ERR_ABORTED","","0","1","0","New request ; Switch user ; GUDID library ; Enrich from GUDID ; Competitor sizes ; Add SKUs ; 174006 ; ABSTACK30 ; ABSTACK30X ; PCO2015X ; PCO2520X ; PCO9X ; 11-1276 ; 11-1278 ; 171305 ; 173019 ; 173030 ; 173046 ; 173049 ; 173050G ; 174001 ; 174209 ; 174213 ; 174233 ; 174301 ; 174309 ; 174317 ; 174601 ; 176605 ; 176613 ; 176643 ; 176645 ; 176647 ; 178081 ; 178083 ; 178091 ; 178093 ; 178099 ; 25030 ; CATCH10 ; E3781-28 ; E3781R-28ASP ; E3783-28 ; E3783R-28ASP ; E3783R-36ASP ; LF1837 ; LF5637 ; SILSCLINCH46 ; SILSDISSECT46 ; SILSHOOK36 ; SILSHOOK46 ; SILSSHEAR46 ; WPLGR914 ; WPXLGR1117 ; 010316L ; 010460 ; 010470 ; 015427L ; 015433L ; 015441L ; 015451L ; 015458L ; 015477L ; 015485L ; 015888L ; 017614 ; 020242 ; 030330L ; 030412 ; 030424L ; 030425 ; 030426 ; 030454 ; 030470 ; 030735L ; 059037 ; 111981 ; 111983 ; 111985 ; 111987 ; 111989 ; 3948L ; 3971 ; 3973 ; 4901T ; 8886803712 ; EEA21 ; EEA2135 ; EEA25 ; EEA2535 ; EEA28 ; EEA2835 ; EEA31 ; EEA33 ; EEAXL21 ; EEAXL2135 ; EEAXL25 ; EEAXL2535 ; EEAXL28 ; EEAXL2835 ; EEAXL31 ; EEAXL33 ; EGIA45AMT ; EGIA45AV ; EGIA45AVM ; EGIA45CTAVM ; EGIA60AMT ; EGIA60AVM ; EGIA60AXT ; EGIARADMT ; EGIARADVM ; EGIARADXT ; EGIAUSHORT ; EGIAUSTND ; EGIAUXL ; GIA10038L ; GIA10038S ; GIA10048L ; GIA10048S ; GIA6025L ; GIA6025S ; GIA6038L ; GIA6038S ; GIA6048L ; GIA6048S ; GIA60MTC ; GIA60MTS ; GIA60XTC ; GIA60XTS ; GIA8038L ; GIA8038S ; GIA8048L ; GIA8048S ; GIA80MTC ; GIA80MTS ; GIA80XTC ; GIA80XTS ; HEM3335 ; HEM3348 ; IDRVULTRA1 ; SGIA6038S ; SIG30AMT ; SIG30AV ; SIG30AVM ; SIG30CTAV ; SIG30CTAVM ; SIG45AMT ; SIG45AXT ; SIG45CTAMT ; SIG45CTAV ; SIG45CTAVM ; SIG60AMT ; SIG60AXT ; SIG60CTAMT ; SIG60CTAVM ; SIGADAPTSHORT ; SIGADAPTSTND ; SIGADAPTXL ; SIGC45MT ; SIGC45V ; SIGC45VM ; SIGC45VT ; SIGC60MT ; SIGC60V ; SIGC60VM ; SIGC60VT ; SIGLU45A ; SIGLU60A ; SIGPSHELL ; SIGRADMT ; SIGRADVM ; SIGRADXT ; SIGSDL45CTVT ; SIGSDS30CTV ; SIGSDS30CTVT ; SIGTRSB45AMT ; SIGTRSB45AXT ; SIGTRSB60AMT ; SIGTRSB60AXT ; TA3035L ; TA3035S ; TA3048L ; TA3048S ; TA30V3L ; TA30V3S ; TA4535L ; TA4535S ; TA4548L ; TA4548S ; TA6035L ; TA6035S ; TA6048L ; TA6048S ; TA9035L ; TA9035S ; TA9048L ; TA9048S ; TRIEEA28MT ; TRIEEA28XT ; TRIEEA31MT ; TRIEEA31XT ; TRIEEAXL28MT ; TRIEEAXL28XT ; TRIEEAXL31MT ; TRIEEAXL31XT ; TRIEEAXL33MT ; PPDS12 ; PPDS15 ; PPDS1510 ; PPDS2015 ; PPM1106X3 ; PPM1510X3 ; PPM4530 ; 171313 ; 171315 ; 172015 ; 172016 ; 176626P ; 176673P ; 176674P ; 176674PF ; 177090P ; 177090PF ; 177091P ; 177091PF ; 177092 ; 177092F ; 177992P ; 177995P ; 179076P ; 179077P ; 179078PF ; 179093 ; 179093F ; 179094 ; 179094F ; 179095P ; 179096P ; 179096PF ; 179097P ; 179097PF ; 179100 ; 179101 ; 179102P ; 179301 ; 179303 ; 179305 ; 179307 ; 179308 ; 179309 ; 179310 ; 21-345 ; 220-50 ; 24055- ; 4216 ; B11STF ; B11STS ; B12LGF ; B12LGS ; B12STF ; B12STFCS ; B12STS ; B5SHF ; B5SHS ; B5STF ; B5STS ; BPT12STS ; MS100703 ; MS100705 ; MS100708 ; MS101003 ; MS101005 ; MS101008 ; NB11STF ; NB12LGF ; NB12SHF ; NB12STF ; NB12STS ; NB15LGF ; NB15STF ; NB3SHFLP ; NB5LGF ; NB5SHF ; NB5SHFLP ; NB5STF ; NB5STFLP ; NBFCA11ST ; NBFCA12ST ; NONB11STF ; NONB12LGF ; NONB12SHF ; NONB12STF ; NONB12STS ; NONB15LGF ; NONB15STF ; NONB5LGF ; NONB5SHF ; NONB5STF ; NONB8STF ; OMS-T10BT ; OMS-T10BTNL ; OMS-T10BTS ; OMS-T10BTSNL ; OMS-T12BT ; OMS-T12BTNL ; ONB11LGF ; ONB11STF ; ONB12LGF ; ONB12SHF ; ONB12STF ; ONB12STF-NSB ; ONB12STFCS ; ONB12STS ; ONB15STF ; ONB5LGF ; ONB5SHF ; ONB5STF ; ONB5STF-NSB ; ONB5STF2C ; ONBFCA11ST ; S100000 ; S100700 ; S100705 ; S100710 ; S100712 ; S101000 ; S101005 ; S101010 ; S101012 ; S110000 ; SILSPT12TA ; SILSPT5TA ; UNVCA11STF ; UNVCA12LGF ; UNVCA12STF ; UNVCA12STF-NSB ; UNVCA12STS ; UNVCA5LGF ; UNVCA5SHF ; UNVCA5STF ; VS070000 ; VS100700 ; VS100705 ; VS100711P ; VS100712P ; VS101000 ; VS101005 ; VS101011P ; VS101012P ; VS101015P ; VS101500 ; VS101505 ; VS101512P ; VS150000 ; VSR100005 ; VSR100812P ; WPMD509 ; WPSM256 ; WPXSM24"
"PRODUCT_MARKETING","/catalog/gudid","/catalog/gudid","200","GUDID library","","","0","/?_rsc=DGmoGnAw5OqJpMhM net::ERR_ABORTED | /requests?_rsc=DGmoGnAw5OqJpMhM net::ERR_ABORTED | /proposals?_rsc=DGmoGnAw5OqJpMhM net::ERR_ABORTED | /accounts?_rsc=DGmoGnAw5OqJpMhM net::ERR_ABORTED | /intelligence/bids?_rsc=DGmoGnAw5OqJpMhM net::ERR_ABORTED | /analytics?_rsc=DGmoGnAw5OqJpMhM net::ERR_ABORTED | /contracts?_rsc=DGmoGnAw5OqJpMhM net::ERR_ABORTED | /intelligence?_rsc=DGmoGnAw5OqJpMhM net::ERR_ABORTED | /catalog?_rsc=DGmoGnAw5OqJpMhM net::ERR_ABORTED | /crosses?_rsc=DGmoGnAw5OqJpMhM net::ERR_ABORTED | /settings?_rsc=DGmoGnAw5OqJpMhM net::ERR_ABORTED | /notifications?_rsc=DGmoGnAw5OqJpMhM net::ERR_ABORTED | /requests/new?_rsc=DGmoGnAw5OqJpMhM net::ERR_ABORTED | /?_rsc=Z9EVd8HHdUwJDdIQ net::ERR_ABORTED | /requests?_rsc=Z9EVd8HHdUwJDdIQ net::ERR_ABORTED | /contracts?_rsc=Z9EVd8HHdUwJDdIQ net::ERR_ABORTED | /intelligence?_rsc=Z9EVd8HHdUwJDdIQ net::ERR_ABORTED | /analytics?_rsc=Z9EVd8HHdUwJDdIQ net::ERR_ABORTED | /catalog?_rsc=Z9EVd8HHdUwJDdIQ net::ERR_ABORTED | /intelligence/bids?_rsc=Z9EVd8HHdUwJDdIQ net::ERR_ABORTED | /catalog/gudid?_rsc=Z9EVd8HHdUwJDdIQ net::ERR_ABORTED | /crosses?_rsc=Z9EVd8HHdUwJDdIQ net::ERR_ABORTED | /settings?_rsc=Z9EVd8HHdUwJDdIQ net::ERR_ABORTED | /notifications?_rsc=Z9EVd8HHdUwJDdIQ net::ERR_ABORTED | /requests/new?_rsc=Z9EVd8HHdUwJDdIQ net::ERR_ABORTED","","0","0","0","New request ; Switch user ; Import from GUDID"
"PRODUCT_MARKETING","/crosses","/crosses","200","Crosswalk","","","0","/?_rsc=zAn-vlYtEcVbUMJ6 net::ERR_ABORTED | /requests?_rsc=zAn-vlYtEcVbUMJ6 net::ERR_ABORTED | /intelligence/bids?_rsc=zAn-vlYtEcVbUMJ6 net::ERR_ABORTED | /analytics?_rsc=zAn-vlYtEcVbUMJ6 net::ERR_ABORTED | /catalog?_rsc=zAn-vlYtEcVbUMJ6 net::ERR_ABORTED | /catalog/gudid?_rsc=zAn-vlYtEcVbUMJ6 net::ERR_ABORTED | /settings?_rsc=zAn-vlYtEcVbUMJ6 net::ERR_ABORTED | /notifications?_rsc=zAn-vlYtEcVbUMJ6 net::ERR_ABORTED | /requests?_rsc=aniPmKjMQR6zCALO net::ERR_ABORTED | /requests/new?_rsc=zAn-vlYtEcVbUMJ6 net::ERR_ABORTED | /?_rsc=aniPmKjMQR6zCALO net::ERR_ABORTED | /accounts?_rsc=aniPmKjMQR6zCALO net::ERR_ABORTED | /contracts?_rsc=aniPmKjMQR6zCALO net::ERR_ABORTED | /intelligence?_rsc=aniPmKjMQR6zCALO net::ERR_ABORTED | /intelligence/bids?_rsc=aniPmKjMQR6zCALO net::ERR_ABORTED | /analytics?_rsc=aniPmKjMQR6zCALO net::ERR_ABORTED | /crosses?_rsc=aniPmKjMQR6zCALO net::ERR_ABORTED | /catalog?_rsc=aniPmKjMQR6zCALO net::ERR_ABORTED | /catalog/gudid?_rsc=aniPmKjMQR6zCALO net::ERR_ABORTED | /notifications?_rsc=aniPmKjMQR6zCALO net::ERR_ABORTED | /requests/new?_rsc=aniPmKjMQR6zCALO net::ERR_ABORTED","","0","0","0","New request ; Switch user ; Publish new version"
"PRODUCT_MARKETING","/notifications","/notifications","200","Notifications","","","0","/?_rsc=oG-rbVP81bj5yHs2 net::ERR_ABORTED | /requests?_rsc=oG-rbVP81bj5yHs2 net::ERR_ABORTED | /proposals?_rsc=oG-rbVP81bj5yHs2 net::ERR_ABORTED | /accounts?_rsc=oG-rbVP81bj5yHs2 net::ERR_ABORTED | /analytics?_rsc=oG-rbVP81bj5yHs2 net::ERR_ABORTED | /catalog/gudid?_rsc=oG-rbVP81bj5yHs2 net::ERR_ABORTED | /catalog?_rsc=oG-rbVP81bj5yHs2 net::ERR_ABORTED | /crosses?_rsc=oG-rbVP81bj5yHs2 net::ERR_ABORTED | /requests/new?_rsc=oG-rbVP81bj5yHs2 net::ERR_ABORTED | /crosses?_rsc=FxIb9Zh5xrkPNSW4 net::ERR_ABORTED | /?_rsc=FxIb9Zh5xrkPNSW4 net::ERR_ABORTED | /requests?_rsc=FxIb9Zh5xrkPNSW4 net::ERR_ABORTED | /proposals?_rsc=FxIb9Zh5xrkPNSW4 net::ERR_ABORTED | /accounts?_rsc=FxIb9Zh5xrkPNSW4 net::ERR_ABORTED | /contracts?_rsc=FxIb9Zh5xrkPNSW4 net::ERR_ABORTED | /intelligence?_rsc=FxIb9Zh5xrkPNSW4 net::ERR_ABORTED | /intelligence/bids?_rsc=FxIb9Zh5xrkPNSW4 net::ERR_ABORTED | /analytics?_rsc=FxIb9Zh5xrkPNSW4 net::ERR_ABORTED | /catalog?_rsc=FxIb9Zh5xrkPNSW4 net::ERR_ABORTED | /catalog/gudid?_rsc=FxIb9Zh5xrkPNSW4 net::ERR_ABORTED | /notifications?_rsc=FxIb9Zh5xrkPNSW4 net::ERR_ABORTED | /settings?_rsc=FxIb9Zh5xrkPNSW4 net::ERR_ABORTED | /requests/new?_rsc=FxIb9Zh5xrkPNSW4 net::ERR_ABORTED","","0","0","0","New request ; Switch user ; Mark all read ; Read"
"PRODUCT_MARKETING","/settings","/settings","200","Settings","","","0","/?_rsc=DQxjArDrgutTG17x net::ERR_ABORTED | /catalog?_rsc=DQxjArDrgutTG17x net::ERR_ABORTED | /catalog/gudid?_rsc=DQxjArDrgutTG17x net::ERR_ABORTED | /crosses?_rsc=DQxjArDrgutTG17x net::ERR_ABORTED | /notifications?_rsc=DQxjArDrgutTG17x net::ERR_ABORTED | /requests/new?_rsc=DQxjArDrgutTG17x net::ERR_ABORTED | /proposals?_rsc=j-_vjoKOn8bxlRO7 net::ERR_ABORTED | /settings/pricing?_rsc=DQxjArDrgutTG17x net::ERR_ABORTED | /requests?_rsc=j-_vjoKOn8bxlRO7 net::ERR_ABORTED | /?_rsc=j-_vjoKOn8bxlRO7 net::ERR_ABORTED | /intelligence/bids?_rsc=j-_vjoKOn8bxlRO7 net::ERR_ABORTED | /accounts?_rsc=j-_vjoKOn8bxlRO7 net::ERR_ABORTED | /contracts?_rsc=j-_vjoKOn8bxlRO7 net::ERR_ABORTED | /intelligence?_rsc=j-_vjoKOn8bxlRO7 net::ERR_ABORTED | /catalog?_rsc=j-_vjoKOn8bxlRO7 net::ERR_ABORTED | /catalog/gudid?_rsc=j-_vjoKOn8bxlRO7 net::ERR_ABORTED | /analytics?_rsc=j-_vjoKOn8bxlRO7 net::ERR_ABORTED | /crosses?_rsc=j-_vjoKOn8bxlRO7 net::ERR_ABORTED | /notifications?_rsc=j-_vjoKOn8bxlRO7 net::ERR_ABORTED | /requests/new?_rsc=j-_vjoKOn8bxlRO7 net::ERR_ABORTED | /settings/pricing?_rsc=j-_vjoKOn8bxlRO7 net::ERR_ABORTED | /settings?_rsc=j-_vjoKOn8bxlRO7 net::ERR_ABORTED","","0","0","0","New request ; Switch user ; Save (disabled) ; Details ; How to connect"
"PRODUCT_MARKETING","/settings/integrations","/settings/integrations","200","Settings","","","0","/?_rsc=DQxjArDrgutTG17x net::ERR_ABORTED | /requests?_rsc=DQxjArDrgutTG17x net::ERR_ABORTED | /proposals?_rsc=DQxjArDrgutTG17x net::ERR_ABORTED | /accounts?_rsc=DQxjArDrgutTG17x net::ERR_ABORTED | /contracts?_rsc=DQxjArDrgutTG17x net::ERR_ABORTED | /intelligence?_rsc=DQxjArDrgutTG17x net::ERR_ABORTED | /analytics?_rsc=DQxjArDrgutTG17x net::ERR_ABORTED | /intelligence/bids?_rsc=DQxjArDrgutTG17x net::ERR_ABORTED | /catalog?_rsc=DQxjArDrgutTG17x net::ERR_ABORTED | /catalog/gudid?_rsc=DQxjArDrgutTG17x net::ERR_ABORTED | /crosses?_rsc=DQxjArDrgutTG17x net::ERR_ABORTED | /settings/pricing?_rsc=DQxjArDrgutTG17x net::ERR_ABORTED | /requests/new?_rsc=DQxjArDrgutTG17x net::ERR_ABORTED | /?_rsc=j-_vjoKOn8bxlRO7 net::ERR_ABORTED | /requests?_rsc=j-_vjoKOn8bxlRO7 net::ERR_ABORTED | /contracts?_rsc=j-_vjoKOn8bxlRO7 net::ERR_ABORTED | /proposals?_rsc=j-_vjoKOn8bxlRO7 net::ERR_ABORTED | /accounts?_rsc=j-_vjoKOn8bxlRO7 net::ERR_ABORTED | /intelligence/bids?_rsc=j-_vjoKOn8bxlRO7 net::ERR_ABORTED | /analytics?_rsc=j-_vjoKOn8bxlRO7 net::ERR_ABORTED | /catalog?_rsc=j-_vjoKOn8bxlRO7 net::ERR_ABORTED | /catalog/gudid?_rsc=j-_vjoKOn8bxlRO7 net::ERR_ABORTED | /crosses?_rsc=j-_vjoKOn8bxlRO7 net::ERR_ABORTED | /settings?_rsc=j-_vjoKOn8bxlRO7 net::ERR_ABORTED | /notifications?_rsc=j-_vjoKOn8bxlRO7 net::ERR_ABORTED | /requests/new?_rsc=j-_vjoKOn8bxlRO7 net::ERR_ABORTED | /settings/pricing?_rsc=j-_vjoKOn8bxlRO7 net::ERR_ABORTED","","0","0","0","New request ; Switch user ; Save (disabled) ; Details ; How to connect"
"PRODUCT_MARKETING","/settings/pricing","/settings/pricing","200","Pricing policies","","","0","/proposals?_rsc=8oSST31HPn0UlEto net::ERR_ABORTED | /?_rsc=8oSST31HPn0UlEto net::ERR_ABORTED | /requests?_rsc=8oSST31HPn0UlEto net::ERR_ABORTED | /catalog/gudid?_rsc=8oSST31HPn0UlEto net::ERR_ABORTED | /crosses?_rsc=8oSST31HPn0UlEto net::ERR_ABORTED | /settings?_rsc=8oSST31HPn0UlEto net::ERR_ABORTED | /requests/new?_rsc=8oSST31HPn0UlEto net::ERR_ABORTED | /notifications?_rsc=8oSST31HPn0UlEto net::ERR_ABORTED | /?_rsc=_Ie442TgELs3Q458 net::ERR_ABORTED | /requests?_rsc=_Ie442TgELs3Q458 net::ERR_ABORTED | /contracts?_rsc=_Ie442TgELs3Q458 net::ERR_ABORTED | /proposals?_rsc=_Ie442TgELs3Q458 net::ERR_ABORTED | /accounts?_rsc=_Ie442TgELs3Q458 net::ERR_ABORTED | /intelligence?_rsc=_Ie442TgELs3Q458 net::ERR_ABORTED | /intelligence/bids?_rsc=_Ie442TgELs3Q458 net::ERR_ABORTED | /catalog?_rsc=_Ie442TgELs3Q458 net::ERR_ABORTED | /analytics?_rsc=_Ie442TgELs3Q458 net::ERR_ABORTED | /catalog/gudid?_rsc=_Ie442TgELs3Q458 net::ERR_ABORTED | /crosses?_rsc=_Ie442TgELs3Q458 net::ERR_ABORTED | /settings?_rsc=_Ie442TgELs3Q458 net::ERR_ABORTED | /notifications?_rsc=_Ie442TgELs3Q458 net::ERR_ABORTED | /requests/new?_rsc=_Ie442TgELs3Q458 net::ERR_ABORTED","","0","0","0","New request ; Switch user ; New draft (disabled)"
"CLINICAL_REVIEWER","/","/","200","Competitive cross reference","","","0","/catalog?_rsc=5CB68i4pnAekjehf net::ERR_ABORTED | /catalog/gudid?_rsc=5CB68i4pnAekjehf net::ERR_ABORTED | /crosses?_rsc=5CB68i4pnAekjehf net::ERR_ABORTED | /settings?_rsc=5CB68i4pnAekjehf net::ERR_ABORTED | /notifications?_rsc=5CB68i4pnAekjehf net::ERR_ABORTED | /?_rsc=tXyZJ52UQVBCVsD3 net::ERR_ABORTED | /catalog?_rsc=tXyZJ52UQVBCVsD3 net::ERR_ABORTED | /catalog/gudid?_rsc=tXyZJ52UQVBCVsD3 net::ERR_ABORTED | /crosses?_rsc=tXyZJ52UQVBCVsD3 net::ERR_ABORTED | /settings?_rsc=tXyZJ52UQVBCVsD3 net::ERR_ABORTED | /notifications?_rsc=tXyZJ52UQVBCVsD3 net::ERR_ABORTED","","0","0","0","Switch user"
"CLINICAL_REVIEWER","/requests","/requests","200","","","","0","/?_rsc=p3Q57VochOqcQNsg net::ERR_ABORTED | /catalog?_rsc=p3Q57VochOqcQNsg net::ERR_ABORTED | /settings?_rsc=p3Q57VochOqcQNsg net::ERR_ABORTED | /notifications?_rsc=p3Q57VochOqcQNsg net::ERR_ABORTED | /?_rsc=nIzLgF1M7nWxnHlV net::ERR_ABORTED | /catalog?_rsc=nIzLgF1M7nWxnHlV net::ERR_ABORTED | /catalog/gudid?_rsc=nIzLgF1M7nWxnHlV net::ERR_ABORTED | /settings?_rsc=nIzLgF1M7nWxnHlV net::ERR_ABORTED | /notifications?_rsc=nIzLgF1M7nWxnHlV net::ERR_ABORTED","","0","0","0","Switch user"
"CLINICAL_REVIEWER","/requests/new","/requests/new","200","","","","0","/?_rsc=4belA-F-xg-XtLdx net::ERR_ABORTED | /catalog?_rsc=4belA-F-xg-XtLdx net::ERR_ABORTED | /crosses?_rsc=4belA-F-xg-XtLdx net::ERR_ABORTED | /catalog/gudid?_rsc=4belA-F-xg-XtLdx net::ERR_ABORTED | /notifications?_rsc=4belA-F-xg-XtLdx net::ERR_ABORTED | /?_rsc=O1p93FFpSnNce0k4 net::ERR_ABORTED | /catalog?_rsc=O1p93FFpSnNce0k4 net::ERR_ABORTED | /catalog/gudid?_rsc=O1p93FFpSnNce0k4 net::ERR_ABORTED | /crosses?_rsc=O1p93FFpSnNce0k4 net::ERR_ABORTED | /notifications?_rsc=O1p93FFpSnNce0k4 net::ERR_ABORTED | /settings?_rsc=O1p93FFpSnNce0k4 net::ERR_ABORTED","","0","0","0","Switch user"
"CLINICAL_REVIEWER","/requests/[id]","/requests/null","200","","Failed to load resource: the server responded with a status of 403 (Forbidden)","","0","/?_rsc=76SvvV1TLjtpHtqe net::ERR_ABORTED | /catalog?_rsc=76SvvV1TLjtpHtqe net::ERR_ABORTED | /catalog/gudid?_rsc=76SvvV1TLjtpHtqe net::ERR_ABORTED | /?_rsc=eoRKZgXY26fq4Ulk net::ERR_ABORTED | /catalog?_rsc=eoRKZgXY26fq4Ulk net::ERR_ABORTED | /requests?_rsc=76SvvV1TLjtpHtqe net::ERR_ABORTED | /catalog/gudid?_rsc=eoRKZgXY26fq4Ulk net::ERR_ABORTED | /settings?_rsc=eoRKZgXY26fq4Ulk net::ERR_ABORTED | /requests?_rsc=eoRKZgXY26fq4Ulk net::ERR_ABORTED | /notifications?_rsc=eoRKZgXY26fq4Ulk net::ERR_ABORTED","403 /api/requests/null","0","0","0","Switch user"
"CLINICAL_REVIEWER","/proposals","/proposals","200","","","","0","/?_rsc=8qZH60WsiyOTuseO net::ERR_ABORTED | /notifications?_rsc=8qZH60WsiyOTuseO net::ERR_ABORTED | /crosses?_rsc=yDw8cg_cK2Tq2IDS net::ERR_ABORTED | /?_rsc=yDw8cg_cK2Tq2IDS net::ERR_ABORTED | /catalog?_rsc=yDw8cg_cK2Tq2IDS net::ERR_ABORTED | /catalog/gudid?_rsc=yDw8cg_cK2Tq2IDS net::ERR_ABORTED | /settings?_rsc=yDw8cg_cK2Tq2IDS net::ERR_ABORTED | /notifications?_rsc=yDw8cg_cK2Tq2IDS net::ERR_ABORTED","","0","0","0","Switch user"
"CLINICAL_REVIEWER","/proposals/[id]","/proposals/null","200","","Failed to load resource: the server responded with a status of 403 (Forbidden)","","0","/catalog?_rsc=VreOGdJHuaZwqD3- net::ERR_ABORTED | /?_rsc=VreOGdJHuaZwqD3- net::ERR_ABORTED | /catalog/gudid?_rsc=VreOGdJHuaZwqD3- net::ERR_ABORTED | /proposals?_rsc=VreOGdJHuaZwqD3- net::ERR_ABORTED | /notifications?_rsc=hzu8hJFrzSYjsRgK net::ERR_ABORTED","403 /api/proposals/null","0","0","0","Switch user"
"CLINICAL_REVIEWER","/approvals","/approvals","200","Pricing approvals","Failed to load resource: the server responded with a status of 403 (Forbidden) | Failed to load resource: the server responded with a status of 403 (Forbidden)","","0","/?_rsc=Ut9iRRX_9PZKRdF- net::ERR_ABORTED | /catalog?_rsc=Ut9iRRX_9PZKRdF- net::ERR_ABORTED | /catalog/gudid?_rsc=Ut9iRRX_9PZKRdF- net::ERR_ABORTED | /catalog/gudid?_rsc=AU6DTT46DVXZ7jWj net::ERR_ABORTED | /crosses?_rsc=AU6DTT46DVXZ7jWj net::ERR_ABORTED | /settings?_rsc=AU6DTT46DVXZ7jWj net::ERR_ABORTED | /notifications?_rsc=AU6DTT46DVXZ7jWj net::ERR_ABORTED","403 /api/approvals/delegations?all=1 | 403 /api/approvals","0","0","0","Switch user"
"CLINICAL_REVIEWER","/accounts","/accounts","200","","","","0","/catalog/gudid?_rsc=iZGmHDWBA-6V7KTQ net::ERR_ABORTED | /crosses?_rsc=iZGmHDWBA-6V7KTQ net::ERR_ABORTED | /?_rsc=iZGmHDWBA-6V7KTQ net::ERR_ABORTED | /catalog?_rsc=iZGmHDWBA-6V7KTQ net::ERR_ABORTED | /settings?_rsc=iZGmHDWBA-6V7KTQ net::ERR_ABORTED | /notifications?_rsc=iZGmHDWBA-6V7KTQ net::ERR_ABORTED | /?_rsc=oRxEn_R9e10JER3Z net::ERR_ABORTED | /catalog?_rsc=oRxEn_R9e10JER3Z net::ERR_ABORTED | /catalog/gudid?_rsc=oRxEn_R9e10JER3Z net::ERR_ABORTED | /crosses?_rsc=oRxEn_R9e10JER3Z net::ERR_ABORTED | /settings?_rsc=oRxEn_R9e10JER3Z net::ERR_ABORTED | /notifications?_rsc=oRxEn_R9e10JER3Z net::ERR_ABORTED","","0","0","0","Switch user"
"CLINICAL_REVIEWER","/accounts/[id]","/accounts/cmuffqiii02rkfs7dzbqrnru0","200","","","","0","/?_rsc=mfJnIb6u-3Mn-ESD net::ERR_ABORTED | /catalog?_rsc=mfJnIb6u-3Mn-ESD net::ERR_ABORTED | /crosses?_rsc=mfJnIb6u-3Mn-ESD net::ERR_ABORTED | /catalog/gudid?_rsc=mfJnIb6u-3Mn-ESD net::ERR_ABORTED | /notifications?_rsc=mfJnIb6u-3Mn-ESD net::ERR_ABORTED | /catalog?_rsc=pzgFYKDD5bs714zj net::ERR_ABORTED | /settings?_rsc=mfJnIb6u-3Mn-ESD net::ERR_ABORTED | /?_rsc=pzgFYKDD5bs714zj net::ERR_ABORTED | /catalog/gudid?_rsc=pzgFYKDD5bs714zj net::ERR_ABORTED | /notifications?_rsc=pzgFYKDD5bs714zj net::ERR_ABORTED | /crosses?_rsc=pzgFYKDD5bs714zj net::ERR_ABORTED | /settings?_rsc=pzgFYKDD5bs714zj net::ERR_ABORTED","","0","0","0","Switch user"
"CLINICAL_REVIEWER","/contracts","/contracts","200","","","","0","/crosses?_rsc=DzmfcRRfJeItXkgz net::ERR_ABORTED | /?_rsc=DzmfcRRfJeItXkgz net::ERR_ABORTED | /catalog?_rsc=DzmfcRRfJeItXkgz net::ERR_ABORTED | /catalog/gudid?_rsc=DzmfcRRfJeItXkgz net::ERR_ABORTED | /?_rsc=2Ju2sngZl13OvaTN net::ERR_ABORTED | /catalog/gudid?_rsc=2Ju2sngZl13OvaTN net::ERR_ABORTED | /crosses?_rsc=2Ju2sngZl13OvaTN net::ERR_ABORTED | /settings?_rsc=2Ju2sngZl13OvaTN net::ERR_ABORTED","","0","0","0","Switch user"
"CLINICAL_REVIEWER","/contracts/[id]","/contracts/cmuffqioe02szfs7dl658b8gy","200","","Failed to load resource: the server responded with a status of 403 (Forbidden)","","0","/crosses?_rsc=mef3hIvfndT_j2OY net::ERR_ABORTED | /?_rsc=mef3hIvfndT_j2OY net::ERR_ABORTED | /catalog?_rsc=mef3hIvfndT_j2OY net::ERR_ABORTED | /catalog/gudid?_rsc=mef3hIvfndT_j2OY net::ERR_ABORTED | /catalog/gudid?_rsc=4Gf8Hzsu8Hn8XV6X net::ERR_ABORTED | /?_rsc=4Gf8Hzsu8Hn8XV6X net::ERR_ABORTED | /catalog?_rsc=4Gf8Hzsu8Hn8XV6X net::ERR_ABORTED | /crosses?_rsc=4Gf8Hzsu8Hn8XV6X net::ERR_ABORTED | /notifications?_rsc=4Gf8Hzsu8Hn8XV6X net::ERR_ABORTED | /settings?_rsc=4Gf8Hzsu8Hn8XV6X net::ERR_ABORTED","403 /api/contracts/cmuffqioe02szfs7dl658b8gy","0","0","0","Switch user"
"CLINICAL_REVIEWER","/intelligence","/intelligence","200","Competitor pricing","Failed to load resource: the server responded with a status of 403 (Forbidden)","","0","/?_rsc=3fD0047dUoUPXvG2 net::ERR_ABORTED | /catalog?_rsc=3fD0047dUoUPXvG2 net::ERR_ABORTED | /catalog/gudid?_rsc=3fD0047dUoUPXvG2 net::ERR_ABORTED | /catalog?_rsc=gu9LWiAQNzfrKsW2 net::ERR_ABORTED | /crosses?_rsc=gu9LWiAQNzfrKsW2 net::ERR_ABORTED | /catalog/gudid?_rsc=gu9LWiAQNzfrKsW2 net::ERR_ABORTED","403 /api/intelligence?","0","0","0","Switch user"
"CLINICAL_REVIEWER","/intelligence/bids","/intelligence/bids","200","Public bids and awards","Failed to load resource: the server responded with a status of 403 (Forbidden)","","0","/crosses?_rsc=2gWrMJaxdn-CU2fc net::ERR_ABORTED | /?_rsc=2gWrMJaxdn-CU2fc net::ERR_ABORTED | /catalog?_rsc=2gWrMJaxdn-CU2fc net::ERR_ABORTED | /catalog/gudid?_rsc=2gWrMJaxdn-CU2fc net::ERR_ABORTED | /notifications?_rsc=2gWrMJaxdn-CU2fc net::ERR_ABORTED | /intelligence?_rsc=2gWrMJaxdn-CU2fc net::ERR_ABORTED | /?_rsc=W5McYxvxTMCZbYJx net::ERR_ABORTED | /catalog?_rsc=W5McYxvxTMCZbYJx net::ERR_ABORTED | /catalog/gudid?_rsc=W5McYxvxTMCZbYJx net::ERR_ABORTED | /crosses?_rsc=W5McYxvxTMCZbYJx net::ERR_ABORTED | /settings?_rsc=W5McYxvxTMCZbYJx net::ERR_ABORTED | /intelligence?_rsc=W5McYxvxTMCZbYJx net::ERR_ABORTED | /notifications?_rsc=W5McYxvxTMCZbYJx net::ERR_ABORTED","403 /api/intelligence/bids?q=&source=&competitorId=","0","0","0","Switch user ; Save (disabled) ; Bid file (disabled)"
"CLINICAL_REVIEWER","/intelligence/extractions/[id]","/intelligence/extractions/missing0000000000000000","200","Extraction","Failed to load resource: the server responded with a status of 403 (Forbidden)","","0","/catalog/gudid?_rsc=wBL8jh-0AxNJNXN_ net::ERR_ABORTED | /crosses?_rsc=wBL8jh-0AxNJNXN_ net::ERR_ABORTED | /settings?_rsc=wBL8jh-0AxNJNXN_ net::ERR_ABORTED | /notifications?_rsc=wBL8jh-0AxNJNXN_ net::ERR_ABORTED","403 /api/documents/extractions/missing0000000000000000","0","0","0","Switch user"
"CLINICAL_REVIEWER","/analytics","/analytics","200","","","","0","/?_rsc=ix5_aAief6TvBg04 net::ERR_ABORTED | /catalog?_rsc=ix5_aAief6TvBg04 net::ERR_ABORTED | /catalog/gudid?_rsc=ix5_aAief6TvBg04 net::ERR_ABORTED | /crosses?_rsc=ix5_aAief6TvBg04 net::ERR_ABORTED | /settings?_rsc=ix5_aAief6TvBg04 net::ERR_ABORTED | /notifications?_rsc=ix5_aAief6TvBg04 net::ERR_ABORTED | /?_rsc=Dt318okBLJyNDlfE net::ERR_ABORTED | /catalog?_rsc=Dt318okBLJyNDlfE net::ERR_ABORTED | /catalog/gudid?_rsc=Dt318okBLJyNDlfE net::ERR_ABORTED | /crosses?_rsc=Dt318okBLJyNDlfE net::ERR_ABORTED | /settings?_rsc=Dt318okBLJyNDlfE net::ERR_ABORTED | /notifications?_rsc=Dt318okBLJyNDlfE net::ERR_ABORTED","","0","0","0","Switch user"
"CLINICAL_REVIEWER","/catalog","/catalog","200","Our catalog","","","0","/?_rsc=OYzo7EH3MGwwxBfF net::ERR_ABORTED | /settings?_rsc=OYzo7EH3MGwwxBfF net::ERR_ABORTED | /catalog/gudid?_rsc=O6cAbYUSgs3KBG-F net::ERR_ABORTED | /notifications?_rsc=OYzo7EH3MGwwxBfF net::ERR_ABORTED | /?_rsc=O6cAbYUSgs3KBG-F net::ERR_ABORTED | /catalog?_rsc=O6cAbYUSgs3KBG-F net::ERR_ABORTED | /notifications?_rsc=O6cAbYUSgs3KBG-F net::ERR_ABORTED | /settings?_rsc=O6cAbYUSgs3KBG-F net::ERR_ABORTED","","0","0","0","Switch user ; GUDID library ; 174006 ; ABSTACK30 ; ABSTACK30X ; PCO2015X ; PCO2520X ; PCO9X ; 11-1276 ; 11-1278 ; 171305 ; 173019 ; 173030 ; 173046 ; 173049 ; 173050G ; 174001 ; 174209 ; 174213 ; 174233 ; 174301 ; 174309 ; 174317 ; 174601 ; 176605 ; 176613 ; 176643 ; 176645 ; 176647 ; 178081 ; 178083 ; 178091 ; 178093 ; 178099 ; 25030 ; CATCH10 ; E3781-28 ; E3781R-28ASP ; E3783-28 ; E3783R-28ASP ; E3783R-36ASP ; LF1837 ; LF5637 ; SILSCLINCH46 ; SILSDISSECT46 ; SILSHOOK36 ; SILSHOOK46 ; SILSSHEAR46 ; WPLGR914 ; WPXLGR1117 ; 010316L ; 010460 ; 010470 ; 015427L ; 015433L ; 015441L ; 015451L ; 015458L ; 015477L ; 015485L ; 015888L ; 017614 ; 020242 ; 030330L ; 030412 ; 030424L ; 030425 ; 030426 ; 030454 ; 030470 ; 030735L ; 059037 ; 111981 ; 111983 ; 111985 ; 111987 ; 111989 ; 3948L ; 3971 ; 3973 ; 4901T ; 8886803712 ; EEA21 ; EEA2135 ; EEA25 ; EEA2535 ; EEA28 ; EEA2835 ; EEA31 ; EEA33 ; EEAXL21 ; EEAXL2135 ; EEAXL25 ; EEAXL2535 ; EEAXL28 ; EEAXL2835 ; EEAXL31 ; EEAXL33 ; EGIA45AMT ; EGIA45AV ; EGIA45AVM ; EGIA45CTAVM ; EGIA60AMT ; EGIA60AVM ; EGIA60AXT ; EGIARADMT ; EGIARADVM ; EGIARADXT ; EGIAUSHORT ; EGIAUSTND ; EGIAUXL ; GIA10038L ; GIA10038S ; GIA10048L ; GIA10048S ; GIA6025L ; GIA6025S ; GIA6038L ; GIA6038S ; GIA6048L ; GIA6048S ; GIA60MTC ; GIA60MTS ; GIA60XTC ; GIA60XTS ; GIA8038L ; GIA8038S ; GIA8048L ; GIA8048S ; GIA80MTC ; GIA80MTS ; GIA80XTC ; GIA80XTS ; HEM3335 ; HEM3348 ; IDRVULTRA1 ; SGIA6038S ; SIG30AMT ; SIG30AV ; SIG30AVM ; SIG30CTAV ; SIG30CTAVM ; SIG45AMT ; SIG45AXT ; SIG45CTAMT ; SIG45CTAV ; SIG45CTAVM ; SIG60AMT ; SIG60AXT ; SIG60CTAMT ; SIG60CTAVM ; SIGADAPTSHORT ; SIGADAPTSTND ; SIGADAPTXL ; SIGC45MT ; SIGC45V ; SIGC45VM ; SIGC45VT ; SIGC60MT ; SIGC60V ; SIGC60VM ; SIGC60VT ; SIGLU45A ; SIGLU60A ; SIGPSHELL ; SIGRADMT ; SIGRADVM ; SIGRADXT ; SIGSDL45CTVT ; SIGSDS30CTV ; SIGSDS30CTVT ; SIGTRSB45AMT ; SIGTRSB45AXT ; SIGTRSB60AMT ; SIGTRSB60AXT ; TA3035L ; TA3035S ; TA3048L ; TA3048S ; TA30V3L ; TA30V3S ; TA4535L ; TA4535S ; TA4548L ; TA4548S ; TA6035L ; TA6035S ; TA6048L ; TA6048S ; TA9035L ; TA9035S ; TA9048L ; TA9048S ; TRIEEA28MT ; TRIEEA28XT ; TRIEEA31MT ; TRIEEA31XT ; TRIEEAXL28MT ; TRIEEAXL28XT ; TRIEEAXL31MT ; TRIEEAXL31XT ; TRIEEAXL33MT ; PPDS12 ; PPDS15 ; PPDS1510 ; PPDS2015 ; PPM1106X3 ; PPM1510X3 ; PPM4530 ; 171313 ; 171315 ; 172015 ; 172016 ; 176626P ; 176673P ; 176674P ; 176674PF ; 177090P ; 177090PF ; 177091P ; 177091PF ; 177092 ; 177092F ; 177992P ; 177995P ; 179076P ; 179077P ; 179078PF ; 179093 ; 179093F ; 179094 ; 179094F ; 179095P ; 179096P ; 179096PF ; 179097P ; 179097PF ; 179100 ; 179101 ; 179102P ; 179301 ; 179303 ; 179305 ; 179307 ; 179308 ; 179309 ; 179310 ; 21-345 ; 220-50 ; 24055- ; 4216 ; B11STF ; B11STS ; B12LGF ; B12LGS ; B12STF ; B12STFCS ; B12STS ; B5SHF ; B5SHS ; B5STF ; B5STS ; BPT12STS ; MS100703 ; MS100705 ; MS100708 ; MS101003 ; MS101005 ; MS101008 ; NB11STF ; NB12LGF ; NB12SHF ; NB12STF ; NB12STS ; NB15LGF ; NB15STF ; NB3SHFLP ; NB5LGF ; NB5SHF ; NB5SHFLP ; NB5STF ; NB5STFLP ; NBFCA11ST ; NBFCA12ST ; NONB11STF ; NONB12LGF ; NONB12SHF ; NONB12STF ; NONB12STS ; NONB15LGF ; NONB15STF ; NONB5LGF ; NONB5SHF ; NONB5STF ; NONB8STF ; OMS-T10BT ; OMS-T10BTNL ; OMS-T10BTS ; OMS-T10BTSNL ; OMS-T12BT ; OMS-T12BTNL ; ONB11LGF ; ONB11STF ; ONB12LGF ; ONB12SHF ; ONB12STF ; ONB12STF-NSB ; ONB12STFCS ; ONB12STS ; ONB15STF ; ONB5LGF ; ONB5SHF ; ONB5STF ; ONB5STF-NSB ; ONB5STF2C ; ONBFCA11ST ; S100000 ; S100700 ; S100705 ; S100710 ; S100712 ; S101000 ; S101005 ; S101010 ; S101012 ; S110000 ; SILSPT12TA ; SILSPT5TA ; UNVCA11STF ; UNVCA12LGF ; UNVCA12STF ; UNVCA12STF-NSB ; UNVCA12STS ; UNVCA5LGF ; UNVCA5SHF ; UNVCA5STF ; VS070000 ; VS100700 ; VS100705 ; VS100711P ; VS100712P ; VS101000 ; VS101005 ; VS101011P ; VS101012P ; VS101015P ; VS101500 ; VS101505 ; VS101512P ; VS150000 ; VSR100005 ; VSR100812P ; WPMD509 ; WPSM256 ; WPXSM24"
"CLINICAL_REVIEWER","/catalog/gudid","/catalog/gudid","200","GUDID library","","","0","/settings?_rsc=DGmoGnAw5OqJpMhM net::ERR_ABORTED | /?_rsc=DGmoGnAw5OqJpMhM net::ERR_ABORTED | /catalog?_rsc=DGmoGnAw5OqJpMhM net::ERR_ABORTED | /crosses?_rsc=DGmoGnAw5OqJpMhM net::ERR_ABORTED | /?_rsc=Z9EVd8HHdUwJDdIQ net::ERR_ABORTED | /crosses?_rsc=Z9EVd8HHdUwJDdIQ net::ERR_ABORTED | /catalog/gudid?_rsc=Z9EVd8HHdUwJDdIQ net::ERR_ABORTED | /catalog?_rsc=Z9EVd8HHdUwJDdIQ net::ERR_ABORTED | /notifications?_rsc=Z9EVd8HHdUwJDdIQ net::ERR_ABORTED","","0","0","0","Switch user"
"CLINICAL_REVIEWER","/crosses","/crosses","200","Crosswalk","","","0","/?_rsc=zAn-vlYtEcVbUMJ6 net::ERR_ABORTED | /catalog?_rsc=zAn-vlYtEcVbUMJ6 net::ERR_ABORTED | /catalog/gudid?_rsc=aniPmKjMQR6zCALO net::ERR_ABORTED | /crosses?_rsc=aniPmKjMQR6zCALO net::ERR_ABORTED | /notifications?_rsc=aniPmKjMQR6zCALO net::ERR_ABORTED | /settings?_rsc=aniPmKjMQR6zCALO net::ERR_ABORTED","","0","0","0","Switch user"
"CLINICAL_REVIEWER","/notifications","/notifications","200","Notifications","","","0","/?_rsc=oG-rbVP81bj5yHs2 net::ERR_ABORTED | /catalog?_rsc=oG-rbVP81bj5yHs2 net::ERR_ABORTED | /catalog/gudid?_rsc=oG-rbVP81bj5yHs2 net::ERR_ABORTED | /crosses?_rsc=oG-rbVP81bj5yHs2 net::ERR_ABORTED | /crosses?_rsc=FxIb9Zh5xrkPNSW4 net::ERR_ABORTED | /catalog?_rsc=FxIb9Zh5xrkPNSW4 net::ERR_ABORTED | /catalog/gudid?_rsc=FxIb9Zh5xrkPNSW4 net::ERR_ABORTED | /settings?_rsc=FxIb9Zh5xrkPNSW4 net::ERR_ABORTED | /notifications?_rsc=FxIb9Zh5xrkPNSW4 net::ERR_ABORTED","","0","0","0","Switch user ; Mark all read ; Read"
"CLINICAL_REVIEWER","/settings","/settings","200","Settings","Failed to load resource: the server responded with a status of 403 (Forbidden) | Failed to load resource: the server responded with a status of 403 (Forbidden)","","0","/?_rsc=DQxjArDrgutTG17x net::ERR_ABORTED | /catalog?_rsc=DQxjArDrgutTG17x net::ERR_ABORTED | /catalog/gudid?_rsc=DQxjArDrgutTG17x net::ERR_ABORTED | /settings/pricing?_rsc=DQxjArDrgutTG17x net::ERR_ABORTED | /notifications?_rsc=DQxjArDrgutTG17x net::ERR_ABORTED | /catalog/gudid?_rsc=j-_vjoKOn8bxlRO7 net::ERR_ABORTED | /?_rsc=j-_vjoKOn8bxlRO7 net::ERR_ABORTED | /catalog?_rsc=j-_vjoKOn8bxlRO7 net::ERR_ABORTED | /crosses?_rsc=j-_vjoKOn8bxlRO7 net::ERR_ABORTED | /settings?_rsc=j-_vjoKOn8bxlRO7 net::ERR_ABORTED | /notifications?_rsc=j-_vjoKOn8bxlRO7 net::ERR_ABORTED | /settings/pricing?_rsc=j-_vjoKOn8bxlRO7 net::ERR_ABORTED","403 /api/settings/branding | 403 /api/integrations","0","0","0","Switch user ; Save (disabled)"
"CLINICAL_REVIEWER","/settings/integrations","/settings/integrations","200","Settings","Failed to load resource: the server responded with a status of 403 (Forbidden) | Failed to load resource: the server responded with a status of 403 (Forbidden)","","0","/api/settings/branding net::ERR_ABORTED | /api/integrations net::ERR_ABORTED | /catalog?_rsc=DQxjArDrgutTG17x net::ERR_ABORTED | /catalog/gudid?_rsc=DQxjArDrgutTG17x net::ERR_ABORTED | /crosses?_rsc=DQxjArDrgutTG17x net::ERR_ABORTED | /?_rsc=DQxjArDrgutTG17x net::ERR_ABORTED | /notifications?_rsc=DQxjArDrgutTG17x net::ERR_ABORTED | /?_rsc=j-_vjoKOn8bxlRO7 net::ERR_ABORTED | /settings/pricing?_rsc=DQxjArDrgutTG17x net::ERR_ABORTED | /catalog?_rsc=j-_vjoKOn8bxlRO7 net::ERR_ABORTED | /crosses?_rsc=j-_vjoKOn8bxlRO7 net::ERR_ABORTED | /settings/pricing?_rsc=j-_vjoKOn8bxlRO7 net::ERR_ABORTED | /settings?_rsc=j-_vjoKOn8bxlRO7 net::ERR_ABORTED | /notifications?_rsc=j-_vjoKOn8bxlRO7 net::ERR_ABORTED","403 /api/integrations | 403 /api/settings/branding","0","0","0","Switch user ; Save (disabled)"
"CLINICAL_REVIEWER","/settings/pricing","/settings/pricing","200","Pricing policies","Failed to load resource: the server responded with a status of 403 (Forbidden)","","0","/api/integrations net::ERR_ABORTED | /api/settings/branding net::ERR_ABORTED | /crosses?_rsc=8oSST31HPn0UlEto net::ERR_ABORTED | /?_rsc=8oSST31HPn0UlEto net::ERR_ABORTED | /catalog?_rsc=8oSST31HPn0UlEto net::ERR_ABORTED | /catalog/gudid?_rsc=8oSST31HPn0UlEto net::ERR_ABORTED | /notifications?_rsc=8oSST31HPn0UlEto net::ERR_ABORTED | /settings?_rsc=8oSST31HPn0UlEto net::ERR_ABORTED | /?_rsc=_Ie442TgELs3Q458 net::ERR_ABORTED | /catalog?_rsc=_Ie442TgELs3Q458 net::ERR_ABORTED | /catalog/gudid?_rsc=_Ie442TgELs3Q458 net::ERR_ABORTED | /crosses?_rsc=_Ie442TgELs3Q458 net::ERR_ABORTED | /settings?_rsc=_Ie442TgELs3Q458 net::ERR_ABORTED | /notifications?_rsc=_Ie442TgELs3Q458 net::ERR_ABORTED","403 /api/pricing-policies","0","0","0","Switch user ; New draft (disabled)"
"FINANCE","/","/","200","Competitive cross reference","","","0","/proposals?_rsc=5CB68i4pnAekjehf net::ERR_ABORTED | /accounts?_rsc=5CB68i4pnAekjehf net::ERR_ABORTED | /contracts?_rsc=5CB68i4pnAekjehf net::ERR_ABORTED | /intelligence?_rsc=5CB68i4pnAekjehf net::ERR_ABORTED | /intelligence/bids?_rsc=5CB68i4pnAekjehf net::ERR_ABORTED | /analytics?_rsc=5CB68i4pnAekjehf net::ERR_ABORTED | /catalog?_rsc=5CB68i4pnAekjehf net::ERR_ABORTED | /catalog/gudid?_rsc=5CB68i4pnAekjehf net::ERR_ABORTED | /notifications?_rsc=5CB68i4pnAekjehf net::ERR_ABORTED | /?_rsc=tXyZJ52UQVBCVsD3 net::ERR_ABORTED | /proposals?_rsc=tXyZJ52UQVBCVsD3 net::ERR_ABORTED | /intelligence?_rsc=tXyZJ52UQVBCVsD3 net::ERR_ABORTED | /accounts?_rsc=tXyZJ52UQVBCVsD3 net::ERR_ABORTED | /contracts?_rsc=tXyZJ52UQVBCVsD3 net::ERR_ABORTED | /intelligence/bids?_rsc=tXyZJ52UQVBCVsD3 net::ERR_ABORTED | /analytics?_rsc=tXyZJ52UQVBCVsD3 net::ERR_ABORTED | /catalog/gudid?_rsc=tXyZJ52UQVBCVsD3 net::ERR_ABORTED | /crosses?_rsc=tXyZJ52UQVBCVsD3 net::ERR_ABORTED | /settings?_rsc=tXyZJ52UQVBCVsD3 net::ERR_ABORTED | /notifications?_rsc=tXyZJ52UQVBCVsD3 net::ERR_ABORTED","","0","0","0","Switch user"
"FINANCE","/requests","/requests","200","","","","0","/accounts?_rsc=p3Q57VochOqcQNsg net::ERR_ABORTED | /contracts?_rsc=p3Q57VochOqcQNsg net::ERR_ABORTED | /?_rsc=p3Q57VochOqcQNsg net::ERR_ABORTED | /proposals?_rsc=p3Q57VochOqcQNsg net::ERR_ABORTED | /analytics?_rsc=p3Q57VochOqcQNsg net::ERR_ABORTED | /intelligence/bids?_rsc=p3Q57VochOqcQNsg net::ERR_ABORTED | /intelligence?_rsc=p3Q57VochOqcQNsg net::ERR_ABORTED | /catalog?_rsc=p3Q57VochOqcQNsg net::ERR_ABORTED | /catalog/gudid?_rsc=p3Q57VochOqcQNsg net::ERR_ABORTED | /crosses?_rsc=p3Q57VochOqcQNsg net::ERR_ABORTED | /?_rsc=nIzLgF1M7nWxnHlV net::ERR_ABORTED | /proposals?_rsc=nIzLgF1M7nWxnHlV net::ERR_ABORTED | /contracts?_rsc=nIzLgF1M7nWxnHlV net::ERR_ABORTED | /intelligence?_rsc=nIzLgF1M7nWxnHlV net::ERR_ABORTED | /analytics?_rsc=nIzLgF1M7nWxnHlV net::ERR_ABORTED | /catalog?_rsc=nIzLgF1M7nWxnHlV net::ERR_ABORTED | /catalog/gudid?_rsc=nIzLgF1M7nWxnHlV net::ERR_ABORTED | /intelligence/bids?_rsc=nIzLgF1M7nWxnHlV net::ERR_ABORTED | /settings?_rsc=nIzLgF1M7nWxnHlV net::ERR_ABORTED | /notifications?_rsc=nIzLgF1M7nWxnHlV net::ERR_ABORTED | /crosses?_rsc=nIzLgF1M7nWxnHlV net::ERR_ABORTED","","0","0","0","Switch user"
"FINANCE","/requests/new","/requests/new","200","","","","0","/proposals?_rsc=4belA-F-xg-XtLdx net::ERR_ABORTED | /accounts?_rsc=4belA-F-xg-XtLdx net::ERR_ABORTED | /contracts?_rsc=4belA-F-xg-XtLdx net::ERR_ABORTED | /?_rsc=4belA-F-xg-XtLdx net::ERR_ABORTED | /intelligence?_rsc=4belA-F-xg-XtLdx net::ERR_ABORTED | /catalog/gudid?_rsc=4belA-F-xg-XtLdx net::ERR_ABORTED | /catalog?_rsc=4belA-F-xg-XtLdx net::ERR_ABORTED | /intelligence/bids?_rsc=4belA-F-xg-XtLdx net::ERR_ABORTED | /analytics?_rsc=4belA-F-xg-XtLdx net::ERR_ABORTED | /crosses?_rsc=4belA-F-xg-XtLdx net::ERR_ABORTED | /settings?_rsc=4belA-F-xg-XtLdx net::ERR_ABORTED | /notifications?_rsc=4belA-F-xg-XtLdx net::ERR_ABORTED | /?_rsc=O1p93FFpSnNce0k4 net::ERR_ABORTED | /proposals?_rsc=O1p93FFpSnNce0k4 net::ERR_ABORTED | /contracts?_rsc=O1p93FFpSnNce0k4 net::ERR_ABORTED | /accounts?_rsc=O1p93FFpSnNce0k4 net::ERR_ABORTED | /intelligence?_rsc=O1p93FFpSnNce0k4 net::ERR_ABORTED | /catalog/gudid?_rsc=O1p93FFpSnNce0k4 net::ERR_ABORTED | /intelligence/bids?_rsc=O1p93FFpSnNce0k4 net::ERR_ABORTED | /analytics?_rsc=O1p93FFpSnNce0k4 net::ERR_ABORTED | /catalog?_rsc=O1p93FFpSnNce0k4 net::ERR_ABORTED | /crosses?_rsc=O1p93FFpSnNce0k4 net::ERR_ABORTED | /settings?_rsc=O1p93FFpSnNce0k4 net::ERR_ABORTED | /notifications?_rsc=O1p93FFpSnNce0k4 net::ERR_ABORTED","","0","0","0","Switch user"
"FINANCE","/requests/[id]","/requests/null","200","","Failed to load resource: the server responded with a status of 403 (Forbidden)","","0","/accounts?_rsc=76SvvV1TLjtpHtqe net::ERR_ABORTED | /?_rsc=76SvvV1TLjtpHtqe net::ERR_ABORTED | /proposals?_rsc=76SvvV1TLjtpHtqe net::ERR_ABORTED | /analytics?_rsc=76SvvV1TLjtpHtqe net::ERR_ABORTED | /requests?_rsc=76SvvV1TLjtpHtqe net::ERR_ABORTED | /intelligence?_rsc=76SvvV1TLjtpHtqe net::ERR_ABORTED | /intelligence/bids?_rsc=76SvvV1TLjtpHtqe net::ERR_ABORTED | /catalog?_rsc=76SvvV1TLjtpHtqe net::ERR_ABORTED | /catalog/gudid?_rsc=76SvvV1TLjtpHtqe net::ERR_ABORTED | /crosses?_rsc=76SvvV1TLjtpHtqe net::ERR_ABORTED | /notifications?_rsc=76SvvV1TLjtpHtqe net::ERR_ABORTED | /requests?_rsc=eoRKZgXY26fq4Ulk net::ERR_ABORTED | /?_rsc=eoRKZgXY26fq4Ulk net::ERR_ABORTED | /proposals?_rsc=eoRKZgXY26fq4Ulk net::ERR_ABORTED | /accounts?_rsc=eoRKZgXY26fq4Ulk net::ERR_ABORTED | /contracts?_rsc=eoRKZgXY26fq4Ulk net::ERR_ABORTED | /intelligence?_rsc=eoRKZgXY26fq4Ulk net::ERR_ABORTED | /intelligence/bids?_rsc=eoRKZgXY26fq4Ulk net::ERR_ABORTED | /analytics?_rsc=eoRKZgXY26fq4Ulk net::ERR_ABORTED | /catalog?_rsc=eoRKZgXY26fq4Ulk net::ERR_ABORTED | /catalog/gudid?_rsc=eoRKZgXY26fq4Ulk net::ERR_ABORTED | /crosses?_rsc=eoRKZgXY26fq4Ulk net::ERR_ABORTED | /settings?_rsc=eoRKZgXY26fq4Ulk net::ERR_ABORTED","403 /api/requests/null","0","0","0","Switch user"
"FINANCE","/proposals","/proposals","200","Commercial proposals","","","0","/contracts?_rsc=8qZH60WsiyOTuseO net::ERR_ABORTED | /intelligence?_rsc=8qZH60WsiyOTuseO net::ERR_ABORTED | /?_rsc=8qZH60WsiyOTuseO net::ERR_ABORTED | /accounts?_rsc=8qZH60WsiyOTuseO net::ERR_ABORTED | /intelligence/bids?_rsc=8qZH60WsiyOTuseO net::ERR_ABORTED | /catalog?_rsc=8qZH60WsiyOTuseO net::ERR_ABORTED | /settings?_rsc=8qZH60WsiyOTuseO net::ERR_ABORTED | /notifications?_rsc=8qZH60WsiyOTuseO net::ERR_ABORTED | /proposals?_rsc=yDw8cg_cK2Tq2IDS net::ERR_ABORTED | /?_rsc=yDw8cg_cK2Tq2IDS net::ERR_ABORTED | /intelligence?_rsc=yDw8cg_cK2Tq2IDS net::ERR_ABORTED | /intelligence/bids?_rsc=yDw8cg_cK2Tq2IDS net::ERR_ABORTED | /analytics?_rsc=yDw8cg_cK2Tq2IDS net::ERR_ABORTED | /catalog?_rsc=yDw8cg_cK2Tq2IDS net::ERR_ABORTED | /catalog/gudid?_rsc=yDw8cg_cK2Tq2IDS net::ERR_ABORTED | /notifications?_rsc=yDw8cg_cK2Tq2IDS net::ERR_ABORTED | /crosses?_rsc=yDw8cg_cK2Tq2IDS net::ERR_ABORTED | /settings?_rsc=yDw8cg_cK2Tq2IDS net::ERR_ABORTED","","0","0","0","Switch user"
"FINANCE","/proposals/[id]","/proposals/null","200","","Failed to load resource: the server responded with a status of 404 (Not Found)","","0","/?_rsc=VreOGdJHuaZwqD3- net::ERR_ABORTED | /contracts?_rsc=VreOGdJHuaZwqD3- net::ERR_ABORTED | /proposals?_rsc=VreOGdJHuaZwqD3- net::ERR_ABORTED | /accounts?_rsc=VreOGdJHuaZwqD3- net::ERR_ABORTED | /intelligence/bids?_rsc=VreOGdJHuaZwqD3- net::ERR_ABORTED | /catalog?_rsc=VreOGdJHuaZwqD3- net::ERR_ABORTED | /analytics?_rsc=VreOGdJHuaZwqD3- net::ERR_ABORTED | /catalog/gudid?_rsc=VreOGdJHuaZwqD3- net::ERR_ABORTED | /crosses?_rsc=VreOGdJHuaZwqD3- net::ERR_ABORTED | /settings?_rsc=VreOGdJHuaZwqD3- net::ERR_ABORTED | /notifications?_rsc=VreOGdJHuaZwqD3- net::ERR_ABORTED | /proposals?_rsc=hzu8hJFrzSYjsRgK net::ERR_ABORTED | /catalog?_rsc=hzu8hJFrzSYjsRgK net::ERR_ABORTED | /intelligence?_rsc=hzu8hJFrzSYjsRgK net::ERR_ABORTED | /intelligence/bids?_rsc=hzu8hJFrzSYjsRgK net::ERR_ABORTED | /analytics?_rsc=hzu8hJFrzSYjsRgK net::ERR_ABORTED | /catalog/gudid?_rsc=hzu8hJFrzSYjsRgK net::ERR_ABORTED | /crosses?_rsc=hzu8hJFrzSYjsRgK net::ERR_ABORTED | /settings?_rsc=hzu8hJFrzSYjsRgK net::ERR_ABORTED","404 /api/proposals/null","0","0","0","Switch user"
"FINANCE","/approvals","/approvals","200","Pricing approvals","","","0","/?_rsc=Ut9iRRX_9PZKRdF- net::ERR_ABORTED | /proposals?_rsc=Ut9iRRX_9PZKRdF- net::ERR_ABORTED | /accounts?_rsc=Ut9iRRX_9PZKRdF- net::ERR_ABORTED | /contracts?_rsc=Ut9iRRX_9PZKRdF- net::ERR_ABORTED | /intelligence?_rsc=Ut9iRRX_9PZKRdF- net::ERR_ABORTED | /intelligence/bids?_rsc=Ut9iRRX_9PZKRdF- net::ERR_ABORTED | /analytics?_rsc=Ut9iRRX_9PZKRdF- net::ERR_ABORTED | /catalog/gudid?_rsc=Ut9iRRX_9PZKRdF- net::ERR_ABORTED | /proposals?_rsc=AU6DTT46DVXZ7jWj net::ERR_ABORTED | /accounts?_rsc=AU6DTT46DVXZ7jWj net::ERR_ABORTED | /intelligence?_rsc=AU6DTT46DVXZ7jWj net::ERR_ABORTED | /intelligence/bids?_rsc=AU6DTT46DVXZ7jWj net::ERR_ABORTED | /analytics?_rsc=AU6DTT46DVXZ7jWj net::ERR_ABORTED | /contracts?_rsc=AU6DTT46DVXZ7jWj net::ERR_ABORTED | /crosses?_rsc=AU6DTT46DVXZ7jWj net::ERR_ABORTED | /catalog/gudid?_rsc=AU6DTT46DVXZ7jWj net::ERR_ABORTED | /settings?_rsc=AU6DTT46DVXZ7jWj net::ERR_ABORTED","","0","0","0","Switch user ; Delegate my approvals (disabled)"
"FINANCE","/accounts","/accounts","200","Accounts & GPO membership","","","0","/intelligence?_rsc=iZGmHDWBA-6V7KTQ net::ERR_ABORTED | /?_rsc=iZGmHDWBA-6V7KTQ net::ERR_ABORTED | /proposals?_rsc=iZGmHDWBA-6V7KTQ net::ERR_ABORTED | /contracts?_rsc=iZGmHDWBA-6V7KTQ net::ERR_ABORTED | /intelligence/bids?_rsc=iZGmHDWBA-6V7KTQ net::ERR_ABORTED | /analytics?_rsc=iZGmHDWBA-6V7KTQ net::ERR_ABORTED | /catalog?_rsc=iZGmHDWBA-6V7KTQ net::ERR_ABORTED | /catalog/gudid?_rsc=iZGmHDWBA-6V7KTQ net::ERR_ABORTED | /notifications?_rsc=iZGmHDWBA-6V7KTQ net::ERR_ABORTED | /crosses?_rsc=iZGmHDWBA-6V7KTQ net::ERR_ABORTED | /settings?_rsc=iZGmHDWBA-6V7KTQ net::ERR_ABORTED | /accounts/cmuffqiii02rkfs7dzbqrnru0?_rsc=iZGmHDWBA-6V7KTQ net::ERR_ABORTED | /accounts/cmuffqiif02rjfs7dkcvn5i4a?_rsc=iZGmHDWBA-6V7KTQ net::ERR_ABORTED | /accounts/cmuffqiiq02rlfs7d9y1un1wd?_rsc=iZGmHDWBA-6V7KTQ net::ERR_ABORTED | /accounts/cmuffqiiv02rmfs7diaqvuvc9?_rsc=iZGmHDWBA-6V7KTQ net::ERR_ABORTED | /?_rsc=oRxEn_R9e10JER3Z net::ERR_ABORTED | /proposals?_rsc=oRxEn_R9e10JER3Z net::ERR_ABORTED | /accounts?_rsc=oRxEn_R9e10JER3Z net::ERR_ABORTED | /contracts?_rsc=oRxEn_R9e10JER3Z net::ERR_ABORTED | /intelligence?_rsc=oRxEn_R9e10JER3Z net::ERR_ABORTED | /intelligence/bids?_rsc=oRxEn_R9e10JER3Z net::ERR_ABORTED | /analytics?_rsc=oRxEn_R9e10JER3Z net::ERR_ABORTED | /catalog?_rsc=oRxEn_R9e10JER3Z net::ERR_ABORTED | /catalog/gudid?_rsc=oRxEn_R9e10JER3Z net::ERR_ABORTED | /crosses?_rsc=oRxEn_R9e10JER3Z net::ERR_ABORTED | /settings?_rsc=oRxEn_R9e10JER3Z net::ERR_ABORTED | /notifications?_rsc=oRxEn_R9e10JER3Z net::ERR_ABORTED | /accounts/cmuffqiii02rkfs7dzbqrnru0?_rsc=oRxEn_R9e10JER3Z net::ERR_ABORTED | /accounts/cmuffqiiq02rlfs7d9y1un1wd?_rsc=oRxEn_R9e10JER3Z net::ERR_ABORTED | /accounts/cmuffqiiv02rmfs7diaqvuvc9?_rsc=oRxEn_R9e10JER3Z net::ERR_ABORTED | /accounts/cmuffqiif02rjfs7dkcvn5i4a?_rsc=oRxEn_R9e10JER3Z net::ERR_ABORTED | /accounts/cmuffqiia02rifs7d9g96f4p7?_rsc=oRxEn_R9e10JER3Z net::ERR_ABORTED","","0","0","0","Switch user"
"FINANCE","/accounts/[id]","/accounts/cmuffqiii02rkfs7dzbqrnru0","200","Hospital A — Mount Vernon General","","","0","/?_rsc=mfJnIb6u-3Mn-ESD net::ERR_ABORTED | /proposals?_rsc=mfJnIb6u-3Mn-ESD net::ERR_ABORTED | /accounts?_rsc=mfJnIb6u-3Mn-ESD net::ERR_ABORTED | /contracts?_rsc=mfJnIb6u-3Mn-ESD net::ERR_ABORTED | /intelligence/bids?_rsc=mfJnIb6u-3Mn-ESD net::ERR_ABORTED | /intelligence?_rsc=mfJnIb6u-3Mn-ESD net::ERR_ABORTED | /analytics?_rsc=mfJnIb6u-3Mn-ESD net::ERR_ABORTED | /catalog?_rsc=mfJnIb6u-3Mn-ESD net::ERR_ABORTED | /catalog/gudid?_rsc=mfJnIb6u-3Mn-ESD net::ERR_ABORTED | /settings?_rsc=mfJnIb6u-3Mn-ESD net::ERR_ABORTED | /crosses?_rsc=mfJnIb6u-3Mn-ESD net::ERR_ABORTED | /contracts/cmuffqio702syfs7d0fonyhf3?_rsc=mfJnIb6u-3Mn-ESD net::ERR_ABORTED | /proposals?_rsc=pzgFYKDD5bs714zj net::ERR_ABORTED | /accounts?_rsc=pzgFYKDD5bs714zj net::ERR_ABORTED | /contracts?_rsc=pzgFYKDD5bs714zj net::ERR_ABORTED | /intelligence?_rsc=pzgFYKDD5bs714zj net::ERR_ABORTED | /intelligence/bids?_rsc=pzgFYKDD5bs714zj net::ERR_ABORTED | /analytics?_rsc=pzgFYKDD5bs714zj net::ERR_ABORTED | /catalog?_rsc=pzgFYKDD5bs714zj net::ERR_ABORTED | /catalog/gudid?_rsc=pzgFYKDD5bs714zj net::ERR_ABORTED | /settings?_rsc=pzgFYKDD5bs714zj net::ERR_ABORTED | /crosses?_rsc=pzgFYKDD5bs714zj net::ERR_ABORTED | /contracts/cmuffqio702syfs7d0fonyhf3?_rsc=pzgFYKDD5bs714zj net::ERR_ABORTED | /notifications?_rsc=pzgFYKDD5bs714zj net::ERR_ABORTED","","0","1","0","Switch user"
"FINANCE","/contracts","/contracts","200","Contracts & price context","","","0","/?_rsc=DzmfcRRfJeItXkgz net::ERR_ABORTED | /proposals?_rsc=DzmfcRRfJeItXkgz net::ERR_ABORTED | /accounts?_rsc=DzmfcRRfJeItXkgz net::ERR_ABORTED | /intelligence?_rsc=DzmfcRRfJeItXkgz net::ERR_ABORTED | /analytics?_rsc=DzmfcRRfJeItXkgz net::ERR_ABORTED | /intelligence/bids?_rsc=DzmfcRRfJeItXkgz net::ERR_ABORTED | /catalog?_rsc=DzmfcRRfJeItXkgz net::ERR_ABORTED | /catalog/gudid?_rsc=DzmfcRRfJeItXkgz net::ERR_ABORTED | /crosses?_rsc=DzmfcRRfJeItXkgz net::ERR_ABORTED | /settings?_rsc=DzmfcRRfJeItXkgz net::ERR_ABORTED | /notifications?_rsc=DzmfcRRfJeItXkgz net::ERR_ABORTED | /contracts/cmuffqioe02szfs7dl658b8gy?_rsc=DzmfcRRfJeItXkgz net::ERR_ABORTED | /contracts/cmuffqio702syfs7d0fonyhf3?_rsc=DzmfcRRfJeItXkgz net::ERR_ABORTED | /?_rsc=2Ju2sngZl13OvaTN net::ERR_ABORTED | /contracts?_rsc=2Ju2sngZl13OvaTN net::ERR_ABORTED | /proposals?_rsc=2Ju2sngZl13OvaTN net::ERR_ABORTED | /accounts?_rsc=2Ju2sngZl13OvaTN net::ERR_ABORTED | /intelligence?_rsc=2Ju2sngZl13OvaTN net::ERR_ABORTED | /catalog/gudid?_rsc=2Ju2sngZl13OvaTN net::ERR_ABORTED | /intelligence/bids?_rsc=2Ju2sngZl13OvaTN net::ERR_ABORTED | /analytics?_rsc=2Ju2sngZl13OvaTN net::ERR_ABORTED | /catalog?_rsc=2Ju2sngZl13OvaTN net::ERR_ABORTED | /settings?_rsc=2Ju2sngZl13OvaTN net::ERR_ABORTED | /notifications?_rsc=2Ju2sngZl13OvaTN net::ERR_ABORTED | /contracts/cmuffqioe02szfs7dl658b8gy?_rsc=2Ju2sngZl13OvaTN net::ERR_ABORTED | /crosses?_rsc=2Ju2sngZl13OvaTN net::ERR_ABORTED","","0","1","0","Switch user ; New contract (disabled)"
"FINANCE","/contracts/[id]","/contracts/cmuffqioe02szfs7dl658b8gy","200","MSK-LOCAL-2026 · MSK local mesh agreement","","","0","/?_rsc=mef3hIvfndT_j2OY net::ERR_ABORTED | /accounts?_rsc=mef3hIvfndT_j2OY net::ERR_ABORTED | /contracts?_rsc=mef3hIvfndT_j2OY net::ERR_ABORTED | /proposals?_rsc=mef3hIvfndT_j2OY net::ERR_ABORTED | /intelligence?_rsc=mef3hIvfndT_j2OY net::ERR_ABORTED | /intelligence/bids?_rsc=mef3hIvfndT_j2OY net::ERR_ABORTED | /analytics?_rsc=mef3hIvfndT_j2OY net::ERR_ABORTED | /catalog?_rsc=mef3hIvfndT_j2OY net::ERR_ABORTED | /notifications?_rsc=mef3hIvfndT_j2OY net::ERR_ABORTED | /accounts/cmuffqiif02rjfs7dkcvn5i4a?_rsc=mef3hIvfndT_j2OY net::ERR_ABORTED | /?_rsc=4Gf8Hzsu8Hn8XV6X net::ERR_ABORTED | /proposals?_rsc=4Gf8Hzsu8Hn8XV6X net::ERR_ABORTED | /accounts?_rsc=4Gf8Hzsu8Hn8XV6X net::ERR_ABORTED | /accounts/cmuffqiif02rjfs7dkcvn5i4a?_rsc=4Gf8Hzsu8Hn8XV6X net::ERR_ABORTED | /analytics?_rsc=4Gf8Hzsu8Hn8XV6X net::ERR_ABORTED | /intelligence/bids?_rsc=4Gf8Hzsu8Hn8XV6X net::ERR_ABORTED | /intelligence?_rsc=4Gf8Hzsu8Hn8XV6X net::ERR_ABORTED | /contracts?_rsc=4Gf8Hzsu8Hn8XV6X net::ERR_ABORTED | /crosses?_rsc=4Gf8Hzsu8Hn8XV6X net::ERR_ABORTED | /settings?_rsc=4Gf8Hzsu8Hn8XV6X net::ERR_ABORTED | /catalog/gudid?_rsc=4Gf8Hzsu8Hn8XV6X net::ERR_ABORTED | /catalog?_rsc=4Gf8Hzsu8Hn8XV6X net::ERR_ABORTED | /notifications?_rsc=4Gf8Hzsu8Hn8XV6X net::ERR_ABORTED","","0","1","0","Switch user ; Refresh performance ; Save entries (disabled)"
"FINANCE","/intelligence","/intelligence","200","Competitor pricing","","","0","/accounts?_rsc=3fD0047dUoUPXvG2 net::ERR_ABORTED | /?_rsc=3fD0047dUoUPXvG2 net::ERR_ABORTED | /proposals?_rsc=3fD0047dUoUPXvG2 net::ERR_ABORTED | /intelligence/bids?_rsc=3fD0047dUoUPXvG2 net::ERR_ABORTED | /analytics?_rsc=3fD0047dUoUPXvG2 net::ERR_ABORTED | /catalog?_rsc=3fD0047dUoUPXvG2 net::ERR_ABORTED | /crosses?_rsc=3fD0047dUoUPXvG2 net::ERR_ABORTED | /?_rsc=gu9LWiAQNzfrKsW2 net::ERR_ABORTED | /proposals?_rsc=gu9LWiAQNzfrKsW2 net::ERR_ABORTED | /settings?_rsc=3fD0047dUoUPXvG2 net::ERR_ABORTED | /notifications?_rsc=3fD0047dUoUPXvG2 net::ERR_ABORTED | /accounts?_rsc=gu9LWiAQNzfrKsW2 net::ERR_ABORTED | /contracts?_rsc=gu9LWiAQNzfrKsW2 net::ERR_ABORTED | /intelligence?_rsc=gu9LWiAQNzfrKsW2 net::ERR_ABORTED | /analytics?_rsc=gu9LWiAQNzfrKsW2 net::ERR_ABORTED | /settings?_rsc=gu9LWiAQNzfrKsW2 net::ERR_ABORTED | /catalog?_rsc=gu9LWiAQNzfrKsW2 net::ERR_ABORTED | /catalog/gudid?_rsc=gu9LWiAQNzfrKsW2 net::ERR_ABORTED | /crosses?_rsc=gu9LWiAQNzfrKsW2 net::ERR_ABORTED | /notifications?_rsc=gu9LWiAQNzfrKsW2 net::ERR_ABORTED","","0","1","0","Switch user ; 1190500 ; 113700 ; 1410015010 ; SPMII ; 1190816 ; 1190820 ; 1DLMC05 ; UPA31015 ; 1DLMC03 ; 1200710 ; 1190300 ; 112650 ; SPMXXL ; 1202025 ; 112660 ; 112680 ; 1201520"
"FINANCE","/intelligence/bids","/intelligence/bids","200","Public bids and awards","","","0","/contracts?_rsc=2gWrMJaxdn-CU2fc net::ERR_ABORTED | /?_rsc=2gWrMJaxdn-CU2fc net::ERR_ABORTED | /proposals?_rsc=2gWrMJaxdn-CU2fc net::ERR_ABORTED | /accounts?_rsc=2gWrMJaxdn-CU2fc net::ERR_ABORTED | /intelligence?_rsc=2gWrMJaxdn-CU2fc net::ERR_ABORTED | /analytics?_rsc=2gWrMJaxdn-CU2fc net::ERR_ABORTED | /catalog?_rsc=2gWrMJaxdn-CU2fc net::ERR_ABORTED | /settings?_rsc=2gWrMJaxdn-CU2fc net::ERR_ABORTED | /crosses?_rsc=2gWrMJaxdn-CU2fc net::ERR_ABORTED | /notifications?_rsc=2gWrMJaxdn-CU2fc net::ERR_ABORTED | /?_rsc=W5McYxvxTMCZbYJx net::ERR_ABORTED | /proposals?_rsc=W5McYxvxTMCZbYJx net::ERR_ABORTED | /accounts?_rsc=W5McYxvxTMCZbYJx net::ERR_ABORTED | /contracts?_rsc=W5McYxvxTMCZbYJx net::ERR_ABORTED | /intelligence?_rsc=W5McYxvxTMCZbYJx net::ERR_ABORTED | /intelligence/bids?_rsc=W5McYxvxTMCZbYJx net::ERR_ABORTED | /catalog/gudid?_rsc=W5McYxvxTMCZbYJx net::ERR_ABORTED | /analytics?_rsc=W5McYxvxTMCZbYJx net::ERR_ABORTED | /catalog?_rsc=W5McYxvxTMCZbYJx net::ERR_ABORTED | /settings?_rsc=W5McYxvxTMCZbYJx net::ERR_ABORTED | /crosses?_rsc=W5McYxvxTMCZbYJx net::ERR_ABORTED","","0","0","0","Switch user ; Pull (disabled) ; Save (disabled) ; Bid file (disabled)"
"FINANCE","/intelligence/extractions/[id]","/intelligence/extractions/missing0000000000000000","200","Extraction","Failed to load resource: the server responded with a status of 404 (Not Found)","","0","/accounts?_rsc=VJB2dfGule5Oh2L3 net::ERR_ABORTED | /contracts?_rsc=VJB2dfGule5Oh2L3 net::ERR_ABORTED | /?_rsc=VJB2dfGule5Oh2L3 net::ERR_ABORTED | /proposals?_rsc=VJB2dfGule5Oh2L3 net::ERR_ABORTED | /catalog?_rsc=VJB2dfGule5Oh2L3 net::ERR_ABORTED | /intelligence/bids?_rsc=VJB2dfGule5Oh2L3 net::ERR_ABORTED | /intelligence?_rsc=VJB2dfGule5Oh2L3 net::ERR_ABORTED | /analytics?_rsc=VJB2dfGule5Oh2L3 net::ERR_ABORTED | /notifications?_rsc=VJB2dfGule5Oh2L3 net::ERR_ABORTED | /?_rsc=wBL8jh-0AxNJNXN_ net::ERR_ABORTED | /proposals?_rsc=wBL8jh-0AxNJNXN_ net::ERR_ABORTED | /accounts?_rsc=wBL8jh-0AxNJNXN_ net::ERR_ABORTED | /intelligence/bids?_rsc=wBL8jh-0AxNJNXN_ net::ERR_ABORTED | /analytics?_rsc=wBL8jh-0AxNJNXN_ net::ERR_ABORTED | /catalog?_rsc=wBL8jh-0AxNJNXN_ net::ERR_ABORTED | /catalog/gudid?_rsc=wBL8jh-0AxNJNXN_ net::ERR_ABORTED | /crosses?_rsc=wBL8jh-0AxNJNXN_ net::ERR_ABORTED | /settings?_rsc=wBL8jh-0AxNJNXN_ net::ERR_ABORTED | /notifications?_rsc=wBL8jh-0AxNJNXN_ net::ERR_ABORTED","404 /api/documents/extractions/missing0000000000000000","0","0","0","Switch user"
"FINANCE","/analytics","/analytics","200","Commercial feedback loop","","","0","/accounts?_rsc=ix5_aAief6TvBg04 net::ERR_ABORTED | /?_rsc=ix5_aAief6TvBg04 net::ERR_ABORTED | /proposals?_rsc=ix5_aAief6TvBg04 net::ERR_ABORTED | /catalog/gudid?_rsc=ix5_aAief6TvBg04 net::ERR_ABORTED | /intelligence?_rsc=ix5_aAief6TvBg04 net::ERR_ABORTED | /intelligence/bids?_rsc=ix5_aAief6TvBg04 net::ERR_ABORTED | /catalog?_rsc=ix5_aAief6TvBg04 net::ERR_ABORTED | /crosses?_rsc=ix5_aAief6TvBg04 net::ERR_ABORTED | /settings?_rsc=ix5_aAief6TvBg04 net::ERR_ABORTED | /notifications?_rsc=ix5_aAief6TvBg04 net::ERR_ABORTED | /?_rsc=Dt318okBLJyNDlfE net::ERR_ABORTED | /proposals?_rsc=Dt318okBLJyNDlfE net::ERR_ABORTED | /accounts?_rsc=Dt318okBLJyNDlfE net::ERR_ABORTED | /intelligence?_rsc=Dt318okBLJyNDlfE net::ERR_ABORTED | /contracts?_rsc=Dt318okBLJyNDlfE net::ERR_ABORTED | /intelligence/bids?_rsc=Dt318okBLJyNDlfE net::ERR_ABORTED | /analytics?_rsc=Dt318okBLJyNDlfE net::ERR_ABORTED | /settings?_rsc=Dt318okBLJyNDlfE net::ERR_ABORTED | /catalog?_rsc=Dt318okBLJyNDlfE net::ERR_ABORTED | /crosses?_rsc=Dt318okBLJyNDlfE net::ERR_ABORTED | /catalog/gudid?_rsc=Dt318okBLJyNDlfE net::ERR_ABORTED | /notifications?_rsc=Dt318okBLJyNDlfE net::ERR_ABORTED","","0","1","0","Switch user ; Refresh"
"FINANCE","/catalog","/catalog","200","Our catalog","","","0","/proposals?_rsc=OYzo7EH3MGwwxBfF net::ERR_ABORTED | /accounts?_rsc=OYzo7EH3MGwwxBfF net::ERR_ABORTED | /contracts?_rsc=OYzo7EH3MGwwxBfF net::ERR_ABORTED | /intelligence?_rsc=OYzo7EH3MGwwxBfF net::ERR_ABORTED | /intelligence/bids?_rsc=OYzo7EH3MGwwxBfF net::ERR_ABORTED | /analytics?_rsc=OYzo7EH3MGwwxBfF net::ERR_ABORTED | /catalog/gudid?_rsc=OYzo7EH3MGwwxBfF net::ERR_ABORTED | /settings?_rsc=OYzo7EH3MGwwxBfF net::ERR_ABORTED | /crosses?_rsc=OYzo7EH3MGwwxBfF net::ERR_ABORTED | /notifications?_rsc=OYzo7EH3MGwwxBfF net::ERR_ABORTED | /?_rsc=O6cAbYUSgs3KBG-F net::ERR_ABORTED | /proposals?_rsc=O6cAbYUSgs3KBG-F net::ERR_ABORTED | /intelligence/bids?_rsc=O6cAbYUSgs3KBG-F net::ERR_ABORTED | /intelligence?_rsc=O6cAbYUSgs3KBG-F net::ERR_ABORTED | /accounts?_rsc=O6cAbYUSgs3KBG-F net::ERR_ABORTED | /contracts?_rsc=O6cAbYUSgs3KBG-F net::ERR_ABORTED | /catalog?_rsc=O6cAbYUSgs3KBG-F net::ERR_ABORTED | /catalog/gudid?_rsc=O6cAbYUSgs3KBG-F net::ERR_ABORTED | /analytics?_rsc=O6cAbYUSgs3KBG-F net::ERR_ABORTED | /crosses?_rsc=O6cAbYUSgs3KBG-F net::ERR_ABORTED | /notifications?_rsc=O6cAbYUSgs3KBG-F net::ERR_ABORTED | /settings?_rsc=O6cAbYUSgs3KBG-F net::ERR_ABORTED","","0","1","0","Switch user ; GUDID library ; Pricing ; 174006 ; ABSTACK30 ; ABSTACK30X ; PCO2015X ; PCO2520X ; PCO9X ; 11-1276 ; 11-1278 ; 171305 ; 173019 ; 173030 ; 173046 ; 173049 ; 173050G ; 174001 ; 174209 ; 174213 ; 174233 ; 174301 ; 174309 ; 174317 ; 174601 ; 176605 ; 176613 ; 176643 ; 176645 ; 176647 ; 178081 ; 178083 ; 178091 ; 178093 ; 178099 ; 25030 ; CATCH10 ; E3781-28 ; E3781R-28ASP ; E3783-28 ; E3783R-28ASP ; E3783R-36ASP ; LF1837 ; LF5637 ; SILSCLINCH46 ; SILSDISSECT46 ; SILSHOOK36 ; SILSHOOK46 ; SILSSHEAR46 ; WPLGR914 ; WPXLGR1117 ; 010316L ; 010460 ; 010470 ; 015427L ; 015433L ; 015441L ; 015451L ; 015458L ; 015477L ; 015485L ; 015888L ; 017614 ; 020242 ; 030330L ; 030412 ; 030424L ; 030425 ; 030426 ; 030454 ; 030470 ; 030735L ; 059037 ; 111981 ; 111983 ; 111985 ; 111987 ; 111989 ; 3948L ; 3971 ; 3973 ; 4901T ; 8886803712 ; EEA21 ; EEA2135 ; EEA25 ; EEA2535 ; EEA28 ; EEA2835 ; EEA31 ; EEA33 ; EEAXL21 ; EEAXL2135 ; EEAXL25 ; EEAXL2535 ; EEAXL28 ; EEAXL2835 ; EEAXL31 ; EEAXL33 ; EGIA45AMT ; EGIA45AV ; EGIA45AVM ; EGIA45CTAVM ; EGIA60AMT ; EGIA60AVM ; EGIA60AXT ; EGIARADMT ; EGIARADVM ; EGIARADXT ; EGIAUSHORT ; EGIAUSTND ; EGIAUXL ; GIA10038L ; GIA10038S ; GIA10048L ; GIA10048S ; GIA6025L ; GIA6025S ; GIA6038L ; GIA6038S ; GIA6048L ; GIA6048S ; GIA60MTC ; GIA60MTS ; GIA60XTC ; GIA60XTS ; GIA8038L ; GIA8038S ; GIA8048L ; GIA8048S ; GIA80MTC ; GIA80MTS ; GIA80XTC ; GIA80XTS ; HEM3335 ; HEM3348 ; IDRVULTRA1 ; SGIA6038S ; SIG30AMT ; SIG30AV ; SIG30AVM ; SIG30CTAV ; SIG30CTAVM ; SIG45AMT ; SIG45AXT ; SIG45CTAMT ; SIG45CTAV ; SIG45CTAVM ; SIG60AMT ; SIG60AXT ; SIG60CTAMT ; SIG60CTAVM ; SIGADAPTSHORT ; SIGADAPTSTND ; SIGADAPTXL ; SIGC45MT ; SIGC45V ; SIGC45VM ; SIGC45VT ; SIGC60MT ; SIGC60V ; SIGC60VM ; SIGC60VT ; SIGLU45A ; SIGLU60A ; SIGPSHELL ; SIGRADMT ; SIGRADVM ; SIGRADXT ; SIGSDL45CTVT ; SIGSDS30CTV ; SIGSDS30CTVT ; SIGTRSB45AMT ; SIGTRSB45AXT ; SIGTRSB60AMT ; SIGTRSB60AXT ; TA3035L ; TA3035S ; TA3048L ; TA3048S ; TA30V3L ; TA30V3S ; TA4535L ; TA4535S ; TA4548L ; TA4548S ; TA6035L ; TA6035S ; TA6048L ; TA6048S ; TA9035L ; TA9035S ; TA9048L ; TA9048S ; TRIEEA28MT ; TRIEEA28XT ; TRIEEA31MT ; TRIEEA31XT ; TRIEEAXL28MT ; TRIEEAXL28XT ; TRIEEAXL31MT ; TRIEEAXL31XT ; TRIEEAXL33MT ; PPDS12 ; PPDS15 ; PPDS1510 ; PPDS2015 ; PPM1106X3 ; PPM1510X3 ; PPM4530 ; 171313 ; 171315 ; 172015 ; 172016 ; 176626P ; 176673P ; 176674P ; 176674PF ; 177090P ; 177090PF ; 177091P ; 177091PF ; 177092 ; 177092F ; 177992P ; 177995P ; 179076P ; 179077P ; 179078PF ; 179093 ; 179093F ; 179094 ; 179094F ; 179095P ; 179096P ; 179096PF ; 179097P ; 179097PF ; 179100 ; 179101 ; 179102P ; 179301 ; 179303 ; 179305 ; 179307 ; 179308 ; 179309 ; 179310 ; 21-345 ; 220-50 ; 24055- ; 4216 ; B11STF ; B11STS ; B12LGF ; B12LGS ; B12STF ; B12STFCS ; B12STS ; B5SHF ; B5SHS ; B5STF ; B5STS ; BPT12STS ; MS100703 ; MS100705 ; MS100708 ; MS101003 ; MS101005 ; MS101008 ; NB11STF ; NB12LGF ; NB12SHF ; NB12STF ; NB12STS ; NB15LGF ; NB15STF ; NB3SHFLP ; NB5LGF ; NB5SHF ; NB5SHFLP ; NB5STF ; NB5STFLP ; NBFCA11ST ; NBFCA12ST ; NONB11STF ; NONB12LGF ; NONB12SHF ; NONB12STF ; NONB12STS ; NONB15LGF ; NONB15STF ; NONB5LGF ; NONB5SHF ; NONB5STF ; NONB8STF ; OMS-T10BT ; OMS-T10BTNL ; OMS-T10BTS ; OMS-T10BTSNL ; OMS-T12BT ; OMS-T12BTNL ; ONB11LGF ; ONB11STF ; ONB12LGF ; ONB12SHF ; ONB12STF ; ONB12STF-NSB ; ONB12STFCS ; ONB12STS ; ONB15STF ; ONB5LGF ; ONB5SHF ; ONB5STF ; ONB5STF-NSB ; ONB5STF2C ; ONBFCA11ST ; S100000 ; S100700 ; S100705 ; S100710 ; S100712 ; S101000 ; S101005 ; S101010 ; S101012 ; S110000 ; SILSPT12TA ; SILSPT5TA ; UNVCA11STF ; UNVCA12LGF ; UNVCA12STF ; UNVCA12STF-NSB ; UNVCA12STS ; UNVCA5LGF ; UNVCA5SHF ; UNVCA5STF ; VS070000 ; VS100700 ; VS100705 ; VS100711P ; VS100712P ; VS101000 ; VS101005 ; VS101011P ; VS101012P ; VS101015P ; VS101500 ; VS101505 ; VS101512P ; VS150000 ; VSR100005 ; VSR100812P ; WPMD509 ; WPSM256 ; WPXSM24"
"FINANCE","/catalog/gudid","/catalog/gudid","200","GUDID library","","","0","/accounts?_rsc=DGmoGnAw5OqJpMhM net::ERR_ABORTED | /?_rsc=DGmoGnAw5OqJpMhM net::ERR_ABORTED | /proposals?_rsc=DGmoGnAw5OqJpMhM net::ERR_ABORTED | /intelligence/bids?_rsc=DGmoGnAw5OqJpMhM net::ERR_ABORTED | /analytics?_rsc=DGmoGnAw5OqJpMhM net::ERR_ABORTED | /catalog?_rsc=DGmoGnAw5OqJpMhM net::ERR_ABORTED | /intelligence?_rsc=DGmoGnAw5OqJpMhM net::ERR_ABORTED | /proposals?_rsc=Z9EVd8HHdUwJDdIQ net::ERR_ABORTED | /accounts?_rsc=Z9EVd8HHdUwJDdIQ net::ERR_ABORTED | /intelligence?_rsc=Z9EVd8HHdUwJDdIQ net::ERR_ABORTED | /contracts?_rsc=Z9EVd8HHdUwJDdIQ net::ERR_ABORTED | /intelligence/bids?_rsc=Z9EVd8HHdUwJDdIQ net::ERR_ABORTED | /analytics?_rsc=Z9EVd8HHdUwJDdIQ net::ERR_ABORTED | /catalog?_rsc=Z9EVd8HHdUwJDdIQ net::ERR_ABORTED | /catalog/gudid?_rsc=Z9EVd8HHdUwJDdIQ net::ERR_ABORTED | /crosses?_rsc=Z9EVd8HHdUwJDdIQ net::ERR_ABORTED | /settings?_rsc=Z9EVd8HHdUwJDdIQ net::ERR_ABORTED | /notifications?_rsc=Z9EVd8HHdUwJDdIQ net::ERR_ABORTED","","0","0","0","Switch user"
"FINANCE","/crosses","/crosses","200","Crosswalk","","","0","/accounts?_rsc=zAn-vlYtEcVbUMJ6 net::ERR_ABORTED | /?_rsc=zAn-vlYtEcVbUMJ6 net::ERR_ABORTED | /proposals?_rsc=zAn-vlYtEcVbUMJ6 net::ERR_ABORTED | /contracts?_rsc=zAn-vlYtEcVbUMJ6 net::ERR_ABORTED | /intelligence?_rsc=zAn-vlYtEcVbUMJ6 net::ERR_ABORTED | /intelligence/bids?_rsc=zAn-vlYtEcVbUMJ6 net::ERR_ABORTED | /notifications?_rsc=zAn-vlYtEcVbUMJ6 net::ERR_ABORTED | /proposals?_rsc=aniPmKjMQR6zCALO net::ERR_ABORTED | /accounts?_rsc=aniPmKjMQR6zCALO net::ERR_ABORTED | /?_rsc=aniPmKjMQR6zCALO net::ERR_ABORTED | /contracts?_rsc=aniPmKjMQR6zCALO net::ERR_ABORTED | /intelligence?_rsc=aniPmKjMQR6zCALO net::ERR_ABORTED | /intelligence/bids?_rsc=aniPmKjMQR6zCALO net::ERR_ABORTED | /analytics?_rsc=aniPmKjMQR6zCALO net::ERR_ABORTED | /catalog?_rsc=aniPmKjMQR6zCALO net::ERR_ABORTED | /catalog/gudid?_rsc=aniPmKjMQR6zCALO net::ERR_ABORTED | /crosses?_rsc=aniPmKjMQR6zCALO net::ERR_ABORTED | /settings?_rsc=aniPmKjMQR6zCALO net::ERR_ABORTED | /notifications?_rsc=aniPmKjMQR6zCALO net::ERR_ABORTED","","0","0","0","Switch user"
"FINANCE","/notifications","/notifications","200","Notifications","","","0","/?_rsc=oG-rbVP81bj5yHs2 net::ERR_ABORTED | /proposals?_rsc=oG-rbVP81bj5yHs2 net::ERR_ABORTED | /accounts?_rsc=oG-rbVP81bj5yHs2 net::ERR_ABORTED | /contracts?_rsc=oG-rbVP81bj5yHs2 net::ERR_ABORTED | /intelligence?_rsc=oG-rbVP81bj5yHs2 net::ERR_ABORTED | /intelligence/bids?_rsc=oG-rbVP81bj5yHs2 net::ERR_ABORTED | /analytics?_rsc=oG-rbVP81bj5yHs2 net::ERR_ABORTED | /catalog?_rsc=oG-rbVP81bj5yHs2 net::ERR_ABORTED | /catalog/gudid?_rsc=oG-rbVP81bj5yHs2 net::ERR_ABORTED | /crosses?_rsc=oG-rbVP81bj5yHs2 net::ERR_ABORTED | /settings?_rsc=oG-rbVP81bj5yHs2 net::ERR_ABORTED | /?_rsc=FxIb9Zh5xrkPNSW4 net::ERR_ABORTED | /contracts?_rsc=FxIb9Zh5xrkPNSW4 net::ERR_ABORTED | /proposals?_rsc=FxIb9Zh5xrkPNSW4 net::ERR_ABORTED | /accounts?_rsc=FxIb9Zh5xrkPNSW4 net::ERR_ABORTED | /analytics?_rsc=FxIb9Zh5xrkPNSW4 net::ERR_ABORTED | /catalog?_rsc=FxIb9Zh5xrkPNSW4 net::ERR_ABORTED | /catalog/gudid?_rsc=FxIb9Zh5xrkPNSW4 net::ERR_ABORTED | /intelligence/bids?_rsc=FxIb9Zh5xrkPNSW4 net::ERR_ABORTED | /crosses?_rsc=FxIb9Zh5xrkPNSW4 net::ERR_ABORTED | /settings?_rsc=FxIb9Zh5xrkPNSW4 net::ERR_ABORTED","","0","0","0","Switch user ; Mark all read (disabled)"
"FINANCE","/settings","/settings","200","Settings","","","0","/proposals?_rsc=DQxjArDrgutTG17x net::ERR_ABORTED | /contracts?_rsc=DQxjArDrgutTG17x net::ERR_ABORTED | /intelligence?_rsc=DQxjArDrgutTG17x net::ERR_ABORTED | /analytics?_rsc=DQxjArDrgutTG17x net::ERR_ABORTED | /notifications?_rsc=DQxjArDrgutTG17x net::ERR_ABORTED | /settings/pricing?_rsc=DQxjArDrgutTG17x net::ERR_ABORTED | /catalog/gudid?_rsc=DQxjArDrgutTG17x net::ERR_ABORTED | /crosses?_rsc=DQxjArDrgutTG17x net::ERR_ABORTED | /proposals?_rsc=j-_vjoKOn8bxlRO7 net::ERR_ABORTED | /accounts?_rsc=j-_vjoKOn8bxlRO7 net::ERR_ABORTED | /?_rsc=j-_vjoKOn8bxlRO7 net::ERR_ABORTED | /contracts?_rsc=j-_vjoKOn8bxlRO7 net::ERR_ABORTED | /analytics?_rsc=j-_vjoKOn8bxlRO7 net::ERR_ABORTED | /catalog?_rsc=j-_vjoKOn8bxlRO7 net::ERR_ABORTED | /intelligence?_rsc=j-_vjoKOn8bxlRO7 net::ERR_ABORTED | /intelligence/bids?_rsc=j-_vjoKOn8bxlRO7 net::ERR_ABORTED | /catalog/gudid?_rsc=j-_vjoKOn8bxlRO7 net::ERR_ABORTED | /settings?_rsc=j-_vjoKOn8bxlRO7 net::ERR_ABORTED | /crosses?_rsc=j-_vjoKOn8bxlRO7 net::ERR_ABORTED | /notifications?_rsc=j-_vjoKOn8bxlRO7 net::ERR_ABORTED | /settings/pricing?_rsc=j-_vjoKOn8bxlRO7 net::ERR_ABORTED","","0","0","0","Switch user ; Save (disabled) ; Details ; How to connect"
"FINANCE","/settings/integrations","/settings/integrations","200","Settings","","","0","/intelligence?_rsc=DQxjArDrgutTG17x net::ERR_ABORTED | /intelligence/bids?_rsc=DQxjArDrgutTG17x net::ERR_ABORTED | /analytics?_rsc=DQxjArDrgutTG17x net::ERR_ABORTED | /contracts?_rsc=DQxjArDrgutTG17x net::ERR_ABORTED | /catalog?_rsc=DQxjArDrgutTG17x net::ERR_ABORTED | /catalog/gudid?_rsc=DQxjArDrgutTG17x net::ERR_ABORTED | /crosses?_rsc=DQxjArDrgutTG17x net::ERR_ABORTED | /notifications?_rsc=DQxjArDrgutTG17x net::ERR_ABORTED | /settings/pricing?_rsc=DQxjArDrgutTG17x net::ERR_ABORTED | /?_rsc=j-_vjoKOn8bxlRO7 net::ERR_ABORTED | /proposals?_rsc=j-_vjoKOn8bxlRO7 net::ERR_ABORTED | /intelligence?_rsc=j-_vjoKOn8bxlRO7 net::ERR_ABORTED | /accounts?_rsc=j-_vjoKOn8bxlRO7 net::ERR_ABORTED | /contracts?_rsc=j-_vjoKOn8bxlRO7 net::ERR_ABORTED | /catalog/gudid?_rsc=j-_vjoKOn8bxlRO7 net::ERR_ABORTED | /intelligence/bids?_rsc=j-_vjoKOn8bxlRO7 net::ERR_ABORTED | /catalog?_rsc=j-_vjoKOn8bxlRO7 net::ERR_ABORTED | /analytics?_rsc=j-_vjoKOn8bxlRO7 net::ERR_ABORTED | /crosses?_rsc=j-_vjoKOn8bxlRO7 net::ERR_ABORTED | /settings/pricing?_rsc=j-_vjoKOn8bxlRO7 net::ERR_ABORTED | /settings?_rsc=j-_vjoKOn8bxlRO7 net::ERR_ABORTED | /notifications?_rsc=j-_vjoKOn8bxlRO7 net::ERR_ABORTED","","0","0","0","Switch user ; Save (disabled) ; Details ; How to connect"
"FINANCE","/settings/pricing","/settings/pricing","200","Pricing policies","","","0","/accounts?_rsc=8oSST31HPn0UlEto net::ERR_ABORTED | /intelligence?_rsc=8oSST31HPn0UlEto net::ERR_ABORTED | /intelligence/bids?_rsc=8oSST31HPn0UlEto net::ERR_ABORTED | /catalog?_rsc=8oSST31HPn0UlEto net::ERR_ABORTED | /analytics?_rsc=8oSST31HPn0UlEto net::ERR_ABORTED | /notifications?_rsc=8oSST31HPn0UlEto net::ERR_ABORTED | /contracts?_rsc=_Ie442TgELs3Q458 net::ERR_ABORTED | /intelligence/bids?_rsc=_Ie442TgELs3Q458 net::ERR_ABORTED | /intelligence?_rsc=_Ie442TgELs3Q458 net::ERR_ABORTED | /analytics?_rsc=_Ie442TgELs3Q458 net::ERR_ABORTED | /catalog?_rsc=_Ie442TgELs3Q458 net::ERR_ABORTED | /crosses?_rsc=_Ie442TgELs3Q458 net::ERR_ABORTED | /notifications?_rsc=_Ie442TgELs3Q458 net::ERR_ABORTED","","0","0","0","Switch user ; New draft (disabled)"
"ADMIN","/","/","200","Competitive cross reference","","","0","/requests?_rsc=5CB68i4pnAekjehf net::ERR_ABORTED | /proposals?_rsc=5CB68i4pnAekjehf net::ERR_ABORTED | /approvals?_rsc=5CB68i4pnAekjehf net::ERR_ABORTED | /accounts?_rsc=5CB68i4pnAekjehf net::ERR_ABORTED | /contracts?_rsc=5CB68i4pnAekjehf net::ERR_ABORTED | /intelligence?_rsc=5CB68i4pnAekjehf net::ERR_ABORTED | /analytics?_rsc=5CB68i4pnAekjehf net::ERR_ABORTED | /intelligence/bids?_rsc=5CB68i4pnAekjehf net::ERR_ABORTED | /catalog?_rsc=5CB68i4pnAekjehf net::ERR_ABORTED | /catalog/gudid?_rsc=5CB68i4pnAekjehf net::ERR_ABORTED | /crosses?_rsc=5CB68i4pnAekjehf net::ERR_ABORTED | /requests/new?_rsc=5CB68i4pnAekjehf net::ERR_ABORTED | /?_rsc=tXyZJ52UQVBCVsD3 net::ERR_ABORTED | /requests?_rsc=tXyZJ52UQVBCVsD3 net::ERR_ABORTED | /accounts?_rsc=tXyZJ52UQVBCVsD3 net::ERR_ABORTED | /approvals?_rsc=tXyZJ52UQVBCVsD3 net::ERR_ABORTED | /contracts?_rsc=tXyZJ52UQVBCVsD3 net::ERR_ABORTED | /intelligence?_rsc=tXyZJ52UQVBCVsD3 net::ERR_ABORTED | /intelligence/bids?_rsc=tXyZJ52UQVBCVsD3 net::ERR_ABORTED | /catalog/gudid?_rsc=tXyZJ52UQVBCVsD3 net::ERR_ABORTED | /crosses?_rsc=tXyZJ52UQVBCVsD3 net::ERR_ABORTED | /settings?_rsc=tXyZJ52UQVBCVsD3 net::ERR_ABORTED | /notifications?_rsc=tXyZJ52UQVBCVsD3 net::ERR_ABORTED | /requests/new?_rsc=tXyZJ52UQVBCVsD3 net::ERR_ABORTED","","0","0","0","New request ; Switch user"
"ADMIN","/requests","/requests","200","Cross-reference requests","","","0","/accounts?_rsc=p3Q57VochOqcQNsg net::ERR_ABORTED | /?_rsc=p3Q57VochOqcQNsg net::ERR_ABORTED | /proposals?_rsc=p3Q57VochOqcQNsg net::ERR_ABORTED | /approvals?_rsc=p3Q57VochOqcQNsg net::ERR_ABORTED | /contracts?_rsc=p3Q57VochOqcQNsg net::ERR_ABORTED | /intelligence?_rsc=p3Q57VochOqcQNsg net::ERR_ABORTED | /analytics?_rsc=p3Q57VochOqcQNsg net::ERR_ABORTED | /intelligence/bids?_rsc=p3Q57VochOqcQNsg net::ERR_ABORTED | /settings?_rsc=p3Q57VochOqcQNsg net::ERR_ABORTED | /notifications?_rsc=p3Q57VochOqcQNsg net::ERR_ABORTED | /catalog/gudid?_rsc=p3Q57VochOqcQNsg net::ERR_ABORTED | /crosses?_rsc=p3Q57VochOqcQNsg net::ERR_ABORTED | /requests/new?_rsc=p3Q57VochOqcQNsg net::ERR_ABORTED | /?_rsc=nIzLgF1M7nWxnHlV net::ERR_ABORTED | /proposals?_rsc=nIzLgF1M7nWxnHlV net::ERR_ABORTED | /requests?_rsc=nIzLgF1M7nWxnHlV net::ERR_ABORTED | /approvals?_rsc=nIzLgF1M7nWxnHlV net::ERR_ABORTED | /contracts?_rsc=nIzLgF1M7nWxnHlV net::ERR_ABORTED | /accounts?_rsc=nIzLgF1M7nWxnHlV net::ERR_ABORTED | /intelligence?_rsc=nIzLgF1M7nWxnHlV net::ERR_ABORTED | /analytics?_rsc=nIzLgF1M7nWxnHlV net::ERR_ABORTED | /settings?_rsc=nIzLgF1M7nWxnHlV net::ERR_ABORTED | /catalog?_rsc=nIzLgF1M7nWxnHlV net::ERR_ABORTED | /crosses?_rsc=nIzLgF1M7nWxnHlV net::ERR_ABORTED | /catalog/gudid?_rsc=nIzLgF1M7nWxnHlV net::ERR_ABORTED | /notifications?_rsc=nIzLgF1M7nWxnHlV net::ERR_ABORTED | /requests/new?_rsc=nIzLgF1M7nWxnHlV net::ERR_ABORTED","","0","0","0","New request ; Switch user"
"ADMIN","/requests/new","/requests/new","200","Competitive cross reference","","","0","/approvals?_rsc=4belA-F-xg-XtLdx net::ERR_ABORTED | /intelligence?_rsc=4belA-F-xg-XtLdx net::ERR_ABORTED | /intelligence/bids?_rsc=4belA-F-xg-XtLdx net::ERR_ABORTED | /analytics?_rsc=4belA-F-xg-XtLdx net::ERR_ABORTED | /catalog?_rsc=4belA-F-xg-XtLdx net::ERR_ABORTED | /catalog/gudid?_rsc=4belA-F-xg-XtLdx net::ERR_ABORTED | /crosses?_rsc=4belA-F-xg-XtLdx net::ERR_ABORTED | /settings?_rsc=4belA-F-xg-XtLdx net::ERR_ABORTED | /notifications?_rsc=4belA-F-xg-XtLdx net::ERR_ABORTED | /?_rsc=O1p93FFpSnNce0k4 net::ERR_ABORTED | /requests?_rsc=O1p93FFpSnNce0k4 net::ERR_ABORTED | /proposals?_rsc=O1p93FFpSnNce0k4 net::ERR_ABORTED | /contracts?_rsc=O1p93FFpSnNce0k4 net::ERR_ABORTED | /accounts?_rsc=O1p93FFpSnNce0k4 net::ERR_ABORTED | /approvals?_rsc=O1p93FFpSnNce0k4 net::ERR_ABORTED | /intelligence?_rsc=O1p93FFpSnNce0k4 net::ERR_ABORTED | /intelligence/bids?_rsc=O1p93FFpSnNce0k4 net::ERR_ABORTED | /catalog/gudid?_rsc=O1p93FFpSnNce0k4 net::ERR_ABORTED | /analytics?_rsc=O1p93FFpSnNce0k4 net::ERR_ABORTED | /catalog?_rsc=O1p93FFpSnNce0k4 net::ERR_ABORTED | /crosses?_rsc=O1p93FFpSnNce0k4 net::ERR_ABORTED | /settings?_rsc=O1p93FFpSnNce0k4 net::ERR_ABORTED | /notifications?_rsc=O1p93FFpSnNce0k4 net::ERR_ABORTED | /requests/new?_rsc=O1p93FFpSnNce0k4 net::ERR_ABORTED","","0","0","0","New request ; Switch user ; Google Sheets link ; Upload .xlsx / .csv ; Paste from a sheet ; Read sheet (disabled) ; Continue request (disabled)"
"ADMIN","/requests/[id]","/requests/null","200","","Failed to load resource: the server responded with a status of 404 (Not Found)","","0","/proposals?_rsc=76SvvV1TLjtpHtqe net::ERR_ABORTED | /approvals?_rsc=76SvvV1TLjtpHtqe net::ERR_ABORTED | /?_rsc=76SvvV1TLjtpHtqe net::ERR_ABORTED | /requests?_rsc=76SvvV1TLjtpHtqe net::ERR_ABORTED | /accounts?_rsc=76SvvV1TLjtpHtqe net::ERR_ABORTED | /contracts?_rsc=76SvvV1TLjtpHtqe net::ERR_ABORTED | /intelligence?_rsc=76SvvV1TLjtpHtqe net::ERR_ABORTED | /intelligence/bids?_rsc=76SvvV1TLjtpHtqe net::ERR_ABORTED | /analytics?_rsc=76SvvV1TLjtpHtqe net::ERR_ABORTED | /catalog?_rsc=76SvvV1TLjtpHtqe net::ERR_ABORTED | /crosses?_rsc=76SvvV1TLjtpHtqe net::ERR_ABORTED | /requests/new?_rsc=76SvvV1TLjtpHtqe net::ERR_ABORTED | /notifications?_rsc=76SvvV1TLjtpHtqe net::ERR_ABORTED | /?_rsc=eoRKZgXY26fq4Ulk net::ERR_ABORTED | /requests?_rsc=eoRKZgXY26fq4Ulk net::ERR_ABORTED | /approvals?_rsc=eoRKZgXY26fq4Ulk net::ERR_ABORTED | /proposals?_rsc=eoRKZgXY26fq4Ulk net::ERR_ABORTED | /contracts?_rsc=eoRKZgXY26fq4Ulk net::ERR_ABORTED | /intelligence?_rsc=eoRKZgXY26fq4Ulk net::ERR_ABORTED | /accounts?_rsc=eoRKZgXY26fq4Ulk net::ERR_ABORTED | /intelligence/bids?_rsc=eoRKZgXY26fq4Ulk net::ERR_ABORTED | /catalog?_rsc=eoRKZgXY26fq4Ulk net::ERR_ABORTED | /analytics?_rsc=eoRKZgXY26fq4Ulk net::ERR_ABORTED | /catalog/gudid?_rsc=eoRKZgXY26fq4Ulk net::ERR_ABORTED | /crosses?_rsc=eoRKZgXY26fq4Ulk net::ERR_ABORTED | /notifications?_rsc=eoRKZgXY26fq4Ulk net::ERR_ABORTED","404 /api/requests/null","0","0","0","New request ; Switch user"
"ADMIN","/proposals","/proposals","200","Commercial proposals","","","0","/?_rsc=8qZH60WsiyOTuseO net::ERR_ABORTED | /approvals?_rsc=8qZH60WsiyOTuseO net::ERR_ABORTED | /accounts?_rsc=8qZH60WsiyOTuseO net::ERR_ABORTED | /intelligence?_rsc=8qZH60WsiyOTuseO net::ERR_ABORTED | /intelligence/bids?_rsc=8qZH60WsiyOTuseO net::ERR_ABORTED | /notifications?_rsc=8qZH60WsiyOTuseO net::ERR_ABORTED | /requests/new?_rsc=8qZH60WsiyOTuseO net::ERR_ABORTED | /proposals?_rsc=yDw8cg_cK2Tq2IDS net::ERR_ABORTED | /approvals?_rsc=yDw8cg_cK2Tq2IDS net::ERR_ABORTED | /requests?_rsc=yDw8cg_cK2Tq2IDS net::ERR_ABORTED | /accounts?_rsc=yDw8cg_cK2Tq2IDS net::ERR_ABORTED | /contracts?_rsc=yDw8cg_cK2Tq2IDS net::ERR_ABORTED | /intelligence?_rsc=yDw8cg_cK2Tq2IDS net::ERR_ABORTED | /intelligence/bids?_rsc=yDw8cg_cK2Tq2IDS net::ERR_ABORTED | /analytics?_rsc=yDw8cg_cK2Tq2IDS net::ERR_ABORTED | /catalog?_rsc=yDw8cg_cK2Tq2IDS net::ERR_ABORTED | /catalog/gudid?_rsc=yDw8cg_cK2Tq2IDS net::ERR_ABORTED | /crosses?_rsc=yDw8cg_cK2Tq2IDS net::ERR_ABORTED | /settings?_rsc=yDw8cg_cK2Tq2IDS net::ERR_ABORTED | /notifications?_rsc=yDw8cg_cK2Tq2IDS net::ERR_ABORTED","","0","0","0","New request ; Switch user"
"ADMIN","/proposals/[id]","/proposals/null","200","","Failed to load resource: the server responded with a status of 404 (Not Found)","","0","/proposals?_rsc=VreOGdJHuaZwqD3- net::ERR_ABORTED | /approvals?_rsc=VreOGdJHuaZwqD3- net::ERR_ABORTED | /?_rsc=VreOGdJHuaZwqD3- net::ERR_ABORTED | /requests?_rsc=VreOGdJHuaZwqD3- net::ERR_ABORTED | /contracts?_rsc=VreOGdJHuaZwqD3- net::ERR_ABORTED | /intelligence?_rsc=VreOGdJHuaZwqD3- net::ERR_ABORTED | /intelligence/bids?_rsc=VreOGdJHuaZwqD3- net::ERR_ABORTED | /accounts?_rsc=VreOGdJHuaZwqD3- net::ERR_ABORTED | /analytics?_rsc=VreOGdJHuaZwqD3- net::ERR_ABORTED | /catalog/gudid?_rsc=VreOGdJHuaZwqD3- net::ERR_ABORTED | /crosses?_rsc=VreOGdJHuaZwqD3- net::ERR_ABORTED | /settings?_rsc=VreOGdJHuaZwqD3- net::ERR_ABORTED | /catalog?_rsc=VreOGdJHuaZwqD3- net::ERR_ABORTED | /notifications?_rsc=VreOGdJHuaZwqD3- net::ERR_ABORTED | /requests/new?_rsc=VreOGdJHuaZwqD3- net::ERR_ABORTED | /proposals?_rsc=hzu8hJFrzSYjsRgK net::ERR_ABORTED | /requests?_rsc=hzu8hJFrzSYjsRgK net::ERR_ABORTED | /?_rsc=hzu8hJFrzSYjsRgK net::ERR_ABORTED | /approvals?_rsc=hzu8hJFrzSYjsRgK net::ERR_ABORTED | /accounts?_rsc=hzu8hJFrzSYjsRgK net::ERR_ABORTED | /contracts?_rsc=hzu8hJFrzSYjsRgK net::ERR_ABORTED | /intelligence?_rsc=hzu8hJFrzSYjsRgK net::ERR_ABORTED | /intelligence/bids?_rsc=hzu8hJFrzSYjsRgK net::ERR_ABORTED | /analytics?_rsc=hzu8hJFrzSYjsRgK net::ERR_ABORTED | /catalog?_rsc=hzu8hJFrzSYjsRgK net::ERR_ABORTED | /catalog/gudid?_rsc=hzu8hJFrzSYjsRgK net::ERR_ABORTED | /requests/new?_rsc=hzu8hJFrzSYjsRgK net::ERR_ABORTED | /crosses?_rsc=hzu8hJFrzSYjsRgK net::ERR_ABORTED | /notifications?_rsc=hzu8hJFrzSYjsRgK net::ERR_ABORTED | /settings?_rsc=hzu8hJFrzSYjsRgK net::ERR_ABORTED","404 /api/proposals/null","0","0","0","New request ; Switch user"
"ADMIN","/approvals","/approvals","200","Pricing approvals","","","0","/?_rsc=Ut9iRRX_9PZKRdF- net::ERR_ABORTED | /requests?_rsc=Ut9iRRX_9PZKRdF- net::ERR_ABORTED | /proposals?_rsc=Ut9iRRX_9PZKRdF- net::ERR_ABORTED | /intelligence/bids?_rsc=Ut9iRRX_9PZKRdF- net::ERR_ABORTED | /contracts?_rsc=Ut9iRRX_9PZKRdF- net::ERR_ABORTED | /intelligence?_rsc=Ut9iRRX_9PZKRdF- net::ERR_ABORTED | /catalog/gudid?_rsc=Ut9iRRX_9PZKRdF- net::ERR_ABORTED | /crosses?_rsc=Ut9iRRX_9PZKRdF- net::ERR_ABORTED | /settings?_rsc=Ut9iRRX_9PZKRdF- net::ERR_ABORTED | /notifications?_rsc=Ut9iRRX_9PZKRdF- net::ERR_ABORTED | /proposals?_rsc=AU6DTT46DVXZ7jWj net::ERR_ABORTED | /requests/new?_rsc=Ut9iRRX_9PZKRdF- net::ERR_ABORTED | /approvals?_rsc=AU6DTT46DVXZ7jWj net::ERR_ABORTED | /accounts?_rsc=AU6DTT46DVXZ7jWj net::ERR_ABORTED | /intelligence/bids?_rsc=AU6DTT46DVXZ7jWj net::ERR_ABORTED | /contracts?_rsc=AU6DTT46DVXZ7jWj net::ERR_ABORTED | /analytics?_rsc=AU6DTT46DVXZ7jWj net::ERR_ABORTED | /intelligence?_rsc=AU6DTT46DVXZ7jWj net::ERR_ABORTED | /catalog?_rsc=AU6DTT46DVXZ7jWj net::ERR_ABORTED | /crosses?_rsc=AU6DTT46DVXZ7jWj net::ERR_ABORTED | /settings?_rsc=AU6DTT46DVXZ7jWj net::ERR_ABORTED | /catalog/gudid?_rsc=AU6DTT46DVXZ7jWj net::ERR_ABORTED | /requests/new?_rsc=AU6DTT46DVXZ7jWj net::ERR_ABORTED | /notifications?_rsc=AU6DTT46DVXZ7jWj net::ERR_ABORTED","","0","0","0","New request ; Switch user ; Delegate my approvals"
"ADMIN","/accounts","/accounts","200","Accounts & GPO membership","","","0","/requests?_rsc=iZGmHDWBA-6V7KTQ net::ERR_ABORTED | /proposals?_rsc=iZGmHDWBA-6V7KTQ net::ERR_ABORTED | /approvals?_rsc=iZGmHDWBA-6V7KTQ net::ERR_ABORTED | /?_rsc=iZGmHDWBA-6V7KTQ net::ERR_ABORTED | /analytics?_rsc=iZGmHDWBA-6V7KTQ net::ERR_ABORTED | /intelligence/bids?_rsc=iZGmHDWBA-6V7KTQ net::ERR_ABORTED | /contracts?_rsc=iZGmHDWBA-6V7KTQ net::ERR_ABORTED | /intelligence?_rsc=iZGmHDWBA-6V7KTQ net::ERR_ABORTED | /settings?_rsc=iZGmHDWBA-6V7KTQ net::ERR_ABORTED | /catalog?_rsc=iZGmHDWBA-6V7KTQ net::ERR_ABORTED | /catalog/gudid?_rsc=iZGmHDWBA-6V7KTQ net::ERR_ABORTED | /crosses?_rsc=iZGmHDWBA-6V7KTQ net::ERR_ABORTED | /accounts/cmuffqiiq02rlfs7d9y1un1wd?_rsc=iZGmHDWBA-6V7KTQ net::ERR_ABORTED | /requests/new?_rsc=iZGmHDWBA-6V7KTQ net::ERR_ABORTED | /notifications?_rsc=iZGmHDWBA-6V7KTQ net::ERR_ABORTED | /accounts/cmuffqiii02rkfs7dzbqrnru0?_rsc=iZGmHDWBA-6V7KTQ net::ERR_ABORTED | /?_rsc=oRxEn_R9e10JER3Z net::ERR_ABORTED | /requests?_rsc=oRxEn_R9e10JER3Z net::ERR_ABORTED | /proposals?_rsc=oRxEn_R9e10JER3Z net::ERR_ABORTED | /approvals?_rsc=oRxEn_R9e10JER3Z net::ERR_ABORTED | /accounts?_rsc=oRxEn_R9e10JER3Z net::ERR_ABORTED | /analytics?_rsc=oRxEn_R9e10JER3Z net::ERR_ABORTED | /intelligence?_rsc=oRxEn_R9e10JER3Z net::ERR_ABORTED | /catalog?_rsc=oRxEn_R9e10JER3Z net::ERR_ABORTED | /catalog/gudid?_rsc=oRxEn_R9e10JER3Z net::ERR_ABORTED | /settings?_rsc=oRxEn_R9e10JER3Z net::ERR_ABORTED | /crosses?_rsc=oRxEn_R9e10JER3Z net::ERR_ABORTED | /requests/new?_rsc=oRxEn_R9e10JER3Z net::ERR_ABORTED | /notifications?_rsc=oRxEn_R9e10JER3Z net::ERR_ABORTED | /accounts/cmuffqiiq02rlfs7d9y1un1wd?_rsc=oRxEn_R9e10JER3Z net::ERR_ABORTED | /accounts/cmuffqiii02rkfs7dzbqrnru0?_rsc=oRxEn_R9e10JER3Z net::ERR_ABORTED | /accounts/cmuffqiiv02rmfs7diaqvuvc9?_rsc=oRxEn_R9e10JER3Z net::ERR_ABORTED | /accounts/cmuffqiif02rjfs7dkcvn5i4a?_rsc=oRxEn_R9e10JER3Z net::ERR_ABORTED | /accounts/cmuffqiia02rifs7d9g96f4p7?_rsc=oRxEn_R9e10JER3Z net::ERR_ABORTED","","0","0","0","New request ; Switch user"
"ADMIN","/accounts/[id]","/accounts/cmuffqiii02rkfs7dzbqrnru0","200","Hospital A — Mount Vernon General","","","0","/?_rsc=mfJnIb6u-3Mn-ESD net::ERR_ABORTED | /requests?_rsc=mfJnIb6u-3Mn-ESD net::ERR_ABORTED | /proposals?_rsc=mfJnIb6u-3Mn-ESD net::ERR_ABORTED | /approvals?_rsc=mfJnIb6u-3Mn-ESD net::ERR_ABORTED | /contracts?_rsc=mfJnIb6u-3Mn-ESD net::ERR_ABORTED | /intelligence/bids?_rsc=mfJnIb6u-3Mn-ESD net::ERR_ABORTED | /catalog?_rsc=mfJnIb6u-3Mn-ESD net::ERR_ABORTED | /analytics?_rsc=mfJnIb6u-3Mn-ESD net::ERR_ABORTED | /crosses?_rsc=mfJnIb6u-3Mn-ESD net::ERR_ABORTED | /catalog/gudid?_rsc=mfJnIb6u-3Mn-ESD net::ERR_ABORTED | /settings?_rsc=mfJnIb6u-3Mn-ESD net::ERR_ABORTED | /notifications?_rsc=mfJnIb6u-3Mn-ESD net::ERR_ABORTED | /requests/new?_rsc=mfJnIb6u-3Mn-ESD net::ERR_ABORTED | /contracts/cmuffqio702syfs7d0fonyhf3?_rsc=mfJnIb6u-3Mn-ESD net::ERR_ABORTED | /requests?_rsc=pzgFYKDD5bs714zj net::ERR_ABORTED | /?_rsc=pzgFYKDD5bs714zj net::ERR_ABORTED | /approvals?_rsc=pzgFYKDD5bs714zj net::ERR_ABORTED | /accounts?_rsc=pzgFYKDD5bs714zj net::ERR_ABORTED | /contracts?_rsc=pzgFYKDD5bs714zj net::ERR_ABORTED | /proposals?_rsc=pzgFYKDD5bs714zj net::ERR_ABORTED | /intelligence?_rsc=pzgFYKDD5bs714zj net::ERR_ABORTED | /intelligence/bids?_rsc=pzgFYKDD5bs714zj net::ERR_ABORTED | /analytics?_rsc=pzgFYKDD5bs714zj net::ERR_ABORTED | /catalog/gudid?_rsc=pzgFYKDD5bs714zj net::ERR_ABORTED | /catalog?_rsc=pzgFYKDD5bs714zj net::ERR_ABORTED | /crosses?_rsc=pzgFYKDD5bs714zj net::ERR_ABORTED | /notifications?_rsc=pzgFYKDD5bs714zj net::ERR_ABORTED | /contracts/cmuffqio702syfs7d0fonyhf3?_rsc=pzgFYKDD5bs714zj net::ERR_ABORTED","","0","1","0","New request ; Switch user"
"ADMIN","/contracts","/contracts","200","Contracts & price context","","","0","/?_rsc=DzmfcRRfJeItXkgz net::ERR_ABORTED | /requests?_rsc=DzmfcRRfJeItXkgz net::ERR_ABORTED | /accounts?_rsc=DzmfcRRfJeItXkgz net::ERR_ABORTED | /intelligence?_rsc=DzmfcRRfJeItXkgz net::ERR_ABORTED | /intelligence/bids?_rsc=DzmfcRRfJeItXkgz net::ERR_ABORTED | /analytics?_rsc=DzmfcRRfJeItXkgz net::ERR_ABORTED | /catalog?_rsc=DzmfcRRfJeItXkgz net::ERR_ABORTED | /catalog/gudid?_rsc=DzmfcRRfJeItXkgz net::ERR_ABORTED | /notifications?_rsc=DzmfcRRfJeItXkgz net::ERR_ABORTED | /crosses?_rsc=DzmfcRRfJeItXkgz net::ERR_ABORTED | /settings?_rsc=DzmfcRRfJeItXkgz net::ERR_ABORTED | /contracts/cmuffqio702syfs7d0fonyhf3?_rsc=DzmfcRRfJeItXkgz net::ERR_ABORTED | /?_rsc=2Ju2sngZl13OvaTN net::ERR_ABORTED | /contracts/cmuffqioe02szfs7dl658b8gy?_rsc=DzmfcRRfJeItXkgz net::ERR_ABORTED | /requests?_rsc=2Ju2sngZl13OvaTN net::ERR_ABORTED | /contracts?_rsc=2Ju2sngZl13OvaTN net::ERR_ABORTED | /proposals?_rsc=2Ju2sngZl13OvaTN net::ERR_ABORTED | /approvals?_rsc=2Ju2sngZl13OvaTN net::ERR_ABORTED | /accounts?_rsc=2Ju2sngZl13OvaTN net::ERR_ABORTED | /intelligence?_rsc=2Ju2sngZl13OvaTN net::ERR_ABORTED | /catalog?_rsc=2Ju2sngZl13OvaTN net::ERR_ABORTED | /analytics?_rsc=2Ju2sngZl13OvaTN net::ERR_ABORTED | /intelligence/bids?_rsc=2Ju2sngZl13OvaTN net::ERR_ABORTED | /catalog/gudid?_rsc=2Ju2sngZl13OvaTN net::ERR_ABORTED | /crosses?_rsc=2Ju2sngZl13OvaTN net::ERR_ABORTED | /settings?_rsc=2Ju2sngZl13OvaTN net::ERR_ABORTED | /requests/new?_rsc=2Ju2sngZl13OvaTN net::ERR_ABORTED | /contracts/cmuffqioe02szfs7dl658b8gy?_rsc=2Ju2sngZl13OvaTN net::ERR_ABORTED | /notifications?_rsc=2Ju2sngZl13OvaTN net::ERR_ABORTED | /contracts/cmuffqio702syfs7d0fonyhf3?_rsc=2Ju2sngZl13OvaTN net::ERR_ABORTED","","0","1","0","New request ; Switch user ; New contract"
"ADMIN","/contracts/[id]","/contracts/cmuffqioe02szfs7dl658b8gy","200","MSK-LOCAL-2026 · MSK local mesh agreement","","","0","/?_rsc=mef3hIvfndT_j2OY net::ERR_ABORTED | /requests?_rsc=mef3hIvfndT_j2OY net::ERR_ABORTED | /proposals?_rsc=mef3hIvfndT_j2OY net::ERR_ABORTED | /approvals?_rsc=mef3hIvfndT_j2OY net::ERR_ABORTED | /accounts/cmuffqiif02rjfs7dkcvn5i4a?_rsc=mef3hIvfndT_j2OY net::ERR_ABORTED | /catalog?_rsc=mef3hIvfndT_j2OY net::ERR_ABORTED | /catalog/gudid?_rsc=mef3hIvfndT_j2OY net::ERR_ABORTED | /accounts/cmuffqiif02rjfs7dkcvn5i4a?_rsc=4Gf8Hzsu8Hn8XV6X net::ERR_ABORTED | /?_rsc=4Gf8Hzsu8Hn8XV6X net::ERR_ABORTED | /requests?_rsc=4Gf8Hzsu8Hn8XV6X net::ERR_ABORTED | /proposals?_rsc=4Gf8Hzsu8Hn8XV6X net::ERR_ABORTED | /approvals?_rsc=4Gf8Hzsu8Hn8XV6X net::ERR_ABORTED | /accounts?_rsc=4Gf8Hzsu8Hn8XV6X net::ERR_ABORTED | /intelligence?_rsc=4Gf8Hzsu8Hn8XV6X net::ERR_ABORTED | /contracts?_rsc=4Gf8Hzsu8Hn8XV6X net::ERR_ABORTED | /intelligence/bids?_rsc=4Gf8Hzsu8Hn8XV6X net::ERR_ABORTED | /analytics?_rsc=4Gf8Hzsu8Hn8XV6X net::ERR_ABORTED | /catalog?_rsc=4Gf8Hzsu8Hn8XV6X net::ERR_ABORTED | /catalog/gudid?_rsc=4Gf8Hzsu8Hn8XV6X net::ERR_ABORTED | /settings?_rsc=4Gf8Hzsu8Hn8XV6X net::ERR_ABORTED | /crosses?_rsc=4Gf8Hzsu8Hn8XV6X net::ERR_ABORTED | /requests/new?_rsc=4Gf8Hzsu8Hn8XV6X net::ERR_ABORTED | /notifications?_rsc=4Gf8Hzsu8Hn8XV6X net::ERR_ABORTED","","0","1","0","New request ; Switch user ; Refresh performance ; Terminate ; Add commitment ; remove ; Add rebate ; Save entries (disabled)"
"ADMIN","/intelligence","/intelligence","200","Competitor pricing","","","0","/proposals?_rsc=3fD0047dUoUPXvG2 net::ERR_ABORTED | /approvals?_rsc=3fD0047dUoUPXvG2 net::ERR_ABORTED | /accounts?_rsc=3fD0047dUoUPXvG2 net::ERR_ABORTED | /contracts?_rsc=3fD0047dUoUPXvG2 net::ERR_ABORTED | /settings?_rsc=3fD0047dUoUPXvG2 net::ERR_ABORTED | /notifications?_rsc=3fD0047dUoUPXvG2 net::ERR_ABORTED | /requests/new?_rsc=3fD0047dUoUPXvG2 net::ERR_ABORTED | /approvals?_rsc=gu9LWiAQNzfrKsW2 net::ERR_ABORTED | /?_rsc=gu9LWiAQNzfrKsW2 net::ERR_ABORTED | /requests?_rsc=gu9LWiAQNzfrKsW2 net::ERR_ABORTED | /proposals?_rsc=gu9LWiAQNzfrKsW2 net::ERR_ABORTED | /accounts?_rsc=gu9LWiAQNzfrKsW2 net::ERR_ABORTED | /contracts?_rsc=gu9LWiAQNzfrKsW2 net::ERR_ABORTED | /intelligence?_rsc=gu9LWiAQNzfrKsW2 net::ERR_ABORTED | /intelligence/bids?_rsc=gu9LWiAQNzfrKsW2 net::ERR_ABORTED | /analytics?_rsc=gu9LWiAQNzfrKsW2 net::ERR_ABORTED | /catalog?_rsc=gu9LWiAQNzfrKsW2 net::ERR_ABORTED | /catalog/gudid?_rsc=gu9LWiAQNzfrKsW2 net::ERR_ABORTED | /settings?_rsc=gu9LWiAQNzfrKsW2 net::ERR_ABORTED | /crosses?_rsc=gu9LWiAQNzfrKsW2 net::ERR_ABORTED | /notifications?_rsc=gu9LWiAQNzfrKsW2 net::ERR_ABORTED | /requests/new?_rsc=gu9LWiAQNzfrKsW2 net::ERR_ABORTED","","0","1","0","New request ; Switch user ; Import .xlsx / .csv ; INPUT ; Extract a document… ; Verify ; Dispute ; 1190500 ; 113700 ; 1410015010 ; SPMII ; 1190816 ; 1190820 ; 1DLMC05 ; UPA31015 ; 1DLMC03 ; 1200710 ; 1190300 ; 112650 ; SPMXXL ; 1202025 ; 112660 ; 112680 ; 1201520 ; Record (disabled)"
"ADMIN","/intelligence/bids","/intelligence/bids","200","Public bids and awards","","","0","/approvals?_rsc=2gWrMJaxdn-CU2fc net::ERR_ABORTED | /?_rsc=2gWrMJaxdn-CU2fc net::ERR_ABORTED | /requests?_rsc=2gWrMJaxdn-CU2fc net::ERR_ABORTED | /proposals?_rsc=2gWrMJaxdn-CU2fc net::ERR_ABORTED | /accounts?_rsc=2gWrMJaxdn-CU2fc net::ERR_ABORTED | /contracts?_rsc=2gWrMJaxdn-CU2fc net::ERR_ABORTED | /intelligence?_rsc=2gWrMJaxdn-CU2fc net::ERR_ABORTED | /analytics?_rsc=2gWrMJaxdn-CU2fc net::ERR_ABORTED | /settings?_rsc=2gWrMJaxdn-CU2fc net::ERR_ABORTED | /catalog?_rsc=2gWrMJaxdn-CU2fc net::ERR_ABORTED | /catalog/gudid?_rsc=2gWrMJaxdn-CU2fc net::ERR_ABORTED | /crosses?_rsc=2gWrMJaxdn-CU2fc net::ERR_ABORTED | /requests/new?_rsc=2gWrMJaxdn-CU2fc net::ERR_ABORTED | /?_rsc=W5McYxvxTMCZbYJx net::ERR_ABORTED | /requests?_rsc=W5McYxvxTMCZbYJx net::ERR_ABORTED | /proposals?_rsc=W5McYxvxTMCZbYJx net::ERR_ABORTED | /approvals?_rsc=W5McYxvxTMCZbYJx net::ERR_ABORTED | /accounts?_rsc=W5McYxvxTMCZbYJx net::ERR_ABORTED | /contracts?_rsc=W5McYxvxTMCZbYJx net::ERR_ABORTED | /intelligence?_rsc=W5McYxvxTMCZbYJx net::ERR_ABORTED | /intelligence/bids?_rsc=W5McYxvxTMCZbYJx net::ERR_ABORTED | /analytics?_rsc=W5McYxvxTMCZbYJx net::ERR_ABORTED | /catalog?_rsc=W5McYxvxTMCZbYJx net::ERR_ABORTED | /catalog/gudid?_rsc=W5McYxvxTMCZbYJx net::ERR_ABORTED | /crosses?_rsc=W5McYxvxTMCZbYJx net::ERR_ABORTED | /settings?_rsc=W5McYxvxTMCZbYJx net::ERR_ABORTED | /notifications?_rsc=W5McYxvxTMCZbYJx net::ERR_ABORTED | /requests/new?_rsc=W5McYxvxTMCZbYJx net::ERR_ABORTED","","0","0","0","New request ; Switch user ; Pull (disabled) ; Pull ; Save ; Bid file"
"ADMIN","/intelligence/extractions/[id]","/intelligence/extractions/missing0000000000000000","200","Extraction","Failed to load resource: the server responded with a status of 404 (Not Found)","","0","/requests?_rsc=VJB2dfGule5Oh2L3 net::ERR_ABORTED | /?_rsc=VJB2dfGule5Oh2L3 net::ERR_ABORTED | /accounts?_rsc=VJB2dfGule5Oh2L3 net::ERR_ABORTED | /contracts?_rsc=VJB2dfGule5Oh2L3 net::ERR_ABORTED | /intelligence?_rsc=VJB2dfGule5Oh2L3 net::ERR_ABORTED | /intelligence/bids?_rsc=VJB2dfGule5Oh2L3 net::ERR_ABORTED | /catalog/gudid?_rsc=VJB2dfGule5Oh2L3 net::ERR_ABORTED | /catalog?_rsc=VJB2dfGule5Oh2L3 net::ERR_ABORTED | /crosses?_rsc=VJB2dfGule5Oh2L3 net::ERR_ABORTED | /requests/new?_rsc=VJB2dfGule5Oh2L3 net::ERR_ABORTED | /settings?_rsc=VJB2dfGule5Oh2L3 net::ERR_ABORTED | /notifications?_rsc=VJB2dfGule5Oh2L3 net::ERR_ABORTED | /?_rsc=wBL8jh-0AxNJNXN_ net::ERR_ABORTED | /proposals?_rsc=wBL8jh-0AxNJNXN_ net::ERR_ABORTED | /approvals?_rsc=wBL8jh-0AxNJNXN_ net::ERR_ABORTED | /accounts?_rsc=wBL8jh-0AxNJNXN_ net::ERR_ABORTED | /requests?_rsc=wBL8jh-0AxNJNXN_ net::ERR_ABORTED | /contracts?_rsc=wBL8jh-0AxNJNXN_ net::ERR_ABORTED | /intelligence?_rsc=wBL8jh-0AxNJNXN_ net::ERR_ABORTED | /intelligence/bids?_rsc=wBL8jh-0AxNJNXN_ net::ERR_ABORTED | /analytics?_rsc=wBL8jh-0AxNJNXN_ net::ERR_ABORTED | /catalog?_rsc=wBL8jh-0AxNJNXN_ net::ERR_ABORTED | /catalog/gudid?_rsc=wBL8jh-0AxNJNXN_ net::ERR_ABORTED | /crosses?_rsc=wBL8jh-0AxNJNXN_ net::ERR_ABORTED | /settings?_rsc=wBL8jh-0AxNJNXN_ net::ERR_ABORTED | /notifications?_rsc=wBL8jh-0AxNJNXN_ net::ERR_ABORTED | /requests/new?_rsc=wBL8jh-0AxNJNXN_ net::ERR_ABORTED","404 /api/documents/extractions/missing0000000000000000","0","0","0","New request ; Switch user"
"ADMIN","/analytics","/analytics","200","Commercial feedback loop","","","0","/?_rsc=ix5_aAief6TvBg04 net::ERR_ABORTED | /requests?_rsc=ix5_aAief6TvBg04 net::ERR_ABORTED | /proposals?_rsc=ix5_aAief6TvBg04 net::ERR_ABORTED | /approvals?_rsc=ix5_aAief6TvBg04 net::ERR_ABORTED | /contracts?_rsc=ix5_aAief6TvBg04 net::ERR_ABORTED | /intelligence?_rsc=ix5_aAief6TvBg04 net::ERR_ABORTED | /intelligence/bids?_rsc=ix5_aAief6TvBg04 net::ERR_ABORTED | /accounts?_rsc=ix5_aAief6TvBg04 net::ERR_ABORTED | /settings?_rsc=ix5_aAief6TvBg04 net::ERR_ABORTED | /catalog?_rsc=ix5_aAief6TvBg04 net::ERR_ABORTED | /catalog/gudid?_rsc=ix5_aAief6TvBg04 net::ERR_ABORTED | /crosses?_rsc=ix5_aAief6TvBg04 net::ERR_ABORTED | /notifications?_rsc=ix5_aAief6TvBg04 net::ERR_ABORTED | /requests/new?_rsc=ix5_aAief6TvBg04 net::ERR_ABORTED | /?_rsc=Dt318okBLJyNDlfE net::ERR_ABORTED | /requests?_rsc=Dt318okBLJyNDlfE net::ERR_ABORTED | /approvals?_rsc=Dt318okBLJyNDlfE net::ERR_ABORTED | /accounts?_rsc=Dt318okBLJyNDlfE net::ERR_ABORTED | /proposals?_rsc=Dt318okBLJyNDlfE net::ERR_ABORTED | /contracts?_rsc=Dt318okBLJyNDlfE net::ERR_ABORTED | /catalog?_rsc=Dt318okBLJyNDlfE net::ERR_ABORTED | /analytics?_rsc=Dt318okBLJyNDlfE net::ERR_ABORTED | /intelligence?_rsc=Dt318okBLJyNDlfE net::ERR_ABORTED | /intelligence/bids?_rsc=Dt318okBLJyNDlfE net::ERR_ABORTED | /catalog/gudid?_rsc=Dt318okBLJyNDlfE net::ERR_ABORTED | /crosses?_rsc=Dt318okBLJyNDlfE net::ERR_ABORTED | /notifications?_rsc=Dt318okBLJyNDlfE net::ERR_ABORTED | /settings?_rsc=Dt318okBLJyNDlfE net::ERR_ABORTED | /requests/new?_rsc=Dt318okBLJyNDlfE net::ERR_ABORTED","","0","1","0","New request ; Switch user ; Refresh"
"ADMIN","/catalog","/catalog","200","Our catalog","","","0","/?_rsc=OYzo7EH3MGwwxBfF net::ERR_ABORTED | /requests?_rsc=OYzo7EH3MGwwxBfF net::ERR_ABORTED | /proposals?_rsc=OYzo7EH3MGwwxBfF net::ERR_ABORTED | /accounts?_rsc=OYzo7EH3MGwwxBfF net::ERR_ABORTED | /contracts?_rsc=OYzo7EH3MGwwxBfF net::ERR_ABORTED | /intelligence?_rsc=OYzo7EH3MGwwxBfF net::ERR_ABORTED | /intelligence/bids?_rsc=OYzo7EH3MGwwxBfF net::ERR_ABORTED | /analytics?_rsc=OYzo7EH3MGwwxBfF net::ERR_ABORTED | /catalog/gudid?_rsc=OYzo7EH3MGwwxBfF net::ERR_ABORTED | /crosses?_rsc=OYzo7EH3MGwwxBfF net::ERR_ABORTED | /settings?_rsc=OYzo7EH3MGwwxBfF net::ERR_ABORTED | /notifications?_rsc=OYzo7EH3MGwwxBfF net::ERR_ABORTED | /requests/new?_rsc=OYzo7EH3MGwwxBfF net::ERR_ABORTED | /requests?_rsc=O6cAbYUSgs3KBG-F net::ERR_ABORTED | /proposals?_rsc=O6cAbYUSgs3KBG-F net::ERR_ABORTED | /contracts?_rsc=O6cAbYUSgs3KBG-F net::ERR_ABORTED | /approvals?_rsc=O6cAbYUSgs3KBG-F net::ERR_ABORTED | /accounts?_rsc=O6cAbYUSgs3KBG-F net::ERR_ABORTED | /intelligence?_rsc=O6cAbYUSgs3KBG-F net::ERR_ABORTED | /intelligence/bids?_rsc=O6cAbYUSgs3KBG-F net::ERR_ABORTED | /analytics?_rsc=O6cAbYUSgs3KBG-F net::ERR_ABORTED | /catalog?_rsc=O6cAbYUSgs3KBG-F net::ERR_ABORTED | /catalog/gudid?_rsc=O6cAbYUSgs3KBG-F net::ERR_ABORTED | /requests/new?_rsc=O6cAbYUSgs3KBG-F net::ERR_ABORTED | /crosses?_rsc=O6cAbYUSgs3KBG-F net::ERR_ABORTED | /notifications?_rsc=O6cAbYUSgs3KBG-F net::ERR_ABORTED | /settings?_rsc=O6cAbYUSgs3KBG-F net::ERR_ABORTED","","0","1","0","New request ; Switch user ; GUDID library ; Enrich from GUDID ; Pricing ; Competitor sizes ; Add SKUs ; 174006 ; ABSTACK30 ; ABSTACK30X ; PCO2015X ; PCO2520X ; PCO9X ; 11-1276 ; 11-1278 ; 171305 ; 173019 ; 173030 ; 173046 ; 173049 ; 173050G ; 174001 ; 174209 ; 174213 ; 174233 ; 174301 ; 174309 ; 174317 ; 174601 ; 176605 ; 176613 ; 176643 ; 176645 ; 176647 ; 178081 ; 178083 ; 178091 ; 178093 ; 178099 ; 25030 ; CATCH10 ; E3781-28 ; E3781R-28ASP ; E3783-28 ; E3783R-28ASP ; E3783R-36ASP ; LF1837 ; LF5637 ; SILSCLINCH46 ; SILSDISSECT46 ; SILSHOOK36 ; SILSHOOK46 ; SILSSHEAR46 ; WPLGR914 ; WPXLGR1117 ; 010316L ; 010460 ; 010470 ; 015427L ; 015433L ; 015441L ; 015451L ; 015458L ; 015477L ; 015485L ; 015888L ; 017614 ; 020242 ; 030330L ; 030412 ; 030424L ; 030425 ; 030426 ; 030454 ; 030470 ; 030735L ; 059037 ; 111981 ; 111983 ; 111985 ; 111987 ; 111989 ; 3948L ; 3971 ; 3973 ; 4901T ; 8886803712 ; EEA21 ; EEA2135 ; EEA25 ; EEA2535 ; EEA28 ; EEA2835 ; EEA31 ; EEA33 ; EEAXL21 ; EEAXL2135 ; EEAXL25 ; EEAXL2535 ; EEAXL28 ; EEAXL2835 ; EEAXL31 ; EEAXL33 ; EGIA45AMT ; EGIA45AV ; EGIA45AVM ; EGIA45CTAVM ; EGIA60AMT ; EGIA60AVM ; EGIA60AXT ; EGIARADMT ; EGIARADVM ; EGIARADXT ; EGIAUSHORT ; EGIAUSTND ; EGIAUXL ; GIA10038L ; GIA10038S ; GIA10048L ; GIA10048S ; GIA6025L ; GIA6025S ; GIA6038L ; GIA6038S ; GIA6048L ; GIA6048S ; GIA60MTC ; GIA60MTS ; GIA60XTC ; GIA60XTS ; GIA8038L ; GIA8038S ; GIA8048L ; GIA8048S ; GIA80MTC ; GIA80MTS ; GIA80XTC ; GIA80XTS ; HEM3335 ; HEM3348 ; IDRVULTRA1 ; SGIA6038S ; SIG30AMT ; SIG30AV ; SIG30AVM ; SIG30CTAV ; SIG30CTAVM ; SIG45AMT ; SIG45AXT ; SIG45CTAMT ; SIG45CTAV ; SIG45CTAVM ; SIG60AMT ; SIG60AXT ; SIG60CTAMT ; SIG60CTAVM ; SIGADAPTSHORT ; SIGADAPTSTND ; SIGADAPTXL ; SIGC45MT ; SIGC45V ; SIGC45VM ; SIGC45VT ; SIGC60MT ; SIGC60V ; SIGC60VM ; SIGC60VT ; SIGLU45A ; SIGLU60A ; SIGPSHELL ; SIGRADMT ; SIGRADVM ; SIGRADXT ; SIGSDL45CTVT ; SIGSDS30CTV ; SIGSDS30CTVT ; SIGTRSB45AMT ; SIGTRSB45AXT ; SIGTRSB60AMT ; SIGTRSB60AXT ; TA3035L ; TA3035S ; TA3048L ; TA3048S ; TA30V3L ; TA30V3S ; TA4535L ; TA4535S ; TA4548L ; TA4548S ; TA6035L ; TA6035S ; TA6048L ; TA6048S ; TA9035L ; TA9035S ; TA9048L ; TA9048S ; TRIEEA28MT ; TRIEEA28XT ; TRIEEA31MT ; TRIEEA31XT ; TRIEEAXL28MT ; TRIEEAXL28XT ; TRIEEAXL31MT ; TRIEEAXL31XT ; TRIEEAXL33MT ; PPDS12 ; PPDS15 ; PPDS1510 ; PPDS2015 ; PPM1106X3 ; PPM1510X3 ; PPM4530 ; 171313 ; 171315 ; 172015 ; 172016 ; 176626P ; 176673P ; 176674P ; 176674PF ; 177090P ; 177090PF ; 177091P ; 177091PF ; 177092 ; 177092F ; 177992P ; 177995P ; 179076P ; 179077P ; 179078PF ; 179093 ; 179093F ; 179094 ; 179094F ; 179095P ; 179096P ; 179096PF ; 179097P ; 179097PF ; 179100 ; 179101 ; 179102P ; 179301 ; 179303 ; 179305 ; 179307 ; 179308 ; 179309 ; 179310 ; 21-345 ; 220-50 ; 24055- ; 4216 ; B11STF ; B11STS ; B12LGF ; B12LGS ; B12STF ; B12STFCS ; B12STS ; B5SHF ; B5SHS ; B5STF ; B5STS ; BPT12STS ; MS100703 ; MS100705 ; MS100708 ; MS101003 ; MS101005 ; MS101008 ; NB11STF ; NB12LGF ; NB12SHF ; NB12STF ; NB12STS ; NB15LGF ; NB15STF ; NB3SHFLP ; NB5LGF ; NB5SHF ; NB5SHFLP ; NB5STF ; NB5STFLP ; NBFCA11ST ; NBFCA12ST ; NONB11STF ; NONB12LGF ; NONB12SHF ; NONB12STF ; NONB12STS ; NONB15LGF ; NONB15STF ; NONB5LGF ; NONB5SHF ; NONB5STF ; NONB8STF ; OMS-T10BT ; OMS-T10BTNL ; OMS-T10BTS ; OMS-T10BTSNL ; OMS-T12BT ; OMS-T12BTNL ; ONB11LGF ; ONB11STF ; ONB12LGF ; ONB12SHF ; ONB12STF ; ONB12STF-NSB ; ONB12STFCS ; ONB12STS ; ONB15STF ; ONB5LGF ; ONB5SHF ; ONB5STF ; ONB5STF-NSB ; ONB5STF2C ; ONBFCA11ST ; S100000 ; S100700 ; S100705 ; S100710 ; S100712 ; S101000 ; S101005 ; S101010 ; S101012 ; S110000 ; SILSPT12TA ; SILSPT5TA ; UNVCA11STF ; UNVCA12LGF ; UNVCA12STF ; UNVCA12STF-NSB ; UNVCA12STS ; UNVCA5LGF ; UNVCA5SHF ; UNVCA5STF ; VS070000 ; VS100700 ; VS100705 ; VS100711P ; VS100712P ; VS101000 ; VS101005 ; VS101011P ; VS101012P ; VS101015P ; VS101500 ; VS101505 ; VS101512P ; VS150000 ; VSR100005 ; VSR100812P ; WPMD509 ; WPSM256 ; WPXSM24"
"ADMIN","/catalog/gudid","/catalog/gudid","200","GUDID library","","","0","/?_rsc=DGmoGnAw5OqJpMhM net::ERR_ABORTED | /requests?_rsc=DGmoGnAw5OqJpMhM net::ERR_ABORTED | /proposals?_rsc=DGmoGnAw5OqJpMhM net::ERR_ABORTED | /intelligence/bids?_rsc=DGmoGnAw5OqJpMhM net::ERR_ABORTED | /intelligence?_rsc=DGmoGnAw5OqJpMhM net::ERR_ABORTED | /accounts?_rsc=DGmoGnAw5OqJpMhM net::ERR_ABORTED | /contracts?_rsc=DGmoGnAw5OqJpMhM net::ERR_ABORTED | /settings?_rsc=DGmoGnAw5OqJpMhM net::ERR_ABORTED | /analytics?_rsc=DGmoGnAw5OqJpMhM net::ERR_ABORTED | /catalog?_rsc=DGmoGnAw5OqJpMhM net::ERR_ABORTED | /crosses?_rsc=DGmoGnAw5OqJpMhM net::ERR_ABORTED | /notifications?_rsc=DGmoGnAw5OqJpMhM net::ERR_ABORTED | /requests?_rsc=Z9EVd8HHdUwJDdIQ net::ERR_ABORTED | /approvals?_rsc=Z9EVd8HHdUwJDdIQ net::ERR_ABORTED | /?_rsc=Z9EVd8HHdUwJDdIQ net::ERR_ABORTED | /proposals?_rsc=Z9EVd8HHdUwJDdIQ net::ERR_ABORTED | /intelligence?_rsc=Z9EVd8HHdUwJDdIQ net::ERR_ABORTED | /accounts?_rsc=Z9EVd8HHdUwJDdIQ net::ERR_ABORTED | /contracts?_rsc=Z9EVd8HHdUwJDdIQ net::ERR_ABORTED | /intelligence/bids?_rsc=Z9EVd8HHdUwJDdIQ net::ERR_ABORTED | /analytics?_rsc=Z9EVd8HHdUwJDdIQ net::ERR_ABORTED | /notifications?_rsc=Z9EVd8HHdUwJDdIQ net::ERR_ABORTED","","0","0","0","New request ; Switch user ; Import from GUDID"
"ADMIN","/crosses","/crosses","200","Crosswalk","","","0","/?_rsc=zAn-vlYtEcVbUMJ6 net::ERR_ABORTED | /requests?_rsc=zAn-vlYtEcVbUMJ6 net::ERR_ABORTED | /proposals?_rsc=zAn-vlYtEcVbUMJ6 net::ERR_ABORTED | /accounts?_rsc=zAn-vlYtEcVbUMJ6 net::ERR_ABORTED | /approvals?_rsc=zAn-vlYtEcVbUMJ6 net::ERR_ABORTED | /contracts?_rsc=zAn-vlYtEcVbUMJ6 net::ERR_ABORTED | /intelligence/bids?_rsc=zAn-vlYtEcVbUMJ6 net::ERR_ABORTED | /intelligence?_rsc=zAn-vlYtEcVbUMJ6 net::ERR_ABORTED | /analytics?_rsc=zAn-vlYtEcVbUMJ6 net::ERR_ABORTED | /catalog?_rsc=zAn-vlYtEcVbUMJ6 net::ERR_ABORTED | /catalog/gudid?_rsc=zAn-vlYtEcVbUMJ6 net::ERR_ABORTED | /settings?_rsc=zAn-vlYtEcVbUMJ6 net::ERR_ABORTED | /notifications?_rsc=zAn-vlYtEcVbUMJ6 net::ERR_ABORTED | /requests/new?_rsc=zAn-vlYtEcVbUMJ6 net::ERR_ABORTED | /?_rsc=aniPmKjMQR6zCALO net::ERR_ABORTED | /requests?_rsc=aniPmKjMQR6zCALO net::ERR_ABORTED | /approvals?_rsc=aniPmKjMQR6zCALO net::ERR_ABORTED | /proposals?_rsc=aniPmKjMQR6zCALO net::ERR_ABORTED | /contracts?_rsc=aniPmKjMQR6zCALO net::ERR_ABORTED | /accounts?_rsc=aniPmKjMQR6zCALO net::ERR_ABORTED | /intelligence?_rsc=aniPmKjMQR6zCALO net::ERR_ABORTED | /intelligence/bids?_rsc=aniPmKjMQR6zCALO net::ERR_ABORTED | /analytics?_rsc=aniPmKjMQR6zCALO net::ERR_ABORTED | /catalog/gudid?_rsc=aniPmKjMQR6zCALO net::ERR_ABORTED | /catalog?_rsc=aniPmKjMQR6zCALO net::ERR_ABORTED | /settings?_rsc=aniPmKjMQR6zCALO net::ERR_ABORTED | /crosses?_rsc=aniPmKjMQR6zCALO net::ERR_ABORTED | /notifications?_rsc=aniPmKjMQR6zCALO net::ERR_ABORTED | /requests/new?_rsc=aniPmKjMQR6zCALO net::ERR_ABORTED","","0","0","0","New request ; Switch user ; Publish new version"
"ADMIN","/notifications","/notifications","200","Notifications","","","0","/?_rsc=oG-rbVP81bj5yHs2 net::ERR_ABORTED | /requests?_rsc=oG-rbVP81bj5yHs2 net::ERR_ABORTED | /proposals?_rsc=oG-rbVP81bj5yHs2 net::ERR_ABORTED | /intelligence/bids?_rsc=oG-rbVP81bj5yHs2 net::ERR_ABORTED | /analytics?_rsc=oG-rbVP81bj5yHs2 net::ERR_ABORTED | /catalog?_rsc=oG-rbVP81bj5yHs2 net::ERR_ABORTED | /crosses?_rsc=oG-rbVP81bj5yHs2 net::ERR_ABORTED | /settings?_rsc=oG-rbVP81bj5yHs2 net::ERR_ABORTED | /requests/new?_rsc=oG-rbVP81bj5yHs2 net::ERR_ABORTED | /approvals?_rsc=FxIb9Zh5xrkPNSW4 net::ERR_ABORTED | /?_rsc=FxIb9Zh5xrkPNSW4 net::ERR_ABORTED | /proposals?_rsc=FxIb9Zh5xrkPNSW4 net::ERR_ABORTED | /accounts?_rsc=FxIb9Zh5xrkPNSW4 net::ERR_ABORTED | /contracts?_rsc=FxIb9Zh5xrkPNSW4 net::ERR_ABORTED | /intelligence?_rsc=FxIb9Zh5xrkPNSW4 net::ERR_ABORTED | /intelligence/bids?_rsc=FxIb9Zh5xrkPNSW4 net::ERR_ABORTED | /catalog/gudid?_rsc=FxIb9Zh5xrkPNSW4 net::ERR_ABORTED | /analytics?_rsc=FxIb9Zh5xrkPNSW4 net::ERR_ABORTED | /catalog?_rsc=FxIb9Zh5xrkPNSW4 net::ERR_ABORTED | /crosses?_rsc=FxIb9Zh5xrkPNSW4 net::ERR_ABORTED | /notifications?_rsc=FxIb9Zh5xrkPNSW4 net::ERR_ABORTED | /settings?_rsc=FxIb9Zh5xrkPNSW4 net::ERR_ABORTED | /requests/new?_rsc=FxIb9Zh5xrkPNSW4 net::ERR_ABORTED","","0","0","0","New request ; Switch user ; Mark all read ; Read"
"ADMIN","/settings","/settings","200","Settings","","","0","/intelligence?_rsc=DQxjArDrgutTG17x net::ERR_ABORTED | /intelligence/bids?_rsc=DQxjArDrgutTG17x net::ERR_ABORTED | /requests/new?_rsc=DQxjArDrgutTG17x net::ERR_ABORTED | /?_rsc=j-_vjoKOn8bxlRO7 net::ERR_ABORTED | /proposals?_rsc=j-_vjoKOn8bxlRO7 net::ERR_ABORTED | /requests?_rsc=j-_vjoKOn8bxlRO7 net::ERR_ABORTED | /accounts?_rsc=j-_vjoKOn8bxlRO7 net::ERR_ABORTED | /contracts?_rsc=j-_vjoKOn8bxlRO7 net::ERR_ABORTED | /intelligence?_rsc=j-_vjoKOn8bxlRO7 net::ERR_ABORTED | /intelligence/bids?_rsc=j-_vjoKOn8bxlRO7 net::ERR_ABORTED | /crosses?_rsc=j-_vjoKOn8bxlRO7 net::ERR_ABORTED | /settings?_rsc=j-_vjoKOn8bxlRO7 net::ERR_ABORTED | /catalog?_rsc=j-_vjoKOn8bxlRO7 net::ERR_ABORTED | /catalog/gudid?_rsc=j-_vjoKOn8bxlRO7 net::ERR_ABORTED | /notifications?_rsc=j-_vjoKOn8bxlRO7 net::ERR_ABORTED | /requests/new?_rsc=j-_vjoKOn8bxlRO7 net::ERR_ABORTED","","0","0","0","New request ; Switch user ; Save ; Evaluate alerts now ; Retry failed jobs ; Refresh stale records ; Edit ; Configure integrations → ; How to connect ; Sync now"
"ADMIN","/settings/integrations","/settings/integrations","200","Integrations","","","0","/proposals?_rsc=U-OwWBq-vq-slwyv net::ERR_ABORTED | /?_rsc=U-OwWBq-vq-slwyv net::ERR_ABORTED | /requests?_rsc=U-OwWBq-vq-slwyv net::ERR_ABORTED | /intelligence?_rsc=U-OwWBq-vq-slwyv net::ERR_ABORTED | /intelligence/bids?_rsc=U-OwWBq-vq-slwyv net::ERR_ABORTED | /catalog?_rsc=U-OwWBq-vq-slwyv net::ERR_ABORTED | /settings?_rsc=U-OwWBq-vq-slwyv net::ERR_ABORTED | /catalog/gudid?_rsc=U-OwWBq-vq-slwyv net::ERR_ABORTED | /crosses?_rsc=U-OwWBq-vq-slwyv net::ERR_ABORTED | /requests/new?_rsc=U-OwWBq-vq-slwyv net::ERR_ABORTED | /?_rsc=hbetPO-u3vUUlMwr net::ERR_ABORTED | /requests?_rsc=hbetPO-u3vUUlMwr net::ERR_ABORTED | /proposals?_rsc=hbetPO-u3vUUlMwr net::ERR_ABORTED | /approvals?_rsc=hbetPO-u3vUUlMwr net::ERR_ABORTED | /accounts?_rsc=hbetPO-u3vUUlMwr net::ERR_ABORTED | /contracts?_rsc=hbetPO-u3vUUlMwr net::ERR_ABORTED | /intelligence?_rsc=hbetPO-u3vUUlMwr net::ERR_ABORTED | /intelligence/bids?_rsc=hbetPO-u3vUUlMwr net::ERR_ABORTED | /analytics?_rsc=hbetPO-u3vUUlMwr net::ERR_ABORTED | /catalog?_rsc=hbetPO-u3vUUlMwr net::ERR_ABORTED | /notifications?_rsc=hbetPO-u3vUUlMwr net::ERR_ABORTED | /catalog/gudid?_rsc=hbetPO-u3vUUlMwr net::ERR_ABORTED | /crosses?_rsc=hbetPO-u3vUUlMwr net::ERR_ABORTED | /settings?_rsc=hbetPO-u3vUUlMwr net::ERR_ABORTED | /requests/new?_rsc=hbetPO-u3vUUlMwr net::ERR_ABORTED","","0","0","0","New request ; Switch user ; Salesforce (CRM)disabledMock Salesforce  ; SAP ERP (OData)not configuredno provider ; Premier rosternot configuredno provider ; Vizient rosternot configuredno provider ; HealthTrust rosternot configuredno provi ; Document extraction (OCR)not configuredn ; Exchange ratesnot configuredno provider ; Competitor GPO contract pricesnot config ; Review queue0 open items across all inte"
"ADMIN","/settings/pricing","/settings/pricing","200","Pricing policies","","","0","/?_rsc=8oSST31HPn0UlEto net::ERR_ABORTED | /approvals?_rsc=8oSST31HPn0UlEto net::ERR_ABORTED | /requests?_rsc=8oSST31HPn0UlEto net::ERR_ABORTED | /proposals?_rsc=8oSST31HPn0UlEto net::ERR_ABORTED | /intelligence/bids?_rsc=8oSST31HPn0UlEto net::ERR_ABORTED | /contracts?_rsc=8oSST31HPn0UlEto net::ERR_ABORTED | /intelligence?_rsc=8oSST31HPn0UlEto net::ERR_ABORTED | /analytics?_rsc=8oSST31HPn0UlEto net::ERR_ABORTED | /catalog?_rsc=8oSST31HPn0UlEto net::ERR_ABORTED | /catalog/gudid?_rsc=8oSST31HPn0UlEto net::ERR_ABORTED | /crosses?_rsc=8oSST31HPn0UlEto net::ERR_ABORTED | /settings?_rsc=8oSST31HPn0UlEto net::ERR_ABORTED | /notifications?_rsc=8oSST31HPn0UlEto net::ERR_ABORTED | /requests/new?_rsc=8oSST31HPn0UlEto net::ERR_ABORTED | /approvals?_rsc=_Ie442TgELs3Q458 net::ERR_ABORTED | /?_rsc=_Ie442TgELs3Q458 net::ERR_ABORTED | /requests?_rsc=_Ie442TgELs3Q458 net::ERR_ABORTED | /accounts?_rsc=_Ie442TgELs3Q458 net::ERR_ABORTED | /contracts?_rsc=_Ie442TgELs3Q458 net::ERR_ABORTED | /intelligence?_rsc=_Ie442TgELs3Q458 net::ERR_ABORTED | /intelligence/bids?_rsc=_Ie442TgELs3Q458 net::ERR_ABORTED | /analytics?_rsc=_Ie442TgELs3Q458 net::ERR_ABORTED | /catalog/gudid?_rsc=_Ie442TgELs3Q458 net::ERR_ABORTED | /crosses?_rsc=_Ie442TgELs3Q458 net::ERR_ABORTED | /catalog?_rsc=_Ie442TgELs3Q458 net::ERR_ABORTED | /settings?_rsc=_Ie442TgELs3Q458 net::ERR_ABORTED | /requests/new?_rsc=_Ie442TgELs3Q458 net::ERR_ABORTED | /notifications?_rsc=_Ie442TgELs3Q458 net::ERR_ABORTED","","0","0","0","New request ; Switch user ; New draft ; New version"
"EXECUTIVE","/","/","200","Competitive cross reference","","","0","/accounts?_rsc=5CB68i4pnAekjehf net::ERR_ABORTED | /proposals?_rsc=5CB68i4pnAekjehf net::ERR_ABORTED | /contracts?_rsc=5CB68i4pnAekjehf net::ERR_ABORTED | /intelligence?_rsc=5CB68i4pnAekjehf net::ERR_ABORTED | /intelligence/bids?_rsc=5CB68i4pnAekjehf net::ERR_ABORTED | /analytics?_rsc=5CB68i4pnAekjehf net::ERR_ABORTED | /catalog?_rsc=5CB68i4pnAekjehf net::ERR_ABORTED | /catalog/gudid?_rsc=5CB68i4pnAekjehf net::ERR_ABORTED | /crosses?_rsc=5CB68i4pnAekjehf net::ERR_ABORTED | /settings?_rsc=5CB68i4pnAekjehf net::ERR_ABORTED | /notifications?_rsc=5CB68i4pnAekjehf net::ERR_ABORTED | /proposals?_rsc=tXyZJ52UQVBCVsD3 net::ERR_ABORTED | /?_rsc=tXyZJ52UQVBCVsD3 net::ERR_ABORTED | /accounts?_rsc=tXyZJ52UQVBCVsD3 net::ERR_ABORTED | /intelligence/bids?_rsc=tXyZJ52UQVBCVsD3 net::ERR_ABORTED | /intelligence?_rsc=tXyZJ52UQVBCVsD3 net::ERR_ABORTED | /contracts?_rsc=tXyZJ52UQVBCVsD3 net::ERR_ABORTED | /analytics?_rsc=tXyZJ52UQVBCVsD3 net::ERR_ABORTED | /catalog?_rsc=tXyZJ52UQVBCVsD3 net::ERR_ABORTED | /settings?_rsc=tXyZJ52UQVBCVsD3 net::ERR_ABORTED | /catalog/gudid?_rsc=tXyZJ52UQVBCVsD3 net::ERR_ABORTED | /crosses?_rsc=tXyZJ52UQVBCVsD3 net::ERR_ABORTED","","0","0","0","Switch user"
"EXECUTIVE","/requests","/requests","200","","","","0","/?_rsc=p3Q57VochOqcQNsg net::ERR_ABORTED | /accounts?_rsc=p3Q57VochOqcQNsg net::ERR_ABORTED | /proposals?_rsc=p3Q57VochOqcQNsg net::ERR_ABORTED | /intelligence/bids?_rsc=p3Q57VochOqcQNsg net::ERR_ABORTED | /analytics?_rsc=p3Q57VochOqcQNsg net::ERR_ABORTED | /catalog?_rsc=p3Q57VochOqcQNsg net::ERR_ABORTED | /catalog/gudid?_rsc=p3Q57VochOqcQNsg net::ERR_ABORTED | /settings?_rsc=p3Q57VochOqcQNsg net::ERR_ABORTED | /notifications?_rsc=p3Q57VochOqcQNsg net::ERR_ABORTED | /?_rsc=nIzLgF1M7nWxnHlV net::ERR_ABORTED | /proposals?_rsc=nIzLgF1M7nWxnHlV net::ERR_ABORTED | /intelligence?_rsc=nIzLgF1M7nWxnHlV net::ERR_ABORTED | /intelligence/bids?_rsc=nIzLgF1M7nWxnHlV net::ERR_ABORTED | /analytics?_rsc=nIzLgF1M7nWxnHlV net::ERR_ABORTED | /catalog?_rsc=nIzLgF1M7nWxnHlV net::ERR_ABORTED | /crosses?_rsc=nIzLgF1M7nWxnHlV net::ERR_ABORTED | /settings?_rsc=nIzLgF1M7nWxnHlV net::ERR_ABORTED | /notifications?_rsc=nIzLgF1M7nWxnHlV net::ERR_ABORTED","","0","0","0","Switch user"
"EXECUTIVE","/requests/new","/requests/new","200","","","","0","/accounts?_rsc=4belA-F-xg-XtLdx net::ERR_ABORTED | /contracts?_rsc=4belA-F-xg-XtLdx net::ERR_ABORTED | /?_rsc=4belA-F-xg-XtLdx net::ERR_ABORTED | /proposals?_rsc=4belA-F-xg-XtLdx net::ERR_ABORTED | /intelligence?_rsc=4belA-F-xg-XtLdx net::ERR_ABORTED | /intelligence/bids?_rsc=4belA-F-xg-XtLdx net::ERR_ABORTED | /catalog?_rsc=4belA-F-xg-XtLdx net::ERR_ABORTED | /analytics?_rsc=4belA-F-xg-XtLdx net::ERR_ABORTED | /catalog/gudid?_rsc=4belA-F-xg-XtLdx net::ERR_ABORTED | /notifications?_rsc=4belA-F-xg-XtLdx net::ERR_ABORTED | /proposals?_rsc=O1p93FFpSnNce0k4 net::ERR_ABORTED | /accounts?_rsc=O1p93FFpSnNce0k4 net::ERR_ABORTED | /contracts?_rsc=O1p93FFpSnNce0k4 net::ERR_ABORTED | /intelligence?_rsc=O1p93FFpSnNce0k4 net::ERR_ABORTED | /analytics?_rsc=O1p93FFpSnNce0k4 net::ERR_ABORTED | /intelligence/bids?_rsc=O1p93FFpSnNce0k4 net::ERR_ABORTED | /settings?_rsc=O1p93FFpSnNce0k4 net::ERR_ABORTED | /catalog/gudid?_rsc=O1p93FFpSnNce0k4 net::ERR_ABORTED | /crosses?_rsc=O1p93FFpSnNce0k4 net::ERR_ABORTED | /catalog?_rsc=O1p93FFpSnNce0k4 net::ERR_ABORTED | /notifications?_rsc=O1p93FFpSnNce0k4 net::ERR_ABORTED","","0","0","0","Switch user"
"EXECUTIVE","/requests/[id]","/requests/null","200","","Failed to load resource: the server responded with a status of 403 (Forbidden)","","0","/?_rsc=76SvvV1TLjtpHtqe net::ERR_ABORTED | /contracts?_rsc=76SvvV1TLjtpHtqe net::ERR_ABORTED | /proposals?_rsc=76SvvV1TLjtpHtqe net::ERR_ABORTED | /accounts?_rsc=76SvvV1TLjtpHtqe net::ERR_ABORTED | /intelligence?_rsc=76SvvV1TLjtpHtqe net::ERR_ABORTED | /intelligence/bids?_rsc=76SvvV1TLjtpHtqe net::ERR_ABORTED | /analytics?_rsc=76SvvV1TLjtpHtqe net::ERR_ABORTED | /requests?_rsc=76SvvV1TLjtpHtqe net::ERR_ABORTED | /catalog?_rsc=76SvvV1TLjtpHtqe net::ERR_ABORTED | /catalog/gudid?_rsc=76SvvV1TLjtpHtqe net::ERR_ABORTED | /crosses?_rsc=76SvvV1TLjtpHtqe net::ERR_ABORTED | /settings?_rsc=76SvvV1TLjtpHtqe net::ERR_ABORTED | /notifications?_rsc=76SvvV1TLjtpHtqe net::ERR_ABORTED | /requests?_rsc=eoRKZgXY26fq4Ulk net::ERR_ABORTED | /proposals?_rsc=eoRKZgXY26fq4Ulk net::ERR_ABORTED | /?_rsc=eoRKZgXY26fq4Ulk net::ERR_ABORTED | /contracts?_rsc=eoRKZgXY26fq4Ulk net::ERR_ABORTED | /accounts?_rsc=eoRKZgXY26fq4Ulk net::ERR_ABORTED | /intelligence/bids?_rsc=eoRKZgXY26fq4Ulk net::ERR_ABORTED | /intelligence?_rsc=eoRKZgXY26fq4Ulk net::ERR_ABORTED | /analytics?_rsc=eoRKZgXY26fq4Ulk net::ERR_ABORTED | /catalog?_rsc=eoRKZgXY26fq4Ulk net::ERR_ABORTED | /catalog/gudid?_rsc=eoRKZgXY26fq4Ulk net::ERR_ABORTED | /crosses?_rsc=eoRKZgXY26fq4Ulk net::ERR_ABORTED | /settings?_rsc=eoRKZgXY26fq4Ulk net::ERR_ABORTED | /notifications?_rsc=eoRKZgXY26fq4Ulk net::ERR_ABORTED","403 /api/requests/null","0","0","0","Switch user"
"EXECUTIVE","/proposals","/proposals","200","Commercial proposals","","","0","/intelligence?_rsc=8qZH60WsiyOTuseO net::ERR_ABORTED | /accounts?_rsc=8qZH60WsiyOTuseO net::ERR_ABORTED | /contracts?_rsc=8qZH60WsiyOTuseO net::ERR_ABORTED | /?_rsc=8qZH60WsiyOTuseO net::ERR_ABORTED | /catalog/gudid?_rsc=8qZH60WsiyOTuseO net::ERR_ABORTED | /intelligence/bids?_rsc=8qZH60WsiyOTuseO net::ERR_ABORTED | /analytics?_rsc=8qZH60WsiyOTuseO net::ERR_ABORTED | /catalog?_rsc=8qZH60WsiyOTuseO net::ERR_ABORTED | /crosses?_rsc=8qZH60WsiyOTuseO net::ERR_ABORTED | /notifications?_rsc=8qZH60WsiyOTuseO net::ERR_ABORTED | /settings?_rsc=8qZH60WsiyOTuseO net::ERR_ABORTED | /?_rsc=yDw8cg_cK2Tq2IDS net::ERR_ABORTED | /intelligence?_rsc=yDw8cg_cK2Tq2IDS net::ERR_ABORTED | /contracts?_rsc=yDw8cg_cK2Tq2IDS net::ERR_ABORTED | /accounts?_rsc=yDw8cg_cK2Tq2IDS net::ERR_ABORTED | /proposals?_rsc=yDw8cg_cK2Tq2IDS net::ERR_ABORTED | /intelligence/bids?_rsc=yDw8cg_cK2Tq2IDS net::ERR_ABORTED | /analytics?_rsc=yDw8cg_cK2Tq2IDS net::ERR_ABORTED | /crosses?_rsc=yDw8cg_cK2Tq2IDS net::ERR_ABORTED | /catalog/gudid?_rsc=yDw8cg_cK2Tq2IDS net::ERR_ABORTED | /catalog?_rsc=yDw8cg_cK2Tq2IDS net::ERR_ABORTED | /notifications?_rsc=yDw8cg_cK2Tq2IDS net::ERR_ABORTED | /settings?_rsc=yDw8cg_cK2Tq2IDS net::ERR_ABORTED","","0","0","0","Switch user"
"EXECUTIVE","/proposals/[id]","/proposals/null","200","","Failed to load resource: the server responded with a status of 404 (Not Found)","","0","/?_rsc=VreOGdJHuaZwqD3- net::ERR_ABORTED | /proposals?_rsc=VreOGdJHuaZwqD3- net::ERR_ABORTED | /intelligence?_rsc=VreOGdJHuaZwqD3- net::ERR_ABORTED | /intelligence/bids?_rsc=VreOGdJHuaZwqD3- net::ERR_ABORTED | /analytics?_rsc=VreOGdJHuaZwqD3- net::ERR_ABORTED | /catalog?_rsc=VreOGdJHuaZwqD3- net::ERR_ABORTED | /catalog/gudid?_rsc=VreOGdJHuaZwqD3- net::ERR_ABORTED | /settings?_rsc=VreOGdJHuaZwqD3- net::ERR_ABORTED | /crosses?_rsc=VreOGdJHuaZwqD3- net::ERR_ABORTED | /proposals?_rsc=hzu8hJFrzSYjsRgK net::ERR_ABORTED | /notifications?_rsc=VreOGdJHuaZwqD3- net::ERR_ABORTED | /contracts?_rsc=hzu8hJFrzSYjsRgK net::ERR_ABORTED | /accounts?_rsc=hzu8hJFrzSYjsRgK net::ERR_ABORTED | /intelligence/bids?_rsc=hzu8hJFrzSYjsRgK net::ERR_ABORTED | /intelligence?_rsc=hzu8hJFrzSYjsRgK net::ERR_ABORTED | /analytics?_rsc=hzu8hJFrzSYjsRgK net::ERR_ABORTED | /catalog?_rsc=hzu8hJFrzSYjsRgK net::ERR_ABORTED | /catalog/gudid?_rsc=hzu8hJFrzSYjsRgK net::ERR_ABORTED | /crosses?_rsc=hzu8hJFrzSYjsRgK net::ERR_ABORTED | /notifications?_rsc=hzu8hJFrzSYjsRgK net::ERR_ABORTED | /settings?_rsc=hzu8hJFrzSYjsRgK net::ERR_ABORTED","404 /api/proposals/null","0","0","0","Switch user"
"EXECUTIVE","/approvals","/approvals","200","Pricing approvals","","","0","/?_rsc=Ut9iRRX_9PZKRdF- net::ERR_ABORTED | /proposals?_rsc=Ut9iRRX_9PZKRdF- net::ERR_ABORTED | /accounts?_rsc=Ut9iRRX_9PZKRdF- net::ERR_ABORTED | /catalog?_rsc=Ut9iRRX_9PZKRdF- net::ERR_ABORTED | /catalog/gudid?_rsc=Ut9iRRX_9PZKRdF- net::ERR_ABORTED | /intelligence/bids?_rsc=Ut9iRRX_9PZKRdF- net::ERR_ABORTED | /analytics?_rsc=Ut9iRRX_9PZKRdF- net::ERR_ABORTED | /?_rsc=AU6DTT46DVXZ7jWj net::ERR_ABORTED | /crosses?_rsc=Ut9iRRX_9PZKRdF- net::ERR_ABORTED | /settings?_rsc=Ut9iRRX_9PZKRdF- net::ERR_ABORTED | /notifications?_rsc=Ut9iRRX_9PZKRdF- net::ERR_ABORTED | /proposals?_rsc=AU6DTT46DVXZ7jWj net::ERR_ABORTED | /contracts?_rsc=AU6DTT46DVXZ7jWj net::ERR_ABORTED | /intelligence?_rsc=AU6DTT46DVXZ7jWj net::ERR_ABORTED | /accounts?_rsc=AU6DTT46DVXZ7jWj net::ERR_ABORTED | /intelligence/bids?_rsc=AU6DTT46DVXZ7jWj net::ERR_ABORTED | /analytics?_rsc=AU6DTT46DVXZ7jWj net::ERR_ABORTED | /catalog?_rsc=AU6DTT46DVXZ7jWj net::ERR_ABORTED | /crosses?_rsc=AU6DTT46DVXZ7jWj net::ERR_ABORTED | /settings?_rsc=AU6DTT46DVXZ7jWj net::ERR_ABORTED | /catalog/gudid?_rsc=AU6DTT46DVXZ7jWj net::ERR_ABORTED","","0","0","0","Switch user ; Delegate my approvals (disabled)"
"EXECUTIVE","/accounts","/accounts","200","Accounts & GPO membership","","","0","/proposals?_rsc=iZGmHDWBA-6V7KTQ net::ERR_ABORTED | /?_rsc=iZGmHDWBA-6V7KTQ net::ERR_ABORTED | /contracts?_rsc=iZGmHDWBA-6V7KTQ net::ERR_ABORTED | /intelligence?_rsc=iZGmHDWBA-6V7KTQ net::ERR_ABORTED | /intelligence/bids?_rsc=iZGmHDWBA-6V7KTQ net::ERR_ABORTED | /analytics?_rsc=iZGmHDWBA-6V7KTQ net::ERR_ABORTED | /catalog?_rsc=iZGmHDWBA-6V7KTQ net::ERR_ABORTED | /catalog/gudid?_rsc=iZGmHDWBA-6V7KTQ net::ERR_ABORTED | /accounts/cmuffqiii02rkfs7dzbqrnru0?_rsc=iZGmHDWBA-6V7KTQ net::ERR_ABORTED | /crosses?_rsc=iZGmHDWBA-6V7KTQ net::ERR_ABORTED | /settings?_rsc=iZGmHDWBA-6V7KTQ net::ERR_ABORTED | /notifications?_rsc=iZGmHDWBA-6V7KTQ net::ERR_ABORTED | /?_rsc=oRxEn_R9e10JER3Z net::ERR_ABORTED | /proposals?_rsc=oRxEn_R9e10JER3Z net::ERR_ABORTED | /accounts?_rsc=oRxEn_R9e10JER3Z net::ERR_ABORTED | /contracts?_rsc=oRxEn_R9e10JER3Z net::ERR_ABORTED | /intelligence?_rsc=oRxEn_R9e10JER3Z net::ERR_ABORTED | /intelligence/bids?_rsc=oRxEn_R9e10JER3Z net::ERR_ABORTED | /analytics?_rsc=oRxEn_R9e10JER3Z net::ERR_ABORTED | /catalog?_rsc=oRxEn_R9e10JER3Z net::ERR_ABORTED | /catalog/gudid?_rsc=oRxEn_R9e10JER3Z net::ERR_ABORTED | /crosses?_rsc=oRxEn_R9e10JER3Z net::ERR_ABORTED | /settings?_rsc=oRxEn_R9e10JER3Z net::ERR_ABORTED | /notifications?_rsc=oRxEn_R9e10JER3Z net::ERR_ABORTED | /accounts/cmuffqiiv02rmfs7diaqvuvc9?_rsc=oRxEn_R9e10JER3Z net::ERR_ABORTED | /accounts/cmuffqiiq02rlfs7d9y1un1wd?_rsc=oRxEn_R9e10JER3Z net::ERR_ABORTED | /accounts/cmuffqiii02rkfs7dzbqrnru0?_rsc=oRxEn_R9e10JER3Z net::ERR_ABORTED | /accounts/cmuffqiif02rjfs7dkcvn5i4a?_rsc=oRxEn_R9e10JER3Z net::ERR_ABORTED | /accounts/cmuffqiia02rifs7d9g96f4p7?_rsc=oRxEn_R9e10JER3Z net::ERR_ABORTED","","0","0","0","Switch user"
"EXECUTIVE","/accounts/[id]","/accounts/cmuffqiii02rkfs7dzbqrnru0","200","Hospital A — Mount Vernon General","","","0","/?_rsc=mfJnIb6u-3Mn-ESD net::ERR_ABORTED | /proposals?_rsc=mfJnIb6u-3Mn-ESD net::ERR_ABORTED | /accounts?_rsc=mfJnIb6u-3Mn-ESD net::ERR_ABORTED | /contracts?_rsc=mfJnIb6u-3Mn-ESD net::ERR_ABORTED | /intelligence/bids?_rsc=mfJnIb6u-3Mn-ESD net::ERR_ABORTED | /analytics?_rsc=mfJnIb6u-3Mn-ESD net::ERR_ABORTED | /catalog?_rsc=mfJnIb6u-3Mn-ESD net::ERR_ABORTED | /intelligence?_rsc=mfJnIb6u-3Mn-ESD net::ERR_ABORTED | /catalog/gudid?_rsc=mfJnIb6u-3Mn-ESD net::ERR_ABORTED | /crosses?_rsc=mfJnIb6u-3Mn-ESD net::ERR_ABORTED | /settings?_rsc=mfJnIb6u-3Mn-ESD net::ERR_ABORTED | /notifications?_rsc=mfJnIb6u-3Mn-ESD net::ERR_ABORTED | /contracts/cmuffqio702syfs7d0fonyhf3?_rsc=mfJnIb6u-3Mn-ESD net::ERR_ABORTED | /?_rsc=pzgFYKDD5bs714zj net::ERR_ABORTED | /proposals?_rsc=pzgFYKDD5bs714zj net::ERR_ABORTED | /accounts?_rsc=pzgFYKDD5bs714zj net::ERR_ABORTED | /contracts?_rsc=pzgFYKDD5bs714zj net::ERR_ABORTED | /intelligence?_rsc=pzgFYKDD5bs714zj net::ERR_ABORTED | /intelligence/bids?_rsc=pzgFYKDD5bs714zj net::ERR_ABORTED | /analytics?_rsc=pzgFYKDD5bs714zj net::ERR_ABORTED | /catalog/gudid?_rsc=pzgFYKDD5bs714zj net::ERR_ABORTED | /catalog?_rsc=pzgFYKDD5bs714zj net::ERR_ABORTED | /crosses?_rsc=pzgFYKDD5bs714zj net::ERR_ABORTED | /settings?_rsc=pzgFYKDD5bs714zj net::ERR_ABORTED | /notifications?_rsc=pzgFYKDD5bs714zj net::ERR_ABORTED | /contracts/cmuffqio702syfs7d0fonyhf3?_rsc=pzgFYKDD5bs714zj net::ERR_ABORTED","","0","1","0","Switch user"
"EXECUTIVE","/contracts","/contracts","200","Contracts & price context","","","0","/?_rsc=DzmfcRRfJeItXkgz net::ERR_ABORTED | /proposals?_rsc=DzmfcRRfJeItXkgz net::ERR_ABORTED | /accounts?_rsc=DzmfcRRfJeItXkgz net::ERR_ABORTED | /intelligence?_rsc=DzmfcRRfJeItXkgz net::ERR_ABORTED | /analytics?_rsc=DzmfcRRfJeItXkgz net::ERR_ABORTED | /catalog?_rsc=DzmfcRRfJeItXkgz net::ERR_ABORTED | /catalog/gudid?_rsc=DzmfcRRfJeItXkgz net::ERR_ABORTED | /intelligence/bids?_rsc=DzmfcRRfJeItXkgz net::ERR_ABORTED | /crosses?_rsc=DzmfcRRfJeItXkgz net::ERR_ABORTED | /contracts/cmuffqioe02szfs7dl658b8gy?_rsc=DzmfcRRfJeItXkgz net::ERR_ABORTED | /settings?_rsc=DzmfcRRfJeItXkgz net::ERR_ABORTED | /notifications?_rsc=DzmfcRRfJeItXkgz net::ERR_ABORTED | /?_rsc=2Ju2sngZl13OvaTN net::ERR_ABORTED | /proposals?_rsc=2Ju2sngZl13OvaTN net::ERR_ABORTED | /accounts?_rsc=2Ju2sngZl13OvaTN net::ERR_ABORTED | /contracts?_rsc=2Ju2sngZl13OvaTN net::ERR_ABORTED | /intelligence?_rsc=2Ju2sngZl13OvaTN net::ERR_ABORTED | /intelligence/bids?_rsc=2Ju2sngZl13OvaTN net::ERR_ABORTED | /analytics?_rsc=2Ju2sngZl13OvaTN net::ERR_ABORTED | /catalog?_rsc=2Ju2sngZl13OvaTN net::ERR_ABORTED | /catalog/gudid?_rsc=2Ju2sngZl13OvaTN net::ERR_ABORTED | /crosses?_rsc=2Ju2sngZl13OvaTN net::ERR_ABORTED | /settings?_rsc=2Ju2sngZl13OvaTN net::ERR_ABORTED | /notifications?_rsc=2Ju2sngZl13OvaTN net::ERR_ABORTED | /contracts/cmuffqioe02szfs7dl658b8gy?_rsc=2Ju2sngZl13OvaTN net::ERR_ABORTED | /contracts/cmuffqio702syfs7d0fonyhf3?_rsc=2Ju2sngZl13OvaTN net::ERR_ABORTED","","0","1","0","Switch user ; New contract (disabled)"
"EXECUTIVE","/contracts/[id]","/contracts/cmuffqioe02szfs7dl658b8gy","200","MSK-LOCAL-2026 · MSK local mesh agreement","","","0","/accounts?_rsc=mef3hIvfndT_j2OY net::ERR_ABORTED | /contracts?_rsc=mef3hIvfndT_j2OY net::ERR_ABORTED | /?_rsc=mef3hIvfndT_j2OY net::ERR_ABORTED | /proposals?_rsc=mef3hIvfndT_j2OY net::ERR_ABORTED | /intelligence?_rsc=mef3hIvfndT_j2OY net::ERR_ABORTED | /intelligence/bids?_rsc=mef3hIvfndT_j2OY net::ERR_ABORTED | /analytics?_rsc=mef3hIvfndT_j2OY net::ERR_ABORTED | /catalog?_rsc=mef3hIvfndT_j2OY net::ERR_ABORTED | /catalog/gudid?_rsc=mef3hIvfndT_j2OY net::ERR_ABORTED | /contracts?_rsc=4Gf8Hzsu8Hn8XV6X net::ERR_ABORTED | /intelligence?_rsc=4Gf8Hzsu8Hn8XV6X net::ERR_ABORTED | /intelligence/bids?_rsc=4Gf8Hzsu8Hn8XV6X net::ERR_ABORTED | /accounts/cmuffqiif02rjfs7dkcvn5i4a?_rsc=mef3hIvfndT_j2OY net::ERR_ABORTED | /catalog/gudid?_rsc=4Gf8Hzsu8Hn8XV6X net::ERR_ABORTED | /accounts/cmuffqiif02rjfs7dkcvn5i4a?_rsc=4Gf8Hzsu8Hn8XV6X net::ERR_ABORTED | /analytics?_rsc=4Gf8Hzsu8Hn8XV6X net::ERR_ABORTED | /catalog?_rsc=4Gf8Hzsu8Hn8XV6X net::ERR_ABORTED | /crosses?_rsc=4Gf8Hzsu8Hn8XV6X net::ERR_ABORTED | /settings?_rsc=4Gf8Hzsu8Hn8XV6X net::ERR_ABORTED | /notifications?_rsc=4Gf8Hzsu8Hn8XV6X net::ERR_ABORTED","","0","1","0","Switch user ; Refresh performance ; Save entries (disabled)"
"EXECUTIVE","/intelligence","/intelligence","200","Competitor pricing","","","0","/?_rsc=3fD0047dUoUPXvG2 net::ERR_ABORTED | /proposals?_rsc=3fD0047dUoUPXvG2 net::ERR_ABORTED | /accounts?_rsc=3fD0047dUoUPXvG2 net::ERR_ABORTED | /contracts?_rsc=3fD0047dUoUPXvG2 net::ERR_ABORTED | /intelligence/bids?_rsc=3fD0047dUoUPXvG2 net::ERR_ABORTED | /catalog?_rsc=3fD0047dUoUPXvG2 net::ERR_ABORTED | /analytics?_rsc=3fD0047dUoUPXvG2 net::ERR_ABORTED | /catalog/gudid?_rsc=3fD0047dUoUPXvG2 net::ERR_ABORTED | /settings?_rsc=3fD0047dUoUPXvG2 net::ERR_ABORTED | /notifications?_rsc=3fD0047dUoUPXvG2 net::ERR_ABORTED | /contracts?_rsc=gu9LWiAQNzfrKsW2 net::ERR_ABORTED | /accounts?_rsc=gu9LWiAQNzfrKsW2 net::ERR_ABORTED | /intelligence?_rsc=gu9LWiAQNzfrKsW2 net::ERR_ABORTED | /intelligence/bids?_rsc=gu9LWiAQNzfrKsW2 net::ERR_ABORTED | /analytics?_rsc=gu9LWiAQNzfrKsW2 net::ERR_ABORTED | /catalog?_rsc=gu9LWiAQNzfrKsW2 net::ERR_ABORTED | /catalog/gudid?_rsc=gu9LWiAQNzfrKsW2 net::ERR_ABORTED | /crosses?_rsc=gu9LWiAQNzfrKsW2 net::ERR_ABORTED | /settings?_rsc=gu9LWiAQNzfrKsW2 net::ERR_ABORTED | /notifications?_rsc=gu9LWiAQNzfrKsW2 net::ERR_ABORTED","","0","1","0","Switch user ; 1190500 ; 113700 ; 1410015010 ; SPMII ; 1190816 ; 1190820 ; 1DLMC05 ; UPA31015 ; 1DLMC03 ; 1200710 ; 1190300 ; 112650 ; SPMXXL ; 1202025 ; 112660 ; 112680 ; 1201520"
"EXECUTIVE","/intelligence/bids","/intelligence/bids","200","Public bids and awards","","","0","/proposals?_rsc=2gWrMJaxdn-CU2fc net::ERR_ABORTED | /intelligence?_rsc=2gWrMJaxdn-CU2fc net::ERR_ABORTED | /analytics?_rsc=2gWrMJaxdn-CU2fc net::ERR_ABORTED | /catalog/gudid?_rsc=2gWrMJaxdn-CU2fc net::ERR_ABORTED | /catalog?_rsc=2gWrMJaxdn-CU2fc net::ERR_ABORTED | /settings?_rsc=2gWrMJaxdn-CU2fc net::ERR_ABORTED | /crosses?_rsc=2gWrMJaxdn-CU2fc net::ERR_ABORTED | /?_rsc=W5McYxvxTMCZbYJx net::ERR_ABORTED | /notifications?_rsc=2gWrMJaxdn-CU2fc net::ERR_ABORTED | /contracts?_rsc=W5McYxvxTMCZbYJx net::ERR_ABORTED | /intelligence?_rsc=W5McYxvxTMCZbYJx net::ERR_ABORTED | /accounts?_rsc=W5McYxvxTMCZbYJx net::ERR_ABORTED | /proposals?_rsc=W5McYxvxTMCZbYJx net::ERR_ABORTED | /intelligence/bids?_rsc=W5McYxvxTMCZbYJx net::ERR_ABORTED | /catalog?_rsc=W5McYxvxTMCZbYJx net::ERR_ABORTED | /catalog/gudid?_rsc=W5McYxvxTMCZbYJx net::ERR_ABORTED | /crosses?_rsc=W5McYxvxTMCZbYJx net::ERR_ABORTED | /settings?_rsc=W5McYxvxTMCZbYJx net::ERR_ABORTED | /notifications?_rsc=W5McYxvxTMCZbYJx net::ERR_ABORTED","","0","0","0","Switch user ; Pull (disabled) ; Save (disabled) ; Bid file (disabled)"
"EXECUTIVE","/intelligence/extractions/[id]","/intelligence/extractions/missing0000000000000000","200","Extraction","Failed to load resource: the server responded with a status of 404 (Not Found)","","0","/accounts?_rsc=VJB2dfGule5Oh2L3 net::ERR_ABORTED | /contracts?_rsc=VJB2dfGule5Oh2L3 net::ERR_ABORTED | /?_rsc=VJB2dfGule5Oh2L3 net::ERR_ABORTED | /proposals?_rsc=VJB2dfGule5Oh2L3 net::ERR_ABORTED | /catalog?_rsc=VJB2dfGule5Oh2L3 net::ERR_ABORTED | /analytics?_rsc=VJB2dfGule5Oh2L3 net::ERR_ABORTED | /settings?_rsc=VJB2dfGule5Oh2L3 net::ERR_ABORTED | /catalog/gudid?_rsc=VJB2dfGule5Oh2L3 net::ERR_ABORTED | /crosses?_rsc=VJB2dfGule5Oh2L3 net::ERR_ABORTED | /notifications?_rsc=VJB2dfGule5Oh2L3 net::ERR_ABORTED | /?_rsc=wBL8jh-0AxNJNXN_ net::ERR_ABORTED | /proposals?_rsc=wBL8jh-0AxNJNXN_ net::ERR_ABORTED | /accounts?_rsc=wBL8jh-0AxNJNXN_ net::ERR_ABORTED | /contracts?_rsc=wBL8jh-0AxNJNXN_ net::ERR_ABORTED | /analytics?_rsc=wBL8jh-0AxNJNXN_ net::ERR_ABORTED | /intelligence?_rsc=wBL8jh-0AxNJNXN_ net::ERR_ABORTED | /intelligence/bids?_rsc=wBL8jh-0AxNJNXN_ net::ERR_ABORTED | /catalog/gudid?_rsc=wBL8jh-0AxNJNXN_ net::ERR_ABORTED | /crosses?_rsc=wBL8jh-0AxNJNXN_ net::ERR_ABORTED | /settings?_rsc=wBL8jh-0AxNJNXN_ net::ERR_ABORTED | /notifications?_rsc=wBL8jh-0AxNJNXN_ net::ERR_ABORTED","404 /api/documents/extractions/missing0000000000000000","0","0","0","Switch user"
"EXECUTIVE","/analytics","/analytics","200","Commercial feedback loop","","","0","/contracts?_rsc=ix5_aAief6TvBg04 net::ERR_ABORTED | /accounts?_rsc=ix5_aAief6TvBg04 net::ERR_ABORTED | /?_rsc=ix5_aAief6TvBg04 net::ERR_ABORTED | /proposals?_rsc=ix5_aAief6TvBg04 net::ERR_ABORTED | /intelligence?_rsc=ix5_aAief6TvBg04 net::ERR_ABORTED | /intelligence/bids?_rsc=ix5_aAief6TvBg04 net::ERR_ABORTED | /catalog?_rsc=ix5_aAief6TvBg04 net::ERR_ABORTED | /catalog/gudid?_rsc=ix5_aAief6TvBg04 net::ERR_ABORTED | /crosses?_rsc=ix5_aAief6TvBg04 net::ERR_ABORTED | /settings?_rsc=ix5_aAief6TvBg04 net::ERR_ABORTED | /notifications?_rsc=ix5_aAief6TvBg04 net::ERR_ABORTED | /?_rsc=Dt318okBLJyNDlfE net::ERR_ABORTED | /contracts?_rsc=Dt318okBLJyNDlfE net::ERR_ABORTED | /proposals?_rsc=Dt318okBLJyNDlfE net::ERR_ABORTED | /accounts?_rsc=Dt318okBLJyNDlfE net::ERR_ABORTED | /analytics?_rsc=Dt318okBLJyNDlfE net::ERR_ABORTED | /catalog?_rsc=Dt318okBLJyNDlfE net::ERR_ABORTED | /catalog/gudid?_rsc=Dt318okBLJyNDlfE net::ERR_ABORTED | /crosses?_rsc=Dt318okBLJyNDlfE net::ERR_ABORTED | /settings?_rsc=Dt318okBLJyNDlfE net::ERR_ABORTED | /notifications?_rsc=Dt318okBLJyNDlfE net::ERR_ABORTED","","0","1","0","Switch user ; Refresh"
"EXECUTIVE","/catalog","/catalog","200","Our catalog","","","0","/accounts?_rsc=OYzo7EH3MGwwxBfF net::ERR_ABORTED | /contracts?_rsc=OYzo7EH3MGwwxBfF net::ERR_ABORTED | /?_rsc=OYzo7EH3MGwwxBfF net::ERR_ABORTED | /proposals?_rsc=OYzo7EH3MGwwxBfF net::ERR_ABORTED | /intelligence?_rsc=OYzo7EH3MGwwxBfF net::ERR_ABORTED | /intelligence/bids?_rsc=OYzo7EH3MGwwxBfF net::ERR_ABORTED | /analytics?_rsc=OYzo7EH3MGwwxBfF net::ERR_ABORTED | /crosses?_rsc=OYzo7EH3MGwwxBfF net::ERR_ABORTED | /notifications?_rsc=OYzo7EH3MGwwxBfF net::ERR_ABORTED | /?_rsc=O6cAbYUSgs3KBG-F net::ERR_ABORTED | /settings?_rsc=OYzo7EH3MGwwxBfF net::ERR_ABORTED | /proposals?_rsc=O6cAbYUSgs3KBG-F net::ERR_ABORTED | /accounts?_rsc=O6cAbYUSgs3KBG-F net::ERR_ABORTED | /contracts?_rsc=O6cAbYUSgs3KBG-F net::ERR_ABORTED | /analytics?_rsc=O6cAbYUSgs3KBG-F net::ERR_ABORTED | /intelligence?_rsc=O6cAbYUSgs3KBG-F net::ERR_ABORTED | /intelligence/bids?_rsc=O6cAbYUSgs3KBG-F net::ERR_ABORTED | /catalog/gudid?_rsc=O6cAbYUSgs3KBG-F net::ERR_ABORTED | /crosses?_rsc=O6cAbYUSgs3KBG-F net::ERR_ABORTED | /catalog?_rsc=O6cAbYUSgs3KBG-F net::ERR_ABORTED | /settings?_rsc=O6cAbYUSgs3KBG-F net::ERR_ABORTED | /notifications?_rsc=O6cAbYUSgs3KBG-F net::ERR_ABORTED","","0","1","0","Switch user ; GUDID library ; 174006 ; ABSTACK30 ; ABSTACK30X ; PCO2015X ; PCO2520X ; PCO9X ; 11-1276 ; 11-1278 ; 171305 ; 173019 ; 173030 ; 173046 ; 173049 ; 173050G ; 174001 ; 174209 ; 174213 ; 174233 ; 174301 ; 174309 ; 174317 ; 174601 ; 176605 ; 176613 ; 176643 ; 176645 ; 176647 ; 178081 ; 178083 ; 178091 ; 178093 ; 178099 ; 25030 ; CATCH10 ; E3781-28 ; E3781R-28ASP ; E3783-28 ; E3783R-28ASP ; E3783R-36ASP ; LF1837 ; LF5637 ; SILSCLINCH46 ; SILSDISSECT46 ; SILSHOOK36 ; SILSHOOK46 ; SILSSHEAR46 ; WPLGR914 ; WPXLGR1117 ; 010316L ; 010460 ; 010470 ; 015427L ; 015433L ; 015441L ; 015451L ; 015458L ; 015477L ; 015485L ; 015888L ; 017614 ; 020242 ; 030330L ; 030412 ; 030424L ; 030425 ; 030426 ; 030454 ; 030470 ; 030735L ; 059037 ; 111981 ; 111983 ; 111985 ; 111987 ; 111989 ; 3948L ; 3971 ; 3973 ; 4901T ; 8886803712 ; EEA21 ; EEA2135 ; EEA25 ; EEA2535 ; EEA28 ; EEA2835 ; EEA31 ; EEA33 ; EEAXL21 ; EEAXL2135 ; EEAXL25 ; EEAXL2535 ; EEAXL28 ; EEAXL2835 ; EEAXL31 ; EEAXL33 ; EGIA45AMT ; EGIA45AV ; EGIA45AVM ; EGIA45CTAVM ; EGIA60AMT ; EGIA60AVM ; EGIA60AXT ; EGIARADMT ; EGIARADVM ; EGIARADXT ; EGIAUSHORT ; EGIAUSTND ; EGIAUXL ; GIA10038L ; GIA10038S ; GIA10048L ; GIA10048S ; GIA6025L ; GIA6025S ; GIA6038L ; GIA6038S ; GIA6048L ; GIA6048S ; GIA60MTC ; GIA60MTS ; GIA60XTC ; GIA60XTS ; GIA8038L ; GIA8038S ; GIA8048L ; GIA8048S ; GIA80MTC ; GIA80MTS ; GIA80XTC ; GIA80XTS ; HEM3335 ; HEM3348 ; IDRVULTRA1 ; SGIA6038S ; SIG30AMT ; SIG30AV ; SIG30AVM ; SIG30CTAV ; SIG30CTAVM ; SIG45AMT ; SIG45AXT ; SIG45CTAMT ; SIG45CTAV ; SIG45CTAVM ; SIG60AMT ; SIG60AXT ; SIG60CTAMT ; SIG60CTAVM ; SIGADAPTSHORT ; SIGADAPTSTND ; SIGADAPTXL ; SIGC45MT ; SIGC45V ; SIGC45VM ; SIGC45VT ; SIGC60MT ; SIGC60V ; SIGC60VM ; SIGC60VT ; SIGLU45A ; SIGLU60A ; SIGPSHELL ; SIGRADMT ; SIGRADVM ; SIGRADXT ; SIGSDL45CTVT ; SIGSDS30CTV ; SIGSDS30CTVT ; SIGTRSB45AMT ; SIGTRSB45AXT ; SIGTRSB60AMT ; SIGTRSB60AXT ; TA3035L ; TA3035S ; TA3048L ; TA3048S ; TA30V3L ; TA30V3S ; TA4535L ; TA4535S ; TA4548L ; TA4548S ; TA6035L ; TA6035S ; TA6048L ; TA6048S ; TA9035L ; TA9035S ; TA9048L ; TA9048S ; TRIEEA28MT ; TRIEEA28XT ; TRIEEA31MT ; TRIEEA31XT ; TRIEEAXL28MT ; TRIEEAXL28XT ; TRIEEAXL31MT ; TRIEEAXL31XT ; TRIEEAXL33MT ; PPDS12 ; PPDS15 ; PPDS1510 ; PPDS2015 ; PPM1106X3 ; PPM1510X3 ; PPM4530 ; 171313 ; 171315 ; 172015 ; 172016 ; 176626P ; 176673P ; 176674P ; 176674PF ; 177090P ; 177090PF ; 177091P ; 177091PF ; 177092 ; 177092F ; 177992P ; 177995P ; 179076P ; 179077P ; 179078PF ; 179093 ; 179093F ; 179094 ; 179094F ; 179095P ; 179096P ; 179096PF ; 179097P ; 179097PF ; 179100 ; 179101 ; 179102P ; 179301 ; 179303 ; 179305 ; 179307 ; 179308 ; 179309 ; 179310 ; 21-345 ; 220-50 ; 24055- ; 4216 ; B11STF ; B11STS ; B12LGF ; B12LGS ; B12STF ; B12STFCS ; B12STS ; B5SHF ; B5SHS ; B5STF ; B5STS ; BPT12STS ; MS100703 ; MS100705 ; MS100708 ; MS101003 ; MS101005 ; MS101008 ; NB11STF ; NB12LGF ; NB12SHF ; NB12STF ; NB12STS ; NB15LGF ; NB15STF ; NB3SHFLP ; NB5LGF ; NB5SHF ; NB5SHFLP ; NB5STF ; NB5STFLP ; NBFCA11ST ; NBFCA12ST ; NONB11STF ; NONB12LGF ; NONB12SHF ; NONB12STF ; NONB12STS ; NONB15LGF ; NONB15STF ; NONB5LGF ; NONB5SHF ; NONB5STF ; NONB8STF ; OMS-T10BT ; OMS-T10BTNL ; OMS-T10BTS ; OMS-T10BTSNL ; OMS-T12BT ; OMS-T12BTNL ; ONB11LGF ; ONB11STF ; ONB12LGF ; ONB12SHF ; ONB12STF ; ONB12STF-NSB ; ONB12STFCS ; ONB12STS ; ONB15STF ; ONB5LGF ; ONB5SHF ; ONB5STF ; ONB5STF-NSB ; ONB5STF2C ; ONBFCA11ST ; S100000 ; S100700 ; S100705 ; S100710 ; S100712 ; S101000 ; S101005 ; S101010 ; S101012 ; S110000 ; SILSPT12TA ; SILSPT5TA ; UNVCA11STF ; UNVCA12LGF ; UNVCA12STF ; UNVCA12STF-NSB ; UNVCA12STS ; UNVCA5LGF ; UNVCA5SHF ; UNVCA5STF ; VS070000 ; VS100700 ; VS100705 ; VS100711P ; VS100712P ; VS101000 ; VS101005 ; VS101011P ; VS101012P ; VS101015P ; VS101500 ; VS101505 ; VS101512P ; VS150000 ; VSR100005 ; VSR100812P ; WPMD509 ; WPSM256 ; WPXSM24"
"EXECUTIVE","/catalog/gudid","/catalog/gudid","200","GUDID library","","","0","/contracts?_rsc=DGmoGnAw5OqJpMhM net::ERR_ABORTED | /?_rsc=DGmoGnAw5OqJpMhM net::ERR_ABORTED | /proposals?_rsc=DGmoGnAw5OqJpMhM net::ERR_ABORTED | /accounts?_rsc=DGmoGnAw5OqJpMhM net::ERR_ABORTED | /intelligence/bids?_rsc=DGmoGnAw5OqJpMhM net::ERR_ABORTED | /crosses?_rsc=DGmoGnAw5OqJpMhM net::ERR_ABORTED | /notifications?_rsc=DGmoGnAw5OqJpMhM net::ERR_ABORTED | /settings?_rsc=DGmoGnAw5OqJpMhM net::ERR_ABORTED | /?_rsc=Z9EVd8HHdUwJDdIQ net::ERR_ABORTED | /intelligence?_rsc=Z9EVd8HHdUwJDdIQ net::ERR_ABORTED | /proposals?_rsc=Z9EVd8HHdUwJDdIQ net::ERR_ABORTED | /accounts?_rsc=Z9EVd8HHdUwJDdIQ net::ERR_ABORTED | /contracts?_rsc=Z9EVd8HHdUwJDdIQ net::ERR_ABORTED | /analytics?_rsc=Z9EVd8HHdUwJDdIQ net::ERR_ABORTED | /catalog?_rsc=Z9EVd8HHdUwJDdIQ net::ERR_ABORTED | /intelligence/bids?_rsc=Z9EVd8HHdUwJDdIQ net::ERR_ABORTED | /crosses?_rsc=Z9EVd8HHdUwJDdIQ net::ERR_ABORTED | /notifications?_rsc=Z9EVd8HHdUwJDdIQ net::ERR_ABORTED | /settings?_rsc=Z9EVd8HHdUwJDdIQ net::ERR_ABORTED","","0","0","0","Switch user"
"EXECUTIVE","/crosses","/crosses","200","Crosswalk","","","0","/?_rsc=zAn-vlYtEcVbUMJ6 net::ERR_ABORTED | /proposals?_rsc=zAn-vlYtEcVbUMJ6 net::ERR_ABORTED | /accounts?_rsc=zAn-vlYtEcVbUMJ6 net::ERR_ABORTED | /intelligence?_rsc=zAn-vlYtEcVbUMJ6 net::ERR_ABORTED | /intelligence/bids?_rsc=zAn-vlYtEcVbUMJ6 net::ERR_ABORTED | /catalog/gudid?_rsc=zAn-vlYtEcVbUMJ6 net::ERR_ABORTED | /settings?_rsc=zAn-vlYtEcVbUMJ6 net::ERR_ABORTED | /notifications?_rsc=zAn-vlYtEcVbUMJ6 net::ERR_ABORTED | /?_rsc=aniPmKjMQR6zCALO net::ERR_ABORTED | /proposals?_rsc=aniPmKjMQR6zCALO net::ERR_ABORTED | /accounts?_rsc=aniPmKjMQR6zCALO net::ERR_ABORTED | /analytics?_rsc=aniPmKjMQR6zCALO net::ERR_ABORTED | /intelligence/bids?_rsc=aniPmKjMQR6zCALO net::ERR_ABORTED | /intelligence?_rsc=aniPmKjMQR6zCALO net::ERR_ABORTED | /settings?_rsc=aniPmKjMQR6zCALO net::ERR_ABORTED | /catalog?_rsc=aniPmKjMQR6zCALO net::ERR_ABORTED | /catalog/gudid?_rsc=aniPmKjMQR6zCALO net::ERR_ABORTED | /crosses?_rsc=aniPmKjMQR6zCALO net::ERR_ABORTED | /notifications?_rsc=aniPmKjMQR6zCALO net::ERR_ABORTED","","0","0","0","Switch user"
"EXECUTIVE","/notifications","/notifications","200","Notifications","","","0","/?_rsc=oG-rbVP81bj5yHs2 net::ERR_ABORTED | /intelligence/bids?_rsc=oG-rbVP81bj5yHs2 net::ERR_ABORTED | /intelligence?_rsc=oG-rbVP81bj5yHs2 net::ERR_ABORTED | /catalog/gudid?_rsc=oG-rbVP81bj5yHs2 net::ERR_ABORTED | /?_rsc=FxIb9Zh5xrkPNSW4 net::ERR_ABORTED | /proposals?_rsc=FxIb9Zh5xrkPNSW4 net::ERR_ABORTED | /contracts?_rsc=FxIb9Zh5xrkPNSW4 net::ERR_ABORTED | /accounts?_rsc=FxIb9Zh5xrkPNSW4 net::ERR_ABORTED | /intelligence?_rsc=FxIb9Zh5xrkPNSW4 net::ERR_ABORTED | /intelligence/bids?_rsc=FxIb9Zh5xrkPNSW4 net::ERR_ABORTED | /catalog?_rsc=FxIb9Zh5xrkPNSW4 net::ERR_ABORTED | /analytics?_rsc=FxIb9Zh5xrkPNSW4 net::ERR_ABORTED | /catalog/gudid?_rsc=FxIb9Zh5xrkPNSW4 net::ERR_ABORTED | /crosses?_rsc=FxIb9Zh5xrkPNSW4 net::ERR_ABORTED | /settings?_rsc=FxIb9Zh5xrkPNSW4 net::ERR_ABORTED | /notifications?_rsc=FxIb9Zh5xrkPNSW4 net::ERR_ABORTED","","0","0","0","Switch user ; Mark all read (disabled)"
"EXECUTIVE","/settings","/settings","200","Settings","","","0","/?_rsc=DQxjArDrgutTG17x net::ERR_ABORTED | /proposals?_rsc=DQxjArDrgutTG17x net::ERR_ABORTED | /accounts?_rsc=DQxjArDrgutTG17x net::ERR_ABORTED | /contracts?_rsc=DQxjArDrgutTG17x net::ERR_ABORTED | /intelligence?_rsc=DQxjArDrgutTG17x net::ERR_ABORTED | /intelligence/bids?_rsc=DQxjArDrgutTG17x net::ERR_ABORTED | /analytics?_rsc=DQxjArDrgutTG17x net::ERR_ABORTED | /catalog?_rsc=DQxjArDrgutTG17x net::ERR_ABORTED | /crosses?_rsc=DQxjArDrgutTG17x net::ERR_ABORTED | /notifications?_rsc=DQxjArDrgutTG17x net::ERR_ABORTED | /catalog/gudid?_rsc=DQxjArDrgutTG17x net::ERR_ABORTED | /?_rsc=j-_vjoKOn8bxlRO7 net::ERR_ABORTED | /proposals?_rsc=j-_vjoKOn8bxlRO7 net::ERR_ABORTED | /accounts?_rsc=j-_vjoKOn8bxlRO7 net::ERR_ABORTED | /intelligence?_rsc=j-_vjoKOn8bxlRO7 net::ERR_ABORTED | /analytics?_rsc=j-_vjoKOn8bxlRO7 net::ERR_ABORTED | /catalog?_rsc=j-_vjoKOn8bxlRO7 net::ERR_ABORTED | /crosses?_rsc=j-_vjoKOn8bxlRO7 net::ERR_ABORTED | /catalog/gudid?_rsc=j-_vjoKOn8bxlRO7 net::ERR_ABORTED | /settings?_rsc=j-_vjoKOn8bxlRO7 net::ERR_ABORTED | /notifications?_rsc=j-_vjoKOn8bxlRO7 net::ERR_ABORTED","","0","0","0","Switch user ; Save (disabled) ; Details ; How to connect"
"EXECUTIVE","/settings/integrations","/settings/integrations","200","Settings","","","0","/accounts?_rsc=DQxjArDrgutTG17x net::ERR_ABORTED | /?_rsc=DQxjArDrgutTG17x net::ERR_ABORTED | /proposals?_rsc=DQxjArDrgutTG17x net::ERR_ABORTED | /contracts?_rsc=DQxjArDrgutTG17x net::ERR_ABORTED | /intelligence?_rsc=DQxjArDrgutTG17x net::ERR_ABORTED | /analytics?_rsc=DQxjArDrgutTG17x net::ERR_ABORTED | /intelligence/bids?_rsc=DQxjArDrgutTG17x net::ERR_ABORTED | /crosses?_rsc=DQxjArDrgutTG17x net::ERR_ABORTED | /notifications?_rsc=DQxjArDrgutTG17x net::ERR_ABORTED | /catalog?_rsc=DQxjArDrgutTG17x net::ERR_ABORTED | /catalog/gudid?_rsc=DQxjArDrgutTG17x net::ERR_ABORTED | /settings/pricing?_rsc=DQxjArDrgutTG17x net::ERR_ABORTED | /proposals?_rsc=j-_vjoKOn8bxlRO7 net::ERR_ABORTED | /contracts?_rsc=j-_vjoKOn8bxlRO7 net::ERR_ABORTED | /accounts?_rsc=j-_vjoKOn8bxlRO7 net::ERR_ABORTED | /?_rsc=j-_vjoKOn8bxlRO7 net::ERR_ABORTED | /intelligence/bids?_rsc=j-_vjoKOn8bxlRO7 net::ERR_ABORTED | /analytics?_rsc=j-_vjoKOn8bxlRO7 net::ERR_ABORTED | /catalog?_rsc=j-_vjoKOn8bxlRO7 net::ERR_ABORTED | /intelligence?_rsc=j-_vjoKOn8bxlRO7 net::ERR_ABORTED | /settings?_rsc=j-_vjoKOn8bxlRO7 net::ERR_ABORTED | /notifications?_rsc=j-_vjoKOn8bxlRO7 net::ERR_ABORTED | /catalog/gudid?_rsc=j-_vjoKOn8bxlRO7 net::ERR_ABORTED | /crosses?_rsc=j-_vjoKOn8bxlRO7 net::ERR_ABORTED | /settings/pricing?_rsc=j-_vjoKOn8bxlRO7 net::ERR_ABORTED","","0","0","0","Switch user ; Save (disabled) ; Details ; How to connect"
"EXECUTIVE","/settings/pricing","/settings/pricing","200","Pricing policies","","","0","/?_rsc=8oSST31HPn0UlEto net::ERR_ABORTED | /proposals?_rsc=8oSST31HPn0UlEto net::ERR_ABORTED | /accounts?_rsc=8oSST31HPn0UlEto net::ERR_ABORTED | /contracts?_rsc=8oSST31HPn0UlEto net::ERR_ABORTED | /notifications?_rsc=8oSST31HPn0UlEto net::ERR_ABORTED | /?_rsc=_Ie442TgELs3Q458 net::ERR_ABORTED | /accounts?_rsc=_Ie442TgELs3Q458 net::ERR_ABORTED | /proposals?_rsc=_Ie442TgELs3Q458 net::ERR_ABORTED | /contracts?_rsc=_Ie442TgELs3Q458 net::ERR_ABORTED | /intelligence?_rsc=_Ie442TgELs3Q458 net::ERR_ABORTED | /intelligence/bids?_rsc=_Ie442TgELs3Q458 net::ERR_ABORTED | /analytics?_rsc=_Ie442TgELs3Q458 net::ERR_ABORTED | /catalog?_rsc=_Ie442TgELs3Q458 net::ERR_ABORTED | /catalog/gudid?_rsc=_Ie442TgELs3Q458 net::ERR_ABORTED | /notifications?_rsc=_Ie442TgELs3Q458 net::ERR_ABORTED | /crosses?_rsc=_Ie442TgELs3Q458 net::ERR_ABORTED | /settings?_rsc=_Ie442TgELs3Q458 net::ERR_ABORTED","","0","0","0","Switch user ; New draft (disabled)"