"role","page","url","status","h1","console_errors","page_errors","hydration","failed_requests","http_4xx_5xx","csp","has_price","sign_in_screen","controls"
"SIGNED_OUT","/","/","200","","","","0","/catalog?_rsc=5CB68i4pnAekjehf net::ERR_ABORTED | /catalog/gudid?_rsc=5CB68i4pnAekjehf net::ERR_ABORTED | /crosses?_rsc=5CB68i4pnAekjehf net::ERR_ABORTED | /?_rsc=tXyZJ52UQVBCVsD3 net::ERR_ABORTED | /catalog?_rsc=tXyZJ52UQVBCVsD3 net::ERR_ABORTED | /crosses?_rsc=tXyZJ52UQVBCVsD3 net::ERR_ABORTED | /settings?_rsc=tXyZJ52UQVBCVsD3 net::ERR_ABORTED | /catalog/gudid?_rsc=tXyZJ52UQVBCVsD3 net::ERR_ABORTED","","0","0","1","Choose a user"
"SIGNED_OUT","/requests","/requests","200","","","","0","/catalog?_rsc=p3Q57VochOqcQNsg net::ERR_ABORTED | /catalog/gudid?_rsc=p3Q57VochOqcQNsg net::ERR_ABORTED | /crosses?_rsc=p3Q57VochOqcQNsg net::ERR_ABORTED | /?_rsc=p3Q57VochOqcQNsg net::ERR_ABORTED | /catalog?_rsc=nIzLgF1M7nWxnHlV net::ERR_ABORTED | /catalog/gudid?_rsc=nIzLgF1M7nWxnHlV net::ERR_ABORTED | /?_rsc=nIzLgF1M7nWxnHlV net::ERR_ABORTED | /settings?_rsc=nIzLgF1M7nWxnHlV net::ERR_ABORTED | /crosses?_rsc=nIzLgF1M7nWxnHlV net::ERR_ABORTED","","0","0","1","Choose a user"
"SIGNED_OUT","/requests/new","/requests/new","200","","","","0","/?_rsc=4belA-F-xg-XtLdx net::ERR_ABORTED | /catalog?_rsc=4belA-F-xg-XtLdx net::ERR_ABORTED | /catalog/gudid?_rsc=4belA-F-xg-XtLdx net::ERR_ABORTED | /crosses?_rsc=4belA-F-xg-XtLdx net::ERR_ABORTED | /settings?_rsc=4belA-F-xg-XtLdx net::ERR_ABORTED | /catalog?_rsc=O1p93FFpSnNce0k4 net::ERR_ABORTED | /?_rsc=O1p93FFpSnNce0k4 net::ERR_ABORTED | /catalog/gudid?_rsc=O1p93FFpSnNce0k4 net::ERR_ABORTED | /crosses?_rsc=O1p93FFpSnNce0k4 net::ERR_ABORTED | /settings?_rsc=O1p93FFpSnNce0k4 net::ERR_ABORTED","","0","0","1","Choose a user"
"SIGNED_OUT","/requests/[id]","/requests/cmufeje3o002hk57d491oejr5","200","","","","0","/?_rsc=L4ND5fhfYnvUqaPw net::ERR_ABORTED | /catalog/gudid?_rsc=L4ND5fhfYnvUqaPw net::ERR_ABORTED | /crosses?_rsc=L4ND5fhfYnvUqaPw net::ERR_ABORTED | /settings?_rsc=L4ND5fhfYnvUqaPw net::ERR_ABORTED | /catalog?_rsc=L4ND5fhfYnvUqaPw net::ERR_ABORTED | /?_rsc=grHQqzBoP485Pe5C net::ERR_ABORTED | /catalog/gudid?_rsc=grHQqzBoP485Pe5C net::ERR_ABORTED | /crosses?_rsc=grHQqzBoP485Pe5C net::ERR_ABORTED | /catalog?_rsc=grHQqzBoP485Pe5C net::ERR_ABORTED | /settings?_rsc=grHQqzBoP485Pe5C net::ERR_ABORTED","","0","0","1","Choose a user"
"SIGNED_OUT","/proposals","/proposals","200","","","","0","/?_rsc=8qZH60WsiyOTuseO net::ERR_ABORTED | /catalog?_rsc=8qZH60WsiyOTuseO net::ERR_ABORTED | /catalog/gudid?_rsc=8qZH60WsiyOTuseO net::ERR_ABORTED | /crosses?_rsc=8qZH60WsiyOTuseO net::ERR_ABORTED | /settings?_rsc=8qZH60WsiyOTuseO net::ERR_ABORTED | /catalog/gudid?_rsc=yDw8cg_cK2Tq2IDS net::ERR_ABORTED | /crosses?_rsc=yDw8cg_cK2Tq2IDS net::ERR_ABORTED | /?_rsc=yDw8cg_cK2Tq2IDS net::ERR_ABORTED | /catalog?_rsc=yDw8cg_cK2Tq2IDS net::ERR_ABORTED | /settings?_rsc=yDw8cg_cK2Tq2IDS net::ERR_ABORTED","","0","0","1","Choose a user"
"SIGNED_OUT","/proposals/[id]","/proposals/cmufem5ld0056k57d2utmar8g","200","","","","0","/catalog?_rsc=IZ6zrI2LDRRC1-Wd net::ERR_ABORTED | /catalog/gudid?_rsc=IZ6zrI2LDRRC1-Wd net::ERR_ABORTED | /crosses?_rsc=IZ6zrI2LDRRC1-Wd net::ERR_ABORTED | /?_rsc=IZ6zrI2LDRRC1-Wd net::ERR_ABORTED | /settings?_rsc=IZ6zrI2LDRRC1-Wd net::ERR_ABORTED | /?_rsc=fAAmY66VdqvUMp3_ net::ERR_ABORTED | /crosses?_rsc=fAAmY66VdqvUMp3_ net::ERR_ABORTED | /catalog?_rsc=fAAmY66VdqvUMp3_ net::ERR_ABORTED | /catalog/gudid?_rsc=fAAmY66VdqvUMp3_ net::ERR_ABORTED | /settings?_rsc=fAAmY66VdqvUMp3_ net::ERR_ABORTED","","0","0","1","Choose a user"
"SIGNED_OUT","/approvals","/approvals","200","","","","0","/catalog/gudid?_rsc=Ut9iRRX_9PZKRdF- net::ERR_ABORTED | /crosses?_rsc=Ut9iRRX_9PZKRdF- net::ERR_ABORTED | /?_rsc=Ut9iRRX_9PZKRdF- net::ERR_ABORTED | /catalog?_rsc=Ut9iRRX_9PZKRdF- net::ERR_ABORTED | /settings?_rsc=Ut9iRRX_9PZKRdF- net::ERR_ABORTED | /catalog/gudid?_rsc=AU6DTT46DVXZ7jWj net::ERR_ABORTED | /?_rsc=AU6DTT46DVXZ7jWj net::ERR_ABORTED | /catalog?_rsc=AU6DTT46DVXZ7jWj net::ERR_ABORTED | /crosses?_rsc=AU6DTT46DVXZ7jWj net::ERR_ABORTED | /settings?_rsc=AU6DTT46DVXZ7jWj net::ERR_ABORTED","","0","0","1","Choose a user"
"SIGNED_OUT","/accounts","/accounts","200","","","","0","/catalog?_rsc=iZGmHDWBA-6V7KTQ net::ERR_ABORTED | /catalog/gudid?_rsc=iZGmHDWBA-6V7KTQ net::ERR_ABORTED | /crosses?_rsc=iZGmHDWBA-6V7KTQ net::ERR_ABORTED | /?_rsc=iZGmHDWBA-6V7KTQ net::ERR_ABORTED | /settings?_rsc=iZGmHDWBA-6V7KTQ net::ERR_ABORTED | /catalog?_rsc=oRxEn_R9e10JER3Z net::ERR_ABORTED | /catalog/gudid?_rsc=oRxEn_R9e10JER3Z net::ERR_ABORTED | /?_rsc=oRxEn_R9e10JER3Z net::ERR_ABORTED | /settings?_rsc=oRxEn_R9e10JER3Z net::ERR_ABORTED","","0","0","1","Choose a user"
"SIGNED_OUT","/accounts/[id]","/accounts/cmuf6hihm02rkks7drm31yuur","200","","","","0","/?_rsc=pYoAThzR_ryjq0MS net::ERR_ABORTED | /catalog?_rsc=pYoAThzR_ryjq0MS net::ERR_ABORTED | /catalog/gudid?_rsc=pYoAThzR_ryjq0MS net::ERR_ABORTED | /crosses?_rsc=pYoAThzR_ryjq0MS net::ERR_ABORTED | /settings?_rsc=pYoAThzR_ryjq0MS net::ERR_ABORTED | /catalog/gudid?_rsc=gRQ4rCW2m6dkjkis net::ERR_ABORTED | /?_rsc=gRQ4rCW2m6dkjkis net::ERR_ABORTED | /catalog?_rsc=gRQ4rCW2m6dkjkis net::ERR_ABORTED | /settings?_rsc=gRQ4rCW2m6dkjkis net::ERR_ABORTED","","0","0","1","Choose a user"
"SIGNED_OUT","/contracts","/contracts","200","","","","0","/catalog/gudid?_rsc=DzmfcRRfJeItXkgz net::ERR_ABORTED | /crosses?_rsc=DzmfcRRfJeItXkgz net::ERR_ABORTED | /?_rsc=DzmfcRRfJeItXkgz net::ERR_ABORTED | /catalog?_rsc=DzmfcRRfJeItXkgz net::ERR_ABORTED | /settings?_rsc=DzmfcRRfJeItXkgz net::ERR_ABORTED | /?_rsc=2Ju2sngZl13OvaTN net::ERR_ABORTED | /catalog/gudid?_rsc=2Ju2sngZl13OvaTN net::ERR_ABORTED | /catalog?_rsc=2Ju2sngZl13OvaTN net::ERR_ABORTED | /crosses?_rsc=2Ju2sngZl13OvaTN net::ERR_ABORTED | /settings?_rsc=2Ju2sngZl13OvaTN net::ERR_ABORTED","","0","0","1","Choose a user"
"SIGNED_OUT","/contracts/[id]","/contracts/cmuf6himu02sxks7dkgml1rr2","200","","","","0","/?_rsc=TQOCHQXESAyQ3VEl net::ERR_ABORTED | /catalog?_rsc=TQOCHQXESAyQ3VEl net::ERR_ABORTED | /catalog/gudid?_rsc=TQOCHQXESAyQ3VEl net::ERR_ABORTED | /crosses?_rsc=TQOCHQXESAyQ3VEl net::ERR_ABORTED | /settings?_rsc=TQOCHQXESAyQ3VEl net::ERR_ABORTED | /?_rsc=12web-rdU3k9vLaG net::ERR_ABORTED | /catalog?_rsc=12web-rdU3k9vLaG net::ERR_ABORTED | /catalog/gudid?_rsc=12web-rdU3k9vLaG net::ERR_ABORTED | /crosses?_rsc=12web-rdU3k9vLaG net::ERR_ABORTED | /settings?_rsc=12web-rdU3k9vLaG net::ERR_ABORTED","","0","0","1","Choose a user"
"SIGNED_OUT","/intelligence","/intelligence","200","","","","0","/?_rsc=3fD0047dUoUPXvG2 net::ERR_ABORTED | /catalog?_rsc=3fD0047dUoUPXvG2 net::ERR_ABORTED | /catalog/gudid?_rsc=3fD0047dUoUPXvG2 net::ERR_ABORTED | /crosses?_rsc=3fD0047dUoUPXvG2 net::ERR_ABORTED | /settings?_rsc=3fD0047dUoUPXvG2 net::ERR_ABORTED | /catalog?_rsc=gu9LWiAQNzfrKsW2 net::ERR_ABORTED | /catalog/gudid?_rsc=gu9LWiAQNzfrKsW2 net::ERR_ABORTED | /?_rsc=gu9LWiAQNzfrKsW2 net::ERR_ABORTED | /crosses?_rsc=gu9LWiAQNzfrKsW2 net::ERR_ABORTED | /settings?_rsc=gu9LWiAQNzfrKsW2 net::ERR_ABORTED","","0","0","1","Choose a user"
"SIGNED_OUT","/intelligence/bids","/intelligence/bids","200","","","","0","/?_rsc=2gWrMJaxdn-CU2fc net::ERR_ABORTED | /catalog?_rsc=2gWrMJaxdn-CU2fc net::ERR_ABORTED | /catalog/gudid?_rsc=2gWrMJaxdn-CU2fc net::ERR_ABORTED | /crosses?_rsc=2gWrMJaxdn-CU2fc net::ERR_ABORTED | /settings?_rsc=2gWrMJaxdn-CU2fc net::ERR_ABORTED | /?_rsc=W5McYxvxTMCZbYJx net::ERR_ABORTED | /catalog?_rsc=W5McYxvxTMCZbYJx net::ERR_ABORTED | /catalog/gudid?_rsc=W5McYxvxTMCZbYJx net::ERR_ABORTED | /crosses?_rsc=W5McYxvxTMCZbYJx net::ERR_ABORTED | /settings?_rsc=W5McYxvxTMCZbYJx net::ERR_ABORTED","","0","0","1","Choose a user"
"SIGNED_OUT","/intelligence/extractions/[id]","/intelligence/extractions/missing0000000000000000","200","","","","0","/crosses?_rsc=VJB2dfGule5Oh2L3 net::ERR_ABORTED | /?_rsc=VJB2dfGule5Oh2L3 net::ERR_ABORTED | /catalog?_rsc=VJB2dfGule5Oh2L3 net::ERR_ABORTED | /catalog/gudid?_rsc=VJB2dfGule5Oh2L3 net::ERR_ABORTED | /settings?_rsc=VJB2dfGule5Oh2L3 net::ERR_ABORTED | /?_rsc=wBL8jh-0AxNJNXN_ net::ERR_ABORTED | /catalog?_rsc=wBL8jh-0AxNJNXN_ net::ERR_ABORTED | /catalog/gudid?_rsc=wBL8jh-0AxNJNXN_ net::ERR_ABORTED | /crosses?_rsc=wBL8jh-0AxNJNXN_ net::ERR_ABORTED | /settings?_rsc=wBL8jh-0AxNJNXN_ net::ERR_ABORTED","","0","0","1","Choose a user"
"SIGNED_OUT","/analytics","/analytics","200","","","","0","/?_rsc=ix5_aAief6TvBg04 net::ERR_ABORTED | /catalog/gudid?_rsc=ix5_aAief6TvBg04 net::ERR_ABORTED | /crosses?_rsc=ix5_aAief6TvBg04 net::ERR_ABORTED | /catalog?_rsc=ix5_aAief6TvBg04 net::ERR_ABORTED | /crosses?_rsc=Dt318okBLJyNDlfE net::ERR_ABORTED | /?_rsc=Dt318okBLJyNDlfE net::ERR_ABORTED | /catalog/gudid?_rsc=Dt318okBLJyNDlfE net::ERR_ABORTED | /catalog?_rsc=Dt318okBLJyNDlfE net::ERR_ABORTED | /settings?_rsc=Dt318okBLJyNDlfE net::ERR_ABORTED","","0","0","1","Choose a user"
"SIGNED_OUT","/catalog","/catalog","200","","","","0","/?_rsc=OYzo7EH3MGwwxBfF net::ERR_ABORTED | /catalog/gudid?_rsc=OYzo7EH3MGwwxBfF net::ERR_ABORTED | /crosses?_rsc=OYzo7EH3MGwwxBfF net::ERR_ABORTED | /?_rsc=O6cAbYUSgs3KBG-F net::ERR_ABORTED | /catalog?_rsc=O6cAbYUSgs3KBG-F net::ERR_ABORTED | /catalog/gudid?_rsc=O6cAbYUSgs3KBG-F net::ERR_ABORTED | /crosses?_rsc=O6cAbYUSgs3KBG-F net::ERR_ABORTED | /settings?_rsc=O6cAbYUSgs3KBG-F net::ERR_ABORTED","","0","0","1","Choose a user"
"SIGNED_OUT","/catalog/gudid","/catalog/gudid","200","","","","0","/settings?_rsc=DGmoGnAw5OqJpMhM net::ERR_ABORTED | /?_rsc=DGmoGnAw5OqJpMhM net::ERR_ABORTED | /catalog?_rsc=DGmoGnAw5OqJpMhM net::ERR_ABORTED | /crosses?_rsc=DGmoGnAw5OqJpMhM net::ERR_ABORTED | /catalog/gudid?_rsc=Z9EVd8HHdUwJDdIQ net::ERR_ABORTED | /catalog?_rsc=Z9EVd8HHdUwJDdIQ net::ERR_ABORTED | /?_rsc=Z9EVd8HHdUwJDdIQ net::ERR_ABORTED | /crosses?_rsc=Z9EVd8HHdUwJDdIQ net::ERR_ABORTED | /settings?_rsc=Z9EVd8HHdUwJDdIQ net::ERR_ABORTED","","0","0","1","Choose a user"
"SIGNED_OUT","/crosses","/crosses","200","","","","0","/?_rsc=zAn-vlYtEcVbUMJ6 net::ERR_ABORTED | /catalog?_rsc=zAn-vlYtEcVbUMJ6 net::ERR_ABORTED | /catalog/gudid?_rsc=zAn-vlYtEcVbUMJ6 net::ERR_ABORTED | /settings?_rsc=zAn-vlYtEcVbUMJ6 net::ERR_ABORTED | /catalog/gudid?_rsc=aniPmKjMQR6zCALO net::ERR_ABORTED | /crosses?_rsc=aniPmKjMQR6zCALO net::ERR_ABORTED | /catalog?_rsc=aniPmKjMQR6zCALO net::ERR_ABORTED | /?_rsc=aniPmKjMQR6zCALO net::ERR_ABORTED | /settings?_rsc=aniPmKjMQR6zCALO net::ERR_ABORTED","","0","0","1","Choose a user"
"SIGNED_OUT","/notifications","/notifications","200","","","","0","/?_rsc=oG-rbVP81bj5yHs2 net::ERR_ABORTED | /catalog/gudid?_rsc=oG-rbVP81bj5yHs2 net::ERR_ABORTED | /crosses?_rsc=oG-rbVP81bj5yHs2 net::ERR_ABORTED | /settings?_rsc=oG-rbVP81bj5yHs2 net::ERR_ABORTED | /catalog?_rsc=FxIb9Zh5xrkPNSW4 net::ERR_ABORTED | /catalog/gudid?_rsc=FxIb9Zh5xrkPNSW4 net::ERR_ABORTED | /?_rsc=FxIb9Zh5xrkPNSW4 net::ERR_ABORTED | /crosses?_rsc=FxIb9Zh5xrkPNSW4 net::ERR_ABORTED | /settings?_rsc=FxIb9Zh5xrkPNSW4 net::ERR_ABORTED","","0","0","1","Choose a user"
"SIGNED_OUT","/settings","/settings","200","","","","0","/crosses?_rsc=DQxjArDrgutTG17x net::ERR_ABORTED | /?_rsc=DQxjArDrgutTG17x net::ERR_ABORTED | /catalog?_rsc=DQxjArDrgutTG17x net::ERR_ABORTED | /catalog/gudid?_rsc=DQxjArDrgutTG17x net::ERR_ABORTED | /settings?_rsc=j-_vjoKOn8bxlRO7 net::ERR_ABORTED | /?_rsc=j-_vjoKOn8bxlRO7 net::ERR_ABORTED | /catalog?_rsc=j-_vjoKOn8bxlRO7 net::ERR_ABORTED | /catalog/gudid?_rsc=j-_vjoKOn8bxlRO7 net::ERR_ABORTED","","0","0","1","Choose a user"
"SIGNED_OUT","/settings/integrations","/settings/integrations","200","","","","0","/catalog?_rsc=U-OwWBq-vq-slwyv net::ERR_ABORTED | /catalog/gudid?_rsc=U-OwWBq-vq-slwyv net::ERR_ABORTED | /crosses?_rsc=U-OwWBq-vq-slwyv net::ERR_ABORTED | /?_rsc=U-OwWBq-vq-slwyv net::ERR_ABORTED | /settings?_rsc=U-OwWBq-vq-slwyv net::ERR_ABORTED | /catalog?_rsc=hbetPO-u3vUUlMwr net::ERR_ABORTED | /catalog/gudid?_rsc=hbetPO-u3vUUlMwr net::ERR_ABORTED | /?_rsc=hbetPO-u3vUUlMwr net::ERR_ABORTED | /settings?_rsc=hbetPO-u3vUUlMwr net::ERR_ABORTED | /crosses?_rsc=hbetPO-u3vUUlMwr net::ERR_ABORTED","","0","0","1","Choose a user"
"SIGNED_OUT","/settings/pricing","/settings/pricing","200","","","","0","/?_rsc=8oSST31HPn0UlEto net::ERR_ABORTED | /catalog?_rsc=8oSST31HPn0UlEto net::ERR_ABORTED | /catalog/gudid?_rsc=8oSST31HPn0UlEto net::ERR_ABORTED | /crosses?_rsc=8oSST31HPn0UlEto net::ERR_ABORTED | /settings?_rsc=8oSST31HPn0UlEto net::ERR_ABORTED | /catalog?_rsc=_Ie442TgELs3Q458 net::ERR_ABORTED | /?_rsc=_Ie442TgELs3Q458 net::ERR_ABORTED | /catalog/gudid?_rsc=_Ie442TgELs3Q458 net::ERR_ABORTED | /crosses?_rsc=_Ie442TgELs3Q458 net::ERR_ABORTED | /settings?_rsc=_Ie442TgELs3Q458 net::ERR_ABORTED","","0","0","1","Choose a user"
"SALES_REP","/","/","200","Competitive cross reference","","","0","/requests?_rsc=5CB68i4pnAekjehf net::ERR_ABORTED | /contracts?_rsc=5CB68i4pnAekjehf net::ERR_ABORTED | /intelligence?_rsc=5CB68i4pnAekjehf net::ERR_ABORTED | /proposals?_rsc=5CB68i4pnAekjehf net::ERR_ABORTED | /accounts?_rsc=5CB68i4pnAekjehf net::ERR_ABORTED | /intelligence/bids?_rsc=5CB68i4pnAekjehf net::ERR_ABORTED | /catalog?_rsc=5CB68i4pnAekjehf net::ERR_ABORTED | /catalog/gudid?_rsc=5CB68i4pnAekjehf net::ERR_ABORTED | /crosses?_rsc=5CB68i4pnAekjehf net::ERR_ABORTED | /settings?_rsc=5CB68i4pnAekjehf net::ERR_ABORTED | /requests/cmufeje3o002hk57d491oejr5?_rsc=5CB68i4pnAekjehf net::ERR_ABORTED | /notifications?_rsc=5CB68i4pnAekjehf net::ERR_ABORTED | /requests/new?_rsc=5CB68i4pnAekjehf net::ERR_ABORTED | /accounts?_rsc=tXyZJ52UQVBCVsD3 net::ERR_ABORTED | /?_rsc=tXyZJ52UQVBCVsD3 net::ERR_ABORTED | /requests?_rsc=tXyZJ52UQVBCVsD3 net::ERR_ABORTED | /contracts?_rsc=tXyZJ52UQVBCVsD3 net::ERR_ABORTED | /intelligence/bids?_rsc=tXyZJ52UQVBCVsD3 net::ERR_ABORTED | /intelligence?_rsc=tXyZJ52UQVBCVsD3 net::ERR_ABORTED | /catalog?_rsc=tXyZJ52UQVBCVsD3 net::ERR_ABORTED | /catalog/gudid?_rsc=tXyZJ52UQVBCVsD3 net::ERR_ABORTED | /settings?_rsc=tXyZJ52UQVBCVsD3 net::ERR_ABORTED | /crosses?_rsc=tXyZJ52UQVBCVsD3 net::ERR_ABORTED | /notifications?_rsc=tXyZJ52UQVBCVsD3 net::ERR_ABORTED | /requests/cmufdh3bj000c8l7d0xi3zsf0?_rsc=tXyZJ52UQVBCVsD3 net::ERR_ABORTED | /requests/cmufeje3o002hk57d491oejr5?_rsc=tXyZJ52UQVBCVsD3 net::ERR_ABORTED | /requests/cmufcynqe0001np7dpzorvaiq?_rsc=tXyZJ52UQVBCVsD3 net::ERR_ABORTED | /requests/new?_rsc=tXyZJ52UQVBCVsD3 net::ERR_ABORTED | /requests/cmufckl2s00205y7dkly63f9m?_rsc=tXyZJ52UQVBCVsD3 net::ERR_ABORTED","","0","0","0","New request ; Switch user"
"SALES_REP","/requests","/requests","200","Cross-reference requests","","","0","/?_rsc=p3Q57VochOqcQNsg net::ERR_ABORTED | /proposals?_rsc=p3Q57VochOqcQNsg net::ERR_ABORTED | /accounts?_rsc=p3Q57VochOqcQNsg net::ERR_ABORTED | /contracts?_rsc=p3Q57VochOqcQNsg net::ERR_ABORTED | /intelligence/bids?_rsc=p3Q57VochOqcQNsg net::ERR_ABORTED | /catalog?_rsc=p3Q57VochOqcQNsg net::ERR_ABORTED | /catalog/gudid?_rsc=p3Q57VochOqcQNsg net::ERR_ABORTED | /intelligence?_rsc=p3Q57VochOqcQNsg net::ERR_ABORTED | /settings?_rsc=p3Q57VochOqcQNsg net::ERR_ABORTED | /notifications?_rsc=p3Q57VochOqcQNsg net::ERR_ABORTED | /requests/new?_rsc=p3Q57VochOqcQNsg net::ERR_ABORTED | /requests/cmufeje3o002hk57d491oejr5?_rsc=p3Q57VochOqcQNsg net::ERR_ABORTED | /requests/cmufcynqe0001np7dpzorvaiq?_rsc=p3Q57VochOqcQNsg net::ERR_ABORTED | /requests/cmufckl2s00205y7dkly63f9m?_rsc=p3Q57VochOqcQNsg net::ERR_ABORTED | /?_rsc=nIzLgF1M7nWxnHlV net::ERR_ABORTED | /contracts?_rsc=nIzLgF1M7nWxnHlV net::ERR_ABORTED | /requests?_rsc=nIzLgF1M7nWxnHlV net::ERR_ABORTED | /proposals?_rsc=nIzLgF1M7nWxnHlV net::ERR_ABORTED | /accounts?_rsc=nIzLgF1M7nWxnHlV net::ERR_ABORTED | /catalog?_rsc=nIzLgF1M7nWxnHlV net::ERR_ABORTED | /intelligence?_rsc=nIzLgF1M7nWxnHlV net::ERR_ABORTED | /intelligence/bids?_rsc=nIzLgF1M7nWxnHlV net::ERR_ABORTED | /crosses?_rsc=nIzLgF1M7nWxnHlV net::ERR_ABORTED | /settings?_rsc=nIzLgF1M7nWxnHlV net::ERR_ABORTED | /notifications?_rsc=nIzLgF1M7nWxnHlV net::ERR_ABORTED | /requests/cmufcynqe0001np7dpzorvaiq?_rsc=nIzLgF1M7nWxnHlV net::ERR_ABORTED | /requests/cmufeje3o002hk57d491oejr5?_rsc=nIzLgF1M7nWxnHlV net::ERR_ABORTED | /requests/new?_rsc=nIzLgF1M7nWxnHlV net::ERR_ABORTED | /requests/cmufdh3bj000c8l7d0xi3zsf0?_rsc=nIzLgF1M7nWxnHlV net::ERR_ABORTED | /requests/cmufckl2s00205y7dkly63f9m?_rsc=nIzLgF1M7nWxnHlV net::ERR_ABORTED","","0","1","0","New request ; Switch user"
"SALES_REP","/requests/new","/requests/new","200","Competitive cross reference","","","0","/accounts?_rsc=4belA-F-xg-XtLdx net::ERR_ABORTED | /?_rsc=4belA-F-xg-XtLdx net::ERR_ABORTED | /requests?_rsc=4belA-F-xg-XtLdx net::ERR_ABORTED | /proposals?_rsc=4belA-F-xg-XtLdx net::ERR_ABORTED | /contracts?_rsc=4belA-F-xg-XtLdx net::ERR_ABORTED | /intelligence?_rsc=4belA-F-xg-XtLdx net::ERR_ABORTED | /catalog/gudid?_rsc=4belA-F-xg-XtLdx net::ERR_ABORTED | /notifications?_rsc=4belA-F-xg-XtLdx net::ERR_ABORTED | /crosses?_rsc=4belA-F-xg-XtLdx net::ERR_ABORTED | /settings?_rsc=4belA-F-xg-XtLdx net::ERR_ABORTED | /requests?_rsc=O1p93FFpSnNce0k4 net::ERR_ABORTED | /?_rsc=O1p93FFpSnNce0k4 net::ERR_ABORTED | /intelligence?_rsc=O1p93FFpSnNce0k4 net::ERR_ABORTED | /accounts?_rsc=O1p93FFpSnNce0k4 net::ERR_ABORTED | /proposals?_rsc=O1p93FFpSnNce0k4 net::ERR_ABORTED | /contracts?_rsc=O1p93FFpSnNce0k4 net::ERR_ABORTED | /intelligence/bids?_rsc=O1p93FFpSnNce0k4 net::ERR_ABORTED | /settings?_rsc=O1p93FFpSnNce0k4 net::ERR_ABORTED | /crosses?_rsc=O1p93FFpSnNce0k4 net::ERR_ABORTED | /catalog?_rsc=O1p93FFpSnNce0k4 net::ERR_ABORTED | /catalog/gudid?_rsc=O1p93FFpSnNce0k4 net::ERR_ABORTED | /requests/new?_rsc=O1p93FFpSnNce0k4 net::ERR_ABORTED | /notifications?_rsc=O1p93FFpSnNce0k4 net::ERR_ABORTED","","0","0","0","New request ; Switch user ; Google Sheets link ; Upload .xlsx / .csv ; Paste from a sheet ; Read sheet (disabled) ; Continue request (disabled)"
"SALES_REP","/requests/[id]","/requests/cmufeje3o002hk57d491oejr5","200","WS3 Journey Hospital Complete","","","0","/proposals?_rsc=L4ND5fhfYnvUqaPw net::ERR_ABORTED | /contracts?_rsc=L4ND5fhfYnvUqaPw net::ERR_ABORTED | /intelligence?_rsc=L4ND5fhfYnvUqaPw net::ERR_ABORTED | /intelligence/bids?_rsc=L4ND5fhfYnvUqaPw net::ERR_ABORTED | /catalog/gudid?_rsc=L4ND5fhfYnvUqaPw net::ERR_ABORTED | /crosses?_rsc=L4ND5fhfYnvUqaPw net::ERR_ABORTED | /settings?_rsc=L4ND5fhfYnvUqaPw net::ERR_ABORTED | /notifications?_rsc=L4ND5fhfYnvUqaPw net::ERR_ABORTED | /requests?_rsc=grHQqzBoP485Pe5C net::ERR_ABORTED | /accounts?_rsc=grHQqzBoP485Pe5C net::ERR_ABORTED | /contracts?_rsc=grHQqzBoP485Pe5C net::ERR_ABORTED | /intelligence?_rsc=grHQqzBoP485Pe5C net::ERR_ABORTED | /catalog?_rsc=grHQqzBoP485Pe5C net::ERR_ABORTED | /catalog/gudid?_rsc=grHQqzBoP485Pe5C net::ERR_ABORTED | /crosses?_rsc=grHQqzBoP485Pe5C net::ERR_ABORTED | /settings?_rsc=grHQqzBoP485Pe5C net::ERR_ABORTED | /notifications?_rsc=grHQqzBoP485Pe5C net::ERR_ABORTED | /requests/new?_rsc=grHQqzBoP485Pe5C net::ERR_ABORTED","","0","1","0","New request ; Switch user ; Re-run ; Download ▾ ; Google Sheets ; Create proposal ; All 5 ; Needs attention 3 ; Flagged 0 ; Exact 2 ; Close 2 ; Alternative 1 ; Already ours 0 ; Bulk actions ▾ ; Expand all ; Expand line 1 1190500 ; Expand line 2 B12LTH ; Expand line 3 TLC75 ; Expand line 4 C0121 ; Expand line 5 IN-12-4 ; Show run log (6)"
"SALES_REP","/proposals","/proposals","200","Commercial proposals","","","0","/contracts?_rsc=8qZH60WsiyOTuseO net::ERR_ABORTED | /?_rsc=8qZH60WsiyOTuseO net::ERR_ABORTED | /requests?_rsc=8qZH60WsiyOTuseO net::ERR_ABORTED | /accounts?_rsc=8qZH60WsiyOTuseO net::ERR_ABORTED | /catalog/gudid?_rsc=8qZH60WsiyOTuseO net::ERR_ABORTED | /catalog?_rsc=8qZH60WsiyOTuseO net::ERR_ABORTED | /intelligence?_rsc=8qZH60WsiyOTuseO net::ERR_ABORTED | /intelligence/bids?_rsc=8qZH60WsiyOTuseO net::ERR_ABORTED | /settings?_rsc=8qZH60WsiyOTuseO net::ERR_ABORTED | /notifications?_rsc=8qZH60WsiyOTuseO net::ERR_ABORTED | /requests/new?_rsc=8qZH60WsiyOTuseO net::ERR_ABORTED | /proposals/cmufem5ld0056k57d2utmar8g?_rsc=8qZH60WsiyOTuseO net::ERR_ABORTED | /proposals/cmufejry60041k57dwr6rvl6x?_rsc=8qZH60WsiyOTuseO net::ERR_ABORTED | /proposals/cmufe2r28001ai27dm62d5upt?_rsc=8qZH60WsiyOTuseO net::ERR_ABORTED | /proposals/cmufdkkln003q8l7d1m4dm88l?_rsc=8qZH60WsiyOTuseO net::ERR_ABORTED | /?_rsc=yDw8cg_cK2Tq2IDS net::ERR_ABORTED | /proposals?_rsc=yDw8cg_cK2Tq2IDS net::ERR_ABORTED | /accounts?_rsc=yDw8cg_cK2Tq2IDS net::ERR_ABORTED | /requests?_rsc=yDw8cg_cK2Tq2IDS net::ERR_ABORTED | /contracts?_rsc=yDw8cg_cK2Tq2IDS net::ERR_ABORTED | /intelligence?_rsc=yDw8cg_cK2Tq2IDS net::ERR_ABORTED | /crosses?_rsc=yDw8cg_cK2Tq2IDS net::ERR_ABORTED | /catalog?_rsc=yDw8cg_cK2Tq2IDS net::ERR_ABORTED | /intelligence/bids?_rsc=yDw8cg_cK2Tq2IDS net::ERR_ABORTED | /catalog/gudid?_rsc=yDw8cg_cK2Tq2IDS net::ERR_ABORTED | /settings?_rsc=yDw8cg_cK2Tq2IDS net::ERR_ABORTED | /proposals/cmufejry60041k57dwr6rvl6x?_rsc=yDw8cg_cK2Tq2IDS net::ERR_ABORTED | /notifications?_rsc=yDw8cg_cK2Tq2IDS net::ERR_ABORTED | /requests/new?_rsc=yDw8cg_cK2Tq2IDS net::ERR_ABORTED | /proposals/cmufem5ld0056k57d2utmar8g?_rsc=yDw8cg_cK2Tq2IDS net::ERR_ABORTED | /proposals/cmufdkkln003q8l7d1m4dm88l?_rsc=yDw8cg_cK2Tq2IDS net::ERR_ABORTED | /proposals/cmufdhh6r001w8l7d9fuqubfe?_rsc=yDw8cg_cK2Tq2IDS net::ERR_ABORTED | /proposals/cmufdjtgl002w8l7dk6h2dqfi?_rsc=yDw8cg_cK2Tq2IDS net::ERR_ABORTED | /proposals/cmufe2r28001ai27dm62d5upt?_rsc=yDw8cg_cK2Tq2IDS net::ERR_ABORTED | /proposals/cmufcz0vr001hnp7dqk2z8vcf?_rsc=yDw8cg_cK2Tq2IDS net::ERR_ABORTED | /proposals/cmufcovyo004l5y7dyhkzdcxj?_rsc=yDw8cg_cK2Tq2IDS net::ERR_ABORTED","","0","1","0","New request ; Switch user"
"SALES_REP","/proposals/[id]","/proposals/cmufem5ld0056k57d2utmar8g","200","PRP-0035-v2 · WS3 Journey Hospital","","","0","/requests?_rsc=IZ6zrI2LDRRC1-Wd net::ERR_ABORTED | /proposals?_rsc=IZ6zrI2LDRRC1-Wd net::ERR_ABORTED | /accounts?_rsc=IZ6zrI2LDRRC1-Wd net::ERR_ABORTED | /?_rsc=IZ6zrI2LDRRC1-Wd net::ERR_ABORTED | /contracts?_rsc=IZ6zrI2LDRRC1-Wd net::ERR_ABORTED | /intelligence?_rsc=IZ6zrI2LDRRC1-Wd net::ERR_ABORTED | /intelligence/bids?_rsc=IZ6zrI2LDRRC1-Wd net::ERR_ABORTED | /catalog?_rsc=IZ6zrI2LDRRC1-Wd net::ERR_ABORTED | /catalog/gudid?_rsc=IZ6zrI2LDRRC1-Wd net::ERR_ABORTED | /crosses?_rsc=IZ6zrI2LDRRC1-Wd net::ERR_ABORTED | /settings?_rsc=IZ6zrI2LDRRC1-Wd net::ERR_ABORTED | /notifications?_rsc=IZ6zrI2LDRRC1-Wd net::ERR_ABORTED | /requests/cmufeje3o002hk57d491oejr5?_rsc=IZ6zrI2LDRRC1-Wd net::ERR_ABORTED | /requests/new?_rsc=IZ6zrI2LDRRC1-Wd net::ERR_ABORTED | /?_rsc=fAAmY66VdqvUMp3_ net::ERR_ABORTED | /requests?_rsc=fAAmY66VdqvUMp3_ net::ERR_ABORTED | /requests/cmufeje3o002hk57d491oejr5?_rsc=fAAmY66VdqvUMp3_ net::ERR_ABORTED | /proposals?_rsc=fAAmY66VdqvUMp3_ net::ERR_ABORTED | /contracts?_rsc=fAAmY66VdqvUMp3_ net::ERR_ABORTED | /accounts?_rsc=fAAmY66VdqvUMp3_ net::ERR_ABORTED | /catalog?_rsc=fAAmY66VdqvUMp3_ net::ERR_ABORTED | /catalog/gudid?_rsc=fAAmY66VdqvUMp3_ net::ERR_ABORTED | /crosses?_rsc=fAAmY66VdqvUMp3_ net::ERR_ABORTED | /notifications?_rsc=fAAmY66VdqvUMp3_ net::ERR_ABORTED","","0","1","0","New request ; Switch user ; Submit for approval ; Quote PDF (disabled) ; .xlsx (disabled) ; Details ; Refresh to today's context ; Proposal ; Show audit trail ; Recalculate tax ; Edit ; 1190500 ; B12LTH"
"SALES_REP","/approvals","/approvals","200","Pricing approvals","","","0","/catalog/gudid?_rsc=Ut9iRRX_9PZKRdF- net::ERR_ABORTED | /crosses?_rsc=Ut9iRRX_9PZKRdF- net::ERR_ABORTED | /settings?_rsc=Ut9iRRX_9PZKRdF- net::ERR_ABORTED | /notifications?_rsc=Ut9iRRX_9PZKRdF- net::ERR_ABORTED | /requests/new?_rsc=Ut9iRRX_9PZKRdF- net::ERR_ABORTED | /?_rsc=AU6DTT46DVXZ7jWj net::ERR_ABORTED | /requests?_rsc=AU6DTT46DVXZ7jWj net::ERR_ABORTED | /accounts?_rsc=AU6DTT46DVXZ7jWj net::ERR_ABORTED | /contracts?_rsc=AU6DTT46DVXZ7jWj net::ERR_ABORTED | /proposals?_rsc=AU6DTT46DVXZ7jWj net::ERR_ABORTED | /catalog?_rsc=AU6DTT46DVXZ7jWj net::ERR_ABORTED | /catalog/gudid?_rsc=AU6DTT46DVXZ7jWj net::ERR_ABORTED | /intelligence?_rsc=AU6DTT46DVXZ7jWj net::ERR_ABORTED | /intelligence/bids?_rsc=AU6DTT46DVXZ7jWj net::ERR_ABORTED | /crosses?_rsc=AU6DTT46DVXZ7jWj net::ERR_ABORTED | /settings?_rsc=AU6DTT46DVXZ7jWj net::ERR_ABORTED | /notifications?_rsc=AU6DTT46DVXZ7jWj net::ERR_ABORTED | /requests/new?_rsc=AU6DTT46DVXZ7jWj net::ERR_ABORTED","","0","0","0","New request ; Switch user ; Delegate my approvals (disabled)"
"SALES_REP","/accounts","/accounts","200","Accounts & GPO membership","","","0","/?_rsc=iZGmHDWBA-6V7KTQ net::ERR_ABORTED | /requests?_rsc=iZGmHDWBA-6V7KTQ net::ERR_ABORTED | /proposals?_rsc=iZGmHDWBA-6V7KTQ net::ERR_ABORTED | /contracts?_rsc=iZGmHDWBA-6V7KTQ net::ERR_ABORTED | /intelligence/bids?_rsc=iZGmHDWBA-6V7KTQ net::ERR_ABORTED | /catalog?_rsc=iZGmHDWBA-6V7KTQ net::ERR_ABORTED | /catalog/gudid?_rsc=iZGmHDWBA-6V7KTQ net::ERR_ABORTED | /crosses?_rsc=iZGmHDWBA-6V7KTQ net::ERR_ABORTED | /settings?_rsc=iZGmHDWBA-6V7KTQ net::ERR_ABORTED | /notifications?_rsc=iZGmHDWBA-6V7KTQ net::ERR_ABORTED | /requests/new?_rsc=iZGmHDWBA-6V7KTQ net::ERR_ABORTED | /accounts/cmuf6hihm02rkks7drm31yuur?_rsc=iZGmHDWBA-6V7KTQ net::ERR_ABORTED | /accounts/cmuf6hiho02rlks7d2xz6w5ev?_rsc=iZGmHDWBA-6V7KTQ net::ERR_ABORTED | /accounts/cmufdfwvc009mnp7dh1j0oelm?_rsc=iZGmHDWBA-6V7KTQ net::ERR_ABORTED | /?_rsc=oRxEn_R9e10JER3Z net::ERR_ABORTED | /requests?_rsc=oRxEn_R9e10JER3Z net::ERR_ABORTED | /proposals?_rsc=oRxEn_R9e10JER3Z net::ERR_ABORTED | /intelligence/bids?_rsc=oRxEn_R9e10JER3Z net::ERR_ABORTED | /catalog?_rsc=oRxEn_R9e10JER3Z net::ERR_ABORTED | /catalog/gudid?_rsc=oRxEn_R9e10JER3Z net::ERR_ABORTED | /requests/new?_rsc=oRxEn_R9e10JER3Z net::ERR_ABORTED | /settings?_rsc=oRxEn_R9e10JER3Z net::ERR_ABORTED | /notifications?_rsc=oRxEn_R9e10JER3Z net::ERR_ABORTED | /accounts/cmuf6hihq02rmks7did2qxong?_rsc=oRxEn_R9e10JER3Z net::ERR_ABORTED | /accounts/cmufdfwvc009mnp7dh1j0oelm?_rsc=oRxEn_R9e10JER3Z net::ERR_ABORTED | /accounts/cmufdfwvr009pnp7dx6f1v0bl?_rsc=oRxEn_R9e10JER3Z net::ERR_ABORTED","","0","0","0","New request ; Switch user"
"SALES_REP","/accounts/[id]","/accounts/cmuf6hihm02rkks7drm31yuur","200","Hospital A — Mount Vernon General","","","0","/requests?_rsc=pYoAThzR_ryjq0MS net::ERR_ABORTED | /proposals?_rsc=pYoAThzR_ryjq0MS net::ERR_ABORTED | /contracts?_rsc=pYoAThzR_ryjq0MS net::ERR_ABORTED | /intelligence?_rsc=pYoAThzR_ryjq0MS net::ERR_ABORTED | /intelligence/bids?_rsc=pYoAThzR_ryjq0MS net::ERR_ABORTED | /catalog?_rsc=pYoAThzR_ryjq0MS net::ERR_ABORTED | /catalog/gudid?_rsc=pYoAThzR_ryjq0MS net::ERR_ABORTED | /crosses?_rsc=pYoAThzR_ryjq0MS net::ERR_ABORTED | /settings?_rsc=pYoAThzR_ryjq0MS net::ERR_ABORTED | /notifications?_rsc=pYoAThzR_ryjq0MS net::ERR_ABORTED | /contracts/cmufdgwn600018l7dib8n6qm4?_rsc=pYoAThzR_ryjq0MS net::ERR_ABORTED | /requests/new?_rsc=pYoAThzR_ryjq0MS net::ERR_ABORTED | /contracts/cmuf6himl02swks7dif6nb96r?_rsc=pYoAThzR_ryjq0MS net::ERR_ABORTED | /contracts/cmufehj7i0011k57dzpf8j0ce?_rsc=pYoAThzR_ryjq0MS net::ERR_ABORTED | /requests?_rsc=gRQ4rCW2m6dkjkis net::ERR_ABORTED | /proposals?_rsc=gRQ4rCW2m6dkjkis net::ERR_ABORTED | /?_rsc=gRQ4rCW2m6dkjkis net::ERR_ABORTED | /accounts?_rsc=gRQ4rCW2m6dkjkis net::ERR_ABORTED | /intelligence/bids?_rsc=gRQ4rCW2m6dkjkis net::ERR_ABORTED | /intelligence?_rsc=gRQ4rCW2m6dkjkis net::ERR_ABORTED | /contracts?_rsc=gRQ4rCW2m6dkjkis net::ERR_ABORTED | /catalog?_rsc=gRQ4rCW2m6dkjkis net::ERR_ABORTED | /catalog/gudid?_rsc=gRQ4rCW2m6dkjkis net::ERR_ABORTED | /requests/new?_rsc=gRQ4rCW2m6dkjkis net::ERR_ABORTED | /crosses?_rsc=gRQ4rCW2m6dkjkis net::ERR_ABORTED | /settings?_rsc=gRQ4rCW2m6dkjkis net::ERR_ABORTED | /notifications?_rsc=gRQ4rCW2m6dkjkis net::ERR_ABORTED | /contracts/cmuf6himl02swks7dif6nb96r?_rsc=gRQ4rCW2m6dkjkis net::ERR_ABORTED | /contracts/cmufdgwn600018l7dib8n6qm4?_rsc=gRQ4rCW2m6dkjkis net::ERR_ABORTED","","0","1","0","New request ; Switch user"
"SALES_REP","/contracts","/contracts","200","Contracts & price context","","","0","/?_rsc=DzmfcRRfJeItXkgz net::ERR_ABORTED | /requests?_rsc=DzmfcRRfJeItXkgz net::ERR_ABORTED | /proposals?_rsc=DzmfcRRfJeItXkgz net::ERR_ABORTED | /accounts?_rsc=DzmfcRRfJeItXkgz net::ERR_ABORTED | /intelligence?_rsc=DzmfcRRfJeItXkgz net::ERR_ABORTED | /intelligence/bids?_rsc=DzmfcRRfJeItXkgz net::ERR_ABORTED | /catalog?_rsc=DzmfcRRfJeItXkgz net::ERR_ABORTED | /catalog/gudid?_rsc=DzmfcRRfJeItXkgz net::ERR_ABORTED | /crosses?_rsc=DzmfcRRfJeItXkgz net::ERR_ABORTED | /settings?_rsc=DzmfcRRfJeItXkgz net::ERR_ABORTED | /notifications?_rsc=DzmfcRRfJeItXkgz net::ERR_ABORTED | /requests/new?_rsc=DzmfcRRfJeItXkgz net::ERR_ABORTED | /contracts/cmuf6himu02sxks7dkgml1rr2?_rsc=DzmfcRRfJeItXkgz net::ERR_ABORTED | /contracts/cmufdjs85002o8l7dlcs3cpjp?_rsc=DzmfcRRfJeItXkgz net::ERR_ABORTED | /contracts/cmufdkjds003i8l7d15s8fm19?_rsc=DzmfcRRfJeItXkgz net::ERR_ABORTED | /contracts/cmufe2ptb0012i27dn2ix59o5?_rsc=DzmfcRRfJeItXkgz net::ERR_ABORTED | /proposals?_rsc=2Ju2sngZl13OvaTN net::ERR_ABORTED | /contracts?_rsc=2Ju2sngZl13OvaTN net::ERR_ABORTED | /intelligence?_rsc=2Ju2sngZl13OvaTN net::ERR_ABORTED | /intelligence/bids?_rsc=2Ju2sngZl13OvaTN net::ERR_ABORTED | /catalog/gudid?_rsc=2Ju2sngZl13OvaTN net::ERR_ABORTED | /catalog?_rsc=2Ju2sngZl13OvaTN net::ERR_ABORTED | /crosses?_rsc=2Ju2sngZl13OvaTN net::ERR_ABORTED | /settings?_rsc=2Ju2sngZl13OvaTN net::ERR_ABORTED | /notifications?_rsc=2Ju2sngZl13OvaTN net::ERR_ABORTED | /requests/new?_rsc=2Ju2sngZl13OvaTN net::ERR_ABORTED | /contracts/cmuf6himu02sxks7dkgml1rr2?_rsc=2Ju2sngZl13OvaTN net::ERR_ABORTED | /contracts/cmufdkjds003i8l7d15s8fm19?_rsc=2Ju2sngZl13OvaTN net::ERR_ABORTED | /contracts/cmufe2ptb0012i27dn2ix59o5?_rsc=2Ju2sngZl13OvaTN net::ERR_ABORTED | /contracts/cmufdjs85002o8l7dlcs3cpjp?_rsc=2Ju2sngZl13OvaTN net::ERR_ABORTED | /contracts/cmufehj7i0011k57dzpf8j0ce?_rsc=2Ju2sngZl13OvaTN net::ERR_ABORTED | /contracts/cmufdgwn600018l7dib8n6qm4?_rsc=2Ju2sngZl13OvaTN net::ERR_ABORTED | /contracts/cmuf6himl02swks7dif6nb96r?_rsc=2Ju2sngZl13OvaTN net::ERR_ABORTED | /contracts/cmufem4bg004yk57dg70ct1u2?_rsc=2Ju2sngZl13OvaTN net::ERR_ABORTED","","0","1","0","New request ; Switch user ; New contract (disabled)"
"SALES_REP","/contracts/[id]","/contracts/cmuf6himu02sxks7dkgml1rr2","200","MSK-LOCAL-2026 · MSK local mesh agreement","","","0","/?_rsc=TQOCHQXESAyQ3VEl net::ERR_ABORTED | /requests?_rsc=TQOCHQXESAyQ3VEl net::ERR_ABORTED | /accounts?_rsc=TQOCHQXESAyQ3VEl net::ERR_ABORTED | /proposals?_rsc=TQOCHQXESAyQ3VEl net::ERR_ABORTED | /contracts?_rsc=TQOCHQXESAyQ3VEl net::ERR_ABORTED | /intelligence/bids?_rsc=TQOCHQXESAyQ3VEl net::ERR_ABORTED | /catalog?_rsc=TQOCHQXESAyQ3VEl net::ERR_ABORTED | /crosses?_rsc=TQOCHQXESAyQ3VEl net::ERR_ABORTED | /settings?_rsc=TQOCHQXESAyQ3VEl net::ERR_ABORTED | /notifications?_rsc=TQOCHQXESAyQ3VEl net::ERR_ABORTED | /accounts/cmuf6hihk02rjks7dyamo9w2u?_rsc=TQOCHQXESAyQ3VEl net::ERR_ABORTED | /?_rsc=12web-rdU3k9vLaG net::ERR_ABORTED | /requests?_rsc=12web-rdU3k9vLaG net::ERR_ABORTED | /accounts?_rsc=12web-rdU3k9vLaG net::ERR_ABORTED | /accounts/cmuf6hihk02rjks7dyamo9w2u?_rsc=12web-rdU3k9vLaG net::ERR_ABORTED | /proposals?_rsc=12web-rdU3k9vLaG net::ERR_ABORTED | /intelligence/bids?_rsc=12web-rdU3k9vLaG net::ERR_ABORTED | /contracts?_rsc=12web-rdU3k9vLaG net::ERR_ABORTED | /catalog?_rsc=12web-rdU3k9vLaG net::ERR_ABORTED | /intelligence?_rsc=12web-rdU3k9vLaG net::ERR_ABORTED | /crosses?_rsc=12web-rdU3k9vLaG net::ERR_ABORTED | /notifications?_rsc=12web-rdU3k9vLaG net::ERR_ABORTED | /settings?_rsc=12web-rdU3k9vLaG net::ERR_ABORTED | /catalog/gudid?_rsc=12web-rdU3k9vLaG net::ERR_ABORTED | /requests/new?_rsc=12web-rdU3k9vLaG net::ERR_ABORTED","","0","1","0","New request ; Switch user ; Refresh performance ; Save entries (disabled)"
"SALES_REP","/intelligence","/intelligence","200","Competitor pricing","","","0","/accounts?_rsc=3fD0047dUoUPXvG2 net::ERR_ABORTED | /?_rsc=3fD0047dUoUPXvG2 net::ERR_ABORTED | /proposals?_rsc=3fD0047dUoUPXvG2 net::ERR_ABORTED | /contracts?_rsc=3fD0047dUoUPXvG2 net::ERR_ABORTED | /intelligence/bids?_rsc=3fD0047dUoUPXvG2 net::ERR_ABORTED | /catalog?_rsc=3fD0047dUoUPXvG2 net::ERR_ABORTED | /catalog/gudid?_rsc=3fD0047dUoUPXvG2 net::ERR_ABORTED | /crosses?_rsc=3fD0047dUoUPXvG2 net::ERR_ABORTED | /settings?_rsc=3fD0047dUoUPXvG2 net::ERR_ABORTED | /proposals?_rsc=gu9LWiAQNzfrKsW2 net::ERR_ABORTED | /requests?_rsc=gu9LWiAQNzfrKsW2 net::ERR_ABORTED | /?_rsc=gu9LWiAQNzfrKsW2 net::ERR_ABORTED | /accounts?_rsc=gu9LWiAQNzfrKsW2 net::ERR_ABORTED | /contracts?_rsc=gu9LWiAQNzfrKsW2 net::ERR_ABORTED | /intelligence?_rsc=gu9LWiAQNzfrKsW2 net::ERR_ABORTED | /intelligence/bids?_rsc=gu9LWiAQNzfrKsW2 net::ERR_ABORTED | /catalog?_rsc=gu9LWiAQNzfrKsW2 net::ERR_ABORTED | /catalog/gudid?_rsc=gu9LWiAQNzfrKsW2 net::ERR_ABORTED | /settings?_rsc=gu9LWiAQNzfrKsW2 net::ERR_ABORTED | /crosses?_rsc=gu9LWiAQNzfrKsW2 net::ERR_ABORTED | /requests/new?_rsc=gu9LWiAQNzfrKsW2 net::ERR_ABORTED | /notifications?_rsc=gu9LWiAQNzfrKsW2 net::ERR_ABORTED","","0","1","0","New request ; Switch user ; Import .xlsx / .csv ; INPUT ; Extract a document… ; 1190500 ; WS3OBS3 ; WS3OBS2 ; WS3OBS1 ; 112680 ; 1190816 ; SPMII ; 1200710 ; 1201520 ; 113700 ; 112650 ; 112660 ; UPA31015 ; 1190820 ; 1202025 ; 1190300 ; SPMXXL ; 1410015010 ; 1DLMC03 ; 1DLMC05 ; Record (disabled)"
"SALES_REP","/intelligence/bids","/intelligence/bids","200","Public bids and awards","","","0","/?_rsc=2gWrMJaxdn-CU2fc net::ERR_ABORTED | /requests?_rsc=2gWrMJaxdn-CU2fc net::ERR_ABORTED | /accounts?_rsc=2gWrMJaxdn-CU2fc net::ERR_ABORTED | /proposals?_rsc=2gWrMJaxdn-CU2fc net::ERR_ABORTED | /catalog?_rsc=2gWrMJaxdn-CU2fc net::ERR_ABORTED | /catalog/gudid?_rsc=2gWrMJaxdn-CU2fc net::ERR_ABORTED | /crosses?_rsc=2gWrMJaxdn-CU2fc net::ERR_ABORTED | /settings?_rsc=2gWrMJaxdn-CU2fc net::ERR_ABORTED | /notifications?_rsc=2gWrMJaxdn-CU2fc net::ERR_ABORTED | /requests/new?_rsc=2gWrMJaxdn-CU2fc net::ERR_ABORTED | /requests?_rsc=W5McYxvxTMCZbYJx net::ERR_ABORTED | /proposals?_rsc=W5McYxvxTMCZbYJx net::ERR_ABORTED | /?_rsc=W5McYxvxTMCZbYJx net::ERR_ABORTED | /accounts?_rsc=W5McYxvxTMCZbYJx net::ERR_ABORTED | /catalog?_rsc=W5McYxvxTMCZbYJx net::ERR_ABORTED | /intelligence?_rsc=W5McYxvxTMCZbYJx net::ERR_ABORTED | /intelligence/bids?_rsc=W5McYxvxTMCZbYJx net::ERR_ABORTED | /contracts?_rsc=W5McYxvxTMCZbYJx net::ERR_ABORTED | /catalog/gudid?_rsc=W5McYxvxTMCZbYJx net::ERR_ABORTED | /notifications?_rsc=W5McYxvxTMCZbYJx net::ERR_ABORTED | /crosses?_rsc=W5McYxvxTMCZbYJx net::ERR_ABORTED | /settings?_rsc=W5McYxvxTMCZbYJx net::ERR_ABORTED | /requests/new?_rsc=W5McYxvxTMCZbYJx net::ERR_ABORTED","","0","0","0","New request ; Switch user ; Pull (disabled) ; Pull ; Save (disabled) ; Bid file"
"SALES_REP","/intelligence/extractions/[id]","/intelligence/extractions/missing0000000000000000","200","Extraction","Failed to load resource: the server responded with a status of 404 (Not Found)","","0","/proposals?_rsc=VJB2dfGule5Oh2L3 net::ERR_ABORTED | /accounts?_rsc=VJB2dfGule5Oh2L3 net::ERR_ABORTED | /?_rsc=VJB2dfGule5Oh2L3 net::ERR_ABORTED | /requests?_rsc=VJB2dfGule5Oh2L3 net::ERR_ABORTED | /contracts?_rsc=VJB2dfGule5Oh2L3 net::ERR_ABORTED | /intelligence?_rsc=VJB2dfGule5Oh2L3 net::ERR_ABORTED | /intelligence/bids?_rsc=VJB2dfGule5Oh2L3 net::ERR_ABORTED | /catalog/gudid?_rsc=VJB2dfGule5Oh2L3 net::ERR_ABORTED | /settings?_rsc=VJB2dfGule5Oh2L3 net::ERR_ABORTED | /requests/new?_rsc=VJB2dfGule5Oh2L3 net::ERR_ABORTED | /requests?_rsc=wBL8jh-0AxNJNXN_ net::ERR_ABORTED | /?_rsc=wBL8jh-0AxNJNXN_ net::ERR_ABORTED | /proposals?_rsc=wBL8jh-0AxNJNXN_ net::ERR_ABORTED | /accounts?_rsc=wBL8jh-0AxNJNXN_ net::ERR_ABORTED | /intelligence?_rsc=wBL8jh-0AxNJNXN_ net::ERR_ABORTED | /intelligence/bids?_rsc=wBL8jh-0AxNJNXN_ net::ERR_ABORTED | /catalog?_rsc=wBL8jh-0AxNJNXN_ net::ERR_ABORTED | /contracts?_rsc=wBL8jh-0AxNJNXN_ net::ERR_ABORTED | /catalog/gudid?_rsc=wBL8jh-0AxNJNXN_ net::ERR_ABORTED | /crosses?_rsc=wBL8jh-0AxNJNXN_ net::ERR_ABORTED | /requests/new?_rsc=wBL8jh-0AxNJNXN_ net::ERR_ABORTED | /settings?_rsc=wBL8jh-0AxNJNXN_ net::ERR_ABORTED | /notifications?_rsc=wBL8jh-0AxNJNXN_ net::ERR_ABORTED","404 /api/documents/extractions/missing0000000000000000","0","0","0","New request ; Switch user"
"SALES_REP","/analytics","/analytics","200","","","","0","/?_rsc=ix5_aAief6TvBg04 net::ERR_ABORTED | /proposals?_rsc=ix5_aAief6TvBg04 net::ERR_ABORTED | /accounts?_rsc=ix5_aAief6TvBg04 net::ERR_ABORTED | /contracts?_rsc=ix5_aAief6TvBg04 net::ERR_ABORTED | /intelligence/bids?_rsc=ix5_aAief6TvBg04 net::ERR_ABORTED | /catalog?_rsc=ix5_aAief6TvBg04 net::ERR_ABORTED | /catalog/gudid?_rsc=ix5_aAief6TvBg04 net::ERR_ABORTED | /requests/new?_rsc=ix5_aAief6TvBg04 net::ERR_ABORTED | /accounts?_rsc=Dt318okBLJyNDlfE net::ERR_ABORTED | /?_rsc=Dt318okBLJyNDlfE net::ERR_ABORTED | /requests?_rsc=Dt318okBLJyNDlfE net::ERR_ABORTED | /proposals?_rsc=Dt318okBLJyNDlfE net::ERR_ABORTED | /contracts?_rsc=Dt318okBLJyNDlfE net::ERR_ABORTED | /intelligence?_rsc=Dt318okBLJyNDlfE net::ERR_ABORTED | /intelligence/bids?_rsc=Dt318okBLJyNDlfE net::ERR_ABORTED | /catalog?_rsc=Dt318okBLJyNDlfE net::ERR_ABORTED | /crosses?_rsc=Dt318okBLJyNDlfE net::ERR_ABORTED | /settings?_rsc=Dt318okBLJyNDlfE net::ERR_ABORTED | /catalog/gudid?_rsc=Dt318okBLJyNDlfE net::ERR_ABORTED | /notifications?_rsc=Dt318okBLJyNDlfE net::ERR_ABORTED","","0","0","0","New request ; Switch user"
"SALES_REP","/catalog","/catalog","200","Our catalog","","","0","/?_rsc=OYzo7EH3MGwwxBfF net::ERR_ABORTED | /requests?_rsc=OYzo7EH3MGwwxBfF net::ERR_ABORTED | /proposals?_rsc=OYzo7EH3MGwwxBfF net::ERR_ABORTED | /accounts?_rsc=OYzo7EH3MGwwxBfF net::ERR_ABORTED | /contracts?_rsc=OYzo7EH3MGwwxBfF net::ERR_ABORTED | /intelligence/bids?_rsc=OYzo7EH3MGwwxBfF net::ERR_ABORTED | /intelligence?_rsc=OYzo7EH3MGwwxBfF net::ERR_ABORTED | /catalog/gudid?_rsc=OYzo7EH3MGwwxBfF net::ERR_ABORTED | /settings?_rsc=OYzo7EH3MGwwxBfF net::ERR_ABORTED | /crosses?_rsc=OYzo7EH3MGwwxBfF net::ERR_ABORTED | /notifications?_rsc=OYzo7EH3MGwwxBfF net::ERR_ABORTED | /requests/new?_rsc=OYzo7EH3MGwwxBfF net::ERR_ABORTED | /?_rsc=O6cAbYUSgs3KBG-F net::ERR_ABORTED | /requests?_rsc=O6cAbYUSgs3KBG-F net::ERR_ABORTED | /proposals?_rsc=O6cAbYUSgs3KBG-F net::ERR_ABORTED | /intelligence?_rsc=O6cAbYUSgs3KBG-F net::ERR_ABORTED | /accounts?_rsc=O6cAbYUSgs3KBG-F net::ERR_ABORTED | /contracts?_rsc=O6cAbYUSgs3KBG-F net::ERR_ABORTED | /intelligence/bids?_rsc=O6cAbYUSgs3KBG-F net::ERR_ABORTED | /crosses?_rsc=O6cAbYUSgs3KBG-F net::ERR_ABORTED | /settings?_rsc=O6cAbYUSgs3KBG-F net::ERR_ABORTED | /catalog?_rsc=O6cAbYUSgs3KBG-F net::ERR_ABORTED | /catalog/gudid?_rsc=O6cAbYUSgs3KBG-F net::ERR_ABORTED | /requests/new?_rsc=O6cAbYUSgs3KBG-F net::ERR_ABORTED | /notifications?_rsc=O6cAbYUSgs3KBG-F net::ERR_ABORTED","","0","1","0","New request ; Switch user ; GUDID library ; 174006 ; ABSTACK30 ; ABSTACK30X ; PCO2015X ; PCO2520X ; PCO9X ; 11-1276 ; 11-1278 ; 171305 ; 173019 ; 173030 ; 173046 ; 173049 ; 173050G ; 174001 ; 174209 ; 174213 ; 174233 ; 174301 ; 174309 ; 174317 ; 174601 ; 176605 ; 176613 ; 176643 ; 176645 ; 176647 ; 178081 ; 178083 ; 178091 ; 178093 ; 178099 ; 25030 ; CATCH10 ; E3781-28 ; E3781R-28ASP ; E3783-28 ; E3783R-28ASP ; E3783R-36ASP ; LF1837 ; LF5637 ; SILSCLINCH46 ; SILSDISSECT46 ; SILSHOOK36 ; SILSHOOK46 ; SILSSHEAR46 ; WPLGR914 ; WPXLGR1117 ; 010316L ; 010460 ; 010470 ; 015427L ; 015433L ; 015441L ; 015451L ; 015458L ; 015477L ; 015485L ; 015888L ; 017614 ; 020242 ; 030330L ; 030412 ; 030424L ; 030425 ; 030426 ; 030454 ; 030470 ; 030735L ; 059037 ; 111981 ; 111983 ; 111985 ; 111987 ; 111989 ; 3948L ; 3971 ; 3973 ; 4901T ; 8886803712 ; EEA21 ; EEA2135 ; EEA25 ; EEA2535 ; EEA28 ; EEA2835 ; EEA31 ; EEA33 ; EEAXL21 ; EEAXL2135 ; EEAXL25 ; EEAXL2535 ; EEAXL28 ; EEAXL2835 ; EEAXL31 ; EEAXL33 ; EGIA45AMT ; EGIA45AV ; EGIA45AVM ; EGIA45CTAVM ; EGIA60AMT ; EGIA60AVM ; EGIA60AXT ; EGIARADMT ; EGIARADVM ; EGIARADXT ; EGIAUSHORT ; EGIAUSTND ; EGIAUXL ; GIA10038L ; GIA10038S ; GIA10048L ; GIA10048S ; GIA6025L ; GIA6025S ; GIA6038L ; GIA6038S ; GIA6048L ; GIA6048S ; GIA60MTC ; GIA60MTS ; GIA60XTC ; GIA60XTS ; GIA8038L ; GIA8038S ; GIA8048L ; GIA8048S ; GIA80MTC ; GIA80MTS ; GIA80XTC ; GIA80XTS ; HEM3335 ; HEM3348 ; IDRVULTRA1 ; SGIA6038S ; SIG30AMT ; SIG30AV ; SIG30AVM ; SIG30CTAV ; SIG30CTAVM ; SIG45AMT ; SIG45AXT ; SIG45CTAMT ; SIG45CTAV ; SIG45CTAVM ; SIG60AMT ; SIG60AXT ; SIG60CTAMT ; SIG60CTAVM ; SIGADAPTSHORT ; SIGADAPTSTND ; SIGADAPTXL ; SIGC45MT ; SIGC45V ; SIGC45VM ; SIGC45VT ; SIGC60MT ; SIGC60V ; SIGC60VM ; SIGC60VT ; SIGLU45A ; SIGLU60A ; SIGPSHELL ; SIGRADMT ; SIGRADVM ; SIGRADXT ; SIGSDL45CTVT ; SIGSDS30CTV ; SIGSDS30CTVT ; SIGTRSB45AMT ; SIGTRSB45AXT ; SIGTRSB60AMT ; SIGTRSB60AXT ; TA3035L ; TA3035S ; TA3048L ; TA3048S ; TA30V3L ; TA30V3S ; TA4535L ; TA4535S ; TA4548L ; TA4548S ; TA6035L ; TA6035S ; TA6048L ; TA6048S ; TA9035L ; TA9035S ; TA9048L ; TA9048S ; TRIEEA28MT ; TRIEEA28XT ; TRIEEA31MT ; TRIEEA31XT ; TRIEEAXL28MT ; TRIEEAXL28XT ; TRIEEAXL31MT ; TRIEEAXL31XT ; TRIEEAXL33MT ; PPDS12 ; PPDS15 ; PPDS1510 ; PPDS2015 ; PPM1106X3 ; PPM1510X3 ; PPM4530 ; 171313 ; 171315 ; 172015 ; 172016 ; 176626P ; 176673P ; 176674P ; 176674PF ; 177090P ; 177090PF ; 177091P ; 177091PF ; 177092 ; 177092F ; 177992P ; 177995P ; 179076P ; 179077P ; 179078PF ; 179093 ; 179093F ; 179094 ; 179094F ; 179095P ; 179096P ; 179096PF ; 179097P ; 179097PF ; 179100 ; 179101 ; 179102P ; 179301 ; 179303 ; 179305 ; 179307 ; 179308 ; 179309 ; 179310 ; 21-345 ; 220-50 ; 24055- ; 4216 ; B11STF ; B11STS ; B12LGF ; B12LGS ; B12STF ; B12STFCS ; B12STS ; B5SHF ; B5SHS ; B5STF ; B5STS ; BPT12STS ; MS100703 ; MS100705 ; MS100708 ; MS101003 ; MS101005 ; MS101008 ; NB11STF ; NB12LGF ; NB12SHF ; NB12STF ; NB12STS ; NB15LGF ; NB15STF ; NB3SHFLP ; NB5LGF ; NB5SHF ; NB5SHFLP ; NB5STF ; NB5STFLP ; NBFCA11ST ; NBFCA12ST ; NONB11STF ; NONB12LGF ; NONB12SHF ; NONB12STF ; NONB12STS ; NONB15LGF ; NONB15STF ; NONB5LGF ; NONB5SHF ; NONB5STF ; NONB8STF ; OMS-T10BT ; OMS-T10BTNL ; OMS-T10BTS ; OMS-T10BTSNL ; OMS-T12BT ; OMS-T12BTNL ; ONB11LGF ; ONB11STF ; ONB12LGF ; ONB12SHF ; ONB12STF ; ONB12STF-NSB ; ONB12STFCS ; ONB12STS ; ONB15STF ; ONB5LGF ; ONB5SHF ; ONB5STF ; ONB5STF-NSB ; ONB5STF2C ; ONBFCA11ST ; S100000 ; S100700 ; S100705 ; S100710 ; S100712 ; S101000 ; S101005 ; S101010 ; S101012 ; S110000 ; SILSPT12TA ; SILSPT5TA ; UNVCA11STF ; UNVCA12LGF ; UNVCA12STF ; UNVCA12STF-NSB ; UNVCA12STS ; UNVCA5LGF ; UNVCA5SHF ; UNVCA5STF ; VS070000 ; VS100700 ; VS100705 ; VS100711P ; VS100712P ; VS101000 ; VS101005 ; VS101011P ; VS101012P ; VS101015P ; VS101500 ; VS101505 ; VS101512P ; VS150000 ; VSR100005 ; VSR100812P ; WPMD509 ; WPSM256 ; WPXSM24"
"SALES_REP","/catalog/gudid","/catalog/gudid","200","GUDID library","","","0","/?_rsc=DGmoGnAw5OqJpMhM net::ERR_ABORTED | /requests?_rsc=DGmoGnAw5OqJpMhM net::ERR_ABORTED | /proposals?_rsc=DGmoGnAw5OqJpMhM net::ERR_ABORTED | /accounts?_rsc=DGmoGnAw5OqJpMhM net::ERR_ABORTED | /contracts?_rsc=DGmoGnAw5OqJpMhM net::ERR_ABORTED | /intelligence/bids?_rsc=DGmoGnAw5OqJpMhM net::ERR_ABORTED | /catalog?_rsc=DGmoGnAw5OqJpMhM net::ERR_ABORTED | /intelligence?_rsc=DGmoGnAw5OqJpMhM net::ERR_ABORTED | /crosses?_rsc=DGmoGnAw5OqJpMhM net::ERR_ABORTED | /settings?_rsc=DGmoGnAw5OqJpMhM net::ERR_ABORTED | /notifications?_rsc=DGmoGnAw5OqJpMhM net::ERR_ABORTED | /requests/new?_rsc=DGmoGnAw5OqJpMhM net::ERR_ABORTED | /?_rsc=Z9EVd8HHdUwJDdIQ net::ERR_ABORTED | /requests?_rsc=Z9EVd8HHdUwJDdIQ net::ERR_ABORTED | /accounts?_rsc=Z9EVd8HHdUwJDdIQ net::ERR_ABORTED | /contracts?_rsc=Z9EVd8HHdUwJDdIQ net::ERR_ABORTED | /intelligence?_rsc=Z9EVd8HHdUwJDdIQ net::ERR_ABORTED | /catalog/gudid?_rsc=Z9EVd8HHdUwJDdIQ net::ERR_ABORTED | /crosses?_rsc=Z9EVd8HHdUwJDdIQ net::ERR_ABORTED | /catalog?_rsc=Z9EVd8HHdUwJDdIQ net::ERR_ABORTED | /settings?_rsc=Z9EVd8HHdUwJDdIQ net::ERR_ABORTED | /notifications?_rsc=Z9EVd8HHdUwJDdIQ net::ERR_ABORTED | /requests/new?_rsc=Z9EVd8HHdUwJDdIQ net::ERR_ABORTED","","0","0","0","New request ; Switch user ; DXT1309AL ; DXT1309AR ; DXT1510AL ; DXT1510AR ; DXT1612AL ; DXT1612AR ; DTN07R ; DTN07RX3 ; DTN07RX6 ; DTN10R ; DTN10RX3 ; DTN10RX6 ; DTN1610E ; DTN1610EX3 ; DTN1610EX6 ; PP0611 ; PP0611X3 ; PP1510 ; PP1510X3 ; PP1515 ; PP2020 ; PP3030 ; PPM1106 ; PPM1106X3 ; PPM1106X6 ; PPM1508 ; PPM1508X3 ; PPM1508X6 ; PPM1510 ; PPM1510X3 ; PPM1510X6 ; PPM1515 ; PPM1515X3 ; PPM1515X6 ; PPM2020 ; PPM2020X3 ; PPM3030 ; PPM3030X3 ; PPM4530 ; PPM4530X3 ; PPM5050 ; PPMK1106 ; PPMK1106X3 ; PPMK1106X6 ; PPMK1508 ; PPMK1508X3 ; PPMK1508X6 ; PPDS12 ; PPDS12X3 ; PPDS15 ; PPDS1510 ; PPDS1510X3 ; PPDS15X3 ; PPDS2015 ; PPDS2015X3 ; PPDS2520 ; PPDS3020 ; PPDS3530 ; PCO12FX ; PCO12X ; PCO1510FX ; PCO1510OSX ; PCO1510X ; PCO15FX ; PCO15X ; PCO2015FX ; PCO2015OSX ; PCO2015X ; PCO20FX ; PCO20X ; PCO2520FX ; PCO2520OSX ; PCO2520X ; PCO2H1 ; PCO2H3 ; PCO2H4 ; PCO3020FX ; PCO3020OSX ; PCO3020X ; PCO3728FX ; PCO3728X ; PCO4VP ; PCO6VP ; PCO8OSX ; PCO8VP ; PCO9FX ; PCO9X ; PCOPM15 ; PCOPM15H35 ; PCOPM15H50 ; PCOPM20 ; PNP6 ; PNP6X3 ; PNP8 ; PNP8X3 ; TCM1106 ; TCM1106X3 ; TCM1510 ; TCM1510X3 ; TCM1515 ; TCM1515X3 ; TCM2020 ; TCM2020X3 ; TCM3015 ; TCM3030 ; TCM4530 ; TEC1309 ; TEC1410DP ; TEC1410P5 ; TEC1510 ; TEC1515 ; TEC2020 ; TEC3030 ; TECR1410DP2 ; TECR1510 ; TECR1510AL ; TECR1510AR ; TECR1515 ; TECR3030 ; TECT1309AL ; TECT1309AR ; TECT1510ADP2L ; TECT1510ADP2R ; TECT1510ADPL ; TECT1510ADPR ; TECT1510AL ; TECT1510AR ; TECT1612AFR ; TECT1612AL ; TECT1612AR ; TET1309 ; TET1309D ; TET1510 ; TET1515 ; TET2020 ; TET3030 ; TET5050 ; ADG1510 ; ADG2015 ; ADG3020 ; ADG4030 ; LPG1309AL ; LPG1309AR ; LPG1510 ; LPG1510AK2 ; LPG1510AL ; LPG1510AR ; LPG1510X2 ; LPG1612 ; LPG1612AL ; LPG1612AR ; LPG1614 ; PP1208DL ; PP1208DR ; PP1509G ; PP1515G ; PP2015G ; PP3020G ; PP3030G ; PP4030G ; TEM1208GL ; TEM1208GR ; TEM1409GL ; TEM1409GR ; TEM1509G ; TEM1515G ; TEM2015G ; TEM3015G ; TECG3004 ; SYM12 ; SYM12F ; SYM15 ; SYM1510 ; SYM1510F ; SYM1510OS ; SYM15F ; SYM1710E ; SYM1710EF ; SYM20 ; SYM2012E ; SYM2012EF ; SYM2015 ; SYM2015F ; SYM2015OS ; SYM20F ; SYM2515E ; SYM2515EF ; SYM2520 ; SYM2520F ; SYM2520OS ; SYM3020 ; SYM3020F ; SYM3020OS ; SYM3420E ; SYM3420EF ; SYM3728 ; SYM3728F ; SYM4024E ; SYM4024EF ; SYM4232 ; SYM4232F ; SYM8OS ; SYM9 ; SYM9F ; VTX1106 ; VTX1106X3 ; VTX1510 ; VTX1510X3 ; VTX1515 ; VTX1515M ; VTX1515MX3 ; VTX1515X3 ; VTX2020M ; VTX3030M ; VTX4530M ; VTX5050M ; Sofradim"
"SALES_REP","/crosses","/crosses","200","Crosswalk","","","0","/requests?_rsc=zAn-vlYtEcVbUMJ6 net::ERR_ABORTED | /?_rsc=zAn-vlYtEcVbUMJ6 net::ERR_ABORTED | /proposals?_rsc=zAn-vlYtEcVbUMJ6 net::ERR_ABORTED | /contracts?_rsc=zAn-vlYtEcVbUMJ6 net::ERR_ABORTED | /intelligence?_rsc=zAn-vlYtEcVbUMJ6 net::ERR_ABORTED | /intelligence/bids?_rsc=zAn-vlYtEcVbUMJ6 net::ERR_ABORTED | /requests?_rsc=aniPmKjMQR6zCALO net::ERR_ABORTED | /proposals?_rsc=aniPmKjMQR6zCALO net::ERR_ABORTED | /accounts?_rsc=aniPmKjMQR6zCALO net::ERR_ABORTED | /?_rsc=aniPmKjMQR6zCALO net::ERR_ABORTED | /intelligence?_rsc=aniPmKjMQR6zCALO net::ERR_ABORTED | /intelligence/bids?_rsc=aniPmKjMQR6zCALO net::ERR_ABORTED | /catalog?_rsc=aniPmKjMQR6zCALO net::ERR_ABORTED | /contracts?_rsc=aniPmKjMQR6zCALO net::ERR_ABORTED | /catalog/gudid?_rsc=aniPmKjMQR6zCALO net::ERR_ABORTED | /crosses?_rsc=aniPmKjMQR6zCALO net::ERR_ABORTED | /notifications?_rsc=aniPmKjMQR6zCALO net::ERR_ABORTED | /settings?_rsc=aniPmKjMQR6zCALO net::ERR_ABORTED | /requests/new?_rsc=aniPmKjMQR6zCALO net::ERR_ABORTED","","0","0","0","New request ; Switch user"
"SALES_REP","/notifications","/notifications","200","Notifications","","","0","/requests?_rsc=oG-rbVP81bj5yHs2 net::ERR_ABORTED | /?_rsc=oG-rbVP81bj5yHs2 net::ERR_ABORTED | /contracts?_rsc=oG-rbVP81bj5yHs2 net::ERR_ABORTED | /intelligence?_rsc=oG-rbVP81bj5yHs2 net::ERR_ABORTED | /proposals/cmufdkkln003q8l7d1m4dm88l?_rsc=oG-rbVP81bj5yHs2 net::ERR_ABORTED | /intelligence/bids?_rsc=oG-rbVP81bj5yHs2 net::ERR_ABORTED | /proposals/cmuf6lrhk005bzp7dd7l78s5h?_rsc=oG-rbVP81bj5yHs2 net::ERR_ABORTED | /proposals/cmuf6leuu0014yg7dwvwktqvx?_rsc=oG-rbVP81bj5yHs2 net::ERR_ABORTED | /proposals/cmuf6le5x0000yg7dy4rw6phu?_rsc=oG-rbVP81bj5yHs2 net::ERR_ABORTED | /catalog?_rsc=oG-rbVP81bj5yHs2 net::ERR_ABORTED | /catalog/gudid?_rsc=oG-rbVP81bj5yHs2 net::ERR_ABORTED | /crosses?_rsc=oG-rbVP81bj5yHs2 net::ERR_ABORTED | /settings?_rsc=oG-rbVP81bj5yHs2 net::ERR_ABORTED | /requests/new?_rsc=oG-rbVP81bj5yHs2 net::ERR_ABORTED | /proposals/cmufdkkln003q8l7d1m4dm88l?_rsc=FxIb9Zh5xrkPNSW4 net::ERR_ABORTED | /proposals/cmuf6lrhk005bzp7dd7l78s5h?_rsc=FxIb9Zh5xrkPNSW4 net::ERR_ABORTED | /proposals/cmuf6leuu0014yg7dwvwktqvx?_rsc=FxIb9Zh5xrkPNSW4 net::ERR_ABORTED | /proposals/cmuf6le5x0000yg7dy4rw6phu?_rsc=FxIb9Zh5xrkPNSW4 net::ERR_ABORTED | /?_rsc=FxIb9Zh5xrkPNSW4 net::ERR_ABORTED | /requests?_rsc=FxIb9Zh5xrkPNSW4 net::ERR_ABORTED | /proposals?_rsc=FxIb9Zh5xrkPNSW4 net::ERR_ABORTED | /accounts?_rsc=FxIb9Zh5xrkPNSW4 net::ERR_ABORTED | /contracts?_rsc=FxIb9Zh5xrkPNSW4 net::ERR_ABORTED | /intelligence?_rsc=FxIb9Zh5xrkPNSW4 net::ERR_ABORTED | /intelligence/bids?_rsc=FxIb9Zh5xrkPNSW4 net::ERR_ABORTED | /catalog?_rsc=FxIb9Zh5xrkPNSW4 net::ERR_ABORTED | /catalog/gudid?_rsc=FxIb9Zh5xrkPNSW4 net::ERR_ABORTED | /crosses?_rsc=FxIb9Zh5xrkPNSW4 net::ERR_ABORTED | /settings?_rsc=FxIb9Zh5xrkPNSW4 net::ERR_ABORTED | /requests/new?_rsc=FxIb9Zh5xrkPNSW4 net::ERR_ABORTED | /notifications?_rsc=FxIb9Zh5xrkPNSW4 net::ERR_ABORTED","","0","0","0","New request ; Switch user ; Mark all read ; Read"
"SALES_REP","/settings","/settings","200","Settings","","","0","/requests?_rsc=DQxjArDrgutTG17x net::ERR_ABORTED | /?_rsc=DQxjArDrgutTG17x net::ERR_ABORTED | /catalog?_rsc=DQxjArDrgutTG17x net::ERR_ABORTED | /catalog/gudid?_rsc=DQxjArDrgutTG17x net::ERR_ABORTED | /crosses?_rsc=DQxjArDrgutTG17x net::ERR_ABORTED | /notifications?_rsc=DQxjArDrgutTG17x net::ERR_ABORTED | /requests/new?_rsc=DQxjArDrgutTG17x net::ERR_ABORTED | /settings/pricing?_rsc=DQxjArDrgutTG17x net::ERR_ABORTED | /proposals?_rsc=j-_vjoKOn8bxlRO7 net::ERR_ABORTED | /?_rsc=j-_vjoKOn8bxlRO7 net::ERR_ABORTED | /requests?_rsc=j-_vjoKOn8bxlRO7 net::ERR_ABORTED | /contracts?_rsc=j-_vjoKOn8bxlRO7 net::ERR_ABORTED | /intelligence?_rsc=j-_vjoKOn8bxlRO7 net::ERR_ABORTED | /intelligence/bids?_rsc=j-_vjoKOn8bxlRO7 net::ERR_ABORTED | /accounts?_rsc=j-_vjoKOn8bxlRO7 net::ERR_ABORTED | /catalog?_rsc=j-_vjoKOn8bxlRO7 net::ERR_ABORTED | /catalog/gudid?_rsc=j-_vjoKOn8bxlRO7 net::ERR_ABORTED | /notifications?_rsc=j-_vjoKOn8bxlRO7 net::ERR_ABORTED | /crosses?_rsc=j-_vjoKOn8bxlRO7 net::ERR_ABORTED | /settings?_rsc=j-_vjoKOn8bxlRO7 net::ERR_ABORTED | /settings/pricing?_rsc=j-_vjoKOn8bxlRO7 net::ERR_ABORTED","","0","0","0","New request ; Switch user ; Save (disabled) ; Details ; How to connect"
"SALES_REP","/settings/integrations","/settings/integrations","200","Settings","","","0","/?_rsc=DQxjArDrgutTG17x net::ERR_ABORTED | /proposals?_rsc=DQxjArDrgutTG17x net::ERR_ABORTED | /requests?_rsc=DQxjArDrgutTG17x net::ERR_ABORTED | /accounts?_rsc=DQxjArDrgutTG17x net::ERR_ABORTED | /contracts?_rsc=DQxjArDrgutTG17x net::ERR_ABORTED | /intelligence?_rsc=DQxjArDrgutTG17x net::ERR_ABORTED | /intelligence/bids?_rsc=DQxjArDrgutTG17x net::ERR_ABORTED | /catalog?_rsc=DQxjArDrgutTG17x net::ERR_ABORTED | /catalog/gudid?_rsc=DQxjArDrgutTG17x net::ERR_ABORTED | /crosses?_rsc=DQxjArDrgutTG17x net::ERR_ABORTED | /notifications?_rsc=DQxjArDrgutTG17x net::ERR_ABORTED | /requests/new?_rsc=DQxjArDrgutTG17x net::ERR_ABORTED | /settings/pricing?_rsc=DQxjArDrgutTG17x net::ERR_ABORTED | /requests?_rsc=j-_vjoKOn8bxlRO7 net::ERR_ABORTED | /accounts?_rsc=j-_vjoKOn8bxlRO7 net::ERR_ABORTED | /proposals?_rsc=j-_vjoKOn8bxlRO7 net::ERR_ABORTED | /?_rsc=j-_vjoKOn8bxlRO7 net::ERR_ABORTED | /contracts?_rsc=j-_vjoKOn8bxlRO7 net::ERR_ABORTED | /intelligence?_rsc=j-_vjoKOn8bxlRO7 net::ERR_ABORTED | /intelligence/bids?_rsc=j-_vjoKOn8bxlRO7 net::ERR_ABORTED | /catalog?_rsc=j-_vjoKOn8bxlRO7 net::ERR_ABORTED | /settings?_rsc=j-_vjoKOn8bxlRO7 net::ERR_ABORTED | /catalog/gudid?_rsc=j-_vjoKOn8bxlRO7 net::ERR_ABORTED | /crosses?_rsc=j-_vjoKOn8bxlRO7 net::ERR_ABORTED | /notifications?_rsc=j-_vjoKOn8bxlRO7 net::ERR_ABORTED | /requests/new?_rsc=j-_vjoKOn8bxlRO7 net::ERR_ABORTED | /settings/pricing?_rsc=j-_vjoKOn8bxlRO7 net::ERR_ABORTED","","0","0","0","New request ; Switch user ; Save (disabled) ; Details ; How to connect"
"SALES_REP","/settings/pricing","/settings/pricing","200","Pricing policies","","","0","/?_rsc=8oSST31HPn0UlEto net::ERR_ABORTED | /requests?_rsc=8oSST31HPn0UlEto net::ERR_ABORTED | /proposals?_rsc=8oSST31HPn0UlEto net::ERR_ABORTED | /accounts?_rsc=8oSST31HPn0UlEto net::ERR_ABORTED | /contracts?_rsc=8oSST31HPn0UlEto net::ERR_ABORTED | /intelligence?_rsc=8oSST31HPn0UlEto net::ERR_ABORTED | /intelligence/bids?_rsc=8oSST31HPn0UlEto net::ERR_ABORTED | /catalog?_rsc=8oSST31HPn0UlEto net::ERR_ABORTED | /catalog/gudid?_rsc=8oSST31HPn0UlEto net::ERR_ABORTED | /settings?_rsc=8oSST31HPn0UlEto net::ERR_ABORTED | /crosses?_rsc=8oSST31HPn0UlEto net::ERR_ABORTED | /notifications?_rsc=8oSST31HPn0UlEto net::ERR_ABORTED | /requests/new?_rsc=8oSST31HPn0UlEto net::ERR_ABORTED | /?_rsc=_Ie442TgELs3Q458 net::ERR_ABORTED | /requests?_rsc=_Ie442TgELs3Q458 net::ERR_ABORTED | /proposals?_rsc=_Ie442TgELs3Q458 net::ERR_ABORTED | /accounts?_rsc=_Ie442TgELs3Q458 net::ERR_ABORTED | /contracts?_rsc=_Ie442TgELs3Q458 net::ERR_ABORTED | /intelligence?_rsc=_Ie442TgELs3Q458 net::ERR_ABORTED | /intelligence/bids?_rsc=_Ie442TgELs3Q458 net::ERR_ABORTED | /settings?_rsc=_Ie442TgELs3Q458 net::ERR_ABORTED | /catalog?_rsc=_Ie442TgELs3Q458 net::ERR_ABORTED | /catalog/gudid?_rsc=_Ie442TgELs3Q458 net::ERR_ABORTED | /crosses?_rsc=_Ie442TgELs3Q458 net::ERR_ABORTED | /requests/new?_rsc=_Ie442TgELs3Q458 net::ERR_ABORTED | /notifications?_rsc=_Ie442TgELs3Q458 net::ERR_ABORTED","","0","0","0","New request ; Switch user ; New draft (disabled)"
"REGIONAL_MANAGER","/","/","200","Competitive cross reference","","","0","/requests?_rsc=5CB68i4pnAekjehf net::ERR_ABORTED | /proposals?_rsc=5CB68i4pnAekjehf net::ERR_ABORTED | /approvals?_rsc=5CB68i4pnAekjehf net::ERR_ABORTED | /accounts?_rsc=5CB68i4pnAekjehf net::ERR_ABORTED | /contracts?_rsc=5CB68i4pnAekjehf net::ERR_ABORTED | /intelligence/bids?_rsc=5CB68i4pnAekjehf net::ERR_ABORTED | /intelligence?_rsc=5CB68i4pnAekjehf net::ERR_ABORTED | /analytics?_rsc=5CB68i4pnAekjehf net::ERR_ABORTED | /catalog?_rsc=5CB68i4pnAekjehf net::ERR_ABORTED | /catalog/gudid?_rsc=5CB68i4pnAekjehf net::ERR_ABORTED | /crosses?_rsc=5CB68i4pnAekjehf net::ERR_ABORTED | /settings?_rsc=5CB68i4pnAekjehf net::ERR_ABORTED | /notifications?_rsc=5CB68i4pnAekjehf net::ERR_ABORTED | /requests/new?_rsc=5CB68i4pnAekjehf net::ERR_ABORTED | /requests/cmufeje3o002hk57d491oejr5?_rsc=5CB68i4pnAekjehf net::ERR_ABORTED | /requests/cmufdh3bj000c8l7d0xi3zsf0?_rsc=5CB68i4pnAekjehf net::ERR_ABORTED | /requests/cmufcynqe0001np7dpzorvaiq?_rsc=5CB68i4pnAekjehf net::ERR_ABORTED | /requests/cmufckl2s00205y7dkly63f9m?_rsc=5CB68i4pnAekjehf net::ERR_ABORTED | /?_rsc=tXyZJ52UQVBCVsD3 net::ERR_ABORTED | /requests?_rsc=tXyZJ52UQVBCVsD3 net::ERR_ABORTED | /proposals?_rsc=tXyZJ52UQVBCVsD3 net::ERR_ABORTED | /approvals?_rsc=tXyZJ52UQVBCVsD3 net::ERR_ABORTED | /accounts?_rsc=tXyZJ52UQVBCVsD3 net::ERR_ABORTED | /contracts?_rsc=tXyZJ52UQVBCVsD3 net::ERR_ABORTED | /intelligence?_rsc=tXyZJ52UQVBCVsD3 net::ERR_ABORTED | /intelligence/bids?_rsc=tXyZJ52UQVBCVsD3 net::ERR_ABORTED | /analytics?_rsc=tXyZJ52UQVBCVsD3 net::ERR_ABORTED | /catalog?_rsc=tXyZJ52UQVBCVsD3 net::ERR_ABORTED | /catalog/gudid?_rsc=tXyZJ52UQVBCVsD3 net::ERR_ABORTED | /crosses?_rsc=tXyZJ52UQVBCVsD3 net::ERR_ABORTED | /settings?_rsc=tXyZJ52UQVBCVsD3 net::ERR_ABORTED | /notifications?_rsc=tXyZJ52UQVBCVsD3 net::ERR_ABORTED | /requests/cmufeje3o002hk57d491oejr5?_rsc=tXyZJ52UQVBCVsD3 net::ERR_ABORTED | /requests/new?_rsc=tXyZJ52UQVBCVsD3 net::ERR_ABORTED | /requests/cmufdh3bj000c8l7d0xi3zsf0?_rsc=tXyZJ52UQVBCVsD3 net::ERR_ABORTED | /requests/cmufcynqe0001np7dpzorvaiq?_rsc=tXyZJ52UQVBCVsD3 net::ERR_ABORTED | /requests/cmufckl2s00205y7dkly63f9m?_rsc=tXyZJ52UQVBCVsD3 net::ERR_ABORTED","","0","0","0","New request ; Switch user"
"REGIONAL_MANAGER","/requests","/requests","200","Cross-reference requests","","","0","/?_rsc=p3Q57VochOqcQNsg net::ERR_ABORTED | /proposals?_rsc=p3Q57VochOqcQNsg net::ERR_ABORTED | /approvals?_rsc=p3Q57VochOqcQNsg net::ERR_ABORTED | /accounts?_rsc=p3Q57VochOqcQNsg net::ERR_ABORTED | /contracts?_rsc=p3Q57VochOqcQNsg net::ERR_ABORTED | /intelligence?_rsc=p3Q57VochOqcQNsg net::ERR_ABORTED | /analytics?_rsc=p3Q57VochOqcQNsg net::ERR_ABORTED | /intelligence/bids?_rsc=p3Q57VochOqcQNsg net::ERR_ABORTED | /settings?_rsc=p3Q57VochOqcQNsg net::ERR_ABORTED | /catalog?_rsc=p3Q57VochOqcQNsg net::ERR_ABORTED | /catalog/gudid?_rsc=p3Q57VochOqcQNsg net::ERR_ABORTED | /crosses?_rsc=p3Q57VochOqcQNsg net::ERR_ABORTED | /notifications?_rsc=p3Q57VochOqcQNsg net::ERR_ABORTED | /requests/new?_rsc=p3Q57VochOqcQNsg net::ERR_ABORTED | /requests/cmufeje3o002hk57d491oejr5?_rsc=p3Q57VochOqcQNsg net::ERR_ABORTED | /requests/cmufdh3bj000c8l7d0xi3zsf0?_rsc=p3Q57VochOqcQNsg net::ERR_ABORTED | /requests/cmufcynqe0001np7dpzorvaiq?_rsc=p3Q57VochOqcQNsg net::ERR_ABORTED | /requests/cmufckl2s00205y7dkly63f9m?_rsc=p3Q57VochOqcQNsg net::ERR_ABORTED | /?_rsc=nIzLgF1M7nWxnHlV net::ERR_ABORTED | /proposals?_rsc=nIzLgF1M7nWxnHlV net::ERR_ABORTED | /approvals?_rsc=nIzLgF1M7nWxnHlV net::ERR_ABORTED | /requests?_rsc=nIzLgF1M7nWxnHlV net::ERR_ABORTED | /intelligence?_rsc=nIzLgF1M7nWxnHlV net::ERR_ABORTED | /contracts?_rsc=nIzLgF1M7nWxnHlV net::ERR_ABORTED | /intelligence/bids?_rsc=nIzLgF1M7nWxnHlV net::ERR_ABORTED | /accounts?_rsc=nIzLgF1M7nWxnHlV net::ERR_ABORTED | /analytics?_rsc=nIzLgF1M7nWxnHlV net::ERR_ABORTED | /catalog/gudid?_rsc=nIzLgF1M7nWxnHlV net::ERR_ABORTED | /crosses?_rsc=nIzLgF1M7nWxnHlV net::ERR_ABORTED | /catalog?_rsc=nIzLgF1M7nWxnHlV net::ERR_ABORTED | /settings?_rsc=nIzLgF1M7nWxnHlV net::ERR_ABORTED | /notifications?_rsc=nIzLgF1M7nWxnHlV net::ERR_ABORTED | /requests/cmufcynqe0001np7dpzorvaiq?_rsc=nIzLgF1M7nWxnHlV net::ERR_ABORTED | /requests/new?_rsc=nIzLgF1M7nWxnHlV net::ERR_ABORTED | /requests/cmufeje3o002hk57d491oejr5?_rsc=nIzLgF1M7nWxnHlV net::ERR_ABORTED | /requests/cmufdh3bj000c8l7d0xi3zsf0?_rsc=nIzLgF1M7nWxnHlV net::ERR_ABORTED | /requests/cmufckl2s00205y7dkly63f9m?_rsc=nIzLgF1M7nWxnHlV net::ERR_ABORTED","","0","1","0","New request ; Switch user"
"REGIONAL_MANAGER","/requests/new","/requests/new","200","Competitive cross reference","","","0","/requests?_rsc=4belA-F-xg-XtLdx net::ERR_ABORTED | /analytics?_rsc=4belA-F-xg-XtLdx net::ERR_ABORTED | /catalog/gudid?_rsc=4belA-F-xg-XtLdx net::ERR_ABORTED | /catalog?_rsc=4belA-F-xg-XtLdx net::ERR_ABORTED | /crosses?_rsc=4belA-F-xg-XtLdx net::ERR_ABORTED | /requests?_rsc=O1p93FFpSnNce0k4 net::ERR_ABORTED | /settings?_rsc=4belA-F-xg-XtLdx net::ERR_ABORTED | /notifications?_rsc=4belA-F-xg-XtLdx net::ERR_ABORTED | /?_rsc=O1p93FFpSnNce0k4 net::ERR_ABORTED | /proposals?_rsc=O1p93FFpSnNce0k4 net::ERR_ABORTED | /accounts?_rsc=O1p93FFpSnNce0k4 net::ERR_ABORTED | /contracts?_rsc=O1p93FFpSnNce0k4 net::ERR_ABORTED | /approvals?_rsc=O1p93FFpSnNce0k4 net::ERR_ABORTED | /catalog?_rsc=O1p93FFpSnNce0k4 net::ERR_ABORTED | /intelligence?_rsc=O1p93FFpSnNce0k4 net::ERR_ABORTED | /analytics?_rsc=O1p93FFpSnNce0k4 net::ERR_ABORTED | /intelligence/bids?_rsc=O1p93FFpSnNce0k4 net::ERR_ABORTED | /catalog/gudid?_rsc=O1p93FFpSnNce0k4 net::ERR_ABORTED | /crosses?_rsc=O1p93FFpSnNce0k4 net::ERR_ABORTED | /settings?_rsc=O1p93FFpSnNce0k4 net::ERR_ABORTED | /notifications?_rsc=O1p93FFpSnNce0k4 net::ERR_ABORTED | /requests/new?_rsc=O1p93FFpSnNce0k4 net::ERR_ABORTED","","0","0","0","New request ; Switch user ; Google Sheets link ; Upload .xlsx / .csv ; Paste from a sheet ; Read sheet (disabled) ; Continue request (disabled)"
"REGIONAL_MANAGER","/requests/[id]","/requests/cmufeje3o002hk57d491oejr5","200","WS3 Journey Hospital Complete","","","0","/catalog?_rsc=L4ND5fhfYnvUqaPw net::ERR_ABORTED | /catalog/gudid?_rsc=L4ND5fhfYnvUqaPw net::ERR_ABORTED | /crosses?_rsc=L4ND5fhfYnvUqaPw net::ERR_ABORTED | /settings?_rsc=L4ND5fhfYnvUqaPw net::ERR_ABORTED | /requests/new?_rsc=L4ND5fhfYnvUqaPw net::ERR_ABORTED | /proposals?_rsc=grHQqzBoP485Pe5C net::ERR_ABORTED | /approvals?_rsc=grHQqzBoP485Pe5C net::ERR_ABORTED | /accounts?_rsc=grHQqzBoP485Pe5C net::ERR_ABORTED | /contracts?_rsc=grHQqzBoP485Pe5C net::ERR_ABORTED | /intelligence?_rsc=grHQqzBoP485Pe5C net::ERR_ABORTED | /intelligence/bids?_rsc=grHQqzBoP485Pe5C net::ERR_ABORTED | /catalog?_rsc=grHQqzBoP485Pe5C net::ERR_ABORTED | /analytics?_rsc=grHQqzBoP485Pe5C net::ERR_ABORTED | /catalog/gudid?_rsc=grHQqzBoP485Pe5C net::ERR_ABORTED | /crosses?_rsc=grHQqzBoP485Pe5C net::ERR_ABORTED | /settings?_rsc=grHQqzBoP485Pe5C net::ERR_ABORTED | /notifications?_rsc=grHQqzBoP485Pe5C net::ERR_ABORTED | /requests/new?_rsc=grHQqzBoP485Pe5C net::ERR_ABORTED","","0","1","0","New request ; Switch user ; Re-run ; Download ▾ ; Google Sheets ; Create proposal ; All 5 ; Needs attention 3 ; Flagged 0 ; Exact 2 ; Close 2 ; Alternative 1 ; Already ours 0 ; Bulk actions ▾ ; Expand all ; Expand line 1 1190500 ; Expand line 2 B12LTH ; Expand line 3 TLC75 ; Expand line 4 C0121 ; Expand line 5 IN-12-4 ; Show run log (6)"
"REGIONAL_MANAGER","/proposals","/proposals","200","Commercial proposals","","","0","/?_rsc=8qZH60WsiyOTuseO net::ERR_ABORTED | /requests?_rsc=8qZH60WsiyOTuseO net::ERR_ABORTED | /approvals?_rsc=8qZH60WsiyOTuseO net::ERR_ABORTED | /accounts?_rsc=8qZH60WsiyOTuseO net::ERR_ABORTED | /contracts?_rsc=8qZH60WsiyOTuseO net::ERR_ABORTED | /intelligence?_rsc=8qZH60WsiyOTuseO net::ERR_ABORTED | /intelligence/bids?_rsc=8qZH60WsiyOTuseO net::ERR_ABORTED | /analytics?_rsc=8qZH60WsiyOTuseO net::ERR_ABORTED | /catalog/gudid?_rsc=8qZH60WsiyOTuseO net::ERR_ABORTED | /notifications?_rsc=8qZH60WsiyOTuseO net::ERR_ABORTED | /settings?_rsc=8qZH60WsiyOTuseO net::ERR_ABORTED | /proposals/cmufem5ld0056k57d2utmar8g?_rsc=8qZH60WsiyOTuseO net::ERR_ABORTED | /proposals/cmufe2r28001ai27dm62d5upt?_rsc=8qZH60WsiyOTuseO net::ERR_ABORTED | /proposals/cmufdkkln003q8l7d1m4dm88l?_rsc=8qZH60WsiyOTuseO net::ERR_ABORTED | /?_rsc=yDw8cg_cK2Tq2IDS net::ERR_ABORTED | /requests?_rsc=yDw8cg_cK2Tq2IDS net::ERR_ABORTED | /contracts?_rsc=yDw8cg_cK2Tq2IDS net::ERR_ABORTED | /accounts?_rsc=yDw8cg_cK2Tq2IDS net::ERR_ABORTED | /approvals?_rsc=yDw8cg_cK2Tq2IDS net::ERR_ABORTED | /proposals?_rsc=yDw8cg_cK2Tq2IDS net::ERR_ABORTED | /intelligence?_rsc=yDw8cg_cK2Tq2IDS net::ERR_ABORTED | /analytics?_rsc=yDw8cg_cK2Tq2IDS net::ERR_ABORTED | /catalog?_rsc=yDw8cg_cK2Tq2IDS net::ERR_ABORTED | /catalog/gudid?_rsc=yDw8cg_cK2Tq2IDS net::ERR_ABORTED | /crosses?_rsc=yDw8cg_cK2Tq2IDS net::ERR_ABORTED | /settings?_rsc=yDw8cg_cK2Tq2IDS net::ERR_ABORTED | /proposals/cmufem5ld0056k57d2utmar8g?_rsc=yDw8cg_cK2Tq2IDS net::ERR_ABORTED | /proposals/cmufejry60041k57dwr6rvl6x?_rsc=yDw8cg_cK2Tq2IDS net::ERR_ABORTED | /proposals/cmufdkkln003q8l7d1m4dm88l?_rsc=yDw8cg_cK2Tq2IDS net::ERR_ABORTED | /proposals/cmufdjtgl002w8l7dk6h2dqfi?_rsc=yDw8cg_cK2Tq2IDS net::ERR_ABORTED | /proposals/cmufdhh6r001w8l7d9fuqubfe?_rsc=yDw8cg_cK2Tq2IDS net::ERR_ABORTED | /proposals/cmufcovyo004l5y7dyhkzdcxj?_rsc=yDw8cg_cK2Tq2IDS net::ERR_ABORTED | /proposals/cmufcz0vr001hnp7dqk2z8vcf?_rsc=yDw8cg_cK2Tq2IDS net::ERR_ABORTED","","0","1","0","New request ; Switch user"
"REGIONAL_MANAGER","/proposals/[id]","/proposals/cmufem5ld0056k57d2utmar8g","200","PRP-0035-v2 · WS3 Journey Hospital","","","0","/requests?_rsc=IZ6zrI2LDRRC1-Wd net::ERR_ABORTED | /proposals?_rsc=IZ6zrI2LDRRC1-Wd net::ERR_ABORTED | /approvals?_rsc=IZ6zrI2LDRRC1-Wd net::ERR_ABORTED | /?_rsc=IZ6zrI2LDRRC1-Wd net::ERR_ABORTED | /accounts?_rsc=IZ6zrI2LDRRC1-Wd net::ERR_ABORTED | /contracts?_rsc=IZ6zrI2LDRRC1-Wd net::ERR_ABORTED | /intelligence?_rsc=IZ6zrI2LDRRC1-Wd net::ERR_ABORTED | /intelligence/bids?_rsc=IZ6zrI2LDRRC1-Wd net::ERR_ABORTED | /analytics?_rsc=IZ6zrI2LDRRC1-Wd net::ERR_ABORTED | /catalog?_rsc=IZ6zrI2LDRRC1-Wd net::ERR_ABORTED | /catalog/gudid?_rsc=IZ6zrI2LDRRC1-Wd net::ERR_ABORTED | /crosses?_rsc=IZ6zrI2LDRRC1-Wd net::ERR_ABORTED | /settings?_rsc=IZ6zrI2LDRRC1-Wd net::ERR_ABORTED | /notifications?_rsc=IZ6zrI2LDRRC1-Wd net::ERR_ABORTED | /requests/new?_rsc=IZ6zrI2LDRRC1-Wd net::ERR_ABORTED | /?_rsc=fAAmY66VdqvUMp3_ net::ERR_ABORTED | /requests?_rsc=fAAmY66VdqvUMp3_ net::ERR_ABORTED | /requests/cmufeje3o002hk57d491oejr5?_rsc=IZ6zrI2LDRRC1-Wd net::ERR_ABORTED | /proposals?_rsc=fAAmY66VdqvUMp3_ net::ERR_ABORTED | /accounts?_rsc=fAAmY66VdqvUMp3_ net::ERR_ABORTED | /requests/cmufeje3o002hk57d491oejr5?_rsc=fAAmY66VdqvUMp3_ net::ERR_ABORTED | /contracts?_rsc=fAAmY66VdqvUMp3_ net::ERR_ABORTED | /approvals?_rsc=fAAmY66VdqvUMp3_ net::ERR_ABORTED | /analytics?_rsc=fAAmY66VdqvUMp3_ net::ERR_ABORTED | /catalog?_rsc=fAAmY66VdqvUMp3_ net::ERR_ABORTED | /settings?_rsc=fAAmY66VdqvUMp3_ net::ERR_ABORTED | /catalog/gudid?_rsc=fAAmY66VdqvUMp3_ net::ERR_ABORTED | /crosses?_rsc=fAAmY66VdqvUMp3_ net::ERR_ABORTED | /notifications?_rsc=fAAmY66VdqvUMp3_ net::ERR_ABORTED | /requests/new?_rsc=fAAmY66VdqvUMp3_ net::ERR_ABORTED","","0","1","0","New request ; Switch user ; Submit for approval ; Quote PDF (disabled) ; .xlsx (disabled) ; Details ; Refresh to today's context ; Proposal ; Show audit trail ; Recalculate tax ; Edit ; 1190500 ; B12LTH"
"REGIONAL_MANAGER","/approvals","/approvals","200","Pricing approvals","","","0","/analytics?_rsc=Ut9iRRX_9PZKRdF- net::ERR_ABORTED | /notifications?_rsc=Ut9iRRX_9PZKRdF- net::ERR_ABORTED | /requests/new?_rsc=Ut9iRRX_9PZKRdF- net::ERR_ABORTED | /?_rsc=AU6DTT46DVXZ7jWj net::ERR_ABORTED | /requests?_rsc=AU6DTT46DVXZ7jWj net::ERR_ABORTED | /proposals?_rsc=AU6DTT46DVXZ7jWj net::ERR_ABORTED | /approvals?_rsc=AU6DTT46DVXZ7jWj net::ERR_ABORTED | /accounts?_rsc=AU6DTT46DVXZ7jWj net::ERR_ABORTED | /intelligence?_rsc=AU6DTT46DVXZ7jWj net::ERR_ABORTED | /contracts?_rsc=AU6DTT46DVXZ7jWj net::ERR_ABORTED | /intelligence/bids?_rsc=AU6DTT46DVXZ7jWj net::ERR_ABORTED | /catalog?_rsc=AU6DTT46DVXZ7jWj net::ERR_ABORTED | /catalog/gudid?_rsc=AU6DTT46DVXZ7jWj net::ERR_ABORTED | /requests/new?_rsc=AU6DTT46DVXZ7jWj net::ERR_ABORTED | /crosses?_rsc=AU6DTT46DVXZ7jWj net::ERR_ABORTED | /settings?_rsc=AU6DTT46DVXZ7jWj net::ERR_ABORTED | /notifications?_rsc=AU6DTT46DVXZ7jWj net::ERR_ABORTED","","0","0","0","New request ; Switch user ; Delegate my approvals"
"REGIONAL_MANAGER","/accounts","/accounts","200","Accounts & GPO membership","","","0","/requests?_rsc=iZGmHDWBA-6V7KTQ net::ERR_ABORTED | /catalog?_rsc=iZGmHDWBA-6V7KTQ net::ERR_ABORTED | /settings?_rsc=iZGmHDWBA-6V7KTQ net::ERR_ABORTED | /catalog/gudid?_rsc=iZGmHDWBA-6V7KTQ net::ERR_ABORTED | /notifications?_rsc=iZGmHDWBA-6V7KTQ net::ERR_ABORTED | /crosses?_rsc=iZGmHDWBA-6V7KTQ net::ERR_ABORTED | /accounts/cmuf6hihk02rjks7dyamo9w2u?_rsc=iZGmHDWBA-6V7KTQ net::ERR_ABORTED | /?_rsc=oRxEn_R9e10JER3Z net::ERR_ABORTED | /approvals?_rsc=oRxEn_R9e10JER3Z net::ERR_ABORTED | /requests?_rsc=oRxEn_R9e10JER3Z net::ERR_ABORTED | /proposals?_rsc=oRxEn_R9e10JER3Z net::ERR_ABORTED | /intelligence/bids?_rsc=oRxEn_R9e10JER3Z net::ERR_ABORTED | /intelligence?_rsc=oRxEn_R9e10JER3Z net::ERR_ABORTED | /contracts?_rsc=oRxEn_R9e10JER3Z net::ERR_ABORTED | /accounts?_rsc=oRxEn_R9e10JER3Z net::ERR_ABORTED | /analytics?_rsc=oRxEn_R9e10JER3Z net::ERR_ABORTED | /catalog/gudid?_rsc=oRxEn_R9e10JER3Z net::ERR_ABORTED | /crosses?_rsc=oRxEn_R9e10JER3Z net::ERR_ABORTED | /catalog?_rsc=oRxEn_R9e10JER3Z net::ERR_ABORTED | /settings?_rsc=oRxEn_R9e10JER3Z net::ERR_ABORTED | /requests/new?_rsc=oRxEn_R9e10JER3Z net::ERR_ABORTED | /accounts/cmuf6hihm02rkks7drm31yuur?_rsc=oRxEn_R9e10JER3Z net::ERR_ABORTED | /notifications?_rsc=oRxEn_R9e10JER3Z net::ERR_ABORTED | /accounts/cmuf6hiho02rlks7d2xz6w5ev?_rsc=oRxEn_R9e10JER3Z net::ERR_ABORTED | /accounts/cmuf6hihq02rmks7did2qxong?_rsc=oRxEn_R9e10JER3Z net::ERR_ABORTED | /accounts/cmuf6hihk02rjks7dyamo9w2u?_rsc=oRxEn_R9e10JER3Z net::ERR_ABORTED | /accounts/cmuf6hihh02riks7dkuig0cbl?_rsc=oRxEn_R9e10JER3Z net::ERR_ABORTED | /accounts/cmufcovwl004k5y7d1mnqn7fa?_rsc=oRxEn_R9e10JER3Z net::ERR_ABORTED","","0","0","0","New request ; Switch user"
"REGIONAL_MANAGER","/accounts/[id]","/accounts/cmuf6hihm02rkks7drm31yuur","200","Hospital A — Mount Vernon General","","","0","/requests?_rsc=pYoAThzR_ryjq0MS net::ERR_ABORTED | /accounts?_rsc=pYoAThzR_ryjq0MS net::ERR_ABORTED | /intelligence?_rsc=pYoAThzR_ryjq0MS net::ERR_ABORTED | /intelligence/bids?_rsc=pYoAThzR_ryjq0MS net::ERR_ABORTED | /contracts?_rsc=pYoAThzR_ryjq0MS net::ERR_ABORTED | /catalog/gudid?_rsc=pYoAThzR_ryjq0MS net::ERR_ABORTED | /catalog?_rsc=pYoAThzR_ryjq0MS net::ERR_ABORTED | /crosses?_rsc=pYoAThzR_ryjq0MS net::ERR_ABORTED | /settings?_rsc=pYoAThzR_ryjq0MS net::ERR_ABORTED | /notifications?_rsc=pYoAThzR_ryjq0MS net::ERR_ABORTED | /requests/new?_rsc=pYoAThzR_ryjq0MS net::ERR_ABORTED | /contracts/cmufehj7i0011k57dzpf8j0ce?_rsc=pYoAThzR_ryjq0MS net::ERR_ABORTED | /contracts/cmuf6himl02swks7dif6nb96r?_rsc=pYoAThzR_ryjq0MS net::ERR_ABORTED | /contracts/cmufdgwn600018l7dib8n6qm4?_rsc=pYoAThzR_ryjq0MS net::ERR_ABORTED | /requests?_rsc=gRQ4rCW2m6dkjkis net::ERR_ABORTED | /approvals?_rsc=gRQ4rCW2m6dkjkis net::ERR_ABORTED | /proposals?_rsc=gRQ4rCW2m6dkjkis net::ERR_ABORTED | /contracts?_rsc=gRQ4rCW2m6dkjkis net::ERR_ABORTED | /accounts?_rsc=gRQ4rCW2m6dkjkis net::ERR_ABORTED | /intelligence?_rsc=gRQ4rCW2m6dkjkis net::ERR_ABORTED | /analytics?_rsc=gRQ4rCW2m6dkjkis net::ERR_ABORTED | /intelligence/bids?_rsc=gRQ4rCW2m6dkjkis net::ERR_ABORTED | /catalog?_rsc=gRQ4rCW2m6dkjkis net::ERR_ABORTED | /crosses?_rsc=gRQ4rCW2m6dkjkis net::ERR_ABORTED | /contracts/cmuf6himl02swks7dif6nb96r?_rsc=gRQ4rCW2m6dkjkis net::ERR_ABORTED | /requests/new?_rsc=gRQ4rCW2m6dkjkis net::ERR_ABORTED | /notifications?_rsc=gRQ4rCW2m6dkjkis net::ERR_ABORTED | /settings?_rsc=gRQ4rCW2m6dkjkis net::ERR_ABORTED | /contracts/cmufdgwn600018l7dib8n6qm4?_rsc=gRQ4rCW2m6dkjkis net::ERR_ABORTED | /contracts/cmufehj7i0011k57dzpf8j0ce?_rsc=gRQ4rCW2m6dkjkis net::ERR_ABORTED","","0","1","0","New request ; Switch user"
"REGIONAL_MANAGER","/contracts","/contracts","200","Contracts & price context","","","0","/?_rsc=DzmfcRRfJeItXkgz net::ERR_ABORTED | /requests?_rsc=DzmfcRRfJeItXkgz net::ERR_ABORTED | /proposals?_rsc=DzmfcRRfJeItXkgz net::ERR_ABORTED | /intelligence?_rsc=DzmfcRRfJeItXkgz net::ERR_ABORTED | /accounts?_rsc=DzmfcRRfJeItXkgz net::ERR_ABORTED | /analytics?_rsc=DzmfcRRfJeItXkgz net::ERR_ABORTED | /intelligence/bids?_rsc=DzmfcRRfJeItXkgz net::ERR_ABORTED | /catalog/gudid?_rsc=DzmfcRRfJeItXkgz net::ERR_ABORTED | /catalog?_rsc=DzmfcRRfJeItXkgz net::ERR_ABORTED | /crosses?_rsc=DzmfcRRfJeItXkgz net::ERR_ABORTED | /settings?_rsc=DzmfcRRfJeItXkgz net::ERR_ABORTED | /notifications?_rsc=DzmfcRRfJeItXkgz net::ERR_ABORTED | /requests/new?_rsc=DzmfcRRfJeItXkgz net::ERR_ABORTED | /contracts/cmuf6himu02sxks7dkgml1rr2?_rsc=DzmfcRRfJeItXkgz net::ERR_ABORTED | /contracts/cmufdjs85002o8l7dlcs3cpjp?_rsc=DzmfcRRfJeItXkgz net::ERR_ABORTED | /contracts/cmufdkjds003i8l7d15s8fm19?_rsc=DzmfcRRfJeItXkgz net::ERR_ABORTED | /contracts/cmufe2ptb0012i27dn2ix59o5?_rsc=DzmfcRRfJeItXkgz net::ERR_ABORTED | /?_rsc=2Ju2sngZl13OvaTN net::ERR_ABORTED | /requests?_rsc=2Ju2sngZl13OvaTN net::ERR_ABORTED | /proposals?_rsc=2Ju2sngZl13OvaTN net::ERR_ABORTED | /approvals?_rsc=2Ju2sngZl13OvaTN net::ERR_ABORTED | /accounts?_rsc=2Ju2sngZl13OvaTN net::ERR_ABORTED | /contracts?_rsc=2Ju2sngZl13OvaTN net::ERR_ABORTED | /intelligence?_rsc=2Ju2sngZl13OvaTN net::ERR_ABORTED | /intelligence/bids?_rsc=2Ju2sngZl13OvaTN net::ERR_ABORTED | /catalog?_rsc=2Ju2sngZl13OvaTN net::ERR_ABORTED | /crosses?_rsc=2Ju2sngZl13OvaTN net::ERR_ABORTED | /catalog/gudid?_rsc=2Ju2sngZl13OvaTN net::ERR_ABORTED | /analytics?_rsc=2Ju2sngZl13OvaTN net::ERR_ABORTED | /settings?_rsc=2Ju2sngZl13OvaTN net::ERR_ABORTED | /notifications?_rsc=2Ju2sngZl13OvaTN net::ERR_ABORTED | /requests/new?_rsc=2Ju2sngZl13OvaTN net::ERR_ABORTED | /contracts/cmuf6himu02sxks7dkgml1rr2?_rsc=2Ju2sngZl13OvaTN net::ERR_ABORTED | /contracts/cmufdjs85002o8l7dlcs3cpjp?_rsc=2Ju2sngZl13OvaTN net::ERR_ABORTED | /contracts/cmufdkjds003i8l7d15s8fm19?_rsc=2Ju2sngZl13OvaTN net::ERR_ABORTED | /contracts/cmuf6himl02swks7dif6nb96r?_rsc=2Ju2sngZl13OvaTN net::ERR_ABORTED | /contracts/cmufe2ptb0012i27dn2ix59o5?_rsc=2Ju2sngZl13OvaTN net::ERR_ABORTED | /contracts/cmufem4bg004yk57dg70ct1u2?_rsc=2Ju2sngZl13OvaTN net::ERR_ABORTED | /contracts/cmufdgwn600018l7dib8n6qm4?_rsc=2Ju2sngZl13OvaTN net::ERR_ABORTED","","0","1","0","New request ; Switch user ; New contract (disabled)"
"REGIONAL_MANAGER","/contracts/[id]","/contracts/cmuf6himu02sxks7dkgml1rr2","200","MSK-LOCAL-2026 · MSK local mesh agreement","","","0","/approvals?_rsc=TQOCHQXESAyQ3VEl net::ERR_ABORTED | /?_rsc=TQOCHQXESAyQ3VEl net::ERR_ABORTED | /requests?_rsc=TQOCHQXESAyQ3VEl net::ERR_ABORTED | /proposals?_rsc=TQOCHQXESAyQ3VEl net::ERR_ABORTED | /accounts?_rsc=TQOCHQXESAyQ3VEl net::ERR_ABORTED | /contracts?_rsc=TQOCHQXESAyQ3VEl net::ERR_ABORTED | /intelligence?_rsc=TQOCHQXESAyQ3VEl net::ERR_ABORTED | /catalog?_rsc=TQOCHQXESAyQ3VEl net::ERR_ABORTED | /intelligence/bids?_rsc=TQOCHQXESAyQ3VEl net::ERR_ABORTED | /accounts/cmuf6hihk02rjks7dyamo9w2u?_rsc=TQOCHQXESAyQ3VEl net::ERR_ABORTED | /analytics?_rsc=TQOCHQXESAyQ3VEl net::ERR_ABORTED | /notifications?_rsc=TQOCHQXESAyQ3VEl net::ERR_ABORTED | /catalog/gudid?_rsc=TQOCHQXESAyQ3VEl net::ERR_ABORTED | /crosses?_rsc=TQOCHQXESAyQ3VEl net::ERR_ABORTED | /settings?_rsc=TQOCHQXESAyQ3VEl net::ERR_ABORTED | /?_rsc=12web-rdU3k9vLaG net::ERR_ABORTED | /requests?_rsc=12web-rdU3k9vLaG net::ERR_ABORTED | /proposals?_rsc=12web-rdU3k9vLaG net::ERR_ABORTED | /approvals?_rsc=12web-rdU3k9vLaG net::ERR_ABORTED | /accounts?_rsc=12web-rdU3k9vLaG net::ERR_ABORTED | /contracts?_rsc=12web-rdU3k9vLaG net::ERR_ABORTED | /intelligence?_rsc=12web-rdU3k9vLaG net::ERR_ABORTED | /analytics?_rsc=12web-rdU3k9vLaG net::ERR_ABORTED | /crosses?_rsc=12web-rdU3k9vLaG net::ERR_ABORTED | /catalog?_rsc=12web-rdU3k9vLaG net::ERR_ABORTED | /catalog/gudid?_rsc=12web-rdU3k9vLaG net::ERR_ABORTED | /requests/new?_rsc=12web-rdU3k9vLaG net::ERR_ABORTED | /settings?_rsc=12web-rdU3k9vLaG net::ERR_ABORTED | /notifications?_rsc=12web-rdU3k9vLaG net::ERR_ABORTED","","0","1","0","New request ; Switch user ; Refresh performance ; Save entries (disabled)"
"REGIONAL_MANAGER","/intelligence","/intelligence","200","Competitor pricing","","","0","/?_rsc=3fD0047dUoUPXvG2 net::ERR_ABORTED | /requests?_rsc=3fD0047dUoUPXvG2 net::ERR_ABORTED | /approvals?_rsc=3fD0047dUoUPXvG2 net::ERR_ABORTED | /accounts?_rsc=3fD0047dUoUPXvG2 net::ERR_ABORTED | /intelligence/bids?_rsc=3fD0047dUoUPXvG2 net::ERR_ABORTED | /contracts?_rsc=3fD0047dUoUPXvG2 net::ERR_ABORTED | /catalog?_rsc=3fD0047dUoUPXvG2 net::ERR_ABORTED | /catalog/gudid?_rsc=3fD0047dUoUPXvG2 net::ERR_ABORTED | /crosses?_rsc=3fD0047dUoUPXvG2 net::ERR_ABORTED | /analytics?_rsc=3fD0047dUoUPXvG2 net::ERR_ABORTED | /notifications?_rsc=3fD0047dUoUPXvG2 net::ERR_ABORTED | /requests/new?_rsc=3fD0047dUoUPXvG2 net::ERR_ABORTED | /?_rsc=gu9LWiAQNzfrKsW2 net::ERR_ABORTED | /requests?_rsc=gu9LWiAQNzfrKsW2 net::ERR_ABORTED | /approvals?_rsc=gu9LWiAQNzfrKsW2 net::ERR_ABORTED | /proposals?_rsc=gu9LWiAQNzfrKsW2 net::ERR_ABORTED | /accounts?_rsc=gu9LWiAQNzfrKsW2 net::ERR_ABORTED | /contracts?_rsc=gu9LWiAQNzfrKsW2 net::ERR_ABORTED | /intelligence?_rsc=gu9LWiAQNzfrKsW2 net::ERR_ABORTED | /intelligence/bids?_rsc=gu9LWiAQNzfrKsW2 net::ERR_ABORTED | /catalog?_rsc=gu9LWiAQNzfrKsW2 net::ERR_ABORTED | /analytics?_rsc=gu9LWiAQNzfrKsW2 net::ERR_ABORTED | /settings?_rsc=gu9LWiAQNzfrKsW2 net::ERR_ABORTED | /notifications?_rsc=gu9LWiAQNzfrKsW2 net::ERR_ABORTED | /crosses?_rsc=gu9LWiAQNzfrKsW2 net::ERR_ABORTED | /catalog/gudid?_rsc=gu9LWiAQNzfrKsW2 net::ERR_ABORTED | /requests/new?_rsc=gu9LWiAQNzfrKsW2 net::ERR_ABORTED","","0","1","0","New request ; Switch user ; Import .xlsx / .csv ; INPUT ; Extract a document… ; 1190500 ; WS3OBS3 ; WS3OBS2 ; WS3OBS1 ; 112680 ; 1190816 ; SPMII ; 1200710 ; 1201520 ; 113700 ; 112650 ; 112660 ; UPA31015 ; 1190820 ; 1202025 ; 1190300 ; SPMXXL ; 1410015010 ; 1DLMC03 ; 1DLMC05 ; Record (disabled)"
"REGIONAL_MANAGER","/intelligence/bids","/intelligence/bids","200","Public bids and awards","","","0","/?_rsc=2gWrMJaxdn-CU2fc net::ERR_ABORTED | /approvals?_rsc=2gWrMJaxdn-CU2fc net::ERR_ABORTED | /accounts?_rsc=2gWrMJaxdn-CU2fc net::ERR_ABORTED | /contracts?_rsc=2gWrMJaxdn-CU2fc net::ERR_ABORTED | /intelligence?_rsc=2gWrMJaxdn-CU2fc net::ERR_ABORTED | /analytics?_rsc=2gWrMJaxdn-CU2fc net::ERR_ABORTED | /catalog/gudid?_rsc=2gWrMJaxdn-CU2fc net::ERR_ABORTED | /crosses?_rsc=2gWrMJaxdn-CU2fc net::ERR_ABORTED | /catalog?_rsc=2gWrMJaxdn-CU2fc net::ERR_ABORTED | /settings?_rsc=2gWrMJaxdn-CU2fc net::ERR_ABORTED | /notifications?_rsc=2gWrMJaxdn-CU2fc net::ERR_ABORTED | /requests/new?_rsc=2gWrMJaxdn-CU2fc net::ERR_ABORTED | /?_rsc=W5McYxvxTMCZbYJx net::ERR_ABORTED | /requests?_rsc=W5McYxvxTMCZbYJx net::ERR_ABORTED | /proposals?_rsc=W5McYxvxTMCZbYJx net::ERR_ABORTED | /accounts?_rsc=W5McYxvxTMCZbYJx net::ERR_ABORTED | /approvals?_rsc=W5McYxvxTMCZbYJx net::ERR_ABORTED | /intelligence?_rsc=W5McYxvxTMCZbYJx net::ERR_ABORTED | /contracts?_rsc=W5McYxvxTMCZbYJx net::ERR_ABORTED | /intelligence/bids?_rsc=W5McYxvxTMCZbYJx net::ERR_ABORTED | /analytics?_rsc=W5McYxvxTMCZbYJx net::ERR_ABORTED | /catalog?_rsc=W5McYxvxTMCZbYJx net::ERR_ABORTED | /catalog/gudid?_rsc=W5McYxvxTMCZbYJx net::ERR_ABORTED | /crosses?_rsc=W5McYxvxTMCZbYJx net::ERR_ABORTED | /settings?_rsc=W5McYxvxTMCZbYJx net::ERR_ABORTED | /notifications?_rsc=W5McYxvxTMCZbYJx net::ERR_ABORTED | /requests/new?_rsc=W5McYxvxTMCZbYJx net::ERR_ABORTED","","0","0","0","New request ; Switch user ; Pull (disabled) ; Pull ; Save (disabled) ; Bid file"
"REGIONAL_MANAGER","/intelligence/extractions/[id]","/intelligence/extractions/missing0000000000000000","200","Extraction","Failed to load resource: the server responded with a status of 404 (Not Found)","","0","/approvals?_rsc=VJB2dfGule5Oh2L3 net::ERR_ABORTED | /?_rsc=VJB2dfGule5Oh2L3 net::ERR_ABORTED | /requests?_rsc=VJB2dfGule5Oh2L3 net::ERR_ABORTED | /proposals?_rsc=VJB2dfGule5Oh2L3 net::ERR_ABORTED | /accounts?_rsc=VJB2dfGule5Oh2L3 net::ERR_ABORTED | /contracts?_rsc=VJB2dfGule5Oh2L3 net::ERR_ABORTED | /analytics?_rsc=VJB2dfGule5Oh2L3 net::ERR_ABORTED | /catalog?_rsc=VJB2dfGule5Oh2L3 net::ERR_ABORTED | /catalog/gudid?_rsc=VJB2dfGule5Oh2L3 net::ERR_ABORTED | /crosses?_rsc=VJB2dfGule5Oh2L3 net::ERR_ABORTED | /settings?_rsc=VJB2dfGule5Oh2L3 net::ERR_ABORTED | /notifications?_rsc=VJB2dfGule5Oh2L3 net::ERR_ABORTED | /?_rsc=wBL8jh-0AxNJNXN_ net::ERR_ABORTED | /requests/new?_rsc=VJB2dfGule5Oh2L3 net::ERR_ABORTED | /requests?_rsc=wBL8jh-0AxNJNXN_ net::ERR_ABORTED | /approvals?_rsc=wBL8jh-0AxNJNXN_ net::ERR_ABORTED | /intelligence/bids?_rsc=wBL8jh-0AxNJNXN_ net::ERR_ABORTED | /intelligence?_rsc=wBL8jh-0AxNJNXN_ net::ERR_ABORTED | /accounts?_rsc=wBL8jh-0AxNJNXN_ net::ERR_ABORTED | /contracts?_rsc=wBL8jh-0AxNJNXN_ net::ERR_ABORTED | /catalog?_rsc=wBL8jh-0AxNJNXN_ net::ERR_ABORTED | /catalog/gudid?_rsc=wBL8jh-0AxNJNXN_ net::ERR_ABORTED | /analytics?_rsc=wBL8jh-0AxNJNXN_ net::ERR_ABORTED | /crosses?_rsc=wBL8jh-0AxNJNXN_ net::ERR_ABORTED | /notifications?_rsc=wBL8jh-0AxNJNXN_ net::ERR_ABORTED | /settings?_rsc=wBL8jh-0AxNJNXN_ net::ERR_ABORTED | /requests/new?_rsc=wBL8jh-0AxNJNXN_ net::ERR_ABORTED","404 /api/documents/extractions/missing0000000000000000","0","0","0","New request ; Switch user"
"REGIONAL_MANAGER","/analytics","/analytics","200","Commercial feedback loop","","","0","/proposals?_rsc=ix5_aAief6TvBg04 net::ERR_ABORTED | /approvals?_rsc=ix5_aAief6TvBg04 net::ERR_ABORTED | /?_rsc=ix5_aAief6TvBg04 net::ERR_ABORTED | /requests?_rsc=ix5_aAief6TvBg04 net::ERR_ABORTED | /accounts?_rsc=ix5_aAief6TvBg04 net::ERR_ABORTED | /contracts?_rsc=ix5_aAief6TvBg04 net::ERR_ABORTED | /intelligence?_rsc=ix5_aAief6TvBg04 net::ERR_ABORTED | /catalog/gudid?_rsc=ix5_aAief6TvBg04 net::ERR_ABORTED | /intelligence/bids?_rsc=ix5_aAief6TvBg04 net::ERR_ABORTED | /catalog?_rsc=ix5_aAief6TvBg04 net::ERR_ABORTED | /notifications?_rsc=ix5_aAief6TvBg04 net::ERR_ABORTED | /requests?_rsc=Dt318okBLJyNDlfE net::ERR_ABORTED | /?_rsc=Dt318okBLJyNDlfE net::ERR_ABORTED | /proposals?_rsc=Dt318okBLJyNDlfE net::ERR_ABORTED | /accounts?_rsc=Dt318okBLJyNDlfE net::ERR_ABORTED | /approvals?_rsc=Dt318okBLJyNDlfE net::ERR_ABORTED | /contracts?_rsc=Dt318okBLJyNDlfE net::ERR_ABORTED | /intelligence?_rsc=Dt318okBLJyNDlfE net::ERR_ABORTED | /catalog?_rsc=Dt318okBLJyNDlfE net::ERR_ABORTED | /intelligence/bids?_rsc=Dt318okBLJyNDlfE net::ERR_ABORTED | /catalog/gudid?_rsc=Dt318okBLJyNDlfE net::ERR_ABORTED | /analytics?_rsc=Dt318okBLJyNDlfE net::ERR_ABORTED | /crosses?_rsc=Dt318okBLJyNDlfE net::ERR_ABORTED | /settings?_rsc=Dt318okBLJyNDlfE net::ERR_ABORTED | /notifications?_rsc=Dt318okBLJyNDlfE net::ERR_ABORTED","","0","1","0","New request ; Switch user ; Refresh"
"REGIONAL_MANAGER","/catalog","/catalog","200","Our catalog","","","0","/?_rsc=OYzo7EH3MGwwxBfF net::ERR_ABORTED | /requests?_rsc=OYzo7EH3MGwwxBfF net::ERR_ABORTED | /accounts?_rsc=OYzo7EH3MGwwxBfF net::ERR_ABORTED | /contracts?_rsc=OYzo7EH3MGwwxBfF net::ERR_ABORTED | /intelligence?_rsc=OYzo7EH3MGwwxBfF net::ERR_ABORTED | /intelligence/bids?_rsc=OYzo7EH3MGwwxBfF net::ERR_ABORTED | /catalog/gudid?_rsc=OYzo7EH3MGwwxBfF net::ERR_ABORTED | /crosses?_rsc=OYzo7EH3MGwwxBfF net::ERR_ABORTED | /analytics?_rsc=OYzo7EH3MGwwxBfF net::ERR_ABORTED | /settings?_rsc=OYzo7EH3MGwwxBfF net::ERR_ABORTED | /notifications?_rsc=OYzo7EH3MGwwxBfF net::ERR_ABORTED | /requests/new?_rsc=OYzo7EH3MGwwxBfF net::ERR_ABORTED | /?_rsc=O6cAbYUSgs3KBG-F net::ERR_ABORTED | /requests?_rsc=O6cAbYUSgs3KBG-F net::ERR_ABORTED | /proposals?_rsc=O6cAbYUSgs3KBG-F net::ERR_ABORTED | /approvals?_rsc=O6cAbYUSgs3KBG-F net::ERR_ABORTED | /intelligence/bids?_rsc=O6cAbYUSgs3KBG-F net::ERR_ABORTED | /accounts?_rsc=O6cAbYUSgs3KBG-F net::ERR_ABORTED | /contracts?_rsc=O6cAbYUSgs3KBG-F net::ERR_ABORTED | /intelligence?_rsc=O6cAbYUSgs3KBG-F net::ERR_ABORTED | /settings?_rsc=O6cAbYUSgs3KBG-F net::ERR_ABORTED | /notifications?_rsc=O6cAbYUSgs3KBG-F net::ERR_ABORTED | /crosses?_rsc=O6cAbYUSgs3KBG-F net::ERR_ABORTED | /catalog/gudid?_rsc=O6cAbYUSgs3KBG-F net::ERR_ABORTED","","0","1","0","New request ; Switch user ; GUDID library ; 174006 ; ABSTACK30 ; ABSTACK30X ; PCO2015X ; PCO2520X ; PCO9X ; 11-1276 ; 11-1278 ; 171305 ; 173019 ; 173030 ; 173046 ; 173049 ; 173050G ; 174001 ; 174209 ; 174213 ; 174233 ; 174301 ; 174309 ; 174317 ; 174601 ; 176605 ; 176613 ; 176643 ; 176645 ; 176647 ; 178081 ; 178083 ; 178091 ; 178093 ; 178099 ; 25030 ; CATCH10 ; E3781-28 ; E3781R-28ASP ; E3783-28 ; E3783R-28ASP ; E3783R-36ASP ; LF1837 ; LF5637 ; SILSCLINCH46 ; SILSDISSECT46 ; SILSHOOK36 ; SILSHOOK46 ; SILSSHEAR46 ; WPLGR914 ; WPXLGR1117 ; 010316L ; 010460 ; 010470 ; 015427L ; 015433L ; 015441L ; 015451L ; 015458L ; 015477L ; 015485L ; 015888L ; 017614 ; 020242 ; 030330L ; 030412 ; 030424L ; 030425 ; 030426 ; 030454 ; 030470 ; 030735L ; 059037 ; 111981 ; 111983 ; 111985 ; 111987 ; 111989 ; 3948L ; 3971 ; 3973 ; 4901T ; 8886803712 ; EEA21 ; EEA2135 ; EEA25 ; EEA2535 ; EEA28 ; EEA2835 ; EEA31 ; EEA33 ; EEAXL21 ; EEAXL2135 ; EEAXL25 ; EEAXL2535 ; EEAXL28 ; EEAXL2835 ; EEAXL31 ; EEAXL33 ; EGIA45AMT ; EGIA45AV ; EGIA45AVM ; EGIA45CTAVM ; EGIA60AMT ; EGIA60AVM ; EGIA60AXT ; EGIARADMT ; EGIARADVM ; EGIARADXT ; EGIAUSHORT ; EGIAUSTND ; EGIAUXL ; GIA10038L ; GIA10038S ; GIA10048L ; GIA10048S ; GIA6025L ; GIA6025S ; GIA6038L ; GIA6038S ; GIA6048L ; GIA6048S ; GIA60MTC ; GIA60MTS ; GIA60XTC ; GIA60XTS ; GIA8038L ; GIA8038S ; GIA8048L ; GIA8048S ; GIA80MTC ; GIA80MTS ; GIA80XTC ; GIA80XTS ; HEM3335 ; HEM3348 ; IDRVULTRA1 ; SGIA6038S ; SIG30AMT ; SIG30AV ; SIG30AVM ; SIG30CTAV ; SIG30CTAVM ; SIG45AMT ; SIG45AXT ; SIG45CTAMT ; SIG45CTAV ; SIG45CTAVM ; SIG60AMT ; SIG60AXT ; SIG60CTAMT ; SIG60CTAVM ; SIGADAPTSHORT ; SIGADAPTSTND ; SIGADAPTXL ; SIGC45MT ; SIGC45V ; SIGC45VM ; SIGC45VT ; SIGC60MT ; SIGC60V ; SIGC60VM ; SIGC60VT ; SIGLU45A ; SIGLU60A ; SIGPSHELL ; SIGRADMT ; SIGRADVM ; SIGRADXT ; SIGSDL45CTVT ; SIGSDS30CTV ; SIGSDS30CTVT ; SIGTRSB45AMT ; SIGTRSB45AXT ; SIGTRSB60AMT ; SIGTRSB60AXT ; TA3035L ; TA3035S ; TA3048L ; TA3048S ; TA30V3L ; TA30V3S ; TA4535L ; TA4535S ; TA4548L ; TA4548S ; TA6035L ; TA6035S ; TA6048L ; TA6048S ; TA9035L ; TA9035S ; TA9048L ; TA9048S ; TRIEEA28MT ; TRIEEA28XT ; TRIEEA31MT ; TRIEEA31XT ; TRIEEAXL28MT ; TRIEEAXL28XT ; TRIEEAXL31MT ; TRIEEAXL31XT ; TRIEEAXL33MT ; PPDS12 ; PPDS15 ; PPDS1510 ; PPDS2015 ; PPM1106X3 ; PPM1510X3 ; PPM4530 ; 171313 ; 171315 ; 172015 ; 172016 ; 176626P ; 176673P ; 176674P ; 176674PF ; 177090P ; 177090PF ; 177091P ; 177091PF ; 177092 ; 177092F ; 177992P ; 177995P ; 179076P ; 179077P ; 179078PF ; 179093 ; 179093F ; 179094 ; 179094F ; 179095P ; 179096P ; 179096PF ; 179097P ; 179097PF ; 179100 ; 179101 ; 179102P ; 179301 ; 179303 ; 179305 ; 179307 ; 179308 ; 179309 ; 179310 ; 21-345 ; 220-50 ; 24055- ; 4216 ; B11STF ; B11STS ; B12LGF ; B12LGS ; B12STF ; B12STFCS ; B12STS ; B5SHF ; B5SHS ; B5STF ; B5STS ; BPT12STS ; MS100703 ; MS100705 ; MS100708 ; MS101003 ; MS101005 ; MS101008 ; NB11STF ; NB12LGF ; NB12SHF ; NB12STF ; NB12STS ; NB15LGF ; NB15STF ; NB3SHFLP ; NB5LGF ; NB5SHF ; NB5SHFLP ; NB5STF ; NB5STFLP ; NBFCA11ST ; NBFCA12ST ; NONB11STF ; NONB12LGF ; NONB12SHF ; NONB12STF ; NONB12STS ; NONB15LGF ; NONB15STF ; NONB5LGF ; NONB5SHF ; NONB5STF ; NONB8STF ; OMS-T10BT ; OMS-T10BTNL ; OMS-T10BTS ; OMS-T10BTSNL ; OMS-T12BT ; OMS-T12BTNL ; ONB11LGF ; ONB11STF ; ONB12LGF ; ONB12SHF ; ONB12STF ; ONB12STF-NSB ; ONB12STFCS ; ONB12STS ; ONB15STF ; ONB5LGF ; ONB5SHF ; ONB5STF ; ONB5STF-NSB ; ONB5STF2C ; ONBFCA11ST ; S100000 ; S100700 ; S100705 ; S100710 ; S100712 ; S101000 ; S101005 ; S101010 ; S101012 ; S110000 ; SILSPT12TA ; SILSPT5TA ; UNVCA11STF ; UNVCA12LGF ; UNVCA12STF ; UNVCA12STF-NSB ; UNVCA12STS ; UNVCA5LGF ; UNVCA5SHF ; UNVCA5STF ; VS070000 ; VS100700 ; VS100705 ; VS100711P ; VS100712P ; VS101000 ; VS101005 ; VS101011P ; VS101012P ; VS101015P ; VS101500 ; VS101505 ; VS101512P ; VS150000 ; VSR100005 ; VSR100812P ; WPMD509 ; WPSM256 ; WPXSM24"
"REGIONAL_MANAGER","/catalog/gudid","/catalog/gudid","200","GUDID library","","","0","/proposals?_rsc=DGmoGnAw5OqJpMhM net::ERR_ABORTED | /?_rsc=DGmoGnAw5OqJpMhM net::ERR_ABORTED | /requests?_rsc=DGmoGnAw5OqJpMhM net::ERR_ABORTED | /accounts?_rsc=DGmoGnAw5OqJpMhM net::ERR_ABORTED | /intelligence?_rsc=DGmoGnAw5OqJpMhM net::ERR_ABORTED | /intelligence/bids?_rsc=DGmoGnAw5OqJpMhM net::ERR_ABORTED | /analytics?_rsc=DGmoGnAw5OqJpMhM net::ERR_ABORTED | /catalog?_rsc=DGmoGnAw5OqJpMhM net::ERR_ABORTED | /crosses?_rsc=DGmoGnAw5OqJpMhM net::ERR_ABORTED | /settings?_rsc=DGmoGnAw5OqJpMhM net::ERR_ABORTED | /notifications?_rsc=DGmoGnAw5OqJpMhM net::ERR_ABORTED | /requests/new?_rsc=DGmoGnAw5OqJpMhM net::ERR_ABORTED | /?_rsc=Z9EVd8HHdUwJDdIQ net::ERR_ABORTED | /accounts?_rsc=Z9EVd8HHdUwJDdIQ net::ERR_ABORTED | /proposals?_rsc=Z9EVd8HHdUwJDdIQ net::ERR_ABORTED | /approvals?_rsc=Z9EVd8HHdUwJDdIQ net::ERR_ABORTED | /requests?_rsc=Z9EVd8HHdUwJDdIQ net::ERR_ABORTED | /analytics?_rsc=Z9EVd8HHdUwJDdIQ net::ERR_ABORTED | /contracts?_rsc=Z9EVd8HHdUwJDdIQ net::ERR_ABORTED | /intelligence?_rsc=Z9EVd8HHdUwJDdIQ net::ERR_ABORTED | /intelligence/bids?_rsc=Z9EVd8HHdUwJDdIQ net::ERR_ABORTED | /catalog?_rsc=Z9EVd8HHdUwJDdIQ net::ERR_ABORTED | /catalog/gudid?_rsc=Z9EVd8HHdUwJDdIQ net::ERR_ABORTED | /crosses?_rsc=Z9EVd8HHdUwJDdIQ net::ERR_ABORTED | /settings?_rsc=Z9EVd8HHdUwJDdIQ net::ERR_ABORTED | /notifications?_rsc=Z9EVd8HHdUwJDdIQ net::ERR_ABORTED | /requests/new?_rsc=Z9EVd8HHdUwJDdIQ net::ERR_ABORTED","","0","0","0","New request ; Switch user ; DXT1309AL ; DXT1309AR ; DXT1510AL ; DXT1510AR ; DXT1612AL ; DXT1612AR ; DTN07R ; DTN07RX3 ; DTN07RX6 ; DTN10R ; DTN10RX3 ; DTN10RX6 ; DTN1610E ; DTN1610EX3 ; DTN1610EX6 ; PP0611 ; PP0611X3 ; PP1510 ; PP1510X3 ; PP1515 ; PP2020 ; PP3030 ; PPM1106 ; PPM1106X3 ; PPM1106X6 ; PPM1508 ; PPM1508X3 ; PPM1508X6 ; PPM1510 ; PPM1510X3 ; PPM1510X6 ; PPM1515 ; PPM1515X3 ; PPM1515X6 ; PPM2020 ; PPM2020X3 ; PPM3030 ; PPM3030X3 ; PPM4530 ; PPM4530X3 ; PPM5050 ; PPMK1106 ; PPMK1106X3 ; PPMK1106X6 ; PPMK1508 ; PPMK1508X3 ; PPMK1508X6 ; PPDS12 ; PPDS12X3 ; PPDS15 ; PPDS1510 ; PPDS1510X3 ; PPDS15X3 ; PPDS2015 ; PPDS2015X3 ; PPDS2520 ; PPDS3020 ; PPDS3530 ; PCO12FX ; PCO12X ; PCO1510FX ; PCO1510OSX ; PCO1510X ; PCO15FX ; PCO15X ; PCO2015FX ; PCO2015OSX ; PCO2015X ; PCO20FX ; PCO20X ; PCO2520FX ; PCO2520OSX ; PCO2520X ; PCO2H1 ; PCO2H3 ; PCO2H4 ; PCO3020FX ; PCO3020OSX ; PCO3020X ; PCO3728FX ; PCO3728X ; PCO4VP ; PCO6VP ; PCO8OSX ; PCO8VP ; PCO9FX ; PCO9X ; PCOPM15 ; PCOPM15H35 ; PCOPM15H50 ; PCOPM20 ; PNP6 ; PNP6X3 ; PNP8 ; PNP8X3 ; TCM1106 ; TCM1106X3 ; TCM1510 ; TCM1510X3 ; TCM1515 ; TCM1515X3 ; TCM2020 ; TCM2020X3 ; TCM3015 ; TCM3030 ; TCM4530 ; TEC1309 ; TEC1410DP ; TEC1410P5 ; TEC1510 ; TEC1515 ; TEC2020 ; TEC3030 ; TECR1410DP2 ; TECR1510 ; TECR1510AL ; TECR1510AR ; TECR1515 ; TECR3030 ; TECT1309AL ; TECT1309AR ; TECT1510ADP2L ; TECT1510ADP2R ; TECT1510ADPL ; TECT1510ADPR ; TECT1510AL ; TECT1510AR ; TECT1612AFR ; TECT1612AL ; TECT1612AR ; TET1309 ; TET1309D ; TET1510 ; TET1515 ; TET2020 ; TET3030 ; TET5050 ; ADG1510 ; ADG2015 ; ADG3020 ; ADG4030 ; LPG1309AL ; LPG1309AR ; LPG1510 ; LPG1510AK2 ; LPG1510AL ; LPG1510AR ; LPG1510X2 ; LPG1612 ; LPG1612AL ; LPG1612AR ; LPG1614 ; PP1208DL ; PP1208DR ; PP1509G ; PP1515G ; PP2015G ; PP3020G ; PP3030G ; PP4030G ; TEM1208GL ; TEM1208GR ; TEM1409GL ; TEM1409GR ; TEM1509G ; TEM1515G ; TEM2015G ; TEM3015G ; TECG3004 ; SYM12 ; SYM12F ; SYM15 ; SYM1510 ; SYM1510F ; SYM1510OS ; SYM15F ; SYM1710E ; SYM1710EF ; SYM20 ; SYM2012E ; SYM2012EF ; SYM2015 ; SYM2015F ; SYM2015OS ; SYM20F ; SYM2515E ; SYM2515EF ; SYM2520 ; SYM2520F ; SYM2520OS ; SYM3020 ; SYM3020F ; SYM3020OS ; SYM3420E ; SYM3420EF ; SYM3728 ; SYM3728F ; SYM4024E ; SYM4024EF ; SYM4232 ; SYM4232F ; SYM8OS ; SYM9 ; SYM9F ; VTX1106 ; VTX1106X3 ; VTX1510 ; VTX1510X3 ; VTX1515 ; VTX1515M ; VTX1515MX3 ; VTX1515X3 ; VTX2020M ; VTX3030M ; VTX4530M ; VTX5050M ; Sofradim"
"REGIONAL_MANAGER","/crosses","/crosses","200","Crosswalk","","","0","/?_rsc=zAn-vlYtEcVbUMJ6 net::ERR_ABORTED | /requests?_rsc=zAn-vlYtEcVbUMJ6 net::ERR_ABORTED | /proposals?_rsc=zAn-vlYtEcVbUMJ6 net::ERR_ABORTED | /approvals?_rsc=zAn-vlYtEcVbUMJ6 net::ERR_ABORTED | /catalog?_rsc=zAn-vlYtEcVbUMJ6 net::ERR_ABORTED | /catalog/gudid?_rsc=zAn-vlYtEcVbUMJ6 net::ERR_ABORTED | /settings?_rsc=zAn-vlYtEcVbUMJ6 net::ERR_ABORTED | /notifications?_rsc=zAn-vlYtEcVbUMJ6 net::ERR_ABORTED | /requests/new?_rsc=zAn-vlYtEcVbUMJ6 net::ERR_ABORTED | /requests?_rsc=aniPmKjMQR6zCALO net::ERR_ABORTED | /?_rsc=aniPmKjMQR6zCALO net::ERR_ABORTED | /proposals?_rsc=aniPmKjMQR6zCALO net::ERR_ABORTED | /approvals?_rsc=aniPmKjMQR6zCALO net::ERR_ABORTED | /accounts?_rsc=aniPmKjMQR6zCALO net::ERR_ABORTED | /contracts?_rsc=aniPmKjMQR6zCALO net::ERR_ABORTED | /intelligence?_rsc=aniPmKjMQR6zCALO net::ERR_ABORTED | /intelligence/bids?_rsc=aniPmKjMQR6zCALO net::ERR_ABORTED | /analytics?_rsc=aniPmKjMQR6zCALO net::ERR_ABORTED | /catalog?_rsc=aniPmKjMQR6zCALO net::ERR_ABORTED | /catalog/gudid?_rsc=aniPmKjMQR6zCALO net::ERR_ABORTED | /crosses?_rsc=aniPmKjMQR6zCALO net::ERR_ABORTED | /requests/new?_rsc=aniPmKjMQR6zCALO net::ERR_ABORTED | /settings?_rsc=aniPmKjMQR6zCALO net::ERR_ABORTED | /notifications?_rsc=aniPmKjMQR6zCALO net::ERR_ABORTED","","0","0","0","New request ; Switch user"
"REGIONAL_MANAGER","/notifications","/notifications","200","Notifications","","","0","/?_rsc=oG-rbVP81bj5yHs2 net::ERR_ABORTED | /requests?_rsc=oG-rbVP81bj5yHs2 net::ERR_ABORTED | /proposals?_rsc=oG-rbVP81bj5yHs2 net::ERR_ABORTED | /approvals?_rsc=oG-rbVP81bj5yHs2 net::ERR_ABORTED | /accounts?_rsc=oG-rbVP81bj5yHs2 net::ERR_ABORTED | /contracts?_rsc=oG-rbVP81bj5yHs2 net::ERR_ABORTED | /crosses?_rsc=oG-rbVP81bj5yHs2 net::ERR_ABORTED | /catalog/gudid?_rsc=oG-rbVP81bj5yHs2 net::ERR_ABORTED | /settings?_rsc=oG-rbVP81bj5yHs2 net::ERR_ABORTED | /requests/new?_rsc=oG-rbVP81bj5yHs2 net::ERR_ABORTED | /approvals?_rsc=FxIb9Zh5xrkPNSW4 net::ERR_ABORTED | /?_rsc=FxIb9Zh5xrkPNSW4 net::ERR_ABORTED | /proposals?_rsc=FxIb9Zh5xrkPNSW4 net::ERR_ABORTED | /requests?_rsc=FxIb9Zh5xrkPNSW4 net::ERR_ABORTED | /accounts?_rsc=FxIb9Zh5xrkPNSW4 net::ERR_ABORTED | /intelligence?_rsc=FxIb9Zh5xrkPNSW4 net::ERR_ABORTED | /contracts?_rsc=FxIb9Zh5xrkPNSW4 net::ERR_ABORTED | /intelligence/bids?_rsc=FxIb9Zh5xrkPNSW4 net::ERR_ABORTED | /analytics?_rsc=FxIb9Zh5xrkPNSW4 net::ERR_ABORTED | /catalog?_rsc=FxIb9Zh5xrkPNSW4 net::ERR_ABORTED | /catalog/gudid?_rsc=FxIb9Zh5xrkPNSW4 net::ERR_ABORTED | /crosses?_rsc=FxIb9Zh5xrkPNSW4 net::ERR_ABORTED | /settings?_rsc=FxIb9Zh5xrkPNSW4 net::ERR_ABORTED | /requests/new?_rsc=FxIb9Zh5xrkPNSW4 net::ERR_ABORTED | /notifications?_rsc=FxIb9Zh5xrkPNSW4 net::ERR_ABORTED","","0","0","0","New request ; Switch user ; Mark all read ; Read"
"REGIONAL_MANAGER","/settings","/settings","200","Settings","","","0","/?_rsc=DQxjArDrgutTG17x net::ERR_ABORTED | /contracts?_rsc=DQxjArDrgutTG17x net::ERR_ABORTED | /intelligence?_rsc=DQxjArDrgutTG17x net::ERR_ABORTED | /intelligence/bids?_rsc=DQxjArDrgutTG17x net::ERR_ABORTED | /crosses?_rsc=DQxjArDrgutTG17x net::ERR_ABORTED | /catalog/gudid?_rsc=DQxjArDrgutTG17x net::ERR_ABORTED | /notifications?_rsc=DQxjArDrgutTG17x net::ERR_ABORTED | /requests/new?_rsc=DQxjArDrgutTG17x net::ERR_ABORTED | /settings/pricing?_rsc=DQxjArDrgutTG17x net::ERR_ABORTED | /?_rsc=j-_vjoKOn8bxlRO7 net::ERR_ABORTED | /requests?_rsc=j-_vjoKOn8bxlRO7 net::ERR_ABORTED | /proposals?_rsc=j-_vjoKOn8bxlRO7 net::ERR_ABORTED | /approvals?_rsc=j-_vjoKOn8bxlRO7 net::ERR_ABORTED | /accounts?_rsc=j-_vjoKOn8bxlRO7 net::ERR_ABORTED | /contracts?_rsc=j-_vjoKOn8bxlRO7 net::ERR_ABORTED | /intelligence?_rsc=j-_vjoKOn8bxlRO7 net::ERR_ABORTED | /intelligence/bids?_rsc=j-_vjoKOn8bxlRO7 net::ERR_ABORTED | /analytics?_rsc=j-_vjoKOn8bxlRO7 net::ERR_ABORTED | /catalog?_rsc=j-_vjoKOn8bxlRO7 net::ERR_ABORTED | /catalog/gudid?_rsc=j-_vjoKOn8bxlRO7 net::ERR_ABORTED | /crosses?_rsc=j-_vjoKOn8bxlRO7 net::ERR_ABORTED | /notifications?_rsc=j-_vjoKOn8bxlRO7 net::ERR_ABORTED | /settings?_rsc=j-_vjoKOn8bxlRO7 net::ERR_ABORTED | /requests/new?_rsc=j-_vjoKOn8bxlRO7 net::ERR_ABORTED","","0","0","0","New request ; Switch user ; Save (disabled) ; Details ; How to connect"
"REGIONAL_MANAGER","/settings/integrations","/settings/integrations","200","Settings","","","0","/requests?_rsc=DQxjArDrgutTG17x net::ERR_ABORTED | /accounts?_rsc=DQxjArDrgutTG17x net::ERR_ABORTED | /intelligence?_rsc=DQxjArDrgutTG17x net::ERR_ABORTED | /contracts?_rsc=DQxjArDrgutTG17x net::ERR_ABORTED | /intelligence/bids?_rsc=DQxjArDrgutTG17x net::ERR_ABORTED | /analytics?_rsc=DQxjArDrgutTG17x net::ERR_ABORTED | /catalog?_rsc=DQxjArDrgutTG17x net::ERR_ABORTED | /catalog/gudid?_rsc=DQxjArDrgutTG17x net::ERR_ABORTED | /crosses?_rsc=DQxjArDrgutTG17x net::ERR_ABORTED | /notifications?_rsc=DQxjArDrgutTG17x net::ERR_ABORTED | /requests/new?_rsc=DQxjArDrgutTG17x net::ERR_ABORTED | /settings/pricing?_rsc=DQxjArDrgutTG17x net::ERR_ABORTED | /?_rsc=j-_vjoKOn8bxlRO7 net::ERR_ABORTED | /requests?_rsc=j-_vjoKOn8bxlRO7 net::ERR_ABORTED | /proposals?_rsc=j-_vjoKOn8bxlRO7 net::ERR_ABORTED | /approvals?_rsc=j-_vjoKOn8bxlRO7 net::ERR_ABORTED | /accounts?_rsc=j-_vjoKOn8bxlRO7 net::ERR_ABORTED | /contracts?_rsc=j-_vjoKOn8bxlRO7 net::ERR_ABORTED | /intelligence?_rsc=j-_vjoKOn8bxlRO7 net::ERR_ABORTED | /intelligence/bids?_rsc=j-_vjoKOn8bxlRO7 net::ERR_ABORTED | /crosses?_rsc=j-_vjoKOn8bxlRO7 net::ERR_ABORTED | /analytics?_rsc=j-_vjoKOn8bxlRO7 net::ERR_ABORTED | /catalog?_rsc=j-_vjoKOn8bxlRO7 net::ERR_ABORTED | /settings?_rsc=j-_vjoKOn8bxlRO7 net::ERR_ABORTED | /requests/new?_rsc=j-_vjoKOn8bxlRO7 net::ERR_ABORTED | /settings/pricing?_rsc=j-_vjoKOn8bxlRO7 net::ERR_ABORTED | /notifications?_rsc=j-_vjoKOn8bxlRO7 net::ERR_ABORTED","","0","0","0","New request ; Switch user ; Save (disabled) ; Details ; How to connect"
"REGIONAL_MANAGER","/settings/pricing","/settings/pricing","200","Pricing policies","","","0","/?_rsc=8oSST31HPn0UlEto net::ERR_ABORTED | /proposals?_rsc=8oSST31HPn0UlEto net::ERR_ABORTED | /approvals?_rsc=8oSST31HPn0UlEto net::ERR_ABORTED | /requests?_rsc=8oSST31HPn0UlEto net::ERR_ABORTED | /accounts?_rsc=8oSST31HPn0UlEto net::ERR_ABORTED | /analytics?_rsc=8oSST31HPn0UlEto net::ERR_ABORTED | /catalog?_rsc=8oSST31HPn0UlEto net::ERR_ABORTED | /catalog/gudid?_rsc=8oSST31HPn0UlEto net::ERR_ABORTED | /crosses?_rsc=8oSST31HPn0UlEto net::ERR_ABORTED | /settings?_rsc=8oSST31HPn0UlEto net::ERR_ABORTED | /notifications?_rsc=8oSST31HPn0UlEto net::ERR_ABORTED | /requests/new?_rsc=8oSST31HPn0UlEto net::ERR_ABORTED | /?_rsc=_Ie442TgELs3Q458 net::ERR_ABORTED | /proposals?_rsc=_Ie442TgELs3Q458 net::ERR_ABORTED | /requests?_rsc=_Ie442TgELs3Q458 net::ERR_ABORTED | /approvals?_rsc=_Ie442TgELs3Q458 net::ERR_ABORTED | /accounts?_rsc=_Ie442TgELs3Q458 net::ERR_ABORTED | /contracts?_rsc=_Ie442TgELs3Q458 net::ERR_ABORTED | /intelligence?_rsc=_Ie442TgELs3Q458 net::ERR_ABORTED | /analytics?_rsc=_Ie442TgELs3Q458 net::ERR_ABORTED | /notifications?_rsc=_Ie442TgELs3Q458 net::ERR_ABORTED | /crosses?_rsc=_Ie442TgELs3Q458 net::ERR_ABORTED | /catalog/gudid?_rsc=_Ie442TgELs3Q458 net::ERR_ABORTED | /settings?_rsc=_Ie442TgELs3Q458 net::ERR_ABORTED | /requests/new?_rsc=_Ie442TgELs3Q458 net::ERR_ABORTED","","0","0","0","New request ; Switch user ; New draft (disabled)"
"CONTRACTING_MANAGER","/","/","200","Competitive cross reference","","","0","/requests?_rsc=5CB68i4pnAekjehf net::ERR_ABORTED | /proposals?_rsc=5CB68i4pnAekjehf net::ERR_ABORTED | /approvals?_rsc=5CB68i4pnAekjehf net::ERR_ABORTED | /accounts?_rsc=5CB68i4pnAekjehf net::ERR_ABORTED | /analytics?_rsc=5CB68i4pnAekjehf net::ERR_ABORTED | /contracts?_rsc=5CB68i4pnAekjehf net::ERR_ABORTED | /intelligence?_rsc=5CB68i4pnAekjehf net::ERR_ABORTED | /intelligence/bids?_rsc=5CB68i4pnAekjehf net::ERR_ABORTED | /catalog/gudid?_rsc=5CB68i4pnAekjehf net::ERR_ABORTED | /crosses?_rsc=5CB68i4pnAekjehf net::ERR_ABORTED | /settings?_rsc=5CB68i4pnAekjehf net::ERR_ABORTED | /catalog?_rsc=5CB68i4pnAekjehf net::ERR_ABORTED | /requests/new?_rsc=5CB68i4pnAekjehf net::ERR_ABORTED | /requests/cmufeje3o002hk57d491oejr5?_rsc=5CB68i4pnAekjehf net::ERR_ABORTED | /requests/cmufdh3bj000c8l7d0xi3zsf0?_rsc=5CB68i4pnAekjehf net::ERR_ABORTED | /requests/cmufcynqe0001np7dpzorvaiq?_rsc=5CB68i4pnAekjehf net::ERR_ABORTED | /requests/cmufcnw1t003m5y7ds9b0eta9?_rsc=5CB68i4pnAekjehf net::ERR_ABORTED | /?_rsc=tXyZJ52UQVBCVsD3 net::ERR_ABORTED | /requests?_rsc=tXyZJ52UQVBCVsD3 net::ERR_ABORTED | /proposals?_rsc=tXyZJ52UQVBCVsD3 net::ERR_ABORTED | /approvals?_rsc=tXyZJ52UQVBCVsD3 net::ERR_ABORTED | /accounts?_rsc=tXyZJ52UQVBCVsD3 net::ERR_ABORTED | /contracts?_rsc=tXyZJ52UQVBCVsD3 net::ERR_ABORTED | /intelligence?_rsc=tXyZJ52UQVBCVsD3 net::ERR_ABORTED | /intelligence/bids?_rsc=tXyZJ52UQVBCVsD3 net::ERR_ABORTED | /analytics?_rsc=tXyZJ52UQVBCVsD3 net::ERR_ABORTED | /catalog?_rsc=tXyZJ52UQVBCVsD3 net::ERR_ABORTED | /notifications?_rsc=tXyZJ52UQVBCVsD3 net::ERR_ABORTED | /catalog/gudid?_rsc=tXyZJ52UQVBCVsD3 net::ERR_ABORTED | /crosses?_rsc=tXyZJ52UQVBCVsD3 net::ERR_ABORTED | /settings?_rsc=tXyZJ52UQVBCVsD3 net::ERR_ABORTED | /requests/new?_rsc=tXyZJ52UQVBCVsD3 net::ERR_ABORTED | /requests/cmufcynqe0001np7dpzorvaiq?_rsc=tXyZJ52UQVBCVsD3 net::ERR_ABORTED | /requests/cmufeje3o002hk57d491oejr5?_rsc=tXyZJ52UQVBCVsD3 net::ERR_ABORTED | /requests/cmufdh3bj000c8l7d0xi3zsf0?_rsc=tXyZJ52UQVBCVsD3 net::ERR_ABORTED | /requests/cmufckl2s00205y7dkly63f9m?_rsc=tXyZJ52UQVBCVsD3 net::ERR_ABORTED | /requests/cmufcnw1t003m5y7ds9b0eta9?_rsc=tXyZJ52UQVBCVsD3 net::ERR_ABORTED | /requests/cmufckl0t001u5y7daptu5251?_rsc=tXyZJ52UQVBCVsD3 net::ERR_ABORTED | /requests/cmufcjbjr000g5y7ddlij2xi0?_rsc=tXyZJ52UQVBCVsD3 net::ERR_ABORTED","","0","0","0","New request ; Switch user"
"CONTRACTING_MANAGER","/requests","/requests","200","Cross-reference requests","","","0","/?_rsc=p3Q57VochOqcQNsg net::ERR_ABORTED | /proposals?_rsc=p3Q57VochOqcQNsg net::ERR_ABORTED | /approvals?_rsc=p3Q57VochOqcQNsg net::ERR_ABORTED | /accounts?_rsc=p3Q57VochOqcQNsg net::ERR_ABORTED | /contracts?_rsc=p3Q57VochOqcQNsg net::ERR_ABORTED | /intelligence?_rsc=p3Q57VochOqcQNsg net::ERR_ABORTED | /intelligence/bids?_rsc=p3Q57VochOqcQNsg net::ERR_ABORTED | /analytics?_rsc=p3Q57VochOqcQNsg net::ERR_ABORTED | /catalog/gudid?_rsc=p3Q57VochOqcQNsg net::ERR_ABORTED | /settings?_rsc=p3Q57VochOqcQNsg net::ERR_ABORTED | /notifications?_rsc=p3Q57VochOqcQNsg net::ERR_ABORTED | /crosses?_rsc=p3Q57VochOqcQNsg net::ERR_ABORTED | /requests/new?_rsc=p3Q57VochOqcQNsg net::ERR_ABORTED | /requests/cmufdh3bj000c8l7d0xi3zsf0?_rsc=p3Q57VochOqcQNsg net::ERR_ABORTED | /requests/cmufcynqe0001np7dpzorvaiq?_rsc=p3Q57VochOqcQNsg net::ERR_ABORTED | /requests/cmufeje3o002hk57d491oejr5?_rsc=p3Q57VochOqcQNsg net::ERR_ABORTED | /requests/cmufcnw1t003m5y7ds9b0eta9?_rsc=p3Q57VochOqcQNsg net::ERR_ABORTED | /requests?_rsc=nIzLgF1M7nWxnHlV net::ERR_ABORTED | /?_rsc=nIzLgF1M7nWxnHlV net::ERR_ABORTED | /contracts?_rsc=nIzLgF1M7nWxnHlV net::ERR_ABORTED | /accounts?_rsc=nIzLgF1M7nWxnHlV net::ERR_ABORTED | /proposals?_rsc=nIzLgF1M7nWxnHlV net::ERR_ABORTED | /approvals?_rsc=nIzLgF1M7nWxnHlV net::ERR_ABORTED | /intelligence/bids?_rsc=nIzLgF1M7nWxnHlV net::ERR_ABORTED | /intelligence?_rsc=nIzLgF1M7nWxnHlV net::ERR_ABORTED | /catalog?_rsc=nIzLgF1M7nWxnHlV net::ERR_ABORTED | /crosses?_rsc=nIzLgF1M7nWxnHlV net::ERR_ABORTED | /notifications?_rsc=nIzLgF1M7nWxnHlV net::ERR_ABORTED | /requests/new?_rsc=nIzLgF1M7nWxnHlV net::ERR_ABORTED | /requests/cmufeje3o002hk57d491oejr5?_rsc=nIzLgF1M7nWxnHlV net::ERR_ABORTED | /requests/cmufdh3bj000c8l7d0xi3zsf0?_rsc=nIzLgF1M7nWxnHlV net::ERR_ABORTED | /requests/cmufcynqe0001np7dpzorvaiq?_rsc=nIzLgF1M7nWxnHlV net::ERR_ABORTED | /requests/cmufcnw1t003m5y7ds9b0eta9?_rsc=nIzLgF1M7nWxnHlV net::ERR_ABORTED | /requests/cmufckl2s00205y7dkly63f9m?_rsc=nIzLgF1M7nWxnHlV net::ERR_ABORTED | /requests/cmufcjbjr000g5y7ddlij2xi0?_rsc=nIzLgF1M7nWxnHlV net::ERR_ABORTED | /requests/cmufckl0t001u5y7daptu5251?_rsc=nIzLgF1M7nWxnHlV net::ERR_ABORTED","","0","1","0","New request ; Switch user"
"CONTRACTING_MANAGER","/requests/new","/requests/new","200","Competitive cross reference","","","0","/?_rsc=4belA-F-xg-XtLdx net::ERR_ABORTED | /requests?_rsc=4belA-F-xg-XtLdx net::ERR_ABORTED | /proposals?_rsc=4belA-F-xg-XtLdx net::ERR_ABORTED | /approvals?_rsc=4belA-F-xg-XtLdx net::ERR_ABORTED | /accounts?_rsc=4belA-F-xg-XtLdx net::ERR_ABORTED | /contracts?_rsc=4belA-F-xg-XtLdx net::ERR_ABORTED | /intelligence?_rsc=4belA-F-xg-XtLdx net::ERR_ABORTED | /intelligence/bids?_rsc=4belA-F-xg-XtLdx net::ERR_ABORTED | /analytics?_rsc=4belA-F-xg-XtLdx net::ERR_ABORTED | /catalog?_rsc=4belA-F-xg-XtLdx net::ERR_ABORTED | /catalog/gudid?_rsc=4belA-F-xg-XtLdx net::ERR_ABORTED | /crosses?_rsc=4belA-F-xg-XtLdx net::ERR_ABORTED | /?_rsc=O1p93FFpSnNce0k4 net::ERR_ABORTED | /accounts?_rsc=O1p93FFpSnNce0k4 net::ERR_ABORTED | /approvals?_rsc=O1p93FFpSnNce0k4 net::ERR_ABORTED | /requests?_rsc=O1p93FFpSnNce0k4 net::ERR_ABORTED | /proposals?_rsc=O1p93FFpSnNce0k4 net::ERR_ABORTED | /intelligence/bids?_rsc=O1p93FFpSnNce0k4 net::ERR_ABORTED | /contracts?_rsc=O1p93FFpSnNce0k4 net::ERR_ABORTED | /intelligence?_rsc=O1p93FFpSnNce0k4 net::ERR_ABORTED | /crosses?_rsc=O1p93FFpSnNce0k4 net::ERR_ABORTED | /catalog?_rsc=O1p93FFpSnNce0k4 net::ERR_ABORTED | /catalog/gudid?_rsc=O1p93FFpSnNce0k4 net::ERR_ABORTED | /settings?_rsc=O1p93FFpSnNce0k4 net::ERR_ABORTED | /requests/new?_rsc=O1p93FFpSnNce0k4 net::ERR_ABORTED | /notifications?_rsc=O1p93FFpSnNce0k4 net::ERR_ABORTED","","0","0","0","New request ; Switch user ; Google Sheets link ; Upload .xlsx / .csv ; Paste from a sheet ; Read sheet (disabled) ; Continue request (disabled)"
"CONTRACTING_MANAGER","/requests/[id]","/requests/cmufeje3o002hk57d491oejr5","200","WS3 Journey Hospital Complete","","","0","/requests?_rsc=L4ND5fhfYnvUqaPw net::ERR_ABORTED | /approvals?_rsc=L4ND5fhfYnvUqaPw net::ERR_ABORTED | /?_rsc=L4ND5fhfYnvUqaPw net::ERR_ABORTED | /analytics?_rsc=L4ND5fhfYnvUqaPw net::ERR_ABORTED | /catalog?_rsc=L4ND5fhfYnvUqaPw net::ERR_ABORTED | /catalog/gudid?_rsc=L4ND5fhfYnvUqaPw net::ERR_ABORTED | /crosses?_rsc=L4ND5fhfYnvUqaPw net::ERR_ABORTED | /settings?_rsc=L4ND5fhfYnvUqaPw net::ERR_ABORTED | /notifications?_rsc=L4ND5fhfYnvUqaPw net::ERR_ABORTED | /requests/new?_rsc=L4ND5fhfYnvUqaPw net::ERR_ABORTED | /?_rsc=grHQqzBoP485Pe5C net::ERR_ABORTED | /requests?_rsc=grHQqzBoP485Pe5C net::ERR_ABORTED | /proposals?_rsc=grHQqzBoP485Pe5C net::ERR_ABORTED | /approvals?_rsc=grHQqzBoP485Pe5C net::ERR_ABORTED | /intelligence/bids?_rsc=grHQqzBoP485Pe5C net::ERR_ABORTED | /contracts?_rsc=grHQqzBoP485Pe5C net::ERR_ABORTED | /intelligence?_rsc=grHQqzBoP485Pe5C net::ERR_ABORTED | /accounts?_rsc=grHQqzBoP485Pe5C net::ERR_ABORTED | /analytics?_rsc=grHQqzBoP485Pe5C net::ERR_ABORTED | /catalog/gudid?_rsc=grHQqzBoP485Pe5C net::ERR_ABORTED | /crosses?_rsc=grHQqzBoP485Pe5C net::ERR_ABORTED | /catalog?_rsc=grHQqzBoP485Pe5C net::ERR_ABORTED | /settings?_rsc=grHQqzBoP485Pe5C net::ERR_ABORTED | /requests/new?_rsc=grHQqzBoP485Pe5C net::ERR_ABORTED | /notifications?_rsc=grHQqzBoP485Pe5C net::ERR_ABORTED","","0","1","0","New request ; Switch user ; Re-run ; Download ▾ ; Google Sheets ; Create proposal ; All 5 ; Needs attention 3 ; Flagged 0 ; Exact 2 ; Close 2 ; Alternative 1 ; Already ours 0 ; Bulk actions ▾ ; Expand all ; Expand line 1 1190500 ; Expand line 2 B12LTH ; Expand line 3 TLC75 ; Expand line 4 C0121 ; Expand line 5 IN-12-4 ; Show run log (6)"
"CONTRACTING_MANAGER","/proposals","/proposals","200","Commercial proposals","","","0","/?_rsc=8qZH60WsiyOTuseO net::ERR_ABORTED | /requests?_rsc=8qZH60WsiyOTuseO net::ERR_ABORTED | /approvals?_rsc=8qZH60WsiyOTuseO net::ERR_ABORTED | /accounts?_rsc=8qZH60WsiyOTuseO net::ERR_ABORTED | /contracts?_rsc=8qZH60WsiyOTuseO net::ERR_ABORTED | /intelligence?_rsc=8qZH60WsiyOTuseO net::ERR_ABORTED | /intelligence/bids?_rsc=8qZH60WsiyOTuseO net::ERR_ABORTED | /analytics?_rsc=8qZH60WsiyOTuseO net::ERR_ABORTED | /catalog?_rsc=8qZH60WsiyOTuseO net::ERR_ABORTED | /catalog/gudid?_rsc=8qZH60WsiyOTuseO net::ERR_ABORTED | /crosses?_rsc=8qZH60WsiyOTuseO net::ERR_ABORTED | /settings?_rsc=8qZH60WsiyOTuseO net::ERR_ABORTED | /notifications?_rsc=8qZH60WsiyOTuseO net::ERR_ABORTED | /requests/new?_rsc=8qZH60WsiyOTuseO net::ERR_ABORTED | /proposals/cmufem5ld0056k57d2utmar8g?_rsc=8qZH60WsiyOTuseO net::ERR_ABORTED | /proposals/cmufejry60041k57dwr6rvl6x?_rsc=8qZH60WsiyOTuseO net::ERR_ABORTED | /proposals/cmufe2r28001ai27dm62d5upt?_rsc=8qZH60WsiyOTuseO net::ERR_ABORTED | /proposals/cmufdkkln003q8l7d1m4dm88l?_rsc=8qZH60WsiyOTuseO net::ERR_ABORTED | /requests?_rsc=yDw8cg_cK2Tq2IDS net::ERR_ABORTED | /?_rsc=yDw8cg_cK2Tq2IDS net::ERR_ABORTED | /approvals?_rsc=yDw8cg_cK2Tq2IDS net::ERR_ABORTED | /proposals?_rsc=yDw8cg_cK2Tq2IDS net::ERR_ABORTED | /accounts?_rsc=yDw8cg_cK2Tq2IDS net::ERR_ABORTED | /intelligence?_rsc=yDw8cg_cK2Tq2IDS net::ERR_ABORTED | /contracts?_rsc=yDw8cg_cK2Tq2IDS net::ERR_ABORTED | /intelligence/bids?_rsc=yDw8cg_cK2Tq2IDS net::ERR_ABORTED | /crosses?_rsc=yDw8cg_cK2Tq2IDS net::ERR_ABORTED | /catalog/gudid?_rsc=yDw8cg_cK2Tq2IDS net::ERR_ABORTED | /analytics?_rsc=yDw8cg_cK2Tq2IDS net::ERR_ABORTED | /catalog?_rsc=yDw8cg_cK2Tq2IDS net::ERR_ABORTED | /settings?_rsc=yDw8cg_cK2Tq2IDS net::ERR_ABORTED | /notifications?_rsc=yDw8cg_cK2Tq2IDS net::ERR_ABORTED | /requests/new?_rsc=yDw8cg_cK2Tq2IDS net::ERR_ABORTED | /proposals/cmufem5ld0056k57d2utmar8g?_rsc=yDw8cg_cK2Tq2IDS net::ERR_ABORTED | /proposals/cmufe2r28001ai27dm62d5upt?_rsc=yDw8cg_cK2Tq2IDS net::ERR_ABORTED | /proposals/cmufdjtgl002w8l7dk6h2dqfi?_rsc=yDw8cg_cK2Tq2IDS net::ERR_ABORTED | /proposals/cmufdkkln003q8l7d1m4dm88l?_rsc=yDw8cg_cK2Tq2IDS net::ERR_ABORTED | /proposals/cmufejry60041k57dwr6rvl6x?_rsc=yDw8cg_cK2Tq2IDS net::ERR_ABORTED | /proposals/cmufdhh6r001w8l7d9fuqubfe?_rsc=yDw8cg_cK2Tq2IDS net::ERR_ABORTED | /proposals/cmufcovyo004l5y7dyhkzdcxj?_rsc=yDw8cg_cK2Tq2IDS net::ERR_ABORTED | /proposals/cmufcz0vr001hnp7dqk2z8vcf?_rsc=yDw8cg_cK2Tq2IDS net::ERR_ABORTED","","0","1","0","New request ; Switch user"
"CONTRACTING_MANAGER","/proposals/[id]","/proposals/cmufem5ld0056k57d2utmar8g","200","PRP-0035-v2 · WS3 Journey Hospital","","","0","/requests?_rsc=IZ6zrI2LDRRC1-Wd net::ERR_ABORTED | /proposals?_rsc=IZ6zrI2LDRRC1-Wd net::ERR_ABORTED | /approvals?_rsc=IZ6zrI2LDRRC1-Wd net::ERR_ABORTED | /?_rsc=IZ6zrI2LDRRC1-Wd net::ERR_ABORTED | /requests/cmufeje3o002hk57d491oejr5?_rsc=IZ6zrI2LDRRC1-Wd net::ERR_ABORTED | /crosses?_rsc=IZ6zrI2LDRRC1-Wd net::ERR_ABORTED | /settings?_rsc=IZ6zrI2LDRRC1-Wd net::ERR_ABORTED | /requests?_rsc=fAAmY66VdqvUMp3_ net::ERR_ABORTED | /requests/cmufeje3o002hk57d491oejr5?_rsc=fAAmY66VdqvUMp3_ net::ERR_ABORTED | /?_rsc=fAAmY66VdqvUMp3_ net::ERR_ABORTED | /proposals?_rsc=fAAmY66VdqvUMp3_ net::ERR_ABORTED | /approvals?_rsc=fAAmY66VdqvUMp3_ net::ERR_ABORTED | /accounts?_rsc=fAAmY66VdqvUMp3_ net::ERR_ABORTED | /contracts?_rsc=fAAmY66VdqvUMp3_ net::ERR_ABORTED | /intelligence?_rsc=fAAmY66VdqvUMp3_ net::ERR_ABORTED | /intelligence/bids?_rsc=fAAmY66VdqvUMp3_ net::ERR_ABORTED | /catalog?_rsc=fAAmY66VdqvUMp3_ net::ERR_ABORTED | /analytics?_rsc=fAAmY66VdqvUMp3_ net::ERR_ABORTED | /settings?_rsc=fAAmY66VdqvUMp3_ net::ERR_ABORTED | /requests/new?_rsc=fAAmY66VdqvUMp3_ net::ERR_ABORTED | /notifications?_rsc=fAAmY66VdqvUMp3_ net::ERR_ABORTED","","0","1","0","New request ; Switch user ; Submit for approval ; Quote PDF (disabled) ; .xlsx (disabled) ; Details ; Refresh to today's context ; Proposal ; Show audit trail ; Recalculate tax ; Edit ; 1190500 ; B12LTH"
"CONTRACTING_MANAGER","/approvals","/approvals","200","Pricing approvals","","","0","/?_rsc=Ut9iRRX_9PZKRdF- net::ERR_ABORTED | /requests?_rsc=Ut9iRRX_9PZKRdF- net::ERR_ABORTED | /proposals?_rsc=Ut9iRRX_9PZKRdF- net::ERR_ABORTED | /accounts?_rsc=Ut9iRRX_9PZKRdF- net::ERR_ABORTED | /contracts?_rsc=Ut9iRRX_9PZKRdF- net::ERR_ABORTED | /catalog?_rsc=Ut9iRRX_9PZKRdF- net::ERR_ABORTED | /catalog/gudid?_rsc=Ut9iRRX_9PZKRdF- net::ERR_ABORTED | /crosses?_rsc=Ut9iRRX_9PZKRdF- net::ERR_ABORTED | /settings?_rsc=Ut9iRRX_9PZKRdF- net::ERR_ABORTED | /requests/new?_rsc=Ut9iRRX_9PZKRdF- net::ERR_ABORTED | /?_rsc=AU6DTT46DVXZ7jWj net::ERR_ABORTED | /notifications?_rsc=Ut9iRRX_9PZKRdF- net::ERR_ABORTED | /accounts?_rsc=AU6DTT46DVXZ7jWj net::ERR_ABORTED | /contracts?_rsc=AU6DTT46DVXZ7jWj net::ERR_ABORTED | /approvals?_rsc=AU6DTT46DVXZ7jWj net::ERR_ABORTED | /proposals?_rsc=AU6DTT46DVXZ7jWj net::ERR_ABORTED | /intelligence?_rsc=AU6DTT46DVXZ7jWj net::ERR_ABORTED | /intelligence/bids?_rsc=AU6DTT46DVXZ7jWj net::ERR_ABORTED | /crosses?_rsc=AU6DTT46DVXZ7jWj net::ERR_ABORTED | /analytics?_rsc=AU6DTT46DVXZ7jWj net::ERR_ABORTED | /catalog/gudid?_rsc=AU6DTT46DVXZ7jWj net::ERR_ABORTED | /settings?_rsc=AU6DTT46DVXZ7jWj net::ERR_ABORTED | /notifications?_rsc=AU6DTT46DVXZ7jWj net::ERR_ABORTED | /requests/new?_rsc=AU6DTT46DVXZ7jWj net::ERR_ABORTED","","0","0","0","New request ; Switch user ; Delegate my approvals"
"CONTRACTING_MANAGER","/accounts","/accounts","200","Accounts & GPO membership","","","0","/?_rsc=iZGmHDWBA-6V7KTQ net::ERR_ABORTED | /requests?_rsc=iZGmHDWBA-6V7KTQ net::ERR_ABORTED | /proposals?_rsc=iZGmHDWBA-6V7KTQ net::ERR_ABORTED | /approvals?_rsc=iZGmHDWBA-6V7KTQ net::ERR_ABORTED | /contracts?_rsc=iZGmHDWBA-6V7KTQ net::ERR_ABORTED | /intelligence?_rsc=iZGmHDWBA-6V7KTQ net::ERR_ABORTED | /analytics?_rsc=iZGmHDWBA-6V7KTQ net::ERR_ABORTED | /settings?_rsc=iZGmHDWBA-6V7KTQ net::ERR_ABORTED | /requests/new?_rsc=iZGmHDWBA-6V7KTQ net::ERR_ABORTED | /accounts/cmuf6hihm02rkks7drm31yuur?_rsc=iZGmHDWBA-6V7KTQ net::ERR_ABORTED | /?_rsc=oRxEn_R9e10JER3Z net::ERR_ABORTED | /requests?_rsc=oRxEn_R9e10JER3Z net::ERR_ABORTED | /proposals?_rsc=oRxEn_R9e10JER3Z net::ERR_ABORTED | /approvals?_rsc=oRxEn_R9e10JER3Z net::ERR_ABORTED | /accounts?_rsc=oRxEn_R9e10JER3Z net::ERR_ABORTED | /contracts?_rsc=oRxEn_R9e10JER3Z net::ERR_ABORTED | /intelligence?_rsc=oRxEn_R9e10JER3Z net::ERR_ABORTED | /intelligence/bids?_rsc=oRxEn_R9e10JER3Z net::ERR_ABORTED | /analytics?_rsc=oRxEn_R9e10JER3Z net::ERR_ABORTED | /crosses?_rsc=oRxEn_R9e10JER3Z net::ERR_ABORTED | /settings?_rsc=oRxEn_R9e10JER3Z net::ERR_ABORTED | /notifications?_rsc=oRxEn_R9e10JER3Z net::ERR_ABORTED | /accounts/cmuf6hihm02rkks7drm31yuur?_rsc=oRxEn_R9e10JER3Z net::ERR_ABORTED | /requests/new?_rsc=oRxEn_R9e10JER3Z net::ERR_ABORTED | /accounts/cmuf6hiho02rlks7d2xz6w5ev?_rsc=oRxEn_R9e10JER3Z net::ERR_ABORTED | /accounts/cmuf6hihq02rmks7did2qxong?_rsc=oRxEn_R9e10JER3Z net::ERR_ABORTED | /accounts/cmufdfwvc009mnp7dh1j0oelm?_rsc=oRxEn_R9e10JER3Z net::ERR_ABORTED | /accounts/cmufdfwvr009pnp7dx6f1v0bl?_rsc=oRxEn_R9e10JER3Z net::ERR_ABORTED | /accounts/cmuf6hihk02rjks7dyamo9w2u?_rsc=oRxEn_R9e10JER3Z net::ERR_ABORTED | /accounts/cmuf6hihh02riks7dkuig0cbl?_rsc=oRxEn_R9e10JER3Z net::ERR_ABORTED | /accounts/cmufcovwl004k5y7d1mnqn7fa?_rsc=oRxEn_R9e10JER3Z net::ERR_ABORTED","","0","0","0","New request ; Switch user"
"CONTRACTING_MANAGER","/accounts/[id]","/accounts/cmuf6hihm02rkks7drm31yuur","200","Hospital A — Mount Vernon General","","","0","/?_rsc=pYoAThzR_ryjq0MS net::ERR_ABORTED | /requests?_rsc=pYoAThzR_ryjq0MS net::ERR_ABORTED | /proposals?_rsc=pYoAThzR_ryjq0MS net::ERR_ABORTED | /approvals?_rsc=pYoAThzR_ryjq0MS net::ERR_ABORTED | /contracts?_rsc=pYoAThzR_ryjq0MS net::ERR_ABORTED | /intelligence?_rsc=pYoAThzR_ryjq0MS net::ERR_ABORTED | /accounts?_rsc=pYoAThzR_ryjq0MS net::ERR_ABORTED | /intelligence/bids?_rsc=pYoAThzR_ryjq0MS net::ERR_ABORTED | /catalog?_rsc=pYoAThzR_ryjq0MS net::ERR_ABORTED | /crosses?_rsc=pYoAThzR_ryjq0MS net::ERR_ABORTED | /analytics?_rsc=pYoAThzR_ryjq0MS net::ERR_ABORTED | /settings?_rsc=pYoAThzR_ryjq0MS net::ERR_ABORTED | /notifications?_rsc=pYoAThzR_ryjq0MS net::ERR_ABORTED | /contracts/cmufdgwn600018l7dib8n6qm4?_rsc=pYoAThzR_ryjq0MS net::ERR_ABORTED | /requests/new?_rsc=pYoAThzR_ryjq0MS net::ERR_ABORTED | /contracts/cmuf6himl02swks7dif6nb96r?_rsc=pYoAThzR_ryjq0MS net::ERR_ABORTED | /contracts/cmufehj7i0011k57dzpf8j0ce?_rsc=pYoAThzR_ryjq0MS net::ERR_ABORTED | /?_rsc=gRQ4rCW2m6dkjkis net::ERR_ABORTED | /requests?_rsc=gRQ4rCW2m6dkjkis net::ERR_ABORTED | /approvals?_rsc=gRQ4rCW2m6dkjkis net::ERR_ABORTED | /accounts?_rsc=gRQ4rCW2m6dkjkis net::ERR_ABORTED | /proposals?_rsc=gRQ4rCW2m6dkjkis net::ERR_ABORTED | /contracts?_rsc=gRQ4rCW2m6dkjkis net::ERR_ABORTED | /intelligence?_rsc=gRQ4rCW2m6dkjkis net::ERR_ABORTED | /intelligence/bids?_rsc=gRQ4rCW2m6dkjkis net::ERR_ABORTED | /catalog?_rsc=gRQ4rCW2m6dkjkis net::ERR_ABORTED | /analytics?_rsc=gRQ4rCW2m6dkjkis net::ERR_ABORTED | /catalog/gudid?_rsc=gRQ4rCW2m6dkjkis net::ERR_ABORTED | /settings?_rsc=gRQ4rCW2m6dkjkis net::ERR_ABORTED | /crosses?_rsc=gRQ4rCW2m6dkjkis net::ERR_ABORTED | /notifications?_rsc=gRQ4rCW2m6dkjkis net::ERR_ABORTED | /requests/new?_rsc=gRQ4rCW2m6dkjkis net::ERR_ABORTED | /contracts/cmuf6himl02swks7dif6nb96r?_rsc=gRQ4rCW2m6dkjkis net::ERR_ABORTED | /contracts/cmufdgwn600018l7dib8n6qm4?_rsc=gRQ4rCW2m6dkjkis net::ERR_ABORTED | /contracts/cmufehj7i0011k57dzpf8j0ce?_rsc=gRQ4rCW2m6dkjkis net::ERR_ABORTED","","0","1","0","New request ; Switch user"
"CONTRACTING_MANAGER","/contracts","/contracts","200","Contracts & price context","","","0","/?_rsc=DzmfcRRfJeItXkgz net::ERR_ABORTED | /requests?_rsc=DzmfcRRfJeItXkgz net::ERR_ABORTED | /approvals?_rsc=DzmfcRRfJeItXkgz net::ERR_ABORTED | /proposals?_rsc=DzmfcRRfJeItXkgz net::ERR_ABORTED | /intelligence?_rsc=DzmfcRRfJeItXkgz net::ERR_ABORTED | /intelligence/bids?_rsc=DzmfcRRfJeItXkgz net::ERR_ABORTED | /analytics?_rsc=DzmfcRRfJeItXkgz net::ERR_ABORTED | /catalog?_rsc=DzmfcRRfJeItXkgz net::ERR_ABORTED | /catalog/gudid?_rsc=DzmfcRRfJeItXkgz net::ERR_ABORTED | /crosses?_rsc=DzmfcRRfJeItXkgz net::ERR_ABORTED | /settings?_rsc=DzmfcRRfJeItXkgz net::ERR_ABORTED | /notifications?_rsc=DzmfcRRfJeItXkgz net::ERR_ABORTED | /requests/new?_rsc=DzmfcRRfJeItXkgz net::ERR_ABORTED | /contracts/cmuf6himu02sxks7dkgml1rr2?_rsc=DzmfcRRfJeItXkgz net::ERR_ABORTED | /contracts/cmufdjs85002o8l7dlcs3cpjp?_rsc=DzmfcRRfJeItXkgz net::ERR_ABORTED | /contracts/cmufe2ptb0012i27dn2ix59o5?_rsc=DzmfcRRfJeItXkgz net::ERR_ABORTED | /contracts/cmufdkjds003i8l7d15s8fm19?_rsc=DzmfcRRfJeItXkgz net::ERR_ABORTED | /?_rsc=2Ju2sngZl13OvaTN net::ERR_ABORTED | /requests?_rsc=2Ju2sngZl13OvaTN net::ERR_ABORTED | /proposals?_rsc=2Ju2sngZl13OvaTN net::ERR_ABORTED | /approvals?_rsc=2Ju2sngZl13OvaTN net::ERR_ABORTED | /accounts?_rsc=2Ju2sngZl13OvaTN net::ERR_ABORTED | /contracts?_rsc=2Ju2sngZl13OvaTN net::ERR_ABORTED | /intelligence/bids?_rsc=2Ju2sngZl13OvaTN net::ERR_ABORTED | /analytics?_rsc=2Ju2sngZl13OvaTN net::ERR_ABORTED | /intelligence?_rsc=2Ju2sngZl13OvaTN net::ERR_ABORTED | /catalog?_rsc=2Ju2sngZl13OvaTN net::ERR_ABORTED | /catalog/gudid?_rsc=2Ju2sngZl13OvaTN net::ERR_ABORTED | /settings?_rsc=2Ju2sngZl13OvaTN net::ERR_ABORTED | /crosses?_rsc=2Ju2sngZl13OvaTN net::ERR_ABORTED | /notifications?_rsc=2Ju2sngZl13OvaTN net::ERR_ABORTED | /contracts/cmufdjs85002o8l7dlcs3cpjp?_rsc=2Ju2sngZl13OvaTN net::ERR_ABORTED | /contracts/cmufdkjds003i8l7d15s8fm19?_rsc=2Ju2sngZl13OvaTN net::ERR_ABORTED | /contracts/cmuf6himu02sxks7dkgml1rr2?_rsc=2Ju2sngZl13OvaTN net::ERR_ABORTED | /contracts/cmuf6himl02swks7dif6nb96r?_rsc=2Ju2sngZl13OvaTN net::ERR_ABORTED | /contracts/cmufem4bg004yk57dg70ct1u2?_rsc=2Ju2sngZl13OvaTN net::ERR_ABORTED | /contracts/cmufe2ptb0012i27dn2ix59o5?_rsc=2Ju2sngZl13OvaTN net::ERR_ABORTED | /contracts/cmufdgwn600018l7dib8n6qm4?_rsc=2Ju2sngZl13OvaTN net::ERR_ABORTED | /contracts/cmufehj7i0011k57dzpf8j0ce?_rsc=2Ju2sngZl13OvaTN net::ERR_ABORTED","","0","1","0","New request ; Switch user ; New contract"
"CONTRACTING_MANAGER","/contracts/[id]","/contracts/cmuf6himu02sxks7dkgml1rr2","200","MSK-LOCAL-2026 · MSK local mesh agreement","","","0","/?_rsc=TQOCHQXESAyQ3VEl net::ERR_ABORTED | /requests?_rsc=TQOCHQXESAyQ3VEl net::ERR_ABORTED | /proposals?_rsc=TQOCHQXESAyQ3VEl net::ERR_ABORTED | /approvals?_rsc=TQOCHQXESAyQ3VEl net::ERR_ABORTED | /intelligence/bids?_rsc=TQOCHQXESAyQ3VEl net::ERR_ABORTED | /accounts?_rsc=TQOCHQXESAyQ3VEl net::ERR_ABORTED | /contracts?_rsc=TQOCHQXESAyQ3VEl net::ERR_ABORTED | /intelligence?_rsc=TQOCHQXESAyQ3VEl net::ERR_ABORTED | /analytics?_rsc=TQOCHQXESAyQ3VEl net::ERR_ABORTED | /catalog?_rsc=TQOCHQXESAyQ3VEl net::ERR_ABORTED | /catalog/gudid?_rsc=TQOCHQXESAyQ3VEl net::ERR_ABORTED | /crosses?_rsc=TQOCHQXESAyQ3VEl net::ERR_ABORTED | /settings?_rsc=TQOCHQXESAyQ3VEl net::ERR_ABORTED | /notifications?_rsc=TQOCHQXESAyQ3VEl net::ERR_ABORTED | /accounts/cmuf6hihk02rjks7dyamo9w2u?_rsc=12web-rdU3k9vLaG net::ERR_ABORTED | /?_rsc=12web-rdU3k9vLaG net::ERR_ABORTED | /requests?_rsc=12web-rdU3k9vLaG net::ERR_ABORTED | /accounts?_rsc=12web-rdU3k9vLaG net::ERR_ABORTED | /contracts?_rsc=12web-rdU3k9vLaG net::ERR_ABORTED | /intelligence?_rsc=12web-rdU3k9vLaG net::ERR_ABORTED | /approvals?_rsc=12web-rdU3k9vLaG net::ERR_ABORTED | /intelligence/bids?_rsc=12web-rdU3k9vLaG net::ERR_ABORTED | /analytics?_rsc=12web-rdU3k9vLaG net::ERR_ABORTED | /catalog?_rsc=12web-rdU3k9vLaG net::ERR_ABORTED | /settings?_rsc=12web-rdU3k9vLaG net::ERR_ABORTED | /requests/new?_rsc=12web-rdU3k9vLaG net::ERR_ABORTED | /crosses?_rsc=12web-rdU3k9vLaG net::ERR_ABORTED | /notifications?_rsc=12web-rdU3k9vLaG net::ERR_ABORTED","","0","1","0","New request ; Switch user ; Refresh performance ; Terminate ; Add commitment ; remove ; Add rebate ; Save entries (disabled)"
"CONTRACTING_MANAGER","/intelligence","/intelligence","200","Competitor pricing","","","0","/?_rsc=3fD0047dUoUPXvG2 net::ERR_ABORTED | /requests?_rsc=3fD0047dUoUPXvG2 net::ERR_ABORTED | /proposals?_rsc=3fD0047dUoUPXvG2 net::ERR_ABORTED | /approvals?_rsc=3fD0047dUoUPXvG2 net::ERR_ABORTED | /accounts?_rsc=3fD0047dUoUPXvG2 net::ERR_ABORTED | /contracts?_rsc=3fD0047dUoUPXvG2 net::ERR_ABORTED | /catalog?_rsc=3fD0047dUoUPXvG2 net::ERR_ABORTED | /settings?_rsc=3fD0047dUoUPXvG2 net::ERR_ABORTED | /catalog/gudid?_rsc=3fD0047dUoUPXvG2 net::ERR_ABORTED | /notifications?_rsc=3fD0047dUoUPXvG2 net::ERR_ABORTED | /requests/new?_rsc=3fD0047dUoUPXvG2 net::ERR_ABORTED | /?_rsc=gu9LWiAQNzfrKsW2 net::ERR_ABORTED | /requests?_rsc=gu9LWiAQNzfrKsW2 net::ERR_ABORTED | /proposals?_rsc=gu9LWiAQNzfrKsW2 net::ERR_ABORTED | /approvals?_rsc=gu9LWiAQNzfrKsW2 net::ERR_ABORTED | /accounts?_rsc=gu9LWiAQNzfrKsW2 net::ERR_ABORTED | /contracts?_rsc=gu9LWiAQNzfrKsW2 net::ERR_ABORTED | /intelligence?_rsc=gu9LWiAQNzfrKsW2 net::ERR_ABORTED | /intelligence/bids?_rsc=gu9LWiAQNzfrKsW2 net::ERR_ABORTED | /analytics?_rsc=gu9LWiAQNzfrKsW2 net::ERR_ABORTED | /catalog?_rsc=gu9LWiAQNzfrKsW2 net::ERR_ABORTED | /notifications?_rsc=gu9LWiAQNzfrKsW2 net::ERR_ABORTED | /catalog/gudid?_rsc=gu9LWiAQNzfrKsW2 net::ERR_ABORTED | /crosses?_rsc=gu9LWiAQNzfrKsW2 net::ERR_ABORTED | /settings?_rsc=gu9LWiAQNzfrKsW2 net::ERR_ABORTED | /requests/new?_rsc=gu9LWiAQNzfrKsW2 net::ERR_ABORTED","","0","1","0","New request ; Switch user ; 1190500 ; WS3OBS3 ; WS3OBS2 ; WS3OBS1 ; 112680 ; 1190816 ; SPMII ; 1200710 ; 1201520 ; 113700 ; 112650 ; 112660 ; UPA31015 ; 1190820 ; 1202025 ; 1190300 ; SPMXXL ; 1410015010 ; 1DLMC03 ; 1DLMC05"
"CONTRACTING_MANAGER","/intelligence/bids","/intelligence/bids","200","Public bids and awards","","","0","/?_rsc=2gWrMJaxdn-CU2fc net::ERR_ABORTED | /requests?_rsc=2gWrMJaxdn-CU2fc net::ERR_ABORTED | /proposals?_rsc=2gWrMJaxdn-CU2fc net::ERR_ABORTED | /approvals?_rsc=2gWrMJaxdn-CU2fc net::ERR_ABORTED | /contracts?_rsc=2gWrMJaxdn-CU2fc net::ERR_ABORTED | /analytics?_rsc=2gWrMJaxdn-CU2fc net::ERR_ABORTED | /catalog?_rsc=2gWrMJaxdn-CU2fc net::ERR_ABORTED | /catalog/gudid?_rsc=2gWrMJaxdn-CU2fc net::ERR_ABORTED | /crosses?_rsc=2gWrMJaxdn-CU2fc net::ERR_ABORTED | /notifications?_rsc=2gWrMJaxdn-CU2fc net::ERR_ABORTED | /requests/new?_rsc=2gWrMJaxdn-CU2fc net::ERR_ABORTED | /?_rsc=W5McYxvxTMCZbYJx net::ERR_ABORTED | /approvals?_rsc=W5McYxvxTMCZbYJx net::ERR_ABORTED | /requests?_rsc=W5McYxvxTMCZbYJx net::ERR_ABORTED | /proposals?_rsc=W5McYxvxTMCZbYJx net::ERR_ABORTED | /accounts?_rsc=W5McYxvxTMCZbYJx net::ERR_ABORTED | /contracts?_rsc=W5McYxvxTMCZbYJx net::ERR_ABORTED | /intelligence?_rsc=W5McYxvxTMCZbYJx net::ERR_ABORTED | /catalog?_rsc=W5McYxvxTMCZbYJx net::ERR_ABORTED | /intelligence/bids?_rsc=W5McYxvxTMCZbYJx net::ERR_ABORTED | /analytics?_rsc=W5McYxvxTMCZbYJx net::ERR_ABORTED | /notifications?_rsc=W5McYxvxTMCZbYJx net::ERR_ABORTED | /settings?_rsc=W5McYxvxTMCZbYJx net::ERR_ABORTED","","0","0","0","New request ; Switch user ; Pull (disabled) ; Save (disabled) ; Bid file (disabled)"
"CONTRACTING_MANAGER","/intelligence/extractions/[id]","/intelligence/extractions/missing0000000000000000","200","Extraction","Failed to load resource: the server responded with a status of 404 (Not Found)","","0","/?_rsc=VJB2dfGule5Oh2L3 net::ERR_ABORTED | /requests?_rsc=VJB2dfGule5Oh2L3 net::ERR_ABORTED | /proposals?_rsc=VJB2dfGule5Oh2L3 net::ERR_ABORTED | /approvals?_rsc=VJB2dfGule5Oh2L3 net::ERR_ABORTED | /contracts?_rsc=VJB2dfGule5Oh2L3 net::ERR_ABORTED | /intelligence?_rsc=VJB2dfGule5Oh2L3 net::ERR_ABORTED | /accounts?_rsc=VJB2dfGule5Oh2L3 net::ERR_ABORTED | /catalog/gudid?_rsc=VJB2dfGule5Oh2L3 net::ERR_ABORTED | /analytics?_rsc=VJB2dfGule5Oh2L3 net::ERR_ABORTED | /catalog?_rsc=VJB2dfGule5Oh2L3 net::ERR_ABORTED | /crosses?_rsc=VJB2dfGule5Oh2L3 net::ERR_ABORTED | /notifications?_rsc=VJB2dfGule5Oh2L3 net::ERR_ABORTED | /requests/new?_rsc=VJB2dfGule5Oh2L3 net::ERR_ABORTED | /settings?_rsc=VJB2dfGule5Oh2L3 net::ERR_ABORTED | /approvals?_rsc=wBL8jh-0AxNJNXN_ net::ERR_ABORTED | /requests?_rsc=wBL8jh-0AxNJNXN_ net::ERR_ABORTED | /proposals?_rsc=wBL8jh-0AxNJNXN_ net::ERR_ABORTED | /contracts?_rsc=wBL8jh-0AxNJNXN_ net::ERR_ABORTED | /intelligence?_rsc=wBL8jh-0AxNJNXN_ net::ERR_ABORTED | /intelligence/bids?_rsc=wBL8jh-0AxNJNXN_ net::ERR_ABORTED | /analytics?_rsc=wBL8jh-0AxNJNXN_ net::ERR_ABORTED | /crosses?_rsc=wBL8jh-0AxNJNXN_ net::ERR_ABORTED | /catalog/gudid?_rsc=wBL8jh-0AxNJNXN_ net::ERR_ABORTED | /catalog?_rsc=wBL8jh-0AxNJNXN_ net::ERR_ABORTED | /settings?_rsc=wBL8jh-0AxNJNXN_ net::ERR_ABORTED | /notifications?_rsc=wBL8jh-0AxNJNXN_ net::ERR_ABORTED | /requests/new?_rsc=wBL8jh-0AxNJNXN_ net::ERR_ABORTED","404 /api/documents/extractions/missing0000000000000000","0","0","0","New request ; Switch user"
"CONTRACTING_MANAGER","/analytics","/analytics","200","Commercial feedback loop","","","0","/proposals?_rsc=ix5_aAief6TvBg04 net::ERR_ABORTED | /approvals?_rsc=ix5_aAief6TvBg04 net::ERR_ABORTED | /?_rsc=ix5_aAief6TvBg04 net::ERR_ABORTED | /requests?_rsc=ix5_aAief6TvBg04 net::ERR_ABORTED | /accounts?_rsc=ix5_aAief6TvBg04 net::ERR_ABORTED | /intelligence?_rsc=ix5_aAief6TvBg04 net::ERR_ABORTED | /contracts?_rsc=ix5_aAief6TvBg04 net::ERR_ABORTED | /intelligence/bids?_rsc=ix5_aAief6TvBg04 net::ERR_ABORTED | /catalog/gudid?_rsc=ix5_aAief6TvBg04 net::ERR_ABORTED | /crosses?_rsc=ix5_aAief6TvBg04 net::ERR_ABORTED | /catalog?_rsc=ix5_aAief6TvBg04 net::ERR_ABORTED | /settings?_rsc=ix5_aAief6TvBg04 net::ERR_ABORTED | /notifications?_rsc=ix5_aAief6TvBg04 net::ERR_ABORTED | /?_rsc=Dt318okBLJyNDlfE net::ERR_ABORTED | /requests/new?_rsc=ix5_aAief6TvBg04 net::ERR_ABORTED | /requests?_rsc=Dt318okBLJyNDlfE net::ERR_ABORTED | /proposals?_rsc=Dt318okBLJyNDlfE net::ERR_ABORTED | /accounts?_rsc=Dt318okBLJyNDlfE net::ERR_ABORTED | /contracts?_rsc=Dt318okBLJyNDlfE net::ERR_ABORTED | /approvals?_rsc=Dt318okBLJyNDlfE net::ERR_ABORTED | /intelligence?_rsc=Dt318okBLJyNDlfE net::ERR_ABORTED | /analytics?_rsc=Dt318okBLJyNDlfE net::ERR_ABORTED | /crosses?_rsc=Dt318okBLJyNDlfE net::ERR_ABORTED | /notifications?_rsc=Dt318okBLJyNDlfE net::ERR_ABORTED | /requests/new?_rsc=Dt318okBLJyNDlfE net::ERR_ABORTED | /settings?_rsc=Dt318okBLJyNDlfE net::ERR_ABORTED","","0","1","0","New request ; Switch user ; Refresh"
"CONTRACTING_MANAGER","/catalog","/catalog","200","Our catalog","","","0","/?_rsc=OYzo7EH3MGwwxBfF net::ERR_ABORTED | /requests?_rsc=OYzo7EH3MGwwxBfF net::ERR_ABORTED | /contracts?_rsc=OYzo7EH3MGwwxBfF net::ERR_ABORTED | /intelligence?_rsc=OYzo7EH3MGwwxBfF net::ERR_ABORTED | /intelligence/bids?_rsc=OYzo7EH3MGwwxBfF net::ERR_ABORTED | /analytics?_rsc=OYzo7EH3MGwwxBfF net::ERR_ABORTED | /catalog/gudid?_rsc=OYzo7EH3MGwwxBfF net::ERR_ABORTED | /requests/new?_rsc=OYzo7EH3MGwwxBfF net::ERR_ABORTED | /crosses?_rsc=OYzo7EH3MGwwxBfF net::ERR_ABORTED | /settings?_rsc=OYzo7EH3MGwwxBfF net::ERR_ABORTED | /approvals?_rsc=O6cAbYUSgs3KBG-F net::ERR_ABORTED | /requests?_rsc=O6cAbYUSgs3KBG-F net::ERR_ABORTED | /proposals?_rsc=O6cAbYUSgs3KBG-F net::ERR_ABORTED | /?_rsc=O6cAbYUSgs3KBG-F net::ERR_ABORTED | /accounts?_rsc=O6cAbYUSgs3KBG-F net::ERR_ABORTED | /contracts?_rsc=O6cAbYUSgs3KBG-F net::ERR_ABORTED | /intelligence?_rsc=O6cAbYUSgs3KBG-F net::ERR_ABORTED | /intelligence/bids?_rsc=O6cAbYUSgs3KBG-F net::ERR_ABORTED | /analytics?_rsc=O6cAbYUSgs3KBG-F net::ERR_ABORTED | /settings?_rsc=O6cAbYUSgs3KBG-F net::ERR_ABORTED | /catalog?_rsc=O6cAbYUSgs3KBG-F net::ERR_ABORTED | /catalog/gudid?_rsc=O6cAbYUSgs3KBG-F net::ERR_ABORTED | /crosses?_rsc=O6cAbYUSgs3KBG-F net::ERR_ABORTED | /notifications?_rsc=O6cAbYUSgs3KBG-F net::ERR_ABORTED | /requests/new?_rsc=O6cAbYUSgs3KBG-F net::ERR_ABORTED","","0","1","0","New request ; Switch user ; GUDID library ; Enrich from GUDID ; Competitor sizes ; Add SKUs ; 174006 ; ABSTACK30 ; ABSTACK30X ; PCO2015X ; PCO2520X ; PCO9X ; 11-1276 ; 11-1278 ; 171305 ; 173019 ; 173030 ; 173046 ; 173049 ; 173050G ; 174001 ; 174209 ; 174213 ; 174233 ; 174301 ; 174309 ; 174317 ; 174601 ; 176605 ; 176613 ; 176643 ; 176645 ; 176647 ; 178081 ; 178083 ; 178091 ; 178093 ; 178099 ; 25030 ; CATCH10 ; E3781-28 ; E3781R-28ASP ; E3783-28 ; E3783R-28ASP ; E3783R-36ASP ; LF1837 ; LF5637 ; SILSCLINCH46 ; SILSDISSECT46 ; SILSHOOK36 ; SILSHOOK46 ; SILSSHEAR46 ; WPLGR914 ; WPXLGR1117 ; 010316L ; 010460 ; 010470 ; 015427L ; 015433L ; 015441L ; 015451L ; 015458L ; 015477L ; 015485L ; 015888L ; 017614 ; 020242 ; 030330L ; 030412 ; 030424L ; 030425 ; 030426 ; 030454 ; 030470 ; 030735L ; 059037 ; 111981 ; 111983 ; 111985 ; 111987 ; 111989 ; 3948L ; 3971 ; 3973 ; 4901T ; 8886803712 ; EEA21 ; EEA2135 ; EEA25 ; EEA2535 ; EEA28 ; EEA2835 ; EEA31 ; EEA33 ; EEAXL21 ; EEAXL2135 ; EEAXL25 ; EEAXL2535 ; EEAXL28 ; EEAXL2835 ; EEAXL31 ; EEAXL33 ; EGIA45AMT ; EGIA45AV ; EGIA45AVM ; EGIA45CTAVM ; EGIA60AMT ; EGIA60AVM ; EGIA60AXT ; EGIARADMT ; EGIARADVM ; EGIARADXT ; EGIAUSHORT ; EGIAUSTND ; EGIAUXL ; GIA10038L ; GIA10038S ; GIA10048L ; GIA10048S ; GIA6025L ; GIA6025S ; GIA6038L ; GIA6038S ; GIA6048L ; GIA6048S ; GIA60MTC ; GIA60MTS ; GIA60XTC ; GIA60XTS ; GIA8038L ; GIA8038S ; GIA8048L ; GIA8048S ; GIA80MTC ; GIA80MTS ; GIA80XTC ; GIA80XTS ; HEM3335 ; HEM3348 ; IDRVULTRA1 ; SGIA6038S ; SIG30AMT ; SIG30AV ; SIG30AVM ; SIG30CTAV ; SIG30CTAVM ; SIG45AMT ; SIG45AXT ; SIG45CTAMT ; SIG45CTAV ; SIG45CTAVM ; SIG60AMT ; SIG60AXT ; SIG60CTAMT ; SIG60CTAVM ; SIGADAPTSHORT ; SIGADAPTSTND ; SIGADAPTXL ; SIGC45MT ; SIGC45V ; SIGC45VM ; SIGC45VT ; SIGC60MT ; SIGC60V ; SIGC60VM ; SIGC60VT ; SIGLU45A ; SIGLU60A ; SIGPSHELL ; SIGRADMT ; SIGRADVM ; SIGRADXT ; SIGSDL45CTVT ; SIGSDS30CTV ; SIGSDS30CTVT ; SIGTRSB45AMT ; SIGTRSB45AXT ; SIGTRSB60AMT ; SIGTRSB60AXT ; TA3035L ; TA3035S ; TA3048L ; TA3048S ; TA30V3L ; TA30V3S ; TA4535L ; TA4535S ; TA4548L ; TA4548S ; TA6035L ; TA6035S ; TA6048L ; TA6048S ; TA9035L ; TA9035S ; TA9048L ; TA9048S ; TRIEEA28MT ; TRIEEA28XT ; TRIEEA31MT ; TRIEEA31XT ; TRIEEAXL28MT ; TRIEEAXL28XT ; TRIEEAXL31MT ; TRIEEAXL31XT ; TRIEEAXL33MT ; PPDS12 ; PPDS15 ; PPDS1510 ; PPDS2015 ; PPM1106X3 ; PPM1510X3 ; PPM4530 ; 171313 ; 171315 ; 172015 ; 172016 ; 176626P ; 176673P ; 176674P ; 176674PF ; 177090P ; 177090PF ; 177091P ; 177091PF ; 177092 ; 177092F ; 177992P ; 177995P ; 179076P ; 179077P ; 179078PF ; 179093 ; 179093F ; 179094 ; 179094F ; 179095P ; 179096P ; 179096PF ; 179097P ; 179097PF ; 179100 ; 179101 ; 179102P ; 179301 ; 179303 ; 179305 ; 179307 ; 179308 ; 179309 ; 179310 ; 21-345 ; 220-50 ; 24055- ; 4216 ; B11STF ; B11STS ; B12LGF ; B12LGS ; B12STF ; B12STFCS ; B12STS ; B5SHF ; B5SHS ; B5STF ; B5STS ; BPT12STS ; MS100703 ; MS100705 ; MS100708 ; MS101003 ; MS101005 ; MS101008 ; NB11STF ; NB12LGF ; NB12SHF ; NB12STF ; NB12STS ; NB15LGF ; NB15STF ; NB3SHFLP ; NB5LGF ; NB5SHF ; NB5SHFLP ; NB5STF ; NB5STFLP ; NBFCA11ST ; NBFCA12ST ; NONB11STF ; NONB12LGF ; NONB12SHF ; NONB12STF ; NONB12STS ; NONB15LGF ; NONB15STF ; NONB5LGF ; NONB5SHF ; NONB5STF ; NONB8STF ; OMS-T10BT ; OMS-T10BTNL ; OMS-T10BTS ; OMS-T10BTSNL ; OMS-T12BT ; OMS-T12BTNL ; ONB11LGF ; ONB11STF ; ONB12LGF ; ONB12SHF ; ONB12STF ; ONB12STF-NSB ; ONB12STFCS ; ONB12STS ; ONB15STF ; ONB5LGF ; ONB5SHF ; ONB5STF ; ONB5STF-NSB ; ONB5STF2C ; ONBFCA11ST ; S100000 ; S100700 ; S100705 ; S100710 ; S100712 ; S101000 ; S101005 ; S101010 ; S101012 ; S110000 ; SILSPT12TA ; SILSPT5TA ; UNVCA11STF ; UNVCA12LGF ; UNVCA12STF ; UNVCA12STF-NSB ; UNVCA12STS ; UNVCA5LGF ; UNVCA5SHF ; UNVCA5STF ; VS070000 ; VS100700 ; VS100705 ; VS100711P ; VS100712P ; VS101000 ; VS101005 ; VS101011P ; VS101012P ; VS101015P ; VS101500 ; VS101505 ; VS101512P ; VS150000 ; VSR100005 ; VSR100812P ; WPMD509 ; WPSM256 ; WPXSM24"
"CONTRACTING_MANAGER","/catalog/gudid","/catalog/gudid","200","GUDID library","","","0","/?_rsc=DGmoGnAw5OqJpMhM net::ERR_ABORTED | /requests?_rsc=DGmoGnAw5OqJpMhM net::ERR_ABORTED | /proposals?_rsc=DGmoGnAw5OqJpMhM net::ERR_ABORTED | /approvals?_rsc=DGmoGnAw5OqJpMhM net::ERR_ABORTED | /intelligence/bids?_rsc=DGmoGnAw5OqJpMhM net::ERR_ABORTED | /accounts?_rsc=DGmoGnAw5OqJpMhM net::ERR_ABORTED | /contracts?_rsc=DGmoGnAw5OqJpMhM net::ERR_ABORTED | /intelligence?_rsc=DGmoGnAw5OqJpMhM net::ERR_ABORTED | /catalog?_rsc=DGmoGnAw5OqJpMhM net::ERR_ABORTED | /crosses?_rsc=DGmoGnAw5OqJpMhM net::ERR_ABORTED | /settings?_rsc=DGmoGnAw5OqJpMhM net::ERR_ABORTED | /analytics?_rsc=DGmoGnAw5OqJpMhM net::ERR_ABORTED | /requests/new?_rsc=DGmoGnAw5OqJpMhM net::ERR_ABORTED | /notifications?_rsc=DGmoGnAw5OqJpMhM net::ERR_ABORTED | /?_rsc=Z9EVd8HHdUwJDdIQ net::ERR_ABORTED | /requests?_rsc=Z9EVd8HHdUwJDdIQ net::ERR_ABORTED | /approvals?_rsc=Z9EVd8HHdUwJDdIQ net::ERR_ABORTED | /proposals?_rsc=Z9EVd8HHdUwJDdIQ net::ERR_ABORTED | /accounts?_rsc=Z9EVd8HHdUwJDdIQ net::ERR_ABORTED | /contracts?_rsc=Z9EVd8HHdUwJDdIQ net::ERR_ABORTED | /intelligence?_rsc=Z9EVd8HHdUwJDdIQ net::ERR_ABORTED | /intelligence/bids?_rsc=Z9EVd8HHdUwJDdIQ net::ERR_ABORTED | /catalog?_rsc=Z9EVd8HHdUwJDdIQ net::ERR_ABORTED | /analytics?_rsc=Z9EVd8HHdUwJDdIQ net::ERR_ABORTED | /catalog/gudid?_rsc=Z9EVd8HHdUwJDdIQ net::ERR_ABORTED | /notifications?_rsc=Z9EVd8HHdUwJDdIQ net::ERR_ABORTED | /crosses?_rsc=Z9EVd8HHdUwJDdIQ net::ERR_ABORTED | /settings?_rsc=Z9EVd8HHdUwJDdIQ net::ERR_ABORTED | /requests/new?_rsc=Z9EVd8HHdUwJDdIQ net::ERR_ABORTED","","0","0","0","New request ; Switch user ; Import from GUDID ; DXT1309AL ; Add to our catalog ; DXT1309AR ; DXT1510AL ; DXT1510AR ; DXT1612AL ; DXT1612AR ; DTN07R ; DTN07RX3 ; DTN07RX6 ; DTN10R ; DTN10RX3 ; DTN10RX6 ; DTN1610E ; DTN1610EX3 ; DTN1610EX6 ; PP0611 ; PP0611X3 ; PP1510 ; PP1510X3 ; PP1515 ; PP2020 ; PP3030 ; PPM1106 ; PPM1106X3 ; PPM1106X6 ; PPM1508 ; PPM1508X3 ; PPM1508X6 ; PPM1510 ; PPM1510X3 ; PPM1510X6 ; PPM1515 ; PPM1515X3 ; PPM1515X6 ; PPM2020 ; PPM2020X3 ; PPM3030 ; PPM3030X3 ; PPM4530 ; PPM4530X3 ; PPM5050 ; PPMK1106 ; PPMK1106X3 ; PPMK1106X6 ; PPMK1508 ; PPMK1508X3 ; PPMK1508X6 ; PPDS12 ; PPDS12X3 ; PPDS15 ; PPDS1510 ; PPDS1510X3 ; PPDS15X3 ; PPDS2015 ; PPDS2015X3 ; PPDS2520 ; PPDS3020 ; PPDS3530 ; PCO12FX ; PCO12X ; PCO1510FX ; PCO1510OSX ; PCO1510X ; PCO15FX ; PCO15X ; PCO2015FX ; PCO2015OSX ; PCO2015X ; PCO20FX ; PCO20X ; PCO2520FX ; PCO2520OSX ; PCO2520X ; PCO2H1 ; PCO2H3 ; PCO2H4 ; PCO3020FX ; PCO3020OSX ; PCO3020X ; PCO3728FX ; PCO3728X ; PCO4VP ; PCO6VP ; PCO8OSX ; PCO8VP ; PCO9FX ; PCO9X ; PCOPM15 ; PCOPM15H35 ; PCOPM15H50 ; PCOPM20 ; PNP6 ; PNP6X3 ; PNP8 ; PNP8X3 ; TCM1106 ; TCM1106X3 ; TCM1510 ; TCM1510X3 ; TCM1515 ; TCM1515X3 ; TCM2020 ; TCM2020X3 ; TCM3015 ; TCM3030 ; TCM4530 ; TEC1309 ; TEC1410DP ; TEC1410P5 ; TEC1510 ; TEC1515 ; TEC2020 ; TEC3030 ; TECR1410DP2 ; TECR1510 ; TECR1510AL ; TECR1510AR ; TECR1515 ; TECR3030 ; TECT1309AL ; TECT1309AR ; TECT1510ADP2L ; TECT1510ADP2R ; TECT1510ADPL ; TECT1510ADPR ; TECT1510AL ; TECT1510AR ; TECT1612AFR ; TECT1612AL ; TECT1612AR ; TET1309 ; TET1309D ; TET1510 ; TET1515 ; TET2020 ; TET3030 ; TET5050 ; ADG1510 ; ADG2015 ; ADG3020 ; ADG4030 ; LPG1309AL ; LPG1309AR ; LPG1510 ; LPG1510AK2 ; LPG1510AL ; LPG1510AR ; LPG1510X2 ; LPG1612 ; LPG1612AL ; LPG1612AR ; LPG1614 ; PP1208DL ; PP1208DR ; PP1509G ; PP1515G ; PP2015G ; PP3020G ; PP3030G ; PP4030G ; TEM1208GL ; TEM1208GR ; TEM1409GL ; TEM1409GR ; TEM1509G ; TEM1515G ; TEM2015G ; TEM3015G ; TECG3004 ; SYM12 ; SYM12F ; SYM15 ; SYM1510 ; SYM1510F ; SYM1510OS ; SYM15F ; SYM1710E ; SYM1710EF ; SYM20 ; SYM2012E ; SYM2012EF ; SYM2015 ; SYM2015F ; SYM2015OS ; SYM20F ; SYM2515E ; SYM2515EF ; SYM2520 ; SYM2520F ; SYM2520OS ; SYM3020 ; SYM3020F ; SYM3020OS ; SYM3420E ; SYM3420EF ; SYM3728 ; SYM3728F ; SYM4024E ; SYM4024EF ; SYM4232 ; SYM4232F ; SYM8OS ; SYM9 ; SYM9F ; VTX1106 ; VTX1106X3 ; VTX1510 ; VTX1510X3 ; VTX1515 ; VTX1515M ; VTX1515MX3 ; VTX1515X3 ; VTX2020M ; VTX3030M ; VTX4530M ; VTX5050M ; Sofradim"
"CONTRACTING_MANAGER","/crosses","/crosses","200","Crosswalk","","","0","/?_rsc=zAn-vlYtEcVbUMJ6 net::ERR_ABORTED | /requests?_rsc=zAn-vlYtEcVbUMJ6 net::ERR_ABORTED | /proposals?_rsc=zAn-vlYtEcVbUMJ6 net::ERR_ABORTED | /accounts?_rsc=zAn-vlYtEcVbUMJ6 net::ERR_ABORTED | /contracts?_rsc=zAn-vlYtEcVbUMJ6 net::ERR_ABORTED | /analytics?_rsc=zAn-vlYtEcVbUMJ6 net::ERR_ABORTED | /catalog/gudid?_rsc=zAn-vlYtEcVbUMJ6 net::ERR_ABORTED | /settings?_rsc=zAn-vlYtEcVbUMJ6 net::ERR_ABORTED | /catalog?_rsc=zAn-vlYtEcVbUMJ6 net::ERR_ABORTED | /accounts?_rsc=aniPmKjMQR6zCALO net::ERR_ABORTED | /requests?_rsc=aniPmKjMQR6zCALO net::ERR_ABORTED | /proposals?_rsc=aniPmKjMQR6zCALO net::ERR_ABORTED | /approvals?_rsc=aniPmKjMQR6zCALO net::ERR_ABORTED | /analytics?_rsc=aniPmKjMQR6zCALO net::ERR_ABORTED | /contracts?_rsc=aniPmKjMQR6zCALO net::ERR_ABORTED | /intelligence?_rsc=aniPmKjMQR6zCALO net::ERR_ABORTED | /intelligence/bids?_rsc=aniPmKjMQR6zCALO net::ERR_ABORTED | /catalog/gudid?_rsc=aniPmKjMQR6zCALO net::ERR_ABORTED | /crosses?_rsc=aniPmKjMQR6zCALO net::ERR_ABORTED | /settings?_rsc=aniPmKjMQR6zCALO net::ERR_ABORTED | /catalog?_rsc=aniPmKjMQR6zCALO net::ERR_ABORTED | /notifications?_rsc=aniPmKjMQR6zCALO net::ERR_ABORTED | /requests/new?_rsc=aniPmKjMQR6zCALO net::ERR_ABORTED","","0","0","0","New request ; Switch user"
"CONTRACTING_MANAGER","/notifications","/notifications","200","Notifications","","","0","/?_rsc=oG-rbVP81bj5yHs2 net::ERR_ABORTED | /requests?_rsc=oG-rbVP81bj5yHs2 net::ERR_ABORTED | /proposals?_rsc=oG-rbVP81bj5yHs2 net::ERR_ABORTED | /approvals?_rsc=oG-rbVP81bj5yHs2 net::ERR_ABORTED | /contracts?_rsc=oG-rbVP81bj5yHs2 net::ERR_ABORTED | /intelligence?_rsc=oG-rbVP81bj5yHs2 net::ERR_ABORTED | /analytics?_rsc=oG-rbVP81bj5yHs2 net::ERR_ABORTED | /catalog?_rsc=oG-rbVP81bj5yHs2 net::ERR_ABORTED | /catalog/gudid?_rsc=oG-rbVP81bj5yHs2 net::ERR_ABORTED | /crosses?_rsc=oG-rbVP81bj5yHs2 net::ERR_ABORTED | /settings?_rsc=oG-rbVP81bj5yHs2 net::ERR_ABORTED | /requests/new?_rsc=oG-rbVP81bj5yHs2 net::ERR_ABORTED | /approvals?_rsc=FxIb9Zh5xrkPNSW4 net::ERR_ABORTED | /proposals?_rsc=FxIb9Zh5xrkPNSW4 net::ERR_ABORTED | /?_rsc=FxIb9Zh5xrkPNSW4 net::ERR_ABORTED | /requests?_rsc=FxIb9Zh5xrkPNSW4 net::ERR_ABORTED | /accounts?_rsc=FxIb9Zh5xrkPNSW4 net::ERR_ABORTED | /contracts?_rsc=FxIb9Zh5xrkPNSW4 net::ERR_ABORTED | /intelligence?_rsc=FxIb9Zh5xrkPNSW4 net::ERR_ABORTED | /intelligence/bids?_rsc=FxIb9Zh5xrkPNSW4 net::ERR_ABORTED | /analytics?_rsc=FxIb9Zh5xrkPNSW4 net::ERR_ABORTED | /crosses?_rsc=FxIb9Zh5xrkPNSW4 net::ERR_ABORTED | /requests/new?_rsc=FxIb9Zh5xrkPNSW4 net::ERR_ABORTED | /notifications?_rsc=FxIb9Zh5xrkPNSW4 net::ERR_ABORTED","","0","0","0","New request ; Switch user ; Mark all read ; Read"
"CONTRACTING_MANAGER","/settings","/settings","200","Settings","","","0","/?_rsc=DQxjArDrgutTG17x net::ERR_ABORTED | /requests?_rsc=DQxjArDrgutTG17x net::ERR_ABORTED | /proposals?_rsc=DQxjArDrgutTG17x net::ERR_ABORTED | /accounts?_rsc=DQxjArDrgutTG17x net::ERR_ABORTED | /contracts?_rsc=DQxjArDrgutTG17x net::ERR_ABORTED | /intelligence/bids?_rsc=DQxjArDrgutTG17x net::ERR_ABORTED | /intelligence?_rsc=DQxjArDrgutTG17x net::ERR_ABORTED | /analytics?_rsc=DQxjArDrgutTG17x net::ERR_ABORTED | /catalog?_rsc=DQxjArDrgutTG17x net::ERR_ABORTED | /catalog/gudid?_rsc=DQxjArDrgutTG17x net::ERR_ABORTED | /crosses?_rsc=DQxjArDrgutTG17x net::ERR_ABORTED | /notifications?_rsc=DQxjArDrgutTG17x net::ERR_ABORTED | /requests/new?_rsc=DQxjArDrgutTG17x net::ERR_ABORTED | /requests?_rsc=j-_vjoKOn8bxlRO7 net::ERR_ABORTED | /settings/pricing?_rsc=DQxjArDrgutTG17x net::ERR_ABORTED | /?_rsc=j-_vjoKOn8bxlRO7 net::ERR_ABORTED | /proposals?_rsc=j-_vjoKOn8bxlRO7 net::ERR_ABORTED | /accounts?_rsc=j-_vjoKOn8bxlRO7 net::ERR_ABORTED | /contracts?_rsc=j-_vjoKOn8bxlRO7 net::ERR_ABORTED | /approvals?_rsc=j-_vjoKOn8bxlRO7 net::ERR_ABORTED | /intelligence?_rsc=j-_vjoKOn8bxlRO7 net::ERR_ABORTED | /catalog/gudid?_rsc=j-_vjoKOn8bxlRO7 net::ERR_ABORTED | /intelligence/bids?_rsc=j-_vjoKOn8bxlRO7 net::ERR_ABORTED | /analytics?_rsc=j-_vjoKOn8bxlRO7 net::ERR_ABORTED | /catalog?_rsc=j-_vjoKOn8bxlRO7 net::ERR_ABORTED | /settings?_rsc=j-_vjoKOn8bxlRO7 net::ERR_ABORTED | /notifications?_rsc=j-_vjoKOn8bxlRO7 net::ERR_ABORTED | /crosses?_rsc=j-_vjoKOn8bxlRO7 net::ERR_ABORTED | /requests/new?_rsc=j-_vjoKOn8bxlRO7 net::ERR_ABORTED | /settings/pricing?_rsc=j-_vjoKOn8bxlRO7 net::ERR_ABORTED","","0","0","0","New request ; Switch user ; Save (disabled) ; Details ; How to connect ; Sync now"
"CONTRACTING_MANAGER","/settings/integrations","/settings/integrations","200","Settings","","","0","/requests?_rsc=DQxjArDrgutTG17x net::ERR_ABORTED | /proposals?_rsc=DQxjArDrgutTG17x net::ERR_ABORTED | /?_rsc=DQxjArDrgutTG17x net::ERR_ABORTED | /accounts?_rsc=DQxjArDrgutTG17x net::ERR_ABORTED | /contracts?_rsc=DQxjArDrgutTG17x net::ERR_ABORTED | /intelligence/bids?_rsc=DQxjArDrgutTG17x net::ERR_ABORTED | /catalog/gudid?_rsc=DQxjArDrgutTG17x net::ERR_ABORTED | /catalog?_rsc=DQxjArDrgutTG17x net::ERR_ABORTED | /notifications?_rsc=DQxjArDrgutTG17x net::ERR_ABORTED | /crosses?_rsc=DQxjArDrgutTG17x net::ERR_ABORTED | /settings/pricing?_rsc=DQxjArDrgutTG17x net::ERR_ABORTED | /?_rsc=j-_vjoKOn8bxlRO7 net::ERR_ABORTED | /requests?_rsc=j-_vjoKOn8bxlRO7 net::ERR_ABORTED | /proposals?_rsc=j-_vjoKOn8bxlRO7 net::ERR_ABORTED | /approvals?_rsc=j-_vjoKOn8bxlRO7 net::ERR_ABORTED | /intelligence?_rsc=j-_vjoKOn8bxlRO7 net::ERR_ABORTED | /analytics?_rsc=j-_vjoKOn8bxlRO7 net::ERR_ABORTED | /catalog?_rsc=j-_vjoKOn8bxlRO7 net::ERR_ABORTED | /catalog/gudid?_rsc=j-_vjoKOn8bxlRO7 net::ERR_ABORTED | /crosses?_rsc=j-_vjoKOn8bxlRO7 net::ERR_ABORTED | /settings?_rsc=j-_vjoKOn8bxlRO7 net::ERR_ABORTED | /settings/pricing?_rsc=j-_vjoKOn8bxlRO7 net::ERR_ABORTED | /requests/new?_rsc=j-_vjoKOn8bxlRO7 net::ERR_ABORTED","","0","0","0","New request ; Switch user ; Save (disabled) ; Details ; How to connect ; Sync now"
"CONTRACTING_MANAGER","/settings/pricing","/settings/pricing","200","Pricing policies","","","0","/?_rsc=8oSST31HPn0UlEto net::ERR_ABORTED | /requests?_rsc=8oSST31HPn0UlEto net::ERR_ABORTED | /approvals?_rsc=8oSST31HPn0UlEto net::ERR_ABORTED | /analytics?_rsc=8oSST31HPn0UlEto net::ERR_ABORTED | /catalog?_rsc=8oSST31HPn0UlEto net::ERR_ABORTED | /catalog/gudid?_rsc=8oSST31HPn0UlEto net::ERR_ABORTED | /crosses?_rsc=8oSST31HPn0UlEto net::ERR_ABORTED | /settings?_rsc=8oSST31HPn0UlEto net::ERR_ABORTED | /notifications?_rsc=8oSST31HPn0UlEto net::ERR_ABORTED | /requests/new?_rsc=8oSST31HPn0UlEto net::ERR_ABORTED | /?_rsc=_Ie442TgELs3Q458 net::ERR_ABORTED | /approvals?_rsc=_Ie442TgELs3Q458 net::ERR_ABORTED | /accounts?_rsc=_Ie442TgELs3Q458 net::ERR_ABORTED | /intelligence?_rsc=_Ie442TgELs3Q458 net::ERR_ABORTED | /contracts?_rsc=_Ie442TgELs3Q458 net::ERR_ABORTED | /intelligence/bids?_rsc=_Ie442TgELs3Q458 net::ERR_ABORTED | /analytics?_rsc=_Ie442TgELs3Q458 net::ERR_ABORTED | /catalog/gudid?_rsc=_Ie442TgELs3Q458 net::ERR_ABORTED | /catalog?_rsc=_Ie442TgELs3Q458 net::ERR_ABORTED | /crosses?_rsc=_Ie442TgELs3Q458 net::ERR_ABORTED | /settings?_rsc=_Ie442TgELs3Q458 net::ERR_ABORTED | /notifications?_rsc=_Ie442TgELs3Q458 net::ERR_ABORTED | /requests/new?_rsc=_Ie442TgELs3Q458 net::ERR_ABORTED","","0","0","0","New request ; Switch user ; New draft (disabled)"
"PRICING_ANALYST","/","/","200","Competitive cross reference","","","0","/proposals?_rsc=5CB68i4pnAekjehf net::ERR_ABORTED | /accounts?_rsc=5CB68i4pnAekjehf net::ERR_ABORTED | /contracts?_rsc=5CB68i4pnAekjehf net::ERR_ABORTED | /requests?_rsc=5CB68i4pnAekjehf net::ERR_ABORTED | /analytics?_rsc=5CB68i4pnAekjehf net::ERR_ABORTED | /catalog?_rsc=5CB68i4pnAekjehf net::ERR_ABORTED | /intelligence?_rsc=5CB68i4pnAekjehf net::ERR_ABORTED | /intelligence/bids?_rsc=5CB68i4pnAekjehf net::ERR_ABORTED | /catalog/gudid?_rsc=5CB68i4pnAekjehf net::ERR_ABORTED | /crosses?_rsc=5CB68i4pnAekjehf net::ERR_ABORTED | /settings?_rsc=5CB68i4pnAekjehf net::ERR_ABORTED | /notifications?_rsc=5CB68i4pnAekjehf net::ERR_ABORTED | /requests/new?_rsc=5CB68i4pnAekjehf net::ERR_ABORTED | /requests/cmufdh3bj000c8l7d0xi3zsf0?_rsc=5CB68i4pnAekjehf net::ERR_ABORTED | /requests/cmufeje3o002hk57d491oejr5?_rsc=5CB68i4pnAekjehf net::ERR_ABORTED | /requests/cmufcynqe0001np7dpzorvaiq?_rsc=5CB68i4pnAekjehf net::ERR_ABORTED | /requests/cmufcnw1t003m5y7ds9b0eta9?_rsc=5CB68i4pnAekjehf net::ERR_ABORTED | /accounts?_rsc=tXyZJ52UQVBCVsD3 net::ERR_ABORTED | /?_rsc=tXyZJ52UQVBCVsD3 net::ERR_ABORTED | /requests?_rsc=tXyZJ52UQVBCVsD3 net::ERR_ABORTED | /proposals?_rsc=tXyZJ52UQVBCVsD3 net::ERR_ABORTED | /contracts?_rsc=tXyZJ52UQVBCVsD3 net::ERR_ABORTED | /analytics?_rsc=tXyZJ52UQVBCVsD3 net::ERR_ABORTED | /intelligence?_rsc=tXyZJ52UQVBCVsD3 net::ERR_ABORTED | /intelligence/bids?_rsc=tXyZJ52UQVBCVsD3 net::ERR_ABORTED | /catalog/gudid?_rsc=tXyZJ52UQVBCVsD3 net::ERR_ABORTED | /crosses?_rsc=tXyZJ52UQVBCVsD3 net::ERR_ABORTED | /settings?_rsc=tXyZJ52UQVBCVsD3 net::ERR_ABORTED | /catalog?_rsc=tXyZJ52UQVBCVsD3 net::ERR_ABORTED | /requests/cmufdh3bj000c8l7d0xi3zsf0?_rsc=tXyZJ52UQVBCVsD3 net::ERR_ABORTED | /notifications?_rsc=tXyZJ52UQVBCVsD3 net::ERR_ABORTED | /requests/new?_rsc=tXyZJ52UQVBCVsD3 net::ERR_ABORTED | /requests/cmufeje3o002hk57d491oejr5?_rsc=tXyZJ52UQVBCVsD3 net::ERR_ABORTED | /requests/cmufcynqe0001np7dpzorvaiq?_rsc=tXyZJ52UQVBCVsD3 net::ERR_ABORTED | /requests/cmufcnw1t003m5y7ds9b0eta9?_rsc=tXyZJ52UQVBCVsD3 net::ERR_ABORTED | /requests/cmufckl2s00205y7dkly63f9m?_rsc=tXyZJ52UQVBCVsD3 net::ERR_ABORTED | /requests/cmufckl0t001u5y7daptu5251?_rsc=tXyZJ52UQVBCVsD3 net::ERR_ABORTED | /requests/cmufcjbjr000g5y7ddlij2xi0?_rsc=tXyZJ52UQVBCVsD3 net::ERR_ABORTED","","0","0","0","New request ; Switch user"
"PRICING_ANALYST","/requests","/requests","200","Cross-reference requests","","","0","/proposals?_rsc=p3Q57VochOqcQNsg net::ERR_ABORTED | /contracts?_rsc=p3Q57VochOqcQNsg net::ERR_ABORTED | /?_rsc=p3Q57VochOqcQNsg net::ERR_ABORTED | /intelligence?_rsc=p3Q57VochOqcQNsg net::ERR_ABORTED | /intelligence/bids?_rsc=p3Q57VochOqcQNsg net::ERR_ABORTED | /analytics?_rsc=p3Q57VochOqcQNsg net::ERR_ABORTED | /catalog?_rsc=p3Q57VochOqcQNsg net::ERR_ABORTED | /catalog/gudid?_rsc=p3Q57VochOqcQNsg net::ERR_ABORTED | /settings?_rsc=p3Q57VochOqcQNsg net::ERR_ABORTED | /notifications?_rsc=p3Q57VochOqcQNsg net::ERR_ABORTED | /requests/new?_rsc=p3Q57VochOqcQNsg net::ERR_ABORTED | /requests/cmufdh3bj000c8l7d0xi3zsf0?_rsc=p3Q57VochOqcQNsg net::ERR_ABORTED | /requests/cmufeje3o002hk57d491oejr5?_rsc=p3Q57VochOqcQNsg net::ERR_ABORTED | /requests/cmufcnw1t003m5y7ds9b0eta9?_rsc=p3Q57VochOqcQNsg net::ERR_ABORTED | /requests/cmufcynqe0001np7dpzorvaiq?_rsc=p3Q57VochOqcQNsg net::ERR_ABORTED | /?_rsc=nIzLgF1M7nWxnHlV net::ERR_ABORTED | /requests?_rsc=nIzLgF1M7nWxnHlV net::ERR_ABORTED | /analytics?_rsc=nIzLgF1M7nWxnHlV net::ERR_ABORTED | /catalog?_rsc=nIzLgF1M7nWxnHlV net::ERR_ABORTED | /intelligence?_rsc=nIzLgF1M7nWxnHlV net::ERR_ABORTED | /intelligence/bids?_rsc=nIzLgF1M7nWxnHlV net::ERR_ABORTED | /catalog/gudid?_rsc=nIzLgF1M7nWxnHlV net::ERR_ABORTED | /settings?_rsc=nIzLgF1M7nWxnHlV net::ERR_ABORTED | /crosses?_rsc=nIzLgF1M7nWxnHlV net::ERR_ABORTED | /notifications?_rsc=nIzLgF1M7nWxnHlV net::ERR_ABORTED | /requests/new?_rsc=nIzLgF1M7nWxnHlV net::ERR_ABORTED | /requests/cmufcnw1t003m5y7ds9b0eta9?_rsc=nIzLgF1M7nWxnHlV net::ERR_ABORTED | /requests/cmufeje3o002hk57d491oejr5?_rsc=nIzLgF1M7nWxnHlV net::ERR_ABORTED | /requests/cmufdh3bj000c8l7d0xi3zsf0?_rsc=nIzLgF1M7nWxnHlV net::ERR_ABORTED | /requests/cmufcynqe0001np7dpzorvaiq?_rsc=nIzLgF1M7nWxnHlV net::ERR_ABORTED | /requests/cmufckl2s00205y7dkly63f9m?_rsc=nIzLgF1M7nWxnHlV net::ERR_ABORTED | /requests/cmufckl0t001u5y7daptu5251?_rsc=nIzLgF1M7nWxnHlV net::ERR_ABORTED","","0","1","0","New request ; Switch user"
"PRICING_ANALYST","/requests/new","/requests/new","200","Competitive cross reference","","","0","/accounts?_rsc=4belA-F-xg-XtLdx net::ERR_ABORTED | /?_rsc=4belA-F-xg-XtLdx net::ERR_ABORTED | /requests?_rsc=4belA-F-xg-XtLdx net::ERR_ABORTED | /proposals?_rsc=4belA-F-xg-XtLdx net::ERR_ABORTED | /contracts?_rsc=4belA-F-xg-XtLdx net::ERR_ABORTED | /intelligence/bids?_rsc=4belA-F-xg-XtLdx net::ERR_ABORTED | /analytics?_rsc=4belA-F-xg-XtLdx net::ERR_ABORTED | /catalog?_rsc=4belA-F-xg-XtLdx net::ERR_ABORTED | /catalog/gudid?_rsc=4belA-F-xg-XtLdx net::ERR_ABORTED | /settings?_rsc=4belA-F-xg-XtLdx net::ERR_ABORTED | /crosses?_rsc=4belA-F-xg-XtLdx net::ERR_ABORTED | /notifications?_rsc=4belA-F-xg-XtLdx net::ERR_ABORTED | /?_rsc=O1p93FFpSnNce0k4 net::ERR_ABORTED | /requests?_rsc=O1p93FFpSnNce0k4 net::ERR_ABORTED | /proposals?_rsc=O1p93FFpSnNce0k4 net::ERR_ABORTED | /accounts?_rsc=O1p93FFpSnNce0k4 net::ERR_ABORTED | /contracts?_rsc=O1p93FFpSnNce0k4 net::ERR_ABORTED | /intelligence?_rsc=O1p93FFpSnNce0k4 net::ERR_ABORTED | /intelligence/bids?_rsc=O1p93FFpSnNce0k4 net::ERR_ABORTED | /analytics?_rsc=O1p93FFpSnNce0k4 net::ERR_ABORTED | /catalog?_rsc=O1p93FFpSnNce0k4 net::ERR_ABORTED | /crosses?_rsc=O1p93FFpSnNce0k4 net::ERR_ABORTED | /catalog/gudid?_rsc=O1p93FFpSnNce0k4 net::ERR_ABORTED | /notifications?_rsc=O1p93FFpSnNce0k4 net::ERR_ABORTED | /requests/new?_rsc=O1p93FFpSnNce0k4 net::ERR_ABORTED","","0","0","0","New request ; Switch user ; Google Sheets link ; Upload .xlsx / .csv ; Paste from a sheet ; Read sheet (disabled) ; Continue request (disabled)"
"PRICING_ANALYST","/requests/[id]","/requests/cmufeje3o002hk57d491oejr5","200","WS3 Journey Hospital Complete","","","0","/?_rsc=L4ND5fhfYnvUqaPw net::ERR_ABORTED | /requests?_rsc=L4ND5fhfYnvUqaPw net::ERR_ABORTED | /proposals?_rsc=L4ND5fhfYnvUqaPw net::ERR_ABORTED | /accounts?_rsc=L4ND5fhfYnvUqaPw net::ERR_ABORTED | /contracts?_rsc=L4ND5fhfYnvUqaPw net::ERR_ABORTED | /intelligence?_rsc=L4ND5fhfYnvUqaPw net::ERR_ABORTED | /catalog?_rsc=L4ND5fhfYnvUqaPw net::ERR_ABORTED | /notifications?_rsc=L4ND5fhfYnvUqaPw net::ERR_ABORTED | /requests/new?_rsc=L4ND5fhfYnvUqaPw net::ERR_ABORTED | /requests?_rsc=grHQqzBoP485Pe5C net::ERR_ABORTED | /proposals?_rsc=grHQqzBoP485Pe5C net::ERR_ABORTED | /accounts?_rsc=grHQqzBoP485Pe5C net::ERR_ABORTED | /contracts?_rsc=grHQqzBoP485Pe5C net::ERR_ABORTED | /intelligence?_rsc=grHQqzBoP485Pe5C net::ERR_ABORTED | /intelligence/bids?_rsc=grHQqzBoP485Pe5C net::ERR_ABORTED | /catalog/gudid?_rsc=grHQqzBoP485Pe5C net::ERR_ABORTED | /crosses?_rsc=grHQqzBoP485Pe5C net::ERR_ABORTED | /settings?_rsc=grHQqzBoP485Pe5C net::ERR_ABORTED | /notifications?_rsc=grHQqzBoP485Pe5C net::ERR_ABORTED | /requests/new?_rsc=grHQqzBoP485Pe5C net::ERR_ABORTED","","0","1","0","New request ; Switch user ; Re-run ; Download ▾ ; Google Sheets ; Create proposal ; All 5 ; Needs attention 3 ; Flagged 0 ; Exact 2 ; Close 2 ; Alternative 1 ; Already ours 0 ; Bulk actions ▾ ; Expand all ; Expand line 1 1190500 ; Expand line 2 B12LTH ; Expand line 3 TLC75 ; Expand line 4 C0121 ; Expand line 5 IN-12-4 ; Show run log (6)"
"PRICING_ANALYST","/proposals","/proposals","200","Commercial proposals","","","0","/?_rsc=8qZH60WsiyOTuseO net::ERR_ABORTED | /requests?_rsc=8qZH60WsiyOTuseO net::ERR_ABORTED | /contracts?_rsc=8qZH60WsiyOTuseO net::ERR_ABORTED | /intelligence?_rsc=8qZH60WsiyOTuseO net::ERR_ABORTED | /intelligence/bids?_rsc=8qZH60WsiyOTuseO net::ERR_ABORTED | /analytics?_rsc=8qZH60WsiyOTuseO net::ERR_ABORTED | /crosses?_rsc=8qZH60WsiyOTuseO net::ERR_ABORTED | /catalog/gudid?_rsc=8qZH60WsiyOTuseO net::ERR_ABORTED | /catalog?_rsc=8qZH60WsiyOTuseO net::ERR_ABORTED | /requests/new?_rsc=8qZH60WsiyOTuseO net::ERR_ABORTED | /notifications?_rsc=8qZH60WsiyOTuseO net::ERR_ABORTED | /proposals/cmufem5ld0056k57d2utmar8g?_rsc=8qZH60WsiyOTuseO net::ERR_ABORTED | /proposals/cmufdkkln003q8l7d1m4dm88l?_rsc=8qZH60WsiyOTuseO net::ERR_ABORTED | /proposals/cmufe2r28001ai27dm62d5upt?_rsc=8qZH60WsiyOTuseO net::ERR_ABORTED | /?_rsc=yDw8cg_cK2Tq2IDS net::ERR_ABORTED | /proposals?_rsc=yDw8cg_cK2Tq2IDS net::ERR_ABORTED | /contracts?_rsc=yDw8cg_cK2Tq2IDS net::ERR_ABORTED | /accounts?_rsc=yDw8cg_cK2Tq2IDS net::ERR_ABORTED | /analytics?_rsc=yDw8cg_cK2Tq2IDS net::ERR_ABORTED | /intelligence?_rsc=yDw8cg_cK2Tq2IDS net::ERR_ABORTED | /catalog/gudid?_rsc=yDw8cg_cK2Tq2IDS net::ERR_ABORTED | /crosses?_rsc=yDw8cg_cK2Tq2IDS net::ERR_ABORTED | /catalog?_rsc=yDw8cg_cK2Tq2IDS net::ERR_ABORTED | /settings?_rsc=yDw8cg_cK2Tq2IDS net::ERR_ABORTED | /notifications?_rsc=yDw8cg_cK2Tq2IDS net::ERR_ABORTED | /requests/new?_rsc=yDw8cg_cK2Tq2IDS net::ERR_ABORTED | /proposals/cmufem5ld0056k57d2utmar8g?_rsc=yDw8cg_cK2Tq2IDS net::ERR_ABORTED | /proposals/cmufdjtgl002w8l7dk6h2dqfi?_rsc=yDw8cg_cK2Tq2IDS net::ERR_ABORTED | /proposals/cmufdkkln003q8l7d1m4dm88l?_rsc=yDw8cg_cK2Tq2IDS net::ERR_ABORTED | /proposals/cmufejry60041k57dwr6rvl6x?_rsc=yDw8cg_cK2Tq2IDS net::ERR_ABORTED | /proposals/cmufe2r28001ai27dm62d5upt?_rsc=yDw8cg_cK2Tq2IDS net::ERR_ABORTED | /proposals/cmufdhh6r001w8l7d9fuqubfe?_rsc=yDw8cg_cK2Tq2IDS net::ERR_ABORTED | /proposals/cmufcovyo004l5y7dyhkzdcxj?_rsc=yDw8cg_cK2Tq2IDS net::ERR_ABORTED | /proposals/cmufcz0vr001hnp7dqk2z8vcf?_rsc=yDw8cg_cK2Tq2IDS net::ERR_ABORTED","","0","1","0","New request ; Switch user"
"PRICING_ANALYST","/proposals/[id]","/proposals/cmufem5ld0056k57d2utmar8g","200","PRP-0035-v2 · WS3 Journey Hospital","","","0","/?_rsc=IZ6zrI2LDRRC1-Wd net::ERR_ABORTED | /requests?_rsc=IZ6zrI2LDRRC1-Wd net::ERR_ABORTED | /proposals?_rsc=IZ6zrI2LDRRC1-Wd net::ERR_ABORTED | /accounts?_rsc=IZ6zrI2LDRRC1-Wd net::ERR_ABORTED | /contracts?_rsc=IZ6zrI2LDRRC1-Wd net::ERR_ABORTED | /intelligence?_rsc=IZ6zrI2LDRRC1-Wd net::ERR_ABORTED | /intelligence/bids?_rsc=IZ6zrI2LDRRC1-Wd net::ERR_ABORTED | /analytics?_rsc=IZ6zrI2LDRRC1-Wd net::ERR_ABORTED | /catalog?_rsc=IZ6zrI2LDRRC1-Wd net::ERR_ABORTED | /crosses?_rsc=IZ6zrI2LDRRC1-Wd net::ERR_ABORTED | /settings?_rsc=IZ6zrI2LDRRC1-Wd net::ERR_ABORTED | /notifications?_rsc=IZ6zrI2LDRRC1-Wd net::ERR_ABORTED | /requests/cmufeje3o002hk57d491oejr5?_rsc=IZ6zrI2LDRRC1-Wd net::ERR_ABORTED | /?_rsc=fAAmY66VdqvUMp3_ net::ERR_ABORTED | /requests/new?_rsc=IZ6zrI2LDRRC1-Wd net::ERR_ABORTED | /requests?_rsc=fAAmY66VdqvUMp3_ net::ERR_ABORTED | /proposals?_rsc=fAAmY66VdqvUMp3_ net::ERR_ABORTED | /intelligence/bids?_rsc=fAAmY66VdqvUMp3_ net::ERR_ABORTED | /contracts?_rsc=fAAmY66VdqvUMp3_ net::ERR_ABORTED | /intelligence?_rsc=fAAmY66VdqvUMp3_ net::ERR_ABORTED | /accounts?_rsc=fAAmY66VdqvUMp3_ net::ERR_ABORTED | /analytics?_rsc=fAAmY66VdqvUMp3_ net::ERR_ABORTED | /catalog?_rsc=fAAmY66VdqvUMp3_ net::ERR_ABORTED | /catalog/gudid?_rsc=fAAmY66VdqvUMp3_ net::ERR_ABORTED | /crosses?_rsc=fAAmY66VdqvUMp3_ net::ERR_ABORTED | /settings?_rsc=fAAmY66VdqvUMp3_ net::ERR_ABORTED | /notifications?_rsc=fAAmY66VdqvUMp3_ net::ERR_ABORTED | /requests/new?_rsc=fAAmY66VdqvUMp3_ net::ERR_ABORTED","","0","1","0","New request ; Switch user ; Submit for approval ; Details ; Refresh to today's context ; Proposal ; Show audit trail ; Recalculate tax ; Edit ; 1190500 ; B12LTH"
"PRICING_ANALYST","/approvals","/approvals","200","Pricing approvals","","","0","/?_rsc=Ut9iRRX_9PZKRdF- net::ERR_ABORTED | /requests?_rsc=Ut9iRRX_9PZKRdF- net::ERR_ABORTED | /proposals?_rsc=Ut9iRRX_9PZKRdF- net::ERR_ABORTED | /accounts?_rsc=Ut9iRRX_9PZKRdF- net::ERR_ABORTED | /contracts?_rsc=Ut9iRRX_9PZKRdF- net::ERR_ABORTED | /intelligence?_rsc=Ut9iRRX_9PZKRdF- net::ERR_ABORTED | /intelligence/bids?_rsc=Ut9iRRX_9PZKRdF- net::ERR_ABORTED | /analytics?_rsc=Ut9iRRX_9PZKRdF- net::ERR_ABORTED | /catalog?_rsc=Ut9iRRX_9PZKRdF- net::ERR_ABORTED | /catalog/gudid?_rsc=Ut9iRRX_9PZKRdF- net::ERR_ABORTED | /crosses?_rsc=Ut9iRRX_9PZKRdF- net::ERR_ABORTED | /notifications?_rsc=Ut9iRRX_9PZKRdF- net::ERR_ABORTED | /requests/new?_rsc=Ut9iRRX_9PZKRdF- net::ERR_ABORTED | /?_rsc=AU6DTT46DVXZ7jWj net::ERR_ABORTED | /proposals?_rsc=AU6DTT46DVXZ7jWj net::ERR_ABORTED | /accounts?_rsc=AU6DTT46DVXZ7jWj net::ERR_ABORTED | /requests?_rsc=AU6DTT46DVXZ7jWj net::ERR_ABORTED | /contracts?_rsc=AU6DTT46DVXZ7jWj net::ERR_ABORTED | /intelligence?_rsc=AU6DTT46DVXZ7jWj net::ERR_ABORTED | /intelligence/bids?_rsc=AU6DTT46DVXZ7jWj net::ERR_ABORTED | /analytics?_rsc=AU6DTT46DVXZ7jWj net::ERR_ABORTED | /catalog/gudid?_rsc=AU6DTT46DVXZ7jWj net::ERR_ABORTED | /crosses?_rsc=AU6DTT46DVXZ7jWj net::ERR_ABORTED | /notifications?_rsc=AU6DTT46DVXZ7jWj net::ERR_ABORTED | /settings?_rsc=AU6DTT46DVXZ7jWj net::ERR_ABORTED | /requests/new?_rsc=AU6DTT46DVXZ7jWj net::ERR_ABORTED","","0","0","0","New request ; Switch user ; Delegate my approvals (disabled)"
"PRICING_ANALYST","/accounts","/accounts","200","Accounts & GPO membership","","","0","/?_rsc=iZGmHDWBA-6V7KTQ net::ERR_ABORTED | /requests?_rsc=iZGmHDWBA-6V7KTQ net::ERR_ABORTED | /proposals?_rsc=iZGmHDWBA-6V7KTQ net::ERR_ABORTED | /contracts?_rsc=iZGmHDWBA-6V7KTQ net::ERR_ABORTED | /intelligence?_rsc=iZGmHDWBA-6V7KTQ net::ERR_ABORTED | /intelligence/bids?_rsc=iZGmHDWBA-6V7KTQ net::ERR_ABORTED | /analytics?_rsc=iZGmHDWBA-6V7KTQ net::ERR_ABORTED | /catalog?_rsc=iZGmHDWBA-6V7KTQ net::ERR_ABORTED | /catalog/gudid?_rsc=iZGmHDWBA-6V7KTQ net::ERR_ABORTED | /crosses?_rsc=iZGmHDWBA-6V7KTQ net::ERR_ABORTED | /settings?_rsc=iZGmHDWBA-6V7KTQ net::ERR_ABORTED | /notifications?_rsc=iZGmHDWBA-6V7KTQ net::ERR_ABORTED | /accounts/cmuf6hiho02rlks7d2xz6w5ev?_rsc=iZGmHDWBA-6V7KTQ net::ERR_ABORTED | /accounts/cmuf6hihm02rkks7drm31yuur?_rsc=iZGmHDWBA-6V7KTQ net::ERR_ABORTED | /accounts/cmuf6hihq02rmks7did2qxong?_rsc=iZGmHDWBA-6V7KTQ net::ERR_ABORTED | /?_rsc=oRxEn_R9e10JER3Z net::ERR_ABORTED | /proposals?_rsc=oRxEn_R9e10JER3Z net::ERR_ABORTED | /accounts?_rsc=oRxEn_R9e10JER3Z net::ERR_ABORTED | /intelligence?_rsc=oRxEn_R9e10JER3Z net::ERR_ABORTED | /catalog?_rsc=oRxEn_R9e10JER3Z net::ERR_ABORTED | /intelligence/bids?_rsc=oRxEn_R9e10JER3Z net::ERR_ABORTED | /analytics?_rsc=oRxEn_R9e10JER3Z net::ERR_ABORTED | /catalog/gudid?_rsc=oRxEn_R9e10JER3Z net::ERR_ABORTED | /crosses?_rsc=oRxEn_R9e10JER3Z net::ERR_ABORTED | /settings?_rsc=oRxEn_R9e10JER3Z net::ERR_ABORTED | /notifications?_rsc=oRxEn_R9e10JER3Z net::ERR_ABORTED | /accounts/cmuf6hiho02rlks7d2xz6w5ev?_rsc=oRxEn_R9e10JER3Z net::ERR_ABORTED | /requests/new?_rsc=oRxEn_R9e10JER3Z net::ERR_ABORTED | /accounts/cmuf6hihm02rkks7drm31yuur?_rsc=oRxEn_R9e10JER3Z net::ERR_ABORTED | /accounts/cmuf6hihq02rmks7did2qxong?_rsc=oRxEn_R9e10JER3Z net::ERR_ABORTED | /accounts/cmufdfwvr009pnp7dx6f1v0bl?_rsc=oRxEn_R9e10JER3Z net::ERR_ABORTED | /accounts/cmuf6hihk02rjks7dyamo9w2u?_rsc=oRxEn_R9e10JER3Z net::ERR_ABORTED | /accounts/cmufdfwvc009mnp7dh1j0oelm?_rsc=oRxEn_R9e10JER3Z net::ERR_ABORTED","","0","0","0","New request ; Switch user"
"PRICING_ANALYST","/accounts/[id]","/accounts/cmuf6hihm02rkks7drm31yuur","200","Hospital A — Mount Vernon General","","","0","/requests?_rsc=pYoAThzR_ryjq0MS net::ERR_ABORTED | /proposals?_rsc=pYoAThzR_ryjq0MS net::ERR_ABORTED | /accounts?_rsc=pYoAThzR_ryjq0MS net::ERR_ABORTED | /?_rsc=pYoAThzR_ryjq0MS net::ERR_ABORTED | /analytics?_rsc=pYoAThzR_ryjq0MS net::ERR_ABORTED | /contracts?_rsc=pYoAThzR_ryjq0MS net::ERR_ABORTED | /intelligence?_rsc=pYoAThzR_ryjq0MS net::ERR_ABORTED | /catalog/gudid?_rsc=pYoAThzR_ryjq0MS net::ERR_ABORTED | /crosses?_rsc=pYoAThzR_ryjq0MS net::ERR_ABORTED | /settings?_rsc=pYoAThzR_ryjq0MS net::ERR_ABORTED | /catalog?_rsc=pYoAThzR_ryjq0MS net::ERR_ABORTED | /notifications?_rsc=pYoAThzR_ryjq0MS net::ERR_ABORTED | /requests/new?_rsc=pYoAThzR_ryjq0MS net::ERR_ABORTED | /contracts/cmufdgwn600018l7dib8n6qm4?_rsc=pYoAThzR_ryjq0MS net::ERR_ABORTED | /contracts/cmufehj7i0011k57dzpf8j0ce?_rsc=pYoAThzR_ryjq0MS net::ERR_ABORTED | /proposals?_rsc=gRQ4rCW2m6dkjkis net::ERR_ABORTED | /?_rsc=gRQ4rCW2m6dkjkis net::ERR_ABORTED | /requests?_rsc=gRQ4rCW2m6dkjkis net::ERR_ABORTED | /accounts?_rsc=gRQ4rCW2m6dkjkis net::ERR_ABORTED | /contracts?_rsc=gRQ4rCW2m6dkjkis net::ERR_ABORTED | /intelligence?_rsc=gRQ4rCW2m6dkjkis net::ERR_ABORTED | /intelligence/bids?_rsc=gRQ4rCW2m6dkjkis net::ERR_ABORTED | /catalog/gudid?_rsc=gRQ4rCW2m6dkjkis net::ERR_ABORTED | /notifications?_rsc=gRQ4rCW2m6dkjkis net::ERR_ABORTED | /settings?_rsc=gRQ4rCW2m6dkjkis net::ERR_ABORTED | /crosses?_rsc=gRQ4rCW2m6dkjkis net::ERR_ABORTED | /requests/new?_rsc=gRQ4rCW2m6dkjkis net::ERR_ABORTED | /contracts/cmuf6himl02swks7dif6nb96r?_rsc=gRQ4rCW2m6dkjkis net::ERR_ABORTED | /contracts/cmufdgwn600018l7dib8n6qm4?_rsc=gRQ4rCW2m6dkjkis net::ERR_ABORTED | /contracts/cmufehj7i0011k57dzpf8j0ce?_rsc=gRQ4rCW2m6dkjkis net::ERR_ABORTED","","0","1","0","New request ; Switch user"
"PRICING_ANALYST","/contracts","/contracts","200","Contracts & price context","","","0","/requests?_rsc=DzmfcRRfJeItXkgz net::ERR_ABORTED | /proposals?_rsc=DzmfcRRfJeItXkgz net::ERR_ABORTED | /intelligence/bids?_rsc=DzmfcRRfJeItXkgz net::ERR_ABORTED | /analytics?_rsc=DzmfcRRfJeItXkgz net::ERR_ABORTED | /catalog?_rsc=DzmfcRRfJeItXkgz net::ERR_ABORTED | /crosses?_rsc=DzmfcRRfJeItXkgz net::ERR_ABORTED | /settings?_rsc=DzmfcRRfJeItXkgz net::ERR_ABORTED | /notifications?_rsc=DzmfcRRfJeItXkgz net::ERR_ABORTED | /requests/new?_rsc=DzmfcRRfJeItXkgz net::ERR_ABORTED | /contracts/cmuf6himu02sxks7dkgml1rr2?_rsc=DzmfcRRfJeItXkgz net::ERR_ABORTED | /contracts/cmufdjs85002o8l7dlcs3cpjp?_rsc=DzmfcRRfJeItXkgz net::ERR_ABORTED | /?_rsc=2Ju2sngZl13OvaTN net::ERR_ABORTED | /proposals?_rsc=2Ju2sngZl13OvaTN net::ERR_ABORTED | /accounts?_rsc=2Ju2sngZl13OvaTN net::ERR_ABORTED | /contracts?_rsc=2Ju2sngZl13OvaTN net::ERR_ABORTED | /intelligence?_rsc=2Ju2sngZl13OvaTN net::ERR_ABORTED | /analytics?_rsc=2Ju2sngZl13OvaTN net::ERR_ABORTED | /catalog?_rsc=2Ju2sngZl13OvaTN net::ERR_ABORTED | /crosses?_rsc=2Ju2sngZl13OvaTN net::ERR_ABORTED | /catalog/gudid?_rsc=2Ju2sngZl13OvaTN net::ERR_ABORTED | /settings?_rsc=2Ju2sngZl13OvaTN net::ERR_ABORTED | /notifications?_rsc=2Ju2sngZl13OvaTN net::ERR_ABORTED | /requests/new?_rsc=2Ju2sngZl13OvaTN net::ERR_ABORTED | /contracts/cmuf6himu02sxks7dkgml1rr2?_rsc=2Ju2sngZl13OvaTN net::ERR_ABORTED | /contracts/cmufe2ptb0012i27dn2ix59o5?_rsc=2Ju2sngZl13OvaTN net::ERR_ABORTED | /contracts/cmufem4bg004yk57dg70ct1u2?_rsc=2Ju2sngZl13OvaTN net::ERR_ABORTED | /contracts/cmufdjs85002o8l7dlcs3cpjp?_rsc=2Ju2sngZl13OvaTN net::ERR_ABORTED | /contracts/cmufdkjds003i8l7d15s8fm19?_rsc=2Ju2sngZl13OvaTN net::ERR_ABORTED | /contracts/cmuf6himl02swks7dif6nb96r?_rsc=2Ju2sngZl13OvaTN net::ERR_ABORTED | /contracts/cmufehj7i0011k57dzpf8j0ce?_rsc=2Ju2sngZl13OvaTN net::ERR_ABORTED","","0","1","0","New request ; Switch user ; New contract (disabled)"
"PRICING_ANALYST","/contracts/[id]","/contracts/cmuf6himu02sxks7dkgml1rr2","200","MSK-LOCAL-2026 · MSK local mesh agreement","","","0","/proposals?_rsc=TQOCHQXESAyQ3VEl net::ERR_ABORTED | /accounts?_rsc=TQOCHQXESAyQ3VEl net::ERR_ABORTED | /?_rsc=TQOCHQXESAyQ3VEl net::ERR_ABORTED | /requests?_rsc=TQOCHQXESAyQ3VEl net::ERR_ABORTED | /catalog?_rsc=TQOCHQXESAyQ3VEl net::ERR_ABORTED | /intelligence/bids?_rsc=TQOCHQXESAyQ3VEl net::ERR_ABORTED | /analytics?_rsc=TQOCHQXESAyQ3VEl net::ERR_ABORTED | /accounts/cmuf6hihk02rjks7dyamo9w2u?_rsc=TQOCHQXESAyQ3VEl net::ERR_ABORTED | /?_rsc=12web-rdU3k9vLaG net::ERR_ABORTED | /requests/new?_rsc=TQOCHQXESAyQ3VEl net::ERR_ABORTED | /accounts/cmuf6hihk02rjks7dyamo9w2u?_rsc=12web-rdU3k9vLaG net::ERR_ABORTED | /proposals?_rsc=12web-rdU3k9vLaG net::ERR_ABORTED | /accounts?_rsc=12web-rdU3k9vLaG net::ERR_ABORTED | /contracts?_rsc=12web-rdU3k9vLaG net::ERR_ABORTED | /intelligence?_rsc=12web-rdU3k9vLaG net::ERR_ABORTED | /intelligence/bids?_rsc=12web-rdU3k9vLaG net::ERR_ABORTED | /analytics?_rsc=12web-rdU3k9vLaG net::ERR_ABORTED | /catalog?_rsc=12web-rdU3k9vLaG net::ERR_ABORTED | /crosses?_rsc=12web-rdU3k9vLaG net::ERR_ABORTED | /settings?_rsc=12web-rdU3k9vLaG net::ERR_ABORTED | /catalog/gudid?_rsc=12web-rdU3k9vLaG net::ERR_ABORTED | /notifications?_rsc=12web-rdU3k9vLaG net::ERR_ABORTED | /requests/new?_rsc=12web-rdU3k9vLaG net::ERR_ABORTED","","0","1","0","New request ; Switch user ; Refresh performance ; Save entries (disabled)"
"PRICING_ANALYST","/intelligence","/intelligence","200","Competitor pricing","","","0","/?_rsc=3fD0047dUoUPXvG2 net::ERR_ABORTED | /requests?_rsc=3fD0047dUoUPXvG2 net::ERR_ABORTED | /proposals?_rsc=3fD0047dUoUPXvG2 net::ERR_ABORTED | /accounts?_rsc=3fD0047dUoUPXvG2 net::ERR_ABORTED | /contracts?_rsc=3fD0047dUoUPXvG2 net::ERR_ABORTED | /intelligence/bids?_rsc=3fD0047dUoUPXvG2 net::ERR_ABORTED | /catalog/gudid?_rsc=3fD0047dUoUPXvG2 net::ERR_ABORTED | /crosses?_rsc=3fD0047dUoUPXvG2 net::ERR_ABORTED | /settings?_rsc=3fD0047dUoUPXvG2 net::ERR_ABORTED | /notifications?_rsc=3fD0047dUoUPXvG2 net::ERR_ABORTED | /requests/new?_rsc=3fD0047dUoUPXvG2 net::ERR_ABORTED | /requests?_rsc=gu9LWiAQNzfrKsW2 net::ERR_ABORTED | /proposals?_rsc=gu9LWiAQNzfrKsW2 net::ERR_ABORTED | /?_rsc=gu9LWiAQNzfrKsW2 net::ERR_ABORTED | /accounts?_rsc=gu9LWiAQNzfrKsW2 net::ERR_ABORTED | /contracts?_rsc=gu9LWiAQNzfrKsW2 net::ERR_ABORTED | /intelligence?_rsc=gu9LWiAQNzfrKsW2 net::ERR_ABORTED | /intelligence/bids?_rsc=gu9LWiAQNzfrKsW2 net::ERR_ABORTED | /analytics?_rsc=gu9LWiAQNzfrKsW2 net::ERR_ABORTED | /catalog?_rsc=gu9LWiAQNzfrKsW2 net::ERR_ABORTED | /catalog/gudid?_rsc=gu9LWiAQNzfrKsW2 net::ERR_ABORTED | /crosses?_rsc=gu9LWiAQNzfrKsW2 net::ERR_ABORTED | /notifications?_rsc=gu9LWiAQNzfrKsW2 net::ERR_ABORTED | /requests/new?_rsc=gu9LWiAQNzfrKsW2 net::ERR_ABORTED","","0","1","0","New request ; Switch user ; Import .xlsx / .csv ; INPUT ; Extract a document… ; Verify ; Dispute ; 1190500 ; WS3OBS3 ; WS3OBS2 ; WS3OBS1 ; 112680 ; 1190816 ; SPMII ; 1200710 ; 1201520 ; 113700 ; 112650 ; 112660 ; UPA31015 ; 1190820 ; 1202025 ; 1190300 ; SPMXXL ; 1410015010 ; 1DLMC03 ; 1DLMC05 ; Record (disabled)"
"PRICING_ANALYST","/intelligence/bids","/intelligence/bids","200","Public bids and awards","","","0","/?_rsc=2gWrMJaxdn-CU2fc net::ERR_ABORTED | /requests?_rsc=2gWrMJaxdn-CU2fc net::ERR_ABORTED | /proposals?_rsc=2gWrMJaxdn-CU2fc net::ERR_ABORTED | /accounts?_rsc=2gWrMJaxdn-CU2fc net::ERR_ABORTED | /contracts?_rsc=2gWrMJaxdn-CU2fc net::ERR_ABORTED | /intelligence?_rsc=2gWrMJaxdn-CU2fc net::ERR_ABORTED | /analytics?_rsc=2gWrMJaxdn-CU2fc net::ERR_ABORTED | /catalog?_rsc=2gWrMJaxdn-CU2fc net::ERR_ABORTED | /catalog/gudid?_rsc=2gWrMJaxdn-CU2fc net::ERR_ABORTED | /crosses?_rsc=2gWrMJaxdn-CU2fc net::ERR_ABORTED | /settings?_rsc=2gWrMJaxdn-CU2fc net::ERR_ABORTED | /notifications?_rsc=2gWrMJaxdn-CU2fc net::ERR_ABORTED | /requests/new?_rsc=2gWrMJaxdn-CU2fc net::ERR_ABORTED | /proposals?_rsc=W5McYxvxTMCZbYJx net::ERR_ABORTED | /requests?_rsc=W5McYxvxTMCZbYJx net::ERR_ABORTED | /accounts?_rsc=W5McYxvxTMCZbYJx net::ERR_ABORTED | /?_rsc=W5McYxvxTMCZbYJx net::ERR_ABORTED | /intelligence?_rsc=W5McYxvxTMCZbYJx net::ERR_ABORTED | /intelligence/bids?_rsc=W5McYxvxTMCZbYJx net::ERR_ABORTED | /contracts?_rsc=W5McYxvxTMCZbYJx net::ERR_ABORTED | /analytics?_rsc=W5McYxvxTMCZbYJx net::ERR_ABORTED | /catalog?_rsc=W5McYxvxTMCZbYJx net::ERR_ABORTED | /catalog/gudid?_rsc=W5McYxvxTMCZbYJx net::ERR_ABORTED | /crosses?_rsc=W5McYxvxTMCZbYJx net::ERR_ABORTED | /settings?_rsc=W5McYxvxTMCZbYJx net::ERR_ABORTED | /notifications?_rsc=W5McYxvxTMCZbYJx net::ERR_ABORTED | /requests/new?_rsc=W5McYxvxTMCZbYJx net::ERR_ABORTED","","0","0","0","New request ; Switch user ; Pull (disabled) ; Pull ; Save (disabled) ; Bid file"
"PRICING_ANALYST","/intelligence/extractions/[id]","/intelligence/extractions/missing0000000000000000","200","Extraction","Failed to load resource: the server responded with a status of 404 (Not Found)","","0","/?_rsc=VJB2dfGule5Oh2L3 net::ERR_ABORTED | /requests?_rsc=VJB2dfGule5Oh2L3 net::ERR_ABORTED | /proposals?_rsc=VJB2dfGule5Oh2L3 net::ERR_ABORTED | /accounts?_rsc=VJB2dfGule5Oh2L3 net::ERR_ABORTED | /contracts?_rsc=VJB2dfGule5Oh2L3 net::ERR_ABORTED | /intelligence?_rsc=VJB2dfGule5Oh2L3 net::ERR_ABORTED | /intelligence/bids?_rsc=VJB2dfGule5Oh2L3 net::ERR_ABORTED | /analytics?_rsc=VJB2dfGule5Oh2L3 net::ERR_ABORTED | /catalog/gudid?_rsc=VJB2dfGule5Oh2L3 net::ERR_ABORTED | /settings?_rsc=VJB2dfGule5Oh2L3 net::ERR_ABORTED | /crosses?_rsc=VJB2dfGule5Oh2L3 net::ERR_ABORTED | /requests?_rsc=wBL8jh-0AxNJNXN_ net::ERR_ABORTED | /proposals?_rsc=wBL8jh-0AxNJNXN_ net::ERR_ABORTED | /accounts?_rsc=wBL8jh-0AxNJNXN_ net::ERR_ABORTED | /contracts?_rsc=wBL8jh-0AxNJNXN_ net::ERR_ABORTED | /intelligence/bids?_rsc=wBL8jh-0AxNJNXN_ net::ERR_ABORTED | /analytics?_rsc=wBL8jh-0AxNJNXN_ net::ERR_ABORTED | /intelligence?_rsc=wBL8jh-0AxNJNXN_ net::ERR_ABORTED | /catalog?_rsc=wBL8jh-0AxNJNXN_ net::ERR_ABORTED | /crosses?_rsc=wBL8jh-0AxNJNXN_ net::ERR_ABORTED | /settings?_rsc=wBL8jh-0AxNJNXN_ net::ERR_ABORTED | /notifications?_rsc=wBL8jh-0AxNJNXN_ net::ERR_ABORTED | /catalog/gudid?_rsc=wBL8jh-0AxNJNXN_ net::ERR_ABORTED | /requests/new?_rsc=wBL8jh-0AxNJNXN_ net::ERR_ABORTED","404 /api/documents/extractions/missing0000000000000000","0","0","0","New request ; Switch user"
"PRICING_ANALYST","/analytics","/analytics","200","Commercial feedback loop","","","0","/proposals?_rsc=ix5_aAief6TvBg04 net::ERR_ABORTED | /accounts?_rsc=ix5_aAief6TvBg04 net::ERR_ABORTED | /?_rsc=ix5_aAief6TvBg04 net::ERR_ABORTED | /requests?_rsc=ix5_aAief6TvBg04 net::ERR_ABORTED | /contracts?_rsc=ix5_aAief6TvBg04 net::ERR_ABORTED | /intelligence?_rsc=ix5_aAief6TvBg04 net::ERR_ABORTED | /catalog?_rsc=ix5_aAief6TvBg04 net::ERR_ABORTED | /intelligence/bids?_rsc=ix5_aAief6TvBg04 net::ERR_ABORTED | /catalog/gudid?_rsc=ix5_aAief6TvBg04 net::ERR_ABORTED | /crosses?_rsc=ix5_aAief6TvBg04 net::ERR_ABORTED | /settings?_rsc=ix5_aAief6TvBg04 net::ERR_ABORTED | /notifications?_rsc=ix5_aAief6TvBg04 net::ERR_ABORTED | /requests?_rsc=Dt318okBLJyNDlfE net::ERR_ABORTED | /proposals?_rsc=Dt318okBLJyNDlfE net::ERR_ABORTED | /?_rsc=Dt318okBLJyNDlfE net::ERR_ABORTED | /intelligence/bids?_rsc=Dt318okBLJyNDlfE net::ERR_ABORTED | /analytics?_rsc=Dt318okBLJyNDlfE net::ERR_ABORTED | /contracts?_rsc=Dt318okBLJyNDlfE net::ERR_ABORTED | /intelligence?_rsc=Dt318okBLJyNDlfE net::ERR_ABORTED | /crosses?_rsc=Dt318okBLJyNDlfE net::ERR_ABORTED | /catalog/gudid?_rsc=Dt318okBLJyNDlfE net::ERR_ABORTED | /catalog?_rsc=Dt318okBLJyNDlfE net::ERR_ABORTED | /settings?_rsc=Dt318okBLJyNDlfE net::ERR_ABORTED | /requests/new?_rsc=Dt318okBLJyNDlfE net::ERR_ABORTED | /notifications?_rsc=Dt318okBLJyNDlfE net::ERR_ABORTED","","0","1","0","New request ; Switch user ; Refresh"
"PRICING_ANALYST","/catalog","/catalog","200","Our catalog","","","0","/requests?_rsc=OYzo7EH3MGwwxBfF net::ERR_ABORTED | /?_rsc=OYzo7EH3MGwwxBfF net::ERR_ABORTED | /accounts?_rsc=OYzo7EH3MGwwxBfF net::ERR_ABORTED | /proposals?_rsc=OYzo7EH3MGwwxBfF net::ERR_ABORTED | /intelligence?_rsc=OYzo7EH3MGwwxBfF net::ERR_ABORTED | /contracts?_rsc=OYzo7EH3MGwwxBfF net::ERR_ABORTED | /analytics?_rsc=OYzo7EH3MGwwxBfF net::ERR_ABORTED | /catalog/gudid?_rsc=OYzo7EH3MGwwxBfF net::ERR_ABORTED | /crosses?_rsc=OYzo7EH3MGwwxBfF net::ERR_ABORTED | /settings?_rsc=OYzo7EH3MGwwxBfF net::ERR_ABORTED | /notifications?_rsc=OYzo7EH3MGwwxBfF net::ERR_ABORTED | /requests/new?_rsc=OYzo7EH3MGwwxBfF net::ERR_ABORTED | /?_rsc=O6cAbYUSgs3KBG-F net::ERR_ABORTED | /requests?_rsc=O6cAbYUSgs3KBG-F net::ERR_ABORTED | /proposals?_rsc=O6cAbYUSgs3KBG-F net::ERR_ABORTED | /accounts?_rsc=O6cAbYUSgs3KBG-F net::ERR_ABORTED | /contracts?_rsc=O6cAbYUSgs3KBG-F net::ERR_ABORTED | /intelligence?_rsc=O6cAbYUSgs3KBG-F net::ERR_ABORTED | /analytics?_rsc=O6cAbYUSgs3KBG-F net::ERR_ABORTED | /intelligence/bids?_rsc=O6cAbYUSgs3KBG-F net::ERR_ABORTED | /catalog?_rsc=O6cAbYUSgs3KBG-F net::ERR_ABORTED | /catalog/gudid?_rsc=O6cAbYUSgs3KBG-F net::ERR_ABORTED | /crosses?_rsc=O6cAbYUSgs3KBG-F net::ERR_ABORTED | /settings?_rsc=O6cAbYUSgs3KBG-F net::ERR_ABORTED | /notifications?_rsc=O6cAbYUSgs3KBG-F net::ERR_ABORTED | /requests/new?_rsc=O6cAbYUSgs3KBG-F net::ERR_ABORTED","","0","1","0","New request ; Switch user ; GUDID library ; Enrich from GUDID ; Pricing ; Competitor sizes ; Add SKUs ; 174006 ; ABSTACK30 ; ABSTACK30X ; PCO2015X ; PCO2520X ; PCO9X ; 11-1276 ; 11-1278 ; 171305 ; 173019 ; 173030 ; 173046 ; 173049 ; 173050G ; 174001 ; 174209 ; 174213 ; 174233 ; 174301 ; 174309 ; 174317 ; 174601 ; 176605 ; 176613 ; 176643 ; 176645 ; 176647 ; 178081 ; 178083 ; 178091 ; 178093 ; 178099 ; 25030 ; CATCH10 ; E3781-28 ; E3781R-28ASP ; E3783-28 ; E3783R-28ASP ; E3783R-36ASP ; LF1837 ; LF5637 ; SILSCLINCH46 ; SILSDISSECT46 ; SILSHOOK36 ; SILSHOOK46 ; SILSSHEAR46 ; WPLGR914 ; WPXLGR1117 ; 010316L ; 010460 ; 010470 ; 015427L ; 015433L ; 015441L ; 015451L ; 015458L ; 015477L ; 015485L ; 015888L ; 017614 ; 020242 ; 030330L ; 030412 ; 030424L ; 030425 ; 030426 ; 030454 ; 030470 ; 030735L ; 059037 ; 111981 ; 111983 ; 111985 ; 111987 ; 111989 ; 3948L ; 3971 ; 3973 ; 4901T ; 8886803712 ; EEA21 ; EEA2135 ; EEA25 ; EEA2535 ; EEA28 ; EEA2835 ; EEA31 ; EEA33 ; EEAXL21 ; EEAXL2135 ; EEAXL25 ; EEAXL2535 ; EEAXL28 ; EEAXL2835 ; EEAXL31 ; EEAXL33 ; EGIA45AMT ; EGIA45AV ; EGIA45AVM ; EGIA45CTAVM ; EGIA60AMT ; EGIA60AVM ; EGIA60AXT ; EGIARADMT ; EGIARADVM ; EGIARADXT ; EGIAUSHORT ; EGIAUSTND ; EGIAUXL ; GIA10038L ; GIA10038S ; GIA10048L ; GIA10048S ; GIA6025L ; GIA6025S ; GIA6038L ; GIA6038S ; GIA6048L ; GIA6048S ; GIA60MTC ; GIA60MTS ; GIA60XTC ; GIA60XTS ; GIA8038L ; GIA8038S ; GIA8048L ; GIA8048S ; GIA80MTC ; GIA80MTS ; GIA80XTC ; GIA80XTS ; HEM3335 ; HEM3348 ; IDRVULTRA1 ; SGIA6038S ; SIG30AMT ; SIG30AV ; SIG30AVM ; SIG30CTAV ; SIG30CTAVM ; SIG45AMT ; SIG45AXT ; SIG45CTAMT ; SIG45CTAV ; SIG45CTAVM ; SIG60AMT ; SIG60AXT ; SIG60CTAMT ; SIG60CTAVM ; SIGADAPTSHORT ; SIGADAPTSTND ; SIGADAPTXL ; SIGC45MT ; SIGC45V ; SIGC45VM ; SIGC45VT ; SIGC60MT ; SIGC60V ; SIGC60VM ; SIGC60VT ; SIGLU45A ; SIGLU60A ; SIGPSHELL ; SIGRADMT ; SIGRADVM ; SIGRADXT ; SIGSDL45CTVT ; SIGSDS30CTV ; SIGSDS30CTVT ; SIGTRSB45AMT ; SIGTRSB45AXT ; SIGTRSB60AMT ; SIGTRSB60AXT ; TA3035L ; TA3035S ; TA3048L ; TA3048S ; TA30V3L ; TA30V3S ; TA4535L ; TA4535S ; TA4548L ; TA4548S ; TA6035L ; TA6035S ; TA6048L ; TA6048S ; TA9035L ; TA9035S ; TA9048L ; TA9048S ; TRIEEA28MT ; TRIEEA28XT ; TRIEEA31MT ; TRIEEA31XT ; TRIEEAXL28MT ; TRIEEAXL28XT ; TRIEEAXL31MT ; TRIEEAXL31XT ; TRIEEAXL33MT ; PPDS12 ; PPDS15 ; PPDS1510 ; PPDS2015 ; PPM1106X3 ; PPM1510X3 ; PPM4530 ; 171313 ; 171315 ; 172015 ; 172016 ; 176626P ; 176673P ; 176674P ; 176674PF ; 177090P ; 177090PF ; 177091P ; 177091PF ; 177092 ; 177092F ; 177992P ; 177995P ; 179076P ; 179077P ; 179078PF ; 179093 ; 179093F ; 179094 ; 179094F ; 179095P ; 179096P ; 179096PF ; 179097P ; 179097PF ; 179100 ; 179101 ; 179102P ; 179301 ; 179303 ; 179305 ; 179307 ; 179308 ; 179309 ; 179310 ; 21-345 ; 220-50 ; 24055- ; 4216 ; B11STF ; B11STS ; B12LGF ; B12LGS ; B12STF ; B12STFCS ; B12STS ; B5SHF ; B5SHS ; B5STF ; B5STS ; BPT12STS ; MS100703 ; MS100705 ; MS100708 ; MS101003 ; MS101005 ; MS101008 ; NB11STF ; NB12LGF ; NB12SHF ; NB12STF ; NB12STS ; NB15LGF ; NB15STF ; NB3SHFLP ; NB5LGF ; NB5SHF ; NB5SHFLP ; NB5STF ; NB5STFLP ; NBFCA11ST ; NBFCA12ST ; NONB11STF ; NONB12LGF ; NONB12SHF ; NONB12STF ; NONB12STS ; NONB15LGF ; NONB15STF ; NONB5LGF ; NONB5SHF ; NONB5STF ; NONB8STF ; OMS-T10BT ; OMS-T10BTNL ; OMS-T10BTS ; OMS-T10BTSNL ; OMS-T12BT ; OMS-T12BTNL ; ONB11LGF ; ONB11STF ; ONB12LGF ; ONB12SHF ; ONB12STF ; ONB12STF-NSB ; ONB12STFCS ; ONB12STS ; ONB15STF ; ONB5LGF ; ONB5SHF ; ONB5STF ; ONB5STF-NSB ; ONB5STF2C ; ONBFCA11ST ; S100000 ; S100700 ; S100705 ; S100710 ; S100712 ; S101000 ; S101005 ; S101010 ; S101012 ; S110000 ; SILSPT12TA ; SILSPT5TA ; UNVCA11STF ; UNVCA12LGF ; UNVCA12STF ; UNVCA12STF-NSB ; UNVCA12STS ; UNVCA5LGF ; UNVCA5SHF ; UNVCA5STF ; VS070000 ; VS100700 ; VS100705 ; VS100711P ; VS100712P ; VS101000 ; VS101005 ; VS101011P ; VS101012P ; VS101015P ; VS101500 ; VS101505 ; VS101512P ; VS150000 ; VSR100005 ; VSR100812P ; WPMD509 ; WPSM256 ; WPXSM24"
"PRICING_ANALYST","/catalog/gudid","/catalog/gudid","200","GUDID library","","","0","/?_rsc=DGmoGnAw5OqJpMhM net::ERR_ABORTED | /requests?_rsc=DGmoGnAw5OqJpMhM net::ERR_ABORTED | /proposals?_rsc=DGmoGnAw5OqJpMhM net::ERR_ABORTED | /accounts?_rsc=DGmoGnAw5OqJpMhM net::ERR_ABORTED | /catalog?_rsc=DGmoGnAw5OqJpMhM net::ERR_ABORTED | /settings?_rsc=DGmoGnAw5OqJpMhM net::ERR_ABORTED | /notifications?_rsc=DGmoGnAw5OqJpMhM net::ERR_ABORTED | /requests/new?_rsc=DGmoGnAw5OqJpMhM net::ERR_ABORTED | /?_rsc=Z9EVd8HHdUwJDdIQ net::ERR_ABORTED | /requests?_rsc=Z9EVd8HHdUwJDdIQ net::ERR_ABORTED | /proposals?_rsc=Z9EVd8HHdUwJDdIQ net::ERR_ABORTED | /accounts?_rsc=Z9EVd8HHdUwJDdIQ net::ERR_ABORTED | /intelligence?_rsc=Z9EVd8HHdUwJDdIQ net::ERR_ABORTED | /contracts?_rsc=Z9EVd8HHdUwJDdIQ net::ERR_ABORTED | /analytics?_rsc=Z9EVd8HHdUwJDdIQ net::ERR_ABORTED | /intelligence/bids?_rsc=Z9EVd8HHdUwJDdIQ net::ERR_ABORTED | /catalog?_rsc=Z9EVd8HHdUwJDdIQ net::ERR_ABORTED | /crosses?_rsc=Z9EVd8HHdUwJDdIQ net::ERR_ABORTED | /catalog/gudid?_rsc=Z9EVd8HHdUwJDdIQ net::ERR_ABORTED | /settings?_rsc=Z9EVd8HHdUwJDdIQ net::ERR_ABORTED | /notifications?_rsc=Z9EVd8HHdUwJDdIQ net::ERR_ABORTED | /requests/new?_rsc=Z9EVd8HHdUwJDdIQ net::ERR_ABORTED","","0","0","0","New request ; Switch user ; Import from GUDID ; DXT1309AL ; Add to our catalog ; DXT1309AR ; DXT1510AL ; DXT1510AR ; DXT1612AL ; DXT1612AR ; DTN07R ; DTN07RX3 ; DTN07RX6 ; DTN10R ; DTN10RX3 ; DTN10RX6 ; DTN1610E ; DTN1610EX3 ; DTN1610EX6 ; PP0611 ; PP0611X3 ; PP1510 ; PP1510X3 ; PP1515 ; PP2020 ; PP3030 ; PPM1106 ; PPM1106X3 ; PPM1106X6 ; PPM1508 ; PPM1508X3 ; PPM1508X6 ; PPM1510 ; PPM1510X3 ; PPM1510X6 ; PPM1515 ; PPM1515X3 ; PPM1515X6 ; PPM2020 ; PPM2020X3 ; PPM3030 ; PPM3030X3 ; PPM4530 ; PPM4530X3 ; PPM5050 ; PPMK1106 ; PPMK1106X3 ; PPMK1106X6 ; PPMK1508 ; PPMK1508X3 ; PPMK1508X6 ; PPDS12 ; PPDS12X3 ; PPDS15 ; PPDS1510 ; PPDS1510X3 ; PPDS15X3 ; PPDS2015 ; PPDS2015X3 ; PPDS2520 ; PPDS3020 ; PPDS3530 ; PCO12FX ; PCO12X ; PCO1510FX ; PCO1510OSX ; PCO1510X ; PCO15FX ; PCO15X ; PCO2015FX ; PCO2015OSX ; PCO2015X ; PCO20FX ; PCO20X ; PCO2520FX ; PCO2520OSX ; PCO2520X ; PCO2H1 ; PCO2H3 ; PCO2H4 ; PCO3020FX ; PCO3020OSX ; PCO3020X ; PCO3728FX ; PCO3728X ; PCO4VP ; PCO6VP ; PCO8OSX ; PCO8VP ; PCO9FX ; PCO9X ; PCOPM15 ; PCOPM15H35 ; PCOPM15H50 ; PCOPM20 ; PNP6 ; PNP6X3 ; PNP8 ; PNP8X3 ; TCM1106 ; TCM1106X3 ; TCM1510 ; TCM1510X3 ; TCM1515 ; TCM1515X3 ; TCM2020 ; TCM2020X3 ; TCM3015 ; TCM3030 ; TCM4530 ; TEC1309 ; TEC1410DP ; TEC1410P5 ; TEC1510 ; TEC1515 ; TEC2020 ; TEC3030 ; TECR1410DP2 ; TECR1510 ; TECR1510AL ; TECR1510AR ; TECR1515 ; TECR3030 ; TECT1309AL ; TECT1309AR ; TECT1510ADP2L ; TECT1510ADP2R ; TECT1510ADPL ; TECT1510ADPR ; TECT1510AL ; TECT1510AR ; TECT1612AFR ; TECT1612AL ; TECT1612AR ; TET1309 ; TET1309D ; TET1510 ; TET1515 ; TET2020 ; TET3030 ; TET5050 ; ADG1510 ; ADG2015 ; ADG3020 ; ADG4030 ; LPG1309AL ; LPG1309AR ; LPG1510 ; LPG1510AK2 ; LPG1510AL ; LPG1510AR ; LPG1510X2 ; LPG1612 ; LPG1612AL ; LPG1612AR ; LPG1614 ; PP1208DL ; PP1208DR ; PP1509G ; PP1515G ; PP2015G ; PP3020G ; PP3030G ; PP4030G ; TEM1208GL ; TEM1208GR ; TEM1409GL ; TEM1409GR ; TEM1509G ; TEM1515G ; TEM2015G ; TEM3015G ; TECG3004 ; SYM12 ; SYM12F ; SYM15 ; SYM1510 ; SYM1510F ; SYM1510OS ; SYM15F ; SYM1710E ; SYM1710EF ; SYM20 ; SYM2012E ; SYM2012EF ; SYM2015 ; SYM2015F ; SYM2015OS ; SYM20F ; SYM2515E ; SYM2515EF ; SYM2520 ; SYM2520F ; SYM2520OS ; SYM3020 ; SYM3020F ; SYM3020OS ; SYM3420E ; SYM3420EF ; SYM3728 ; SYM3728F ; SYM4024E ; SYM4024EF ; SYM4232 ; SYM4232F ; SYM8OS ; SYM9 ; SYM9F ; VTX1106 ; VTX1106X3 ; VTX1510 ; VTX1510X3 ; VTX1515 ; VTX1515M ; VTX1515MX3 ; VTX1515X3 ; VTX2020M ; VTX3030M ; VTX4530M ; VTX5050M ; Sofradim"
"PRICING_ANALYST","/crosses","/crosses","200","Crosswalk","","","0","/proposals?_rsc=zAn-vlYtEcVbUMJ6 net::ERR_ABORTED | /accounts?_rsc=zAn-vlYtEcVbUMJ6 net::ERR_ABORTED | /?_rsc=zAn-vlYtEcVbUMJ6 net::ERR_ABORTED | /requests?_rsc=zAn-vlYtEcVbUMJ6 net::ERR_ABORTED | /contracts?_rsc=zAn-vlYtEcVbUMJ6 net::ERR_ABORTED | /intelligence?_rsc=zAn-vlYtEcVbUMJ6 net::ERR_ABORTED | /intelligence/bids?_rsc=zAn-vlYtEcVbUMJ6 net::ERR_ABORTED | /analytics?_rsc=zAn-vlYtEcVbUMJ6 net::ERR_ABORTED | /accounts?_rsc=aniPmKjMQR6zCALO net::ERR_ABORTED | /proposals?_rsc=aniPmKjMQR6zCALO net::ERR_ABORTED | /contracts?_rsc=aniPmKjMQR6zCALO net::ERR_ABORTED | /analytics?_rsc=aniPmKjMQR6zCALO net::ERR_ABORTED | /intelligence/bids?_rsc=aniPmKjMQR6zCALO net::ERR_ABORTED | /catalog?_rsc=aniPmKjMQR6zCALO net::ERR_ABORTED | /catalog/gudid?_rsc=aniPmKjMQR6zCALO net::ERR_ABORTED | /crosses?_rsc=aniPmKjMQR6zCALO net::ERR_ABORTED | /settings?_rsc=aniPmKjMQR6zCALO net::ERR_ABORTED | /notifications?_rsc=aniPmKjMQR6zCALO net::ERR_ABORTED | /requests/new?_rsc=aniPmKjMQR6zCALO net::ERR_ABORTED","","0","0","0","New request ; Switch user"
"PRICING_ANALYST","/notifications","/notifications","200","Notifications","","","0","/?_rsc=oG-rbVP81bj5yHs2 net::ERR_ABORTED | /requests?_rsc=oG-rbVP81bj5yHs2 net::ERR_ABORTED | /proposals?_rsc=oG-rbVP81bj5yHs2 net::ERR_ABORTED | /intelligence/bids?_rsc=oG-rbVP81bj5yHs2 net::ERR_ABORTED | /accounts?_rsc=oG-rbVP81bj5yHs2 net::ERR_ABORTED | /contracts?_rsc=oG-rbVP81bj5yHs2 net::ERR_ABORTED | /intelligence?_rsc=oG-rbVP81bj5yHs2 net::ERR_ABORTED | /analytics?_rsc=oG-rbVP81bj5yHs2 net::ERR_ABORTED | /catalog?_rsc=oG-rbVP81bj5yHs2 net::ERR_ABORTED | /catalog/gudid?_rsc=oG-rbVP81bj5yHs2 net::ERR_ABORTED | /crosses?_rsc=oG-rbVP81bj5yHs2 net::ERR_ABORTED | /settings?_rsc=oG-rbVP81bj5yHs2 net::ERR_ABORTED | /requests/new?_rsc=oG-rbVP81bj5yHs2 net::ERR_ABORTED | /accounts?_rsc=FxIb9Zh5xrkPNSW4 net::ERR_ABORTED | /?_rsc=FxIb9Zh5xrkPNSW4 net::ERR_ABORTED | /requests?_rsc=FxIb9Zh5xrkPNSW4 net::ERR_ABORTED | /proposals?_rsc=FxIb9Zh5xrkPNSW4 net::ERR_ABORTED | /contracts?_rsc=FxIb9Zh5xrkPNSW4 net::ERR_ABORTED | /catalog?_rsc=FxIb9Zh5xrkPNSW4 net::ERR_ABORTED | /analytics?_rsc=FxIb9Zh5xrkPNSW4 net::ERR_ABORTED | /intelligence/bids?_rsc=FxIb9Zh5xrkPNSW4 net::ERR_ABORTED | /intelligence?_rsc=FxIb9Zh5xrkPNSW4 net::ERR_ABORTED | /catalog/gudid?_rsc=FxIb9Zh5xrkPNSW4 net::ERR_ABORTED | /settings?_rsc=FxIb9Zh5xrkPNSW4 net::ERR_ABORTED | /notifications?_rsc=FxIb9Zh5xrkPNSW4 net::ERR_ABORTED | /requests/new?_rsc=FxIb9Zh5xrkPNSW4 net::ERR_ABORTED | /crosses?_rsc=FxIb9Zh5xrkPNSW4 net::ERR_ABORTED","","0","0","0","New request ; Switch user ; Mark all read (disabled)"
"PRICING_ANALYST","/settings","/settings","200","Settings","","","0","/proposals?_rsc=DQxjArDrgutTG17x net::ERR_ABORTED | /?_rsc=DQxjArDrgutTG17x net::ERR_ABORTED | /requests?_rsc=DQxjArDrgutTG17x net::ERR_ABORTED | /accounts?_rsc=DQxjArDrgutTG17x net::ERR_ABORTED | /contracts?_rsc=DQxjArDrgutTG17x net::ERR_ABORTED | /intelligence?_rsc=DQxjArDrgutTG17x net::ERR_ABORTED | /settings/pricing?_rsc=DQxjArDrgutTG17x net::ERR_ABORTED | /requests/new?_rsc=DQxjArDrgutTG17x net::ERR_ABORTED | /?_rsc=j-_vjoKOn8bxlRO7 net::ERR_ABORTED | /proposals?_rsc=j-_vjoKOn8bxlRO7 net::ERR_ABORTED | /requests?_rsc=j-_vjoKOn8bxlRO7 net::ERR_ABORTED | /accounts?_rsc=j-_vjoKOn8bxlRO7 net::ERR_ABORTED | /intelligence/bids?_rsc=j-_vjoKOn8bxlRO7 net::ERR_ABORTED | /intelligence?_rsc=j-_vjoKOn8bxlRO7 net::ERR_ABORTED | /analytics?_rsc=j-_vjoKOn8bxlRO7 net::ERR_ABORTED | /contracts?_rsc=j-_vjoKOn8bxlRO7 net::ERR_ABORTED | /crosses?_rsc=j-_vjoKOn8bxlRO7 net::ERR_ABORTED | /settings?_rsc=j-_vjoKOn8bxlRO7 net::ERR_ABORTED | /catalog?_rsc=j-_vjoKOn8bxlRO7 net::ERR_ABORTED | /catalog/gudid?_rsc=j-_vjoKOn8bxlRO7 net::ERR_ABORTED | /notifications?_rsc=j-_vjoKOn8bxlRO7 net::ERR_ABORTED | /settings/pricing?_rsc=j-_vjoKOn8bxlRO7 net::ERR_ABORTED | /requests/new?_rsc=j-_vjoKOn8bxlRO7 net::ERR_ABORTED","","0","0","0","New request ; Switch user ; Save (disabled) ; Details ; How to connect"
"PRICING_ANALYST","/settings/integrations","/settings/integrations","200","Settings","","","0","/requests?_rsc=DQxjArDrgutTG17x net::ERR_ABORTED | /proposals?_rsc=DQxjArDrgutTG17x net::ERR_ABORTED | /?_rsc=DQxjArDrgutTG17x net::ERR_ABORTED | /contracts?_rsc=DQxjArDrgutTG17x net::ERR_ABORTED | /intelligence?_rsc=DQxjArDrgutTG17x net::ERR_ABORTED | /analytics?_rsc=DQxjArDrgutTG17x net::ERR_ABORTED | /catalog?_rsc=DQxjArDrgutTG17x net::ERR_ABORTED | /intelligence/bids?_rsc=DQxjArDrgutTG17x net::ERR_ABORTED | /crosses?_rsc=DQxjArDrgutTG17x net::ERR_ABORTED | /notifications?_rsc=DQxjArDrgutTG17x net::ERR_ABORTED | /requests/new?_rsc=DQxjArDrgutTG17x net::ERR_ABORTED | /settings/pricing?_rsc=DQxjArDrgutTG17x net::ERR_ABORTED | /requests?_rsc=j-_vjoKOn8bxlRO7 net::ERR_ABORTED | /accounts?_rsc=j-_vjoKOn8bxlRO7 net::ERR_ABORTED | /proposals?_rsc=j-_vjoKOn8bxlRO7 net::ERR_ABORTED | /?_rsc=j-_vjoKOn8bxlRO7 net::ERR_ABORTED | /contracts?_rsc=j-_vjoKOn8bxlRO7 net::ERR_ABORTED | /intelligence?_rsc=j-_vjoKOn8bxlRO7 net::ERR_ABORTED | /analytics?_rsc=j-_vjoKOn8bxlRO7 net::ERR_ABORTED | /intelligence/bids?_rsc=j-_vjoKOn8bxlRO7 net::ERR_ABORTED | /settings?_rsc=j-_vjoKOn8bxlRO7 net::ERR_ABORTED | /catalog?_rsc=j-_vjoKOn8bxlRO7 net::ERR_ABORTED | /catalog/gudid?_rsc=j-_vjoKOn8bxlRO7 net::ERR_ABORTED | /crosses?_rsc=j-_vjoKOn8bxlRO7 net::ERR_ABORTED | /notifications?_rsc=j-_vjoKOn8bxlRO7 net::ERR_ABORTED | /requests/new?_rsc=j-_vjoKOn8bxlRO7 net::ERR_ABORTED | /settings/pricing?_rsc=j-_vjoKOn8bxlRO7 net::ERR_ABORTED","","0","0","0","New request ; Switch user ; Save (disabled) ; Details ; How to connect"
"PRICING_ANALYST","/settings/pricing","/settings/pricing","200","Pricing policies","","","0","/?_rsc=8oSST31HPn0UlEto net::ERR_ABORTED | /requests?_rsc=8oSST31HPn0UlEto net::ERR_ABORTED | /proposals?_rsc=8oSST31HPn0UlEto net::ERR_ABORTED | /accounts?_rsc=8oSST31HPn0UlEto net::ERR_ABORTED | /contracts?_rsc=8oSST31HPn0UlEto net::ERR_ABORTED | /intelligence?_rsc=8oSST31HPn0UlEto net::ERR_ABORTED | /intelligence/bids?_rsc=8oSST31HPn0UlEto net::ERR_ABORTED | /analytics?_rsc=8oSST31HPn0UlEto net::ERR_ABORTED | /catalog?_rsc=8oSST31HPn0UlEto net::ERR_ABORTED | /catalog/gudid?_rsc=8oSST31HPn0UlEto net::ERR_ABORTED | /crosses?_rsc=8oSST31HPn0UlEto net::ERR_ABORTED | /settings?_rsc=8oSST31HPn0UlEto net::ERR_ABORTED | /notifications?_rsc=8oSST31HPn0UlEto net::ERR_ABORTED | /requests/new?_rsc=8oSST31HPn0UlEto net::ERR_ABORTED | /?_rsc=_Ie442TgELs3Q458 net::ERR_ABORTED | /requests?_rsc=_Ie442TgELs3Q458 net::ERR_ABORTED | /proposals?_rsc=_Ie442TgELs3Q458 net::ERR_ABORTED | /accounts?_rsc=_Ie442TgELs3Q458 net::ERR_ABORTED | /intelligence?_rsc=_Ie442TgELs3Q458 net::ERR_ABORTED | /contracts?_rsc=_Ie442TgELs3Q458 net::ERR_ABORTED | /catalog/gudid?_rsc=_Ie442TgELs3Q458 net::ERR_ABORTED | /analytics?_rsc=_Ie442TgELs3Q458 net::ERR_ABORTED | /intelligence/bids?_rsc=_Ie442TgELs3Q458 net::ERR_ABORTED | /catalog?_rsc=_Ie442TgELs3Q458 net::ERR_ABORTED | /crosses?_rsc=_Ie442TgELs3Q458 net::ERR_ABORTED | /settings?_rsc=_Ie442TgELs3Q458 net::ERR_ABORTED | /notifications?_rsc=_Ie442TgELs3Q458 net::ERR_ABORTED | /requests/new?_rsc=_Ie442TgELs3Q458 net::ERR_ABORTED","","0","0","0","New request ; Switch user ; New draft (disabled)"
"PRICING_DIRECTOR","/","/","200","Competitive cross reference","","","0","/requests?_rsc=5CB68i4pnAekjehf net::ERR_ABORTED | /proposals?_rsc=5CB68i4pnAekjehf net::ERR_ABORTED | /approvals?_rsc=5CB68i4pnAekjehf net::ERR_ABORTED | /accounts?_rsc=5CB68i4pnAekjehf net::ERR_ABORTED | /catalog?_rsc=5CB68i4pnAekjehf net::ERR_ABORTED | /intelligence?_rsc=5CB68i4pnAekjehf net::ERR_ABORTED | /intelligence/bids?_rsc=5CB68i4pnAekjehf net::ERR_ABORTED | /analytics?_rsc=5CB68i4pnAekjehf net::ERR_ABORTED | /settings?_rsc=5CB68i4pnAekjehf net::ERR_ABORTED | /catalog/gudid?_rsc=5CB68i4pnAekjehf net::ERR_ABORTED | /crosses?_rsc=5CB68i4pnAekjehf net::ERR_ABORTED | /notifications?_rsc=5CB68i4pnAekjehf net::ERR_ABORTED | /requests/new?_rsc=5CB68i4pnAekjehf net::ERR_ABORTED | /requests/cmufeje3o002hk57d491oejr5?_rsc=5CB68i4pnAekjehf net::ERR_ABORTED | /requests/cmufdh3bj000c8l7d0xi3zsf0?_rsc=5CB68i4pnAekjehf net::ERR_ABORTED | /requests/cmufcnw1t003m5y7ds9b0eta9?_rsc=5CB68i4pnAekjehf net::ERR_ABORTED | /accounts?_rsc=tXyZJ52UQVBCVsD3 net::ERR_ABORTED | /intelligence?_rsc=tXyZJ52UQVBCVsD3 net::ERR_ABORTED | /analytics?_rsc=tXyZJ52UQVBCVsD3 net::ERR_ABORTED | /contracts?_rsc=tXyZJ52UQVBCVsD3 net::ERR_ABORTED | /intelligence/bids?_rsc=tXyZJ52UQVBCVsD3 net::ERR_ABORTED | /catalog/gudid?_rsc=tXyZJ52UQVBCVsD3 net::ERR_ABORTED | /crosses?_rsc=tXyZJ52UQVBCVsD3 net::ERR_ABORTED | /notifications?_rsc=tXyZJ52UQVBCVsD3 net::ERR_ABORTED | /settings?_rsc=tXyZJ52UQVBCVsD3 net::ERR_ABORTED | /requests/new?_rsc=tXyZJ52UQVBCVsD3 net::ERR_ABORTED | /requests/cmufdh3bj000c8l7d0xi3zsf0?_rsc=tXyZJ52UQVBCVsD3 net::ERR_ABORTED | /requests/cmufeje3o002hk57d491oejr5?_rsc=tXyZJ52UQVBCVsD3 net::ERR_ABORTED | /requests/cmufckl0t001u5y7daptu5251?_rsc=tXyZJ52UQVBCVsD3 net::ERR_ABORTED | /requests/cmufcnw1t003m5y7ds9b0eta9?_rsc=tXyZJ52UQVBCVsD3 net::ERR_ABORTED | /requests/cmufcynqe0001np7dpzorvaiq?_rsc=tXyZJ52UQVBCVsD3 net::ERR_ABORTED | /requests/cmufckl2s00205y7dkly63f9m?_rsc=tXyZJ52UQVBCVsD3 net::ERR_ABORTED | /requests/cmufcjbjr000g5y7ddlij2xi0?_rsc=tXyZJ52UQVBCVsD3 net::ERR_ABORTED","","0","0","0","New request ; Switch user"
"PRICING_DIRECTOR","/requests","/requests","200","Cross-reference requests","","","0","/approvals?_rsc=p3Q57VochOqcQNsg net::ERR_ABORTED | /accounts?_rsc=p3Q57VochOqcQNsg net::ERR_ABORTED | /?_rsc=p3Q57VochOqcQNsg net::ERR_ABORTED | /proposals?_rsc=p3Q57VochOqcQNsg net::ERR_ABORTED | /intelligence?_rsc=p3Q57VochOqcQNsg net::ERR_ABORTED | /intelligence/bids?_rsc=p3Q57VochOqcQNsg net::ERR_ABORTED | /analytics?_rsc=p3Q57VochOqcQNsg net::ERR_ABORTED | /catalog?_rsc=p3Q57VochOqcQNsg net::ERR_ABORTED | /catalog/gudid?_rsc=p3Q57VochOqcQNsg net::ERR_ABORTED | /crosses?_rsc=p3Q57VochOqcQNsg net::ERR_ABORTED | /settings?_rsc=p3Q57VochOqcQNsg net::ERR_ABORTED | /notifications?_rsc=p3Q57VochOqcQNsg net::ERR_ABORTED | /requests/new?_rsc=p3Q57VochOqcQNsg net::ERR_ABORTED | /requests/cmufdh3bj000c8l7d0xi3zsf0?_rsc=p3Q57VochOqcQNsg net::ERR_ABORTED | /requests/cmufeje3o002hk57d491oejr5?_rsc=p3Q57VochOqcQNsg net::ERR_ABORTED | /?_rsc=nIzLgF1M7nWxnHlV net::ERR_ABORTED | /requests?_rsc=nIzLgF1M7nWxnHlV net::ERR_ABORTED | /proposals?_rsc=nIzLgF1M7nWxnHlV net::ERR_ABORTED | /approvals?_rsc=nIzLgF1M7nWxnHlV net::ERR_ABORTED | /accounts?_rsc=nIzLgF1M7nWxnHlV net::ERR_ABORTED | /contracts?_rsc=nIzLgF1M7nWxnHlV net::ERR_ABORTED | /intelligence?_rsc=nIzLgF1M7nWxnHlV net::ERR_ABORTED | /intelligence/bids?_rsc=nIzLgF1M7nWxnHlV net::ERR_ABORTED | /analytics?_rsc=nIzLgF1M7nWxnHlV net::ERR_ABORTED | /catalog?_rsc=nIzLgF1M7nWxnHlV net::ERR_ABORTED | /settings?_rsc=nIzLgF1M7nWxnHlV net::ERR_ABORTED | /catalog/gudid?_rsc=nIzLgF1M7nWxnHlV net::ERR_ABORTED | /notifications?_rsc=nIzLgF1M7nWxnHlV net::ERR_ABORTED | /crosses?_rsc=nIzLgF1M7nWxnHlV net::ERR_ABORTED | /requests/new?_rsc=nIzLgF1M7nWxnHlV net::ERR_ABORTED | /requests/cmufeje3o002hk57d491oejr5?_rsc=nIzLgF1M7nWxnHlV net::ERR_ABORTED | /requests/cmufdh3bj000c8l7d0xi3zsf0?_rsc=nIzLgF1M7nWxnHlV net::ERR_ABORTED | /requests/cmufcnw1t003m5y7ds9b0eta9?_rsc=nIzLgF1M7nWxnHlV net::ERR_ABORTED | /requests/cmufckl2s00205y7dkly63f9m?_rsc=nIzLgF1M7nWxnHlV net::ERR_ABORTED | /requests/cmufcjbjr000g5y7ddlij2xi0?_rsc=nIzLgF1M7nWxnHlV net::ERR_ABORTED | /requests/cmufckl0t001u5y7daptu5251?_rsc=nIzLgF1M7nWxnHlV net::ERR_ABORTED","","0","1","0","New request ; Switch user"
"PRICING_DIRECTOR","/requests/new","/requests/new","200","Competitive cross reference","","","0","/?_rsc=4belA-F-xg-XtLdx net::ERR_ABORTED | /requests?_rsc=4belA-F-xg-XtLdx net::ERR_ABORTED | /proposals?_rsc=4belA-F-xg-XtLdx net::ERR_ABORTED | /approvals?_rsc=4belA-F-xg-XtLdx net::ERR_ABORTED | /accounts?_rsc=4belA-F-xg-XtLdx net::ERR_ABORTED | /contracts?_rsc=4belA-F-xg-XtLdx net::ERR_ABORTED | /intelligence/bids?_rsc=4belA-F-xg-XtLdx net::ERR_ABORTED | /intelligence?_rsc=4belA-F-xg-XtLdx net::ERR_ABORTED | /catalog?_rsc=4belA-F-xg-XtLdx net::ERR_ABORTED | /catalog/gudid?_rsc=4belA-F-xg-XtLdx net::ERR_ABORTED | /crosses?_rsc=4belA-F-xg-XtLdx net::ERR_ABORTED | /analytics?_rsc=4belA-F-xg-XtLdx net::ERR_ABORTED | /notifications?_rsc=4belA-F-xg-XtLdx net::ERR_ABORTED | /requests?_rsc=O1p93FFpSnNce0k4 net::ERR_ABORTED | /proposals?_rsc=O1p93FFpSnNce0k4 net::ERR_ABORTED | /approvals?_rsc=O1p93FFpSnNce0k4 net::ERR_ABORTED | /?_rsc=O1p93FFpSnNce0k4 net::ERR_ABORTED | /accounts?_rsc=O1p93FFpSnNce0k4 net::ERR_ABORTED | /contracts?_rsc=O1p93FFpSnNce0k4 net::ERR_ABORTED | /intelligence?_rsc=O1p93FFpSnNce0k4 net::ERR_ABORTED | /intelligence/bids?_rsc=O1p93FFpSnNce0k4 net::ERR_ABORTED | /catalog?_rsc=O1p93FFpSnNce0k4 net::ERR_ABORTED | /crosses?_rsc=O1p93FFpSnNce0k4 net::ERR_ABORTED | /catalog/gudid?_rsc=O1p93FFpSnNce0k4 net::ERR_ABORTED | /analytics?_rsc=O1p93FFpSnNce0k4 net::ERR_ABORTED | /notifications?_rsc=O1p93FFpSnNce0k4 net::ERR_ABORTED | /settings?_rsc=O1p93FFpSnNce0k4 net::ERR_ABORTED | /requests/new?_rsc=O1p93FFpSnNce0k4 net::ERR_ABORTED","","0","0","0","New request ; Switch user ; Google Sheets link ; Upload .xlsx / .csv ; Paste from a sheet ; Read sheet (disabled) ; Continue request (disabled)"
"PRICING_DIRECTOR","/requests/[id]","/requests/cmufeje3o002hk57d491oejr5","200","WS3 Journey Hospital Complete","","","0","/?_rsc=L4ND5fhfYnvUqaPw net::ERR_ABORTED | /requests?_rsc=L4ND5fhfYnvUqaPw net::ERR_ABORTED | /proposals?_rsc=L4ND5fhfYnvUqaPw net::ERR_ABORTED | /approvals?_rsc=L4ND5fhfYnvUqaPw net::ERR_ABORTED | /intelligence?_rsc=L4ND5fhfYnvUqaPw net::ERR_ABORTED | /accounts?_rsc=L4ND5fhfYnvUqaPw net::ERR_ABORTED | /contracts?_rsc=L4ND5fhfYnvUqaPw net::ERR_ABORTED | /intelligence/bids?_rsc=L4ND5fhfYnvUqaPw net::ERR_ABORTED | /settings?_rsc=L4ND5fhfYnvUqaPw net::ERR_ABORTED | /notifications?_rsc=L4ND5fhfYnvUqaPw net::ERR_ABORTED | /requests/new?_rsc=L4ND5fhfYnvUqaPw net::ERR_ABORTED | /requests?_rsc=grHQqzBoP485Pe5C net::ERR_ABORTED | /?_rsc=grHQqzBoP485Pe5C net::ERR_ABORTED | /proposals?_rsc=grHQqzBoP485Pe5C net::ERR_ABORTED | /approvals?_rsc=grHQqzBoP485Pe5C net::ERR_ABORTED | /intelligence/bids?_rsc=grHQqzBoP485Pe5C net::ERR_ABORTED | /accounts?_rsc=grHQqzBoP485Pe5C net::ERR_ABORTED | /contracts?_rsc=grHQqzBoP485Pe5C net::ERR_ABORTED | /intelligence?_rsc=grHQqzBoP485Pe5C net::ERR_ABORTED | /analytics?_rsc=grHQqzBoP485Pe5C net::ERR_ABORTED | /crosses?_rsc=grHQqzBoP485Pe5C net::ERR_ABORTED | /catalog?_rsc=grHQqzBoP485Pe5C net::ERR_ABORTED | /catalog/gudid?_rsc=grHQqzBoP485Pe5C net::ERR_ABORTED | /notifications?_rsc=grHQqzBoP485Pe5C net::ERR_ABORTED | /requests/new?_rsc=grHQqzBoP485Pe5C net::ERR_ABORTED","","0","1","0","New request ; Switch user ; Re-run ; Download ▾ ; Google Sheets ; Create proposal ; All 5 ; Needs attention 3 ; Flagged 0 ; Exact 2 ; Close 2 ; Alternative 1 ; Already ours 0 ; Bulk actions ▾ ; Expand all ; Expand line 1 1190500 ; Expand line 2 B12LTH ; Expand line 3 TLC75 ; Expand line 4 C0121 ; Expand line 5 IN-12-4 ; Show run log (6)"
"PRICING_DIRECTOR","/proposals","/proposals","200","Commercial proposals","","","0","/accounts?_rsc=8qZH60WsiyOTuseO net::ERR_ABORTED | /?_rsc=8qZH60WsiyOTuseO net::ERR_ABORTED | /approvals?_rsc=8qZH60WsiyOTuseO net::ERR_ABORTED | /contracts?_rsc=8qZH60WsiyOTuseO net::ERR_ABORTED | /intelligence?_rsc=8qZH60WsiyOTuseO net::ERR_ABORTED | /analytics?_rsc=8qZH60WsiyOTuseO net::ERR_ABORTED | /intelligence/bids?_rsc=8qZH60WsiyOTuseO net::ERR_ABORTED | /catalog?_rsc=8qZH60WsiyOTuseO net::ERR_ABORTED | /catalog/gudid?_rsc=8qZH60WsiyOTuseO net::ERR_ABORTED | /crosses?_rsc=8qZH60WsiyOTuseO net::ERR_ABORTED | /settings?_rsc=8qZH60WsiyOTuseO net::ERR_ABORTED | /notifications?_rsc=8qZH60WsiyOTuseO net::ERR_ABORTED | /requests/new?_rsc=8qZH60WsiyOTuseO net::ERR_ABORTED | /proposals/cmufem5ld0056k57d2utmar8g?_rsc=8qZH60WsiyOTuseO net::ERR_ABORTED | /proposals/cmufejry60041k57dwr6rvl6x?_rsc=8qZH60WsiyOTuseO net::ERR_ABORTED | /proposals/cmufe2r28001ai27dm62d5upt?_rsc=8qZH60WsiyOTuseO net::ERR_ABORTED | /proposals/cmufdkkln003q8l7d1m4dm88l?_rsc=8qZH60WsiyOTuseO net::ERR_ABORTED | /requests?_rsc=yDw8cg_cK2Tq2IDS net::ERR_ABORTED | /?_rsc=yDw8cg_cK2Tq2IDS net::ERR_ABORTED | /proposals?_rsc=yDw8cg_cK2Tq2IDS net::ERR_ABORTED | /approvals?_rsc=yDw8cg_cK2Tq2IDS net::ERR_ABORTED | /accounts?_rsc=yDw8cg_cK2Tq2IDS net::ERR_ABORTED | /contracts?_rsc=yDw8cg_cK2Tq2IDS net::ERR_ABORTED | /intelligence/bids?_rsc=yDw8cg_cK2Tq2IDS net::ERR_ABORTED | /analytics?_rsc=yDw8cg_cK2Tq2IDS net::ERR_ABORTED | /catalog/gudid?_rsc=yDw8cg_cK2Tq2IDS net::ERR_ABORTED | /crosses?_rsc=yDw8cg_cK2Tq2IDS net::ERR_ABORTED | /catalog?_rsc=yDw8cg_cK2Tq2IDS net::ERR_ABORTED | /settings?_rsc=yDw8cg_cK2Tq2IDS net::ERR_ABORTED | /proposals/cmufejry60041k57dwr6rvl6x?_rsc=yDw8cg_cK2Tq2IDS net::ERR_ABORTED | /requests/new?_rsc=yDw8cg_cK2Tq2IDS net::ERR_ABORTED | /proposals/cmufem5ld0056k57d2utmar8g?_rsc=yDw8cg_cK2Tq2IDS net::ERR_ABORTED | /notifications?_rsc=yDw8cg_cK2Tq2IDS net::ERR_ABORTED | /proposals/cmufe2r28001ai27dm62d5upt?_rsc=yDw8cg_cK2Tq2IDS net::ERR_ABORTED | /proposals/cmufdkkln003q8l7d1m4dm88l?_rsc=yDw8cg_cK2Tq2IDS net::ERR_ABORTED | /proposals/cmufdjtgl002w8l7dk6h2dqfi?_rsc=yDw8cg_cK2Tq2IDS net::ERR_ABORTED | /proposals/cmufdhh6r001w8l7d9fuqubfe?_rsc=yDw8cg_cK2Tq2IDS net::ERR_ABORTED | /proposals/cmufcz0vr001hnp7dqk2z8vcf?_rsc=yDw8cg_cK2Tq2IDS net::ERR_ABORTED | /proposals/cmufcovyo004l5y7dyhkzdcxj?_rsc=yDw8cg_cK2Tq2IDS net::ERR_ABORTED","","0","1","0","New request ; Switch user"
"PRICING_DIRECTOR","/proposals/[id]","/proposals/cmufem5ld0056k57d2utmar8g","200","PRP-0035-v2 · WS3 Journey Hospital","","","0","/?_rsc=IZ6zrI2LDRRC1-Wd net::ERR_ABORTED | /accounts?_rsc=IZ6zrI2LDRRC1-Wd net::ERR_ABORTED | /contracts?_rsc=IZ6zrI2LDRRC1-Wd net::ERR_ABORTED | /requests/cmufeje3o002hk57d491oejr5?_rsc=IZ6zrI2LDRRC1-Wd net::ERR_ABORTED | /crosses?_rsc=IZ6zrI2LDRRC1-Wd net::ERR_ABORTED | /settings?_rsc=IZ6zrI2LDRRC1-Wd net::ERR_ABORTED | /catalog/gudid?_rsc=IZ6zrI2LDRRC1-Wd net::ERR_ABORTED | /?_rsc=fAAmY66VdqvUMp3_ net::ERR_ABORTED | /requests?_rsc=fAAmY66VdqvUMp3_ net::ERR_ABORTED | /proposals?_rsc=fAAmY66VdqvUMp3_ net::ERR_ABORTED | /approvals?_rsc=fAAmY66VdqvUMp3_ net::ERR_ABORTED | /catalog?_rsc=fAAmY66VdqvUMp3_ net::ERR_ABORTED | /intelligence?_rsc=fAAmY66VdqvUMp3_ net::ERR_ABORTED | /intelligence/bids?_rsc=fAAmY66VdqvUMp3_ net::ERR_ABORTED | /analytics?_rsc=fAAmY66VdqvUMp3_ net::ERR_ABORTED | /catalog/gudid?_rsc=fAAmY66VdqvUMp3_ net::ERR_ABORTED | /crosses?_rsc=fAAmY66VdqvUMp3_ net::ERR_ABORTED | /settings?_rsc=fAAmY66VdqvUMp3_ net::ERR_ABORTED | /notifications?_rsc=fAAmY66VdqvUMp3_ net::ERR_ABORTED | /requests/new?_rsc=fAAmY66VdqvUMp3_ net::ERR_ABORTED","","0","1","0","New request ; Switch user ; Submit for approval ; Quote PDF (disabled) ; .xlsx (disabled) ; Details ; Refresh to today's context ; Proposal ; Show audit trail ; Recalculate tax ; Edit ; 1190500 ; B12LTH"
"PRICING_DIRECTOR","/approvals","/approvals","200","Pricing approvals","","","0","/?_rsc=Ut9iRRX_9PZKRdF- net::ERR_ABORTED | /requests?_rsc=Ut9iRRX_9PZKRdF- net::ERR_ABORTED | /proposals?_rsc=Ut9iRRX_9PZKRdF- net::ERR_ABORTED | /accounts?_rsc=Ut9iRRX_9PZKRdF- net::ERR_ABORTED | /contracts?_rsc=Ut9iRRX_9PZKRdF- net::ERR_ABORTED | /intelligence?_rsc=Ut9iRRX_9PZKRdF- net::ERR_ABORTED | /intelligence/bids?_rsc=Ut9iRRX_9PZKRdF- net::ERR_ABORTED | /analytics?_rsc=Ut9iRRX_9PZKRdF- net::ERR_ABORTED | /catalog?_rsc=Ut9iRRX_9PZKRdF- net::ERR_ABORTED | /settings?_rsc=Ut9iRRX_9PZKRdF- net::ERR_ABORTED | /catalog/gudid?_rsc=Ut9iRRX_9PZKRdF- net::ERR_ABORTED | /crosses?_rsc=Ut9iRRX_9PZKRdF- net::ERR_ABORTED | /notifications?_rsc=Ut9iRRX_9PZKRdF- net::ERR_ABORTED | /requests?_rsc=AU6DTT46DVXZ7jWj net::ERR_ABORTED | /requests/new?_rsc=Ut9iRRX_9PZKRdF- net::ERR_ABORTED | /proposals?_rsc=AU6DTT46DVXZ7jWj net::ERR_ABORTED | /approvals?_rsc=AU6DTT46DVXZ7jWj net::ERR_ABORTED | /accounts?_rsc=AU6DTT46DVXZ7jWj net::ERR_ABORTED | /catalog/gudid?_rsc=AU6DTT46DVXZ7jWj net::ERR_ABORTED | /analytics?_rsc=AU6DTT46DVXZ7jWj net::ERR_ABORTED | /catalog?_rsc=AU6DTT46DVXZ7jWj net::ERR_ABORTED | /crosses?_rsc=AU6DTT46DVXZ7jWj net::ERR_ABORTED | /settings?_rsc=AU6DTT46DVXZ7jWj net::ERR_ABORTED | /notifications?_rsc=AU6DTT46DVXZ7jWj net::ERR_ABORTED","","0","0","0","New request ; Switch user ; Delegate my approvals"
"PRICING_DIRECTOR","/accounts","/accounts","200","Accounts & GPO membership","","","0","/?_rsc=iZGmHDWBA-6V7KTQ net::ERR_ABORTED | /contracts?_rsc=iZGmHDWBA-6V7KTQ net::ERR_ABORTED | /analytics?_rsc=iZGmHDWBA-6V7KTQ net::ERR_ABORTED | /intelligence/bids?_rsc=iZGmHDWBA-6V7KTQ net::ERR_ABORTED | /catalog?_rsc=iZGmHDWBA-6V7KTQ net::ERR_ABORTED | /catalog/gudid?_rsc=iZGmHDWBA-6V7KTQ net::ERR_ABORTED | /crosses?_rsc=iZGmHDWBA-6V7KTQ net::ERR_ABORTED | /settings?_rsc=iZGmHDWBA-6V7KTQ net::ERR_ABORTED | /notifications?_rsc=iZGmHDWBA-6V7KTQ net::ERR_ABORTED | /requests/new?_rsc=iZGmHDWBA-6V7KTQ net::ERR_ABORTED | /accounts/cmuf6hiho02rlks7d2xz6w5ev?_rsc=iZGmHDWBA-6V7KTQ net::ERR_ABORTED | /accounts/cmuf6hihm02rkks7drm31yuur?_rsc=iZGmHDWBA-6V7KTQ net::ERR_ABORTED | /accounts/cmuf6hihq02rmks7did2qxong?_rsc=iZGmHDWBA-6V7KTQ net::ERR_ABORTED | /accounts/cmufdfwvc009mnp7dh1j0oelm?_rsc=iZGmHDWBA-6V7KTQ net::ERR_ABORTED | /?_rsc=oRxEn_R9e10JER3Z net::ERR_ABORTED | /proposals?_rsc=oRxEn_R9e10JER3Z net::ERR_ABORTED | /approvals?_rsc=oRxEn_R9e10JER3Z net::ERR_ABORTED | /accounts?_rsc=oRxEn_R9e10JER3Z net::ERR_ABORTED | /requests?_rsc=oRxEn_R9e10JER3Z net::ERR_ABORTED | /intelligence/bids?_rsc=oRxEn_R9e10JER3Z net::ERR_ABORTED | /intelligence?_rsc=oRxEn_R9e10JER3Z net::ERR_ABORTED | /catalog?_rsc=oRxEn_R9e10JER3Z net::ERR_ABORTED | /crosses?_rsc=oRxEn_R9e10JER3Z net::ERR_ABORTED | /catalog/gudid?_rsc=oRxEn_R9e10JER3Z net::ERR_ABORTED | /settings?_rsc=oRxEn_R9e10JER3Z net::ERR_ABORTED | /requests/new?_rsc=oRxEn_R9e10JER3Z net::ERR_ABORTED | /accounts/cmuf6hihm02rkks7drm31yuur?_rsc=oRxEn_R9e10JER3Z net::ERR_ABORTED | /accounts/cmuf6hiho02rlks7d2xz6w5ev?_rsc=oRxEn_R9e10JER3Z net::ERR_ABORTED | /accounts/cmufdfwvr009pnp7dx6f1v0bl?_rsc=oRxEn_R9e10JER3Z net::ERR_ABORTED | /accounts/cmufdfwvc009mnp7dh1j0oelm?_rsc=oRxEn_R9e10JER3Z net::ERR_ABORTED | /accounts/cmuf6hihh02riks7dkuig0cbl?_rsc=oRxEn_R9e10JER3Z net::ERR_ABORTED | /accounts/cmuf6hihk02rjks7dyamo9w2u?_rsc=oRxEn_R9e10JER3Z net::ERR_ABORTED | /accounts/cmufcovwl004k5y7d1mnqn7fa?_rsc=oRxEn_R9e10JER3Z net::ERR_ABORTED","","0","0","0","New request ; Switch user"
"PRICING_DIRECTOR","/accounts/[id]","/accounts/cmuf6hihm02rkks7drm31yuur","200","Hospital A — Mount Vernon General","","","0","/approvals?_rsc=pYoAThzR_ryjq0MS net::ERR_ABORTED | /?_rsc=pYoAThzR_ryjq0MS net::ERR_ABORTED | /requests?_rsc=pYoAThzR_ryjq0MS net::ERR_ABORTED | /intelligence?_rsc=pYoAThzR_ryjq0MS net::ERR_ABORTED | /accounts?_rsc=pYoAThzR_ryjq0MS net::ERR_ABORTED | /contracts?_rsc=pYoAThzR_ryjq0MS net::ERR_ABORTED | /intelligence/bids?_rsc=pYoAThzR_ryjq0MS net::ERR_ABORTED | /analytics?_rsc=pYoAThzR_ryjq0MS net::ERR_ABORTED | /catalog?_rsc=pYoAThzR_ryjq0MS net::ERR_ABORTED | /catalog/gudid?_rsc=pYoAThzR_ryjq0MS net::ERR_ABORTED | /crosses?_rsc=pYoAThzR_ryjq0MS net::ERR_ABORTED | /settings?_rsc=pYoAThzR_ryjq0MS net::ERR_ABORTED | /notifications?_rsc=pYoAThzR_ryjq0MS net::ERR_ABORTED | /requests/new?_rsc=pYoAThzR_ryjq0MS net::ERR_ABORTED | /contracts/cmuf6himl02swks7dif6nb96r?_rsc=pYoAThzR_ryjq0MS net::ERR_ABORTED | /contracts/cmufdgwn600018l7dib8n6qm4?_rsc=pYoAThzR_ryjq0MS net::ERR_ABORTED | /contracts/cmufehj7i0011k57dzpf8j0ce?_rsc=pYoAThzR_ryjq0MS net::ERR_ABORTED | /?_rsc=gRQ4rCW2m6dkjkis net::ERR_ABORTED | /accounts?_rsc=gRQ4rCW2m6dkjkis net::ERR_ABORTED | /requests?_rsc=gRQ4rCW2m6dkjkis net::ERR_ABORTED | /approvals?_rsc=gRQ4rCW2m6dkjkis net::ERR_ABORTED | /proposals?_rsc=gRQ4rCW2m6dkjkis net::ERR_ABORTED | /intelligence?_rsc=gRQ4rCW2m6dkjkis net::ERR_ABORTED | /intelligence/bids?_rsc=gRQ4rCW2m6dkjkis net::ERR_ABORTED | /contracts?_rsc=gRQ4rCW2m6dkjkis net::ERR_ABORTED | /analytics?_rsc=gRQ4rCW2m6dkjkis net::ERR_ABORTED | /settings?_rsc=gRQ4rCW2m6dkjkis net::ERR_ABORTED | /catalog?_rsc=gRQ4rCW2m6dkjkis net::ERR_ABORTED | /catalog/gudid?_rsc=gRQ4rCW2m6dkjkis net::ERR_ABORTED | /crosses?_rsc=gRQ4rCW2m6dkjkis net::ERR_ABORTED | /contracts/cmufdgwn600018l7dib8n6qm4?_rsc=gRQ4rCW2m6dkjkis net::ERR_ABORTED | /contracts/cmufehj7i0011k57dzpf8j0ce?_rsc=gRQ4rCW2m6dkjkis net::ERR_ABORTED | /requests/new?_rsc=gRQ4rCW2m6dkjkis net::ERR_ABORTED | /contracts/cmuf6himl02swks7dif6nb96r?_rsc=gRQ4rCW2m6dkjkis net::ERR_ABORTED","","0","1","0","New request ; Switch user"
"PRICING_DIRECTOR","/contracts","/contracts","200","Contracts & price context","","","0","/?_rsc=DzmfcRRfJeItXkgz net::ERR_ABORTED | /approvals?_rsc=DzmfcRRfJeItXkgz net::ERR_ABORTED | /requests?_rsc=DzmfcRRfJeItXkgz net::ERR_ABORTED | /proposals?_rsc=DzmfcRRfJeItXkgz net::ERR_ABORTED | /intelligence?_rsc=DzmfcRRfJeItXkgz net::ERR_ABORTED | /analytics?_rsc=DzmfcRRfJeItXkgz net::ERR_ABORTED | /catalog?_rsc=DzmfcRRfJeItXkgz net::ERR_ABORTED | /catalog/gudid?_rsc=DzmfcRRfJeItXkgz net::ERR_ABORTED | /settings?_rsc=DzmfcRRfJeItXkgz net::ERR_ABORTED | /notifications?_rsc=DzmfcRRfJeItXkgz net::ERR_ABORTED | /requests/new?_rsc=DzmfcRRfJeItXkgz net::ERR_ABORTED | /contracts/cmuf6himu02sxks7dkgml1rr2?_rsc=DzmfcRRfJeItXkgz net::ERR_ABORTED | /contracts/cmufdkjds003i8l7d15s8fm19?_rsc=DzmfcRRfJeItXkgz net::ERR_ABORTED | /contracts/cmufdjs85002o8l7dlcs3cpjp?_rsc=DzmfcRRfJeItXkgz net::ERR_ABORTED | /?_rsc=2Ju2sngZl13OvaTN net::ERR_ABORTED | /requests?_rsc=2Ju2sngZl13OvaTN net::ERR_ABORTED | /proposals?_rsc=2Ju2sngZl13OvaTN net::ERR_ABORTED | /approvals?_rsc=2Ju2sngZl13OvaTN net::ERR_ABORTED | /intelligence?_rsc=2Ju2sngZl13OvaTN net::ERR_ABORTED | /contracts?_rsc=2Ju2sngZl13OvaTN net::ERR_ABORTED | /accounts?_rsc=2Ju2sngZl13OvaTN net::ERR_ABORTED | /intelligence/bids?_rsc=2Ju2sngZl13OvaTN net::ERR_ABORTED | /crosses?_rsc=2Ju2sngZl13OvaTN net::ERR_ABORTED | /analytics?_rsc=2Ju2sngZl13OvaTN net::ERR_ABORTED | /catalog?_rsc=2Ju2sngZl13OvaTN net::ERR_ABORTED | /catalog/gudid?_rsc=2Ju2sngZl13OvaTN net::ERR_ABORTED | /settings?_rsc=2Ju2sngZl13OvaTN net::ERR_ABORTED | /contracts/cmuf6himu02sxks7dkgml1rr2?_rsc=2Ju2sngZl13OvaTN net::ERR_ABORTED | /contracts/cmufdjs85002o8l7dlcs3cpjp?_rsc=2Ju2sngZl13OvaTN net::ERR_ABORTED | /requests/new?_rsc=2Ju2sngZl13OvaTN net::ERR_ABORTED | /contracts/cmufdkjds003i8l7d15s8fm19?_rsc=2Ju2sngZl13OvaTN net::ERR_ABORTED | /contracts/cmufe2ptb0012i27dn2ix59o5?_rsc=2Ju2sngZl13OvaTN net::ERR_ABORTED | /contracts/cmufem4bg004yk57dg70ct1u2?_rsc=2Ju2sngZl13OvaTN net::ERR_ABORTED | /contracts/cmuf6himl02swks7dif6nb96r?_rsc=2Ju2sngZl13OvaTN net::ERR_ABORTED | /contracts/cmufehj7i0011k57dzpf8j0ce?_rsc=2Ju2sngZl13OvaTN net::ERR_ABORTED | /contracts/cmufdgwn600018l7dib8n6qm4?_rsc=2Ju2sngZl13OvaTN net::ERR_ABORTED","","0","1","0","New request ; Switch user ; New contract"
"PRICING_DIRECTOR","/contracts/[id]","/contracts/cmuf6himu02sxks7dkgml1rr2","200","MSK-LOCAL-2026 · MSK local mesh agreement","","","0","/proposals?_rsc=TQOCHQXESAyQ3VEl net::ERR_ABORTED | /approvals?_rsc=TQOCHQXESAyQ3VEl net::ERR_ABORTED | /?_rsc=TQOCHQXESAyQ3VEl net::ERR_ABORTED | /accounts?_rsc=TQOCHQXESAyQ3VEl net::ERR_ABORTED | /contracts?_rsc=TQOCHQXESAyQ3VEl net::ERR_ABORTED | /intelligence?_rsc=TQOCHQXESAyQ3VEl net::ERR_ABORTED | /accounts/cmuf6hihk02rjks7dyamo9w2u?_rsc=TQOCHQXESAyQ3VEl net::ERR_ABORTED | /analytics?_rsc=TQOCHQXESAyQ3VEl net::ERR_ABORTED | /catalog?_rsc=TQOCHQXESAyQ3VEl net::ERR_ABORTED | /catalog/gudid?_rsc=TQOCHQXESAyQ3VEl net::ERR_ABORTED | /crosses?_rsc=TQOCHQXESAyQ3VEl net::ERR_ABORTED | /settings?_rsc=TQOCHQXESAyQ3VEl net::ERR_ABORTED | /notifications?_rsc=TQOCHQXESAyQ3VEl net::ERR_ABORTED | /requests/new?_rsc=TQOCHQXESAyQ3VEl net::ERR_ABORTED | /requests?_rsc=12web-rdU3k9vLaG net::ERR_ABORTED | /?_rsc=12web-rdU3k9vLaG net::ERR_ABORTED | /accounts?_rsc=12web-rdU3k9vLaG net::ERR_ABORTED | /contracts?_rsc=12web-rdU3k9vLaG net::ERR_ABORTED | /intelligence?_rsc=12web-rdU3k9vLaG net::ERR_ABORTED | /intelligence/bids?_rsc=12web-rdU3k9vLaG net::ERR_ABORTED | /catalog/gudid?_rsc=12web-rdU3k9vLaG net::ERR_ABORTED | /catalog?_rsc=12web-rdU3k9vLaG net::ERR_ABORTED | /crosses?_rsc=12web-rdU3k9vLaG net::ERR_ABORTED | /analytics?_rsc=12web-rdU3k9vLaG net::ERR_ABORTED | /settings?_rsc=12web-rdU3k9vLaG net::ERR_ABORTED | /notifications?_rsc=12web-rdU3k9vLaG net::ERR_ABORTED | /requests/new?_rsc=12web-rdU3k9vLaG net::ERR_ABORTED","","0","1","0","New request ; Switch user ; Refresh performance ; Terminate ; Add commitment ; remove ; Add rebate ; Save entries (disabled)"
"PRICING_DIRECTOR","/intelligence","/intelligence","200","Competitor pricing","","","0","/?_rsc=3fD0047dUoUPXvG2 net::ERR_ABORTED | /requests?_rsc=3fD0047dUoUPXvG2 net::ERR_ABORTED | /proposals?_rsc=3fD0047dUoUPXvG2 net::ERR_ABORTED | /approvals?_rsc=3fD0047dUoUPXvG2 net::ERR_ABORTED | /accounts?_rsc=3fD0047dUoUPXvG2 net::ERR_ABORTED | /contracts?_rsc=3fD0047dUoUPXvG2 net::ERR_ABORTED | /intelligence/bids?_rsc=3fD0047dUoUPXvG2 net::ERR_ABORTED | /notifications?_rsc=3fD0047dUoUPXvG2 net::ERR_ABORTED | /approvals?_rsc=gu9LWiAQNzfrKsW2 net::ERR_ABORTED | /accounts?_rsc=gu9LWiAQNzfrKsW2 net::ERR_ABORTED | /contracts?_rsc=gu9LWiAQNzfrKsW2 net::ERR_ABORTED | /intelligence?_rsc=gu9LWiAQNzfrKsW2 net::ERR_ABORTED | /intelligence/bids?_rsc=gu9LWiAQNzfrKsW2 net::ERR_ABORTED | /analytics?_rsc=gu9LWiAQNzfrKsW2 net::ERR_ABORTED | /catalog?_rsc=gu9LWiAQNzfrKsW2 net::ERR_ABORTED | /notifications?_rsc=gu9LWiAQNzfrKsW2 net::ERR_ABORTED | /settings?_rsc=gu9LWiAQNzfrKsW2 net::ERR_ABORTED | /catalog/gudid?_rsc=gu9LWiAQNzfrKsW2 net::ERR_ABORTED | /crosses?_rsc=gu9LWiAQNzfrKsW2 net::ERR_ABORTED | /requests/new?_rsc=gu9LWiAQNzfrKsW2 net::ERR_ABORTED","","0","1","0","New request ; Switch user ; Import .xlsx / .csv ; INPUT ; Extract a document… ; Verify ; Dispute ; 1190500 ; WS3OBS3 ; WS3OBS2 ; WS3OBS1 ; 112680 ; 1190816 ; SPMII ; 1200710 ; 1201520 ; 113700 ; 112650 ; 112660 ; UPA31015 ; 1190820 ; 1202025 ; 1190300 ; SPMXXL ; 1410015010 ; 1DLMC03 ; 1DLMC05 ; Record (disabled)"
"PRICING_DIRECTOR","/intelligence/bids","/intelligence/bids","200","Public bids and awards","","","0","/?_rsc=2gWrMJaxdn-CU2fc net::ERR_ABORTED | /requests?_rsc=2gWrMJaxdn-CU2fc net::ERR_ABORTED | /proposals?_rsc=2gWrMJaxdn-CU2fc net::ERR_ABORTED | /accounts?_rsc=2gWrMJaxdn-CU2fc net::ERR_ABORTED | /contracts?_rsc=2gWrMJaxdn-CU2fc net::ERR_ABORTED | /intelligence?_rsc=2gWrMJaxdn-CU2fc net::ERR_ABORTED | /analytics?_rsc=2gWrMJaxdn-CU2fc net::ERR_ABORTED | /catalog?_rsc=2gWrMJaxdn-CU2fc net::ERR_ABORTED | /catalog/gudid?_rsc=2gWrMJaxdn-CU2fc net::ERR_ABORTED | /crosses?_rsc=2gWrMJaxdn-CU2fc net::ERR_ABORTED | /settings?_rsc=2gWrMJaxdn-CU2fc net::ERR_ABORTED | /notifications?_rsc=2gWrMJaxdn-CU2fc net::ERR_ABORTED | /requests/new?_rsc=2gWrMJaxdn-CU2fc net::ERR_ABORTED | /requests?_rsc=W5McYxvxTMCZbYJx net::ERR_ABORTED | /proposals?_rsc=W5McYxvxTMCZbYJx net::ERR_ABORTED | /approvals?_rsc=W5McYxvxTMCZbYJx net::ERR_ABORTED | /accounts?_rsc=W5McYxvxTMCZbYJx net::ERR_ABORTED | /intelligence/bids?_rsc=W5McYxvxTMCZbYJx net::ERR_ABORTED | /contracts?_rsc=W5McYxvxTMCZbYJx net::ERR_ABORTED | /intelligence?_rsc=W5McYxvxTMCZbYJx net::ERR_ABORTED | /catalog/gudid?_rsc=W5McYxvxTMCZbYJx net::ERR_ABORTED | /catalog?_rsc=W5McYxvxTMCZbYJx net::ERR_ABORTED | /analytics?_rsc=W5McYxvxTMCZbYJx net::ERR_ABORTED | /settings?_rsc=W5McYxvxTMCZbYJx net::ERR_ABORTED | /notifications?_rsc=W5McYxvxTMCZbYJx net::ERR_ABORTED | /requests/new?_rsc=W5McYxvxTMCZbYJx net::ERR_ABORTED","","0","0","0","New request ; Switch user ; Pull (disabled) ; Pull ; Save ; Bid file"
"PRICING_DIRECTOR","/intelligence/extractions/[id]","/intelligence/extractions/missing0000000000000000","200","Extraction","Failed to load resource: the server responded with a status of 404 (Not Found)","","0","/?_rsc=VJB2dfGule5Oh2L3 net::ERR_ABORTED | /proposals?_rsc=VJB2dfGule5Oh2L3 net::ERR_ABORTED | /accounts?_rsc=VJB2dfGule5Oh2L3 net::ERR_ABORTED | /contracts?_rsc=VJB2dfGule5Oh2L3 net::ERR_ABORTED | /intelligence?_rsc=VJB2dfGule5Oh2L3 net::ERR_ABORTED | /intelligence/bids?_rsc=VJB2dfGule5Oh2L3 net::ERR_ABORTED | /catalog?_rsc=VJB2dfGule5Oh2L3 net::ERR_ABORTED | /catalog/gudid?_rsc=VJB2dfGule5Oh2L3 net::ERR_ABORTED | /crosses?_rsc=VJB2dfGule5Oh2L3 net::ERR_ABORTED | /settings?_rsc=VJB2dfGule5Oh2L3 net::ERR_ABORTED | /notifications?_rsc=VJB2dfGule5Oh2L3 net::ERR_ABORTED | /requests/new?_rsc=VJB2dfGule5Oh2L3 net::ERR_ABORTED | /?_rsc=wBL8jh-0AxNJNXN_ net::ERR_ABORTED | /requests?_rsc=wBL8jh-0AxNJNXN_ net::ERR_ABORTED | /proposals?_rsc=wBL8jh-0AxNJNXN_ net::ERR_ABORTED | /approvals?_rsc=wBL8jh-0AxNJNXN_ net::ERR_ABORTED | /accounts?_rsc=wBL8jh-0AxNJNXN_ net::ERR_ABORTED | /contracts?_rsc=wBL8jh-0AxNJNXN_ net::ERR_ABORTED | /intelligence?_rsc=wBL8jh-0AxNJNXN_ net::ERR_ABORTED | /intelligence/bids?_rsc=wBL8jh-0AxNJNXN_ net::ERR_ABORTED | /analytics?_rsc=wBL8jh-0AxNJNXN_ net::ERR_ABORTED | /catalog/gudid?_rsc=wBL8jh-0AxNJNXN_ net::ERR_ABORTED | /crosses?_rsc=wBL8jh-0AxNJNXN_ net::ERR_ABORTED | /catalog?_rsc=wBL8jh-0AxNJNXN_ net::ERR_ABORTED | /settings?_rsc=wBL8jh-0AxNJNXN_ net::ERR_ABORTED | /notifications?_rsc=wBL8jh-0AxNJNXN_ net::ERR_ABORTED | /requests/new?_rsc=wBL8jh-0AxNJNXN_ net::ERR_ABORTED","404 /api/documents/extractions/missing0000000000000000","0","0","0","New request ; Switch user"
"PRICING_DIRECTOR","/analytics","/analytics","200","Commercial feedback loop","","","0","/?_rsc=ix5_aAief6TvBg04 net::ERR_ABORTED | /requests?_rsc=ix5_aAief6TvBg04 net::ERR_ABORTED | /proposals?_rsc=ix5_aAief6TvBg04 net::ERR_ABORTED | /approvals?_rsc=ix5_aAief6TvBg04 net::ERR_ABORTED | /accounts?_rsc=ix5_aAief6TvBg04 net::ERR_ABORTED | /contracts?_rsc=ix5_aAief6TvBg04 net::ERR_ABORTED | /intelligence?_rsc=ix5_aAief6TvBg04 net::ERR_ABORTED | /intelligence/bids?_rsc=ix5_aAief6TvBg04 net::ERR_ABORTED | /catalog?_rsc=ix5_aAief6TvBg04 net::ERR_ABORTED | /catalog/gudid?_rsc=ix5_aAief6TvBg04 net::ERR_ABORTED | /crosses?_rsc=ix5_aAief6TvBg04 net::ERR_ABORTED | /settings?_rsc=ix5_aAief6TvBg04 net::ERR_ABORTED | /notifications?_rsc=ix5_aAief6TvBg04 net::ERR_ABORTED | /requests/new?_rsc=ix5_aAief6TvBg04 net::ERR_ABORTED | /?_rsc=Dt318okBLJyNDlfE net::ERR_ABORTED | /requests?_rsc=Dt318okBLJyNDlfE net::ERR_ABORTED | /proposals?_rsc=Dt318okBLJyNDlfE net::ERR_ABORTED | /accounts?_rsc=Dt318okBLJyNDlfE net::ERR_ABORTED | /approvals?_rsc=Dt318okBLJyNDlfE net::ERR_ABORTED | /contracts?_rsc=Dt318okBLJyNDlfE net::ERR_ABORTED | /intelligence/bids?_rsc=Dt318okBLJyNDlfE net::ERR_ABORTED | /analytics?_rsc=Dt318okBLJyNDlfE net::ERR_ABORTED | /intelligence?_rsc=Dt318okBLJyNDlfE net::ERR_ABORTED | /catalog?_rsc=Dt318okBLJyNDlfE net::ERR_ABORTED | /catalog/gudid?_rsc=Dt318okBLJyNDlfE net::ERR_ABORTED | /crosses?_rsc=Dt318okBLJyNDlfE net::ERR_ABORTED | /settings?_rsc=Dt318okBLJyNDlfE net::ERR_ABORTED | /notifications?_rsc=Dt318okBLJyNDlfE net::ERR_ABORTED | /requests/new?_rsc=Dt318okBLJyNDlfE net::ERR_ABORTED","","0","1","0","New request ; Switch user ; Refresh"
"PRICING_DIRECTOR","/catalog","/catalog","200","Our catalog","","","0","/?_rsc=OYzo7EH3MGwwxBfF net::ERR_ABORTED | /requests?_rsc=OYzo7EH3MGwwxBfF net::ERR_ABORTED | /contracts?_rsc=OYzo7EH3MGwwxBfF net::ERR_ABORTED | /accounts?_rsc=OYzo7EH3MGwwxBfF net::ERR_ABORTED | /intelligence?_rsc=OYzo7EH3MGwwxBfF net::ERR_ABORTED | /intelligence/bids?_rsc=OYzo7EH3MGwwxBfF net::ERR_ABORTED | /analytics?_rsc=OYzo7EH3MGwwxBfF net::ERR_ABORTED | /settings?_rsc=OYzo7EH3MGwwxBfF net::ERR_ABORTED | /crosses?_rsc=OYzo7EH3MGwwxBfF net::ERR_ABORTED | /catalog/gudid?_rsc=OYzo7EH3MGwwxBfF net::ERR_ABORTED | /notifications?_rsc=OYzo7EH3MGwwxBfF net::ERR_ABORTED | /requests/new?_rsc=OYzo7EH3MGwwxBfF net::ERR_ABORTED | /proposals?_rsc=O6cAbYUSgs3KBG-F net::ERR_ABORTED | /?_rsc=O6cAbYUSgs3KBG-F net::ERR_ABORTED | /requests?_rsc=O6cAbYUSgs3KBG-F net::ERR_ABORTED | /approvals?_rsc=O6cAbYUSgs3KBG-F net::ERR_ABORTED | /accounts?_rsc=O6cAbYUSgs3KBG-F net::ERR_ABORTED | /contracts?_rsc=O6cAbYUSgs3KBG-F net::ERR_ABORTED | /intelligence?_rsc=O6cAbYUSgs3KBG-F net::ERR_ABORTED | /intelligence/bids?_rsc=O6cAbYUSgs3KBG-F net::ERR_ABORTED | /catalog/gudid?_rsc=O6cAbYUSgs3KBG-F net::ERR_ABORTED | /crosses?_rsc=O6cAbYUSgs3KBG-F net::ERR_ABORTED | /analytics?_rsc=O6cAbYUSgs3KBG-F net::ERR_ABORTED | /catalog?_rsc=O6cAbYUSgs3KBG-F net::ERR_ABORTED | /requests/new?_rsc=O6cAbYUSgs3KBG-F net::ERR_ABORTED | /settings?_rsc=O6cAbYUSgs3KBG-F net::ERR_ABORTED | /notifications?_rsc=O6cAbYUSgs3KBG-F net::ERR_ABORTED","","0","1","0","New request ; Switch user ; GUDID library ; Pricing ; 174006 ; ABSTACK30 ; ABSTACK30X ; PCO2015X ; PCO2520X ; PCO9X ; 11-1276 ; 11-1278 ; 171305 ; 173019 ; 173030 ; 173046 ; 173049 ; 173050G ; 174001 ; 174209 ; 174213 ; 174233 ; 174301 ; 174309 ; 174317 ; 174601 ; 176605 ; 176613 ; 176643 ; 176645 ; 176647 ; 178081 ; 178083 ; 178091 ; 178093 ; 178099 ; 25030 ; CATCH10 ; E3781-28 ; E3781R-28ASP ; E3783-28 ; E3783R-28ASP ; E3783R-36ASP ; LF1837 ; LF5637 ; SILSCLINCH46 ; SILSDISSECT46 ; SILSHOOK36 ; SILSHOOK46 ; SILSSHEAR46 ; WPLGR914 ; WPXLGR1117 ; 010316L ; 010460 ; 010470 ; 015427L ; 015433L ; 015441L ; 015451L ; 015458L ; 015477L ; 015485L ; 015888L ; 017614 ; 020242 ; 030330L ; 030412 ; 030424L ; 030425 ; 030426 ; 030454 ; 030470 ; 030735L ; 059037 ; 111981 ; 111983 ; 111985 ; 111987 ; 111989 ; 3948L ; 3971 ; 3973 ; 4901T ; 8886803712 ; EEA21 ; EEA2135 ; EEA25 ; EEA2535 ; EEA28 ; EEA2835 ; EEA31 ; EEA33 ; EEAXL21 ; EEAXL2135 ; EEAXL25 ; EEAXL2535 ; EEAXL28 ; EEAXL2835 ; EEAXL31 ; EEAXL33 ; EGIA45AMT ; EGIA45AV ; EGIA45AVM ; EGIA45CTAVM ; EGIA60AMT ; EGIA60AVM ; EGIA60AXT ; EGIARADMT ; EGIARADVM ; EGIARADXT ; EGIAUSHORT ; EGIAUSTND ; EGIAUXL ; GIA10038L ; GIA10038S ; GIA10048L ; GIA10048S ; GIA6025L ; GIA6025S ; GIA6038L ; GIA6038S ; GIA6048L ; GIA6048S ; GIA60MTC ; GIA60MTS ; GIA60XTC ; GIA60XTS ; GIA8038L ; GIA8038S ; GIA8048L ; GIA8048S ; GIA80MTC ; GIA80MTS ; GIA80XTC ; GIA80XTS ; HEM3335 ; HEM3348 ; IDRVULTRA1 ; SGIA6038S ; SIG30AMT ; SIG30AV ; SIG30AVM ; SIG30CTAV ; SIG30CTAVM ; SIG45AMT ; SIG45AXT ; SIG45CTAMT ; SIG45CTAV ; SIG45CTAVM ; SIG60AMT ; SIG60AXT ; SIG60CTAMT ; SIG60CTAVM ; SIGADAPTSHORT ; SIGADAPTSTND ; SIGADAPTXL ; SIGC45MT ; SIGC45V ; SIGC45VM ; SIGC45VT ; SIGC60MT ; SIGC60V ; SIGC60VM ; SIGC60VT ; SIGLU45A ; SIGLU60A ; SIGPSHELL ; SIGRADMT ; SIGRADVM ; SIGRADXT ; SIGSDL45CTVT ; SIGSDS30CTV ; SIGSDS30CTVT ; SIGTRSB45AMT ; SIGTRSB45AXT ; SIGTRSB60AMT ; SIGTRSB60AXT ; TA3035L ; TA3035S ; TA3048L ; TA3048S ; TA30V3L ; TA30V3S ; TA4535L ; TA4535S ; TA4548L ; TA4548S ; TA6035L ; TA6035S ; TA6048L ; TA6048S ; TA9035L ; TA9035S ; TA9048L ; TA9048S ; TRIEEA28MT ; TRIEEA28XT ; TRIEEA31MT ; TRIEEA31XT ; TRIEEAXL28MT ; TRIEEAXL28XT ; TRIEEAXL31MT ; TRIEEAXL31XT ; TRIEEAXL33MT ; PPDS12 ; PPDS15 ; PPDS1510 ; PPDS2015 ; PPM1106X3 ; PPM1510X3 ; PPM4530 ; 171313 ; 171315 ; 172015 ; 172016 ; 176626P ; 176673P ; 176674P ; 176674PF ; 177090P ; 177090PF ; 177091P ; 177091PF ; 177092 ; 177092F ; 177992P ; 177995P ; 179076P ; 179077P ; 179078PF ; 179093 ; 179093F ; 179094 ; 179094F ; 179095P ; 179096P ; 179096PF ; 179097P ; 179097PF ; 179100 ; 179101 ; 179102P ; 179301 ; 179303 ; 179305 ; 179307 ; 179308 ; 179309 ; 179310 ; 21-345 ; 220-50 ; 24055- ; 4216 ; B11STF ; B11STS ; B12LGF ; B12LGS ; B12STF ; B12STFCS ; B12STS ; B5SHF ; B5SHS ; B5STF ; B5STS ; BPT12STS ; MS100703 ; MS100705 ; MS100708 ; MS101003 ; MS101005 ; MS101008 ; NB11STF ; NB12LGF ; NB12SHF ; NB12STF ; NB12STS ; NB15LGF ; NB15STF ; NB3SHFLP ; NB5LGF ; NB5SHF ; NB5SHFLP ; NB5STF ; NB5STFLP ; NBFCA11ST ; NBFCA12ST ; NONB11STF ; NONB12LGF ; NONB12SHF ; NONB12STF ; NONB12STS ; NONB15LGF ; NONB15STF ; NONB5LGF ; NONB5SHF ; NONB5STF ; NONB8STF ; OMS-T10BT ; OMS-T10BTNL ; OMS-T10BTS ; OMS-T10BTSNL ; OMS-T12BT ; OMS-T12BTNL ; ONB11LGF ; ONB11STF ; ONB12LGF ; ONB12SHF ; ONB12STF ; ONB12STF-NSB ; ONB12STFCS ; ONB12STS ; ONB15STF ; ONB5LGF ; ONB5SHF ; ONB5STF ; ONB5STF-NSB ; ONB5STF2C ; ONBFCA11ST ; S100000 ; S100700 ; S100705 ; S100710 ; S100712 ; S101000 ; S101005 ; S101010 ; S101012 ; S110000 ; SILSPT12TA ; SILSPT5TA ; UNVCA11STF ; UNVCA12LGF ; UNVCA12STF ; UNVCA12STF-NSB ; UNVCA12STS ; UNVCA5LGF ; UNVCA5SHF ; UNVCA5STF ; VS070000 ; VS100700 ; VS100705 ; VS100711P ; VS100712P ; VS101000 ; VS101005 ; VS101011P ; VS101012P ; VS101015P ; VS101500 ; VS101505 ; VS101512P ; VS150000 ; VSR100005 ; VSR100812P ; WPMD509 ; WPSM256 ; WPXSM24"
"PRICING_DIRECTOR","/catalog/gudid","/catalog/gudid","200","GUDID library","","","0","/?_rsc=DGmoGnAw5OqJpMhM net::ERR_ABORTED | /requests?_rsc=DGmoGnAw5OqJpMhM net::ERR_ABORTED | /proposals?_rsc=DGmoGnAw5OqJpMhM net::ERR_ABORTED | /intelligence/bids?_rsc=DGmoGnAw5OqJpMhM net::ERR_ABORTED | /accounts?_rsc=DGmoGnAw5OqJpMhM net::ERR_ABORTED | /contracts?_rsc=DGmoGnAw5OqJpMhM net::ERR_ABORTED | /intelligence?_rsc=DGmoGnAw5OqJpMhM net::ERR_ABORTED | /analytics?_rsc=DGmoGnAw5OqJpMhM net::ERR_ABORTED | /settings?_rsc=DGmoGnAw5OqJpMhM net::ERR_ABORTED | /catalog?_rsc=DGmoGnAw5OqJpMhM net::ERR_ABORTED | /crosses?_rsc=DGmoGnAw5OqJpMhM net::ERR_ABORTED | /requests/new?_rsc=DGmoGnAw5OqJpMhM net::ERR_ABORTED | /proposals?_rsc=Z9EVd8HHdUwJDdIQ net::ERR_ABORTED | /?_rsc=Z9EVd8HHdUwJDdIQ net::ERR_ABORTED | /requests?_rsc=Z9EVd8HHdUwJDdIQ net::ERR_ABORTED | /approvals?_rsc=Z9EVd8HHdUwJDdIQ net::ERR_ABORTED | /contracts?_rsc=Z9EVd8HHdUwJDdIQ net::ERR_ABORTED | /intelligence?_rsc=Z9EVd8HHdUwJDdIQ net::ERR_ABORTED | /intelligence/bids?_rsc=Z9EVd8HHdUwJDdIQ net::ERR_ABORTED | /accounts?_rsc=Z9EVd8HHdUwJDdIQ net::ERR_ABORTED | /catalog?_rsc=Z9EVd8HHdUwJDdIQ net::ERR_ABORTED | /catalog/gudid?_rsc=Z9EVd8HHdUwJDdIQ net::ERR_ABORTED | /analytics?_rsc=Z9EVd8HHdUwJDdIQ net::ERR_ABORTED | /notifications?_rsc=Z9EVd8HHdUwJDdIQ net::ERR_ABORTED | /settings?_rsc=Z9EVd8HHdUwJDdIQ net::ERR_ABORTED | /requests/new?_rsc=Z9EVd8HHdUwJDdIQ net::ERR_ABORTED","","0","0","0","New request ; Switch user ; DXT1309AL ; DXT1309AR ; DXT1510AL ; DXT1510AR ; DXT1612AL ; DXT1612AR ; DTN07R ; DTN07RX3 ; DTN07RX6 ; DTN10R ; DTN10RX3 ; DTN10RX6 ; DTN1610E ; DTN1610EX3 ; DTN1610EX6 ; PP0611 ; PP0611X3 ; PP1510 ; PP1510X3 ; PP1515 ; PP2020 ; PP3030 ; PPM1106 ; PPM1106X3 ; PPM1106X6 ; PPM1508 ; PPM1508X3 ; PPM1508X6 ; PPM1510 ; PPM1510X3 ; PPM1510X6 ; PPM1515 ; PPM1515X3 ; PPM1515X6 ; PPM2020 ; PPM2020X3 ; PPM3030 ; PPM3030X3 ; PPM4530 ; PPM4530X3 ; PPM5050 ; PPMK1106 ; PPMK1106X3 ; PPMK1106X6 ; PPMK1508 ; PPMK1508X3 ; PPMK1508X6 ; PPDS12 ; PPDS12X3 ; PPDS15 ; PPDS1510 ; PPDS1510X3 ; PPDS15X3 ; PPDS2015 ; PPDS2015X3 ; PPDS2520 ; PPDS3020 ; PPDS3530 ; PCO12FX ; PCO12X ; PCO1510FX ; PCO1510OSX ; PCO1510X ; PCO15FX ; PCO15X ; PCO2015FX ; PCO2015OSX ; PCO2015X ; PCO20FX ; PCO20X ; PCO2520FX ; PCO2520OSX ; PCO2520X ; PCO2H1 ; PCO2H3 ; PCO2H4 ; PCO3020FX ; PCO3020OSX ; PCO3020X ; PCO3728FX ; PCO3728X ; PCO4VP ; PCO6VP ; PCO8OSX ; PCO8VP ; PCO9FX ; PCO9X ; PCOPM15 ; PCOPM15H35 ; PCOPM15H50 ; PCOPM20 ; PNP6 ; PNP6X3 ; PNP8 ; PNP8X3 ; TCM1106 ; TCM1106X3 ; TCM1510 ; TCM1510X3 ; TCM1515 ; TCM1515X3 ; TCM2020 ; TCM2020X3 ; TCM3015 ; TCM3030 ; TCM4530 ; TEC1309 ; TEC1410DP ; TEC1410P5 ; TEC1510 ; TEC1515 ; TEC2020 ; TEC3030 ; TECR1410DP2 ; TECR1510 ; TECR1510AL ; TECR1510AR ; TECR1515 ; TECR3030 ; TECT1309AL ; TECT1309AR ; TECT1510ADP2L ; TECT1510ADP2R ; TECT1510ADPL ; TECT1510ADPR ; TECT1510AL ; TECT1510AR ; TECT1612AFR ; TECT1612AL ; TECT1612AR ; TET1309 ; TET1309D ; TET1510 ; TET1515 ; TET2020 ; TET3030 ; TET5050 ; ADG1510 ; ADG2015 ; ADG3020 ; ADG4030 ; LPG1309AL ; LPG1309AR ; LPG1510 ; LPG1510AK2 ; LPG1510AL ; LPG1510AR ; LPG1510X2 ; LPG1612 ; LPG1612AL ; LPG1612AR ; LPG1614 ; PP1208DL ; PP1208DR ; PP1509G ; PP1515G ; PP2015G ; PP3020G ; PP3030G ; PP4030G ; TEM1208GL ; TEM1208GR ; TEM1409GL ; TEM1409GR ; TEM1509G ; TEM1515G ; TEM2015G ; TEM3015G ; TECG3004 ; SYM12 ; SYM12F ; SYM15 ; SYM1510 ; SYM1510F ; SYM1510OS ; SYM15F ; SYM1710E ; SYM1710EF ; SYM20 ; SYM2012E ; SYM2012EF ; SYM2015 ; SYM2015F ; SYM2015OS ; SYM20F ; SYM2515E ; SYM2515EF ; SYM2520 ; SYM2520F ; SYM2520OS ; SYM3020 ; SYM3020F ; SYM3020OS ; SYM3420E ; SYM3420EF ; SYM3728 ; SYM3728F ; SYM4024E ; SYM4024EF ; SYM4232 ; SYM4232F ; SYM8OS ; SYM9 ; SYM9F ; VTX1106 ; VTX1106X3 ; VTX1510 ; VTX1510X3 ; VTX1515 ; VTX1515M ; VTX1515MX3 ; VTX1515X3 ; VTX2020M ; VTX3030M ; VTX4530M ; VTX5050M ; Sofradim"
"PRICING_DIRECTOR","/crosses","/crosses","200","Crosswalk","","","0","/?_rsc=zAn-vlYtEcVbUMJ6 net::ERR_ABORTED | /requests?_rsc=zAn-vlYtEcVbUMJ6 net::ERR_ABORTED | /contracts?_rsc=zAn-vlYtEcVbUMJ6 net::ERR_ABORTED | /approvals?_rsc=zAn-vlYtEcVbUMJ6 net::ERR_ABORTED | /accounts?_rsc=zAn-vlYtEcVbUMJ6 net::ERR_ABORTED | /proposals?_rsc=zAn-vlYtEcVbUMJ6 net::ERR_ABORTED | /catalog/gudid?_rsc=zAn-vlYtEcVbUMJ6 net::ERR_ABORTED | /settings?_rsc=zAn-vlYtEcVbUMJ6 net::ERR_ABORTED | /requests/new?_rsc=zAn-vlYtEcVbUMJ6 net::ERR_ABORTED | /notifications?_rsc=zAn-vlYtEcVbUMJ6 net::ERR_ABORTED | /proposals?_rsc=aniPmKjMQR6zCALO net::ERR_ABORTED | /?_rsc=aniPmKjMQR6zCALO net::ERR_ABORTED | /requests?_rsc=aniPmKjMQR6zCALO net::ERR_ABORTED | /approvals?_rsc=aniPmKjMQR6zCALO net::ERR_ABORTED | /intelligence?_rsc=aniPmKjMQR6zCALO net::ERR_ABORTED | /accounts?_rsc=aniPmKjMQR6zCALO net::ERR_ABORTED | /contracts?_rsc=aniPmKjMQR6zCALO net::ERR_ABORTED | /intelligence/bids?_rsc=aniPmKjMQR6zCALO net::ERR_ABORTED | /analytics?_rsc=aniPmKjMQR6zCALO net::ERR_ABORTED | /catalog/gudid?_rsc=aniPmKjMQR6zCALO net::ERR_ABORTED | /crosses?_rsc=aniPmKjMQR6zCALO net::ERR_ABORTED | /settings?_rsc=aniPmKjMQR6zCALO net::ERR_ABORTED | /notifications?_rsc=aniPmKjMQR6zCALO net::ERR_ABORTED","","0","0","0","New request ; Switch user"
"PRICING_DIRECTOR","/notifications","/notifications","200","Notifications","","","0","/?_rsc=oG-rbVP81bj5yHs2 net::ERR_ABORTED | /requests?_rsc=oG-rbVP81bj5yHs2 net::ERR_ABORTED | /proposals?_rsc=oG-rbVP81bj5yHs2 net::ERR_ABORTED | /approvals?_rsc=oG-rbVP81bj5yHs2 net::ERR_ABORTED | /catalog?_rsc=oG-rbVP81bj5yHs2 net::ERR_ABORTED | /catalog/gudid?_rsc=oG-rbVP81bj5yHs2 net::ERR_ABORTED | /crosses?_rsc=oG-rbVP81bj5yHs2 net::ERR_ABORTED | /settings?_rsc=oG-rbVP81bj5yHs2 net::ERR_ABORTED | /proposals/cmuf6j1zv000qs87djshzz5uj?_rsc=oG-rbVP81bj5yHs2 net::ERR_ABORTED | /requests/new?_rsc=oG-rbVP81bj5yHs2 net::ERR_ABORTED | /approvals?_rsc=FxIb9Zh5xrkPNSW4 net::ERR_ABORTED | /settings?_rsc=FxIb9Zh5xrkPNSW4 net::ERR_ABORTED | /proposals/cmuf6j1zv000qs87djshzz5uj?_rsc=FxIb9Zh5xrkPNSW4 net::ERR_ABORTED | /proposals?_rsc=FxIb9Zh5xrkPNSW4 net::ERR_ABORTED | /accounts?_rsc=FxIb9Zh5xrkPNSW4 net::ERR_ABORTED | /requests?_rsc=FxIb9Zh5xrkPNSW4 net::ERR_ABORTED | /?_rsc=FxIb9Zh5xrkPNSW4 net::ERR_ABORTED | /contracts?_rsc=FxIb9Zh5xrkPNSW4 net::ERR_ABORTED | /intelligence?_rsc=FxIb9Zh5xrkPNSW4 net::ERR_ABORTED | /intelligence/bids?_rsc=FxIb9Zh5xrkPNSW4 net::ERR_ABORTED | /analytics?_rsc=FxIb9Zh5xrkPNSW4 net::ERR_ABORTED | /catalog?_rsc=FxIb9Zh5xrkPNSW4 net::ERR_ABORTED | /catalog/gudid?_rsc=FxIb9Zh5xrkPNSW4 net::ERR_ABORTED | /crosses?_rsc=FxIb9Zh5xrkPNSW4 net::ERR_ABORTED | /notifications?_rsc=FxIb9Zh5xrkPNSW4 net::ERR_ABORTED | /requests/new?_rsc=FxIb9Zh5xrkPNSW4 net::ERR_ABORTED","","0","0","0","New request ; Switch user ; Mark all read ; Read"
"PRICING_DIRECTOR","/settings","/settings","200","Settings","","","0","/?_rsc=DQxjArDrgutTG17x net::ERR_ABORTED | /requests?_rsc=DQxjArDrgutTG17x net::ERR_ABORTED | /proposals?_rsc=DQxjArDrgutTG17x net::ERR_ABORTED | /approvals?_rsc=DQxjArDrgutTG17x net::ERR_ABORTED | /accounts?_rsc=DQxjArDrgutTG17x net::ERR_ABORTED | /contracts?_rsc=DQxjArDrgutTG17x net::ERR_ABORTED | /docs/INTEGRATIONS.md?_rsc=DQxjArDrgutTG17x net::ERR_ABORTED | /crosses?_rsc=DQxjArDrgutTG17x net::ERR_ABORTED | /notifications?_rsc=DQxjArDrgutTG17x net::ERR_ABORTED | /requests/new?_rsc=DQxjArDrgutTG17x net::ERR_ABORTED | /proposals?_rsc=j-_vjoKOn8bxlRO7 net::ERR_ABORTED | /?_rsc=j-_vjoKOn8bxlRO7 net::ERR_ABORTED | /requests?_rsc=j-_vjoKOn8bxlRO7 net::ERR_ABORTED | /contracts?_rsc=j-_vjoKOn8bxlRO7 net::ERR_ABORTED | /intelligence?_rsc=j-_vjoKOn8bxlRO7 net::ERR_ABORTED | /intelligence/bids?_rsc=j-_vjoKOn8bxlRO7 net::ERR_ABORTED | /accounts?_rsc=j-_vjoKOn8bxlRO7 net::ERR_ABORTED | /analytics?_rsc=j-_vjoKOn8bxlRO7 net::ERR_ABORTED | /catalog?_rsc=j-_vjoKOn8bxlRO7 net::ERR_ABORTED | /catalog/gudid?_rsc=j-_vjoKOn8bxlRO7 net::ERR_ABORTED | /crosses?_rsc=j-_vjoKOn8bxlRO7 net::ERR_ABORTED | /notifications?_rsc=j-_vjoKOn8bxlRO7 net::ERR_ABORTED | /requests/new?_rsc=j-_vjoKOn8bxlRO7 net::ERR_ABORTED","","0","0","0","New request ; Switch user ; Save ; Evaluate alerts now ; Run now ; Refresh stale records ; Edit ; Configure integrations → ; How to connect ; Sync now"
"PRICING_DIRECTOR","/settings/integrations","/settings/integrations","200","Integrations","","","0","/requests?_rsc=U-OwWBq-vq-slwyv net::ERR_ABORTED | /proposals?_rsc=U-OwWBq-vq-slwyv net::ERR_ABORTED | /approvals?_rsc=U-OwWBq-vq-slwyv net::ERR_ABORTED | /contracts?_rsc=U-OwWBq-vq-slwyv net::ERR_ABORTED | /intelligence?_rsc=U-OwWBq-vq-slwyv net::ERR_ABORTED | /catalog/gudid?_rsc=U-OwWBq-vq-slwyv net::ERR_ABORTED | /crosses?_rsc=U-OwWBq-vq-slwyv net::ERR_ABORTED | /settings?_rsc=U-OwWBq-vq-slwyv net::ERR_ABORTED | /notifications?_rsc=U-OwWBq-vq-slwyv net::ERR_ABORTED | /requests/new?_rsc=U-OwWBq-vq-slwyv net::ERR_ABORTED | /?_rsc=hbetPO-u3vUUlMwr net::ERR_ABORTED | /requests?_rsc=hbetPO-u3vUUlMwr net::ERR_ABORTED | /proposals?_rsc=hbetPO-u3vUUlMwr net::ERR_ABORTED | /approvals?_rsc=hbetPO-u3vUUlMwr net::ERR_ABORTED | /intelligence?_rsc=hbetPO-u3vUUlMwr net::ERR_ABORTED | /intelligence/bids?_rsc=hbetPO-u3vUUlMwr net::ERR_ABORTED | /catalog?_rsc=hbetPO-u3vUUlMwr net::ERR_ABORTED | /analytics?_rsc=hbetPO-u3vUUlMwr net::ERR_ABORTED | /catalog/gudid?_rsc=hbetPO-u3vUUlMwr net::ERR_ABORTED | /crosses?_rsc=hbetPO-u3vUUlMwr net::ERR_ABORTED | /settings?_rsc=hbetPO-u3vUUlMwr net::ERR_ABORTED | /notifications?_rsc=hbetPO-u3vUUlMwr net::ERR_ABORTED | /requests/new?_rsc=hbetPO-u3vUUlMwr net::ERR_ABORTED","","0","0","0","New request ; Switch user ; Salesforce (CRM)connectedMock Salesforce ; SAP ERP (OData)not configuredno provider ; Premier rosternot configuredno provider ; Vizient rosternot configuredno provider ; HealthTrust rosternot configuredno provi ; Document extraction (OCR)not configuredn ; Exchange ratesnot configuredno provider ; Competitor GPO contract pricesnot config ; Review queue0 open items across all inte"
"PRICING_DIRECTOR","/settings/pricing","/settings/pricing","200","Pricing policies","","","0","/?_rsc=8oSST31HPn0UlEto net::ERR_ABORTED | /requests?_rsc=8oSST31HPn0UlEto net::ERR_ABORTED | /proposals?_rsc=8oSST31HPn0UlEto net::ERR_ABORTED | /approvals?_rsc=8oSST31HPn0UlEto net::ERR_ABORTED | /catalog?_rsc=8oSST31HPn0UlEto net::ERR_ABORTED | /analytics?_rsc=8oSST31HPn0UlEto net::ERR_ABORTED | /catalog/gudid?_rsc=8oSST31HPn0UlEto net::ERR_ABORTED | /crosses?_rsc=8oSST31HPn0UlEto net::ERR_ABORTED | /settings?_rsc=8oSST31HPn0UlEto net::ERR_ABORTED | /notifications?_rsc=8oSST31HPn0UlEto net::ERR_ABORTED | /requests/new?_rsc=8oSST31HPn0UlEto net::ERR_ABORTED | /?_rsc=_Ie442TgELs3Q458 net::ERR_ABORTED | /proposals?_rsc=_Ie442TgELs3Q458 net::ERR_ABORTED | /requests?_rsc=_Ie442TgELs3Q458 net::ERR_ABORTED | /approvals?_rsc=_Ie442TgELs3Q458 net::ERR_ABORTED | /accounts?_rsc=_Ie442TgELs3Q458 net::ERR_ABORTED | /analytics?_rsc=_Ie442TgELs3Q458 net::ERR_ABORTED | /intelligence/bids?_rsc=_Ie442TgELs3Q458 net::ERR_ABORTED | /contracts?_rsc=_Ie442TgELs3Q458 net::ERR_ABORTED | /intelligence?_rsc=_Ie442TgELs3Q458 net::ERR_ABORTED | /catalog?_rsc=_Ie442TgELs3Q458 net::ERR_ABORTED | /crosses?_rsc=_Ie442TgELs3Q458 net::ERR_ABORTED | /settings?_rsc=_Ie442TgELs3Q458 net::ERR_ABORTED | /catalog/gudid?_rsc=_Ie442TgELs3Q458 net::ERR_ABORTED | /notifications?_rsc=_Ie442TgELs3Q458 net::ERR_ABORTED | /requests/new?_rsc=_Ie442TgELs3Q458 net::ERR_ABORTED","","0","0","0","New request ; Switch user ; New draft ; New version"
"PRICING_COMMITTEE","/","/","200","Competitive cross reference","","","0","/proposals?_rsc=5CB68i4pnAekjehf net::ERR_ABORTED | /approvals?_rsc=5CB68i4pnAekjehf net::ERR_ABORTED | /accounts?_rsc=5CB68i4pnAekjehf net::ERR_ABORTED | /contracts?_rsc=5CB68i4pnAekjehf net::ERR_ABORTED | /intelligence?_rsc=5CB68i4pnAekjehf net::ERR_ABORTED | /intelligence/bids?_rsc=5CB68i4pnAekjehf net::ERR_ABORTED | /analytics?_rsc=5CB68i4pnAekjehf net::ERR_ABORTED | /catalog?_rsc=5CB68i4pnAekjehf net::ERR_ABORTED | /catalog/gudid?_rsc=5CB68i4pnAekjehf net::ERR_ABORTED | /settings?_rsc=5CB68i4pnAekjehf net::ERR_ABORTED | /crosses?_rsc=5CB68i4pnAekjehf net::ERR_ABORTED | /notifications?_rsc=5CB68i4pnAekjehf net::ERR_ABORTED | /?_rsc=tXyZJ52UQVBCVsD3 net::ERR_ABORTED | /proposals?_rsc=tXyZJ52UQVBCVsD3 net::ERR_ABORTED | /approvals?_rsc=tXyZJ52UQVBCVsD3 net::ERR_ABORTED | /accounts?_rsc=tXyZJ52UQVBCVsD3 net::ERR_ABORTED | /intelligence?_rsc=tXyZJ52UQVBCVsD3 net::ERR_ABORTED | /intelligence/bids?_rsc=tXyZJ52UQVBCVsD3 net::ERR_ABORTED | /analytics?_rsc=tXyZJ52UQVBCVsD3 net::ERR_ABORTED | /catalog?_rsc=tXyZJ52UQVBCVsD3 net::ERR_ABORTED | /crosses?_rsc=tXyZJ52UQVBCVsD3 net::ERR_ABORTED | /settings?_rsc=tXyZJ52UQVBCVsD3 net::ERR_ABORTED | /notifications?_rsc=tXyZJ52UQVBCVsD3 net::ERR_ABORTED","","0","0","0","Switch user"
"PRICING_COMMITTEE","/requests","/requests","200","","","","0","/?_rsc=p3Q57VochOqcQNsg net::ERR_ABORTED | /proposals?_rsc=p3Q57VochOqcQNsg net::ERR_ABORTED | /accounts?_rsc=p3Q57VochOqcQNsg net::ERR_ABORTED | /contracts?_rsc=p3Q57VochOqcQNsg net::ERR_ABORTED | /intelligence?_rsc=p3Q57VochOqcQNsg net::ERR_ABORTED | /intelligence/bids?_rsc=p3Q57VochOqcQNsg net::ERR_ABORTED | /analytics?_rsc=p3Q57VochOqcQNsg net::ERR_ABORTED | /catalog?_rsc=p3Q57VochOqcQNsg net::ERR_ABORTED | /catalog/gudid?_rsc=p3Q57VochOqcQNsg net::ERR_ABORTED | /crosses?_rsc=p3Q57VochOqcQNsg net::ERR_ABORTED | /settings?_rsc=p3Q57VochOqcQNsg net::ERR_ABORTED | /notifications?_rsc=p3Q57VochOqcQNsg net::ERR_ABORTED | /?_rsc=nIzLgF1M7nWxnHlV net::ERR_ABORTED | /approvals?_rsc=nIzLgF1M7nWxnHlV net::ERR_ABORTED | /proposals?_rsc=nIzLgF1M7nWxnHlV net::ERR_ABORTED | /intelligence?_rsc=nIzLgF1M7nWxnHlV net::ERR_ABORTED | /catalog?_rsc=nIzLgF1M7nWxnHlV net::ERR_ABORTED | /intelligence/bids?_rsc=nIzLgF1M7nWxnHlV net::ERR_ABORTED | /analytics?_rsc=nIzLgF1M7nWxnHlV net::ERR_ABORTED | /catalog/gudid?_rsc=nIzLgF1M7nWxnHlV net::ERR_ABORTED | /crosses?_rsc=nIzLgF1M7nWxnHlV net::ERR_ABORTED | /notifications?_rsc=nIzLgF1M7nWxnHlV net::ERR_ABORTED | /settings?_rsc=nIzLgF1M7nWxnHlV net::ERR_ABORTED","","0","0","0","Switch user"
"PRICING_COMMITTEE","/requests/new","/requests/new","200","","","","0","/?_rsc=4belA-F-xg-XtLdx net::ERR_ABORTED | /proposals?_rsc=4belA-F-xg-XtLdx net::ERR_ABORTED | /approvals?_rsc=4belA-F-xg-XtLdx net::ERR_ABORTED | /accounts?_rsc=4belA-F-xg-XtLdx net::ERR_ABORTED | /contracts?_rsc=4belA-F-xg-XtLdx net::ERR_ABORTED | /intelligence?_rsc=4belA-F-xg-XtLdx net::ERR_ABORTED | /settings?_rsc=4belA-F-xg-XtLdx net::ERR_ABORTED | /notifications?_rsc=4belA-F-xg-XtLdx net::ERR_ABORTED | /?_rsc=O1p93FFpSnNce0k4 net::ERR_ABORTED | /proposals?_rsc=O1p93FFpSnNce0k4 net::ERR_ABORTED | /accounts?_rsc=O1p93FFpSnNce0k4 net::ERR_ABORTED | /approvals?_rsc=O1p93FFpSnNce0k4 net::ERR_ABORTED | /contracts?_rsc=O1p93FFpSnNce0k4 net::ERR_ABORTED | /intelligence?_rsc=O1p93FFpSnNce0k4 net::ERR_ABORTED | /analytics?_rsc=O1p93FFpSnNce0k4 net::ERR_ABORTED | /catalog?_rsc=O1p93FFpSnNce0k4 net::ERR_ABORTED | /intelligence/bids?_rsc=O1p93FFpSnNce0k4 net::ERR_ABORTED | /catalog/gudid?_rsc=O1p93FFpSnNce0k4 net::ERR_ABORTED | /crosses?_rsc=O1p93FFpSnNce0k4 net::ERR_ABORTED | /settings?_rsc=O1p93FFpSnNce0k4 net::ERR_ABORTED | /notifications?_rsc=O1p93FFpSnNce0k4 net::ERR_ABORTED","","0","0","0","Switch user"
"PRICING_COMMITTEE","/requests/[id]","/requests/cmufeje3o002hk57d491oejr5","200","","Failed to load resource: the server responded with a status of 403 (Forbidden)","","0","/proposals?_rsc=L4ND5fhfYnvUqaPw net::ERR_ABORTED | /?_rsc=L4ND5fhfYnvUqaPw net::ERR_ABORTED | /approvals?_rsc=L4ND5fhfYnvUqaPw net::ERR_ABORTED | /accounts?_rsc=L4ND5fhfYnvUqaPw net::ERR_ABORTED | /contracts?_rsc=L4ND5fhfYnvUqaPw net::ERR_ABORTED | /intelligence?_rsc=L4ND5fhfYnvUqaPw net::ERR_ABORTED | /intelligence/bids?_rsc=L4ND5fhfYnvUqaPw net::ERR_ABORTED | /analytics?_rsc=L4ND5fhfYnvUqaPw net::ERR_ABORTED | /catalog?_rsc=L4ND5fhfYnvUqaPw net::ERR_ABORTED | /crosses?_rsc=L4ND5fhfYnvUqaPw net::ERR_ABORTED | /settings?_rsc=L4ND5fhfYnvUqaPw net::ERR_ABORTED | /requests?_rsc=L4ND5fhfYnvUqaPw net::ERR_ABORTED | /catalog/gudid?_rsc=L4ND5fhfYnvUqaPw net::ERR_ABORTED | /proposals?_rsc=grHQqzBoP485Pe5C net::ERR_ABORTED | /notifications?_rsc=L4ND5fhfYnvUqaPw net::ERR_ABORTED | /?_rsc=grHQqzBoP485Pe5C net::ERR_ABORTED | /requests?_rsc=grHQqzBoP485Pe5C net::ERR_ABORTED | /approvals?_rsc=grHQqzBoP485Pe5C net::ERR_ABORTED | /accounts?_rsc=grHQqzBoP485Pe5C net::ERR_ABORTED | /contracts?_rsc=grHQqzBoP485Pe5C net::ERR_ABORTED | /intelligence?_rsc=grHQqzBoP485Pe5C net::ERR_ABORTED | /intelligence/bids?_rsc=grHQqzBoP485Pe5C net::ERR_ABORTED | /analytics?_rsc=grHQqzBoP485Pe5C net::ERR_ABORTED | /catalog?_rsc=grHQqzBoP485Pe5C net::ERR_ABORTED | /settings?_rsc=grHQqzBoP485Pe5C net::ERR_ABORTED | /catalog/gudid?_rsc=grHQqzBoP485Pe5C net::ERR_ABORTED | /notifications?_rsc=grHQqzBoP485Pe5C net::ERR_ABORTED | /crosses?_rsc=grHQqzBoP485Pe5C net::ERR_ABORTED","403 /api/requests/cmufeje3o002hk57d491oejr5","0","0","0","Switch user"
"PRICING_COMMITTEE","/proposals","/proposals","200","Commercial proposals","","","0","/?_rsc=8qZH60WsiyOTuseO net::ERR_ABORTED | /approvals?_rsc=8qZH60WsiyOTuseO net::ERR_ABORTED | /accounts?_rsc=8qZH60WsiyOTuseO net::ERR_ABORTED | /contracts?_rsc=8qZH60WsiyOTuseO net::ERR_ABORTED | /intelligence?_rsc=8qZH60WsiyOTuseO net::ERR_ABORTED | /intelligence/bids?_rsc=8qZH60WsiyOTuseO net::ERR_ABORTED | /analytics?_rsc=8qZH60WsiyOTuseO net::ERR_ABORTED | /catalog?_rsc=8qZH60WsiyOTuseO net::ERR_ABORTED | /catalog/gudid?_rsc=8qZH60WsiyOTuseO net::ERR_ABORTED | /crosses?_rsc=8qZH60WsiyOTuseO net::ERR_ABORTED | /settings?_rsc=8qZH60WsiyOTuseO net::ERR_ABORTED | /notifications?_rsc=8qZH60WsiyOTuseO net::ERR_ABORTED | /proposals/cmufem5ld0056k57d2utmar8g?_rsc=8qZH60WsiyOTuseO net::ERR_ABORTED | /proposals/cmufejry60041k57dwr6rvl6x?_rsc=8qZH60WsiyOTuseO net::ERR_ABORTED | /proposals/cmufe2r28001ai27dm62d5upt?_rsc=8qZH60WsiyOTuseO net::ERR_ABORTED | /proposals/cmufdkkln003q8l7d1m4dm88l?_rsc=8qZH60WsiyOTuseO net::ERR_ABORTED | /?_rsc=yDw8cg_cK2Tq2IDS net::ERR_ABORTED | /proposals?_rsc=yDw8cg_cK2Tq2IDS net::ERR_ABORTED | /approvals?_rsc=yDw8cg_cK2Tq2IDS net::ERR_ABORTED | /accounts?_rsc=yDw8cg_cK2Tq2IDS net::ERR_ABORTED | /analytics?_rsc=yDw8cg_cK2Tq2IDS net::ERR_ABORTED | /contracts?_rsc=yDw8cg_cK2Tq2IDS net::ERR_ABORTED | /intelligence?_rsc=yDw8cg_cK2Tq2IDS net::ERR_ABORTED | /intelligence/bids?_rsc=yDw8cg_cK2Tq2IDS net::ERR_ABORTED | /settings?_rsc=yDw8cg_cK2Tq2IDS net::ERR_ABORTED | /catalog?_rsc=yDw8cg_cK2Tq2IDS net::ERR_ABORTED | /catalog/gudid?_rsc=yDw8cg_cK2Tq2IDS net::ERR_ABORTED | /crosses?_rsc=yDw8cg_cK2Tq2IDS net::ERR_ABORTED | /notifications?_rsc=yDw8cg_cK2Tq2IDS net::ERR_ABORTED | /proposals/cmufem5ld0056k57d2utmar8g?_rsc=yDw8cg_cK2Tq2IDS net::ERR_ABORTED | /proposals/cmufejry60041k57dwr6rvl6x?_rsc=yDw8cg_cK2Tq2IDS net::ERR_ABORTED | /proposals/cmufe2r28001ai27dm62d5upt?_rsc=yDw8cg_cK2Tq2IDS net::ERR_ABORTED | /proposals/cmufdkkln003q8l7d1m4dm88l?_rsc=yDw8cg_cK2Tq2IDS net::ERR_ABORTED | /proposals/cmufdjtgl002w8l7dk6h2dqfi?_rsc=yDw8cg_cK2Tq2IDS net::ERR_ABORTED | /proposals/cmufdhh6r001w8l7d9fuqubfe?_rsc=yDw8cg_cK2Tq2IDS net::ERR_ABORTED | /proposals/cmufcz0vr001hnp7dqk2z8vcf?_rsc=yDw8cg_cK2Tq2IDS net::ERR_ABORTED | /proposals/cmufcovyo004l5y7dyhkzdcxj?_rsc=yDw8cg_cK2Tq2IDS net::ERR_ABORTED","","0","1","0","Switch user"
"PRICING_COMMITTEE","/proposals/[id]","/proposals/cmufem5ld0056k57d2utmar8g","200","PRP-0035-v2 · WS3 Journey Hospital","","","0","/contracts?_rsc=IZ6zrI2LDRRC1-Wd net::ERR_ABORTED | /intelligence?_rsc=IZ6zrI2LDRRC1-Wd net::ERR_ABORTED | /intelligence/bids?_rsc=IZ6zrI2LDRRC1-Wd net::ERR_ABORTED | /analytics?_rsc=IZ6zrI2LDRRC1-Wd net::ERR_ABORTED | /catalog?_rsc=IZ6zrI2LDRRC1-Wd net::ERR_ABORTED | /crosses?_rsc=IZ6zrI2LDRRC1-Wd net::ERR_ABORTED | /requests/cmufeje3o002hk57d491oejr5?_rsc=IZ6zrI2LDRRC1-Wd net::ERR_ABORTED | /catalog/gudid?_rsc=IZ6zrI2LDRRC1-Wd net::ERR_ABORTED | /requests/cmufeje3o002hk57d491oejr5?_rsc=fAAmY66VdqvUMp3_ net::ERR_ABORTED | /?_rsc=fAAmY66VdqvUMp3_ net::ERR_ABORTED | /settings?_rsc=IZ6zrI2LDRRC1-Wd net::ERR_ABORTED | /notifications?_rsc=IZ6zrI2LDRRC1-Wd net::ERR_ABORTED | /proposals?_rsc=fAAmY66VdqvUMp3_ net::ERR_ABORTED | /accounts?_rsc=fAAmY66VdqvUMp3_ net::ERR_ABORTED | /contracts?_rsc=fAAmY66VdqvUMp3_ net::ERR_ABORTED | /intelligence?_rsc=fAAmY66VdqvUMp3_ net::ERR_ABORTED | /approvals?_rsc=fAAmY66VdqvUMp3_ net::ERR_ABORTED | /intelligence/bids?_rsc=fAAmY66VdqvUMp3_ net::ERR_ABORTED | /analytics?_rsc=fAAmY66VdqvUMp3_ net::ERR_ABORTED | /catalog?_rsc=fAAmY66VdqvUMp3_ net::ERR_ABORTED | /catalog/gudid?_rsc=fAAmY66VdqvUMp3_ net::ERR_ABORTED | /settings?_rsc=fAAmY66VdqvUMp3_ net::ERR_ABORTED | /notifications?_rsc=fAAmY66VdqvUMp3_ net::ERR_ABORTED","","0","1","0","Switch user ; Details ; Proposal ; Show audit trail ; 1190500 ; B12LTH"
"PRICING_COMMITTEE","/approvals","/approvals","200","Pricing approvals","","","0","/proposals?_rsc=Ut9iRRX_9PZKRdF- net::ERR_ABORTED | /accounts?_rsc=Ut9iRRX_9PZKRdF- net::ERR_ABORTED | /?_rsc=Ut9iRRX_9PZKRdF- net::ERR_ABORTED | /intelligence?_rsc=Ut9iRRX_9PZKRdF- net::ERR_ABORTED | /catalog/gudid?_rsc=Ut9iRRX_9PZKRdF- net::ERR_ABORTED | /settings?_rsc=Ut9iRRX_9PZKRdF- net::ERR_ABORTED | /crosses?_rsc=Ut9iRRX_9PZKRdF- net::ERR_ABORTED | /notifications?_rsc=Ut9iRRX_9PZKRdF- net::ERR_ABORTED | /?_rsc=AU6DTT46DVXZ7jWj net::ERR_ABORTED | /proposals?_rsc=AU6DTT46DVXZ7jWj net::ERR_ABORTED | /accounts?_rsc=AU6DTT46DVXZ7jWj net::ERR_ABORTED | /contracts?_rsc=AU6DTT46DVXZ7jWj net::ERR_ABORTED | /approvals?_rsc=AU6DTT46DVXZ7jWj net::ERR_ABORTED | /analytics?_rsc=AU6DTT46DVXZ7jWj net::ERR_ABORTED | /intelligence/bids?_rsc=AU6DTT46DVXZ7jWj net::ERR_ABORTED | /catalog/gudid?_rsc=AU6DTT46DVXZ7jWj net::ERR_ABORTED | /crosses?_rsc=AU6DTT46DVXZ7jWj net::ERR_ABORTED | /catalog?_rsc=AU6DTT46DVXZ7jWj net::ERR_ABORTED","","0","0","0","Switch user ; Delegate my approvals"
"PRICING_COMMITTEE","/accounts","/accounts","200","Accounts & GPO membership","","","0","/approvals?_rsc=iZGmHDWBA-6V7KTQ net::ERR_ABORTED | /proposals?_rsc=iZGmHDWBA-6V7KTQ net::ERR_ABORTED | /?_rsc=iZGmHDWBA-6V7KTQ net::ERR_ABORTED | /intelligence?_rsc=iZGmHDWBA-6V7KTQ net::ERR_ABORTED | /intelligence/bids?_rsc=iZGmHDWBA-6V7KTQ net::ERR_ABORTED | /analytics?_rsc=iZGmHDWBA-6V7KTQ net::ERR_ABORTED | /catalog?_rsc=iZGmHDWBA-6V7KTQ net::ERR_ABORTED | /crosses?_rsc=iZGmHDWBA-6V7KTQ net::ERR_ABORTED | /settings?_rsc=iZGmHDWBA-6V7KTQ net::ERR_ABORTED | /catalog/gudid?_rsc=iZGmHDWBA-6V7KTQ net::ERR_ABORTED | /notifications?_rsc=iZGmHDWBA-6V7KTQ net::ERR_ABORTED | /accounts/cmuf6hihq02rmks7did2qxong?_rsc=iZGmHDWBA-6V7KTQ net::ERR_ABORTED | /accounts/cmufdfwvc009mnp7dh1j0oelm?_rsc=iZGmHDWBA-6V7KTQ net::ERR_ABORTED | /approvals?_rsc=oRxEn_R9e10JER3Z net::ERR_ABORTED | /accounts?_rsc=oRxEn_R9e10JER3Z net::ERR_ABORTED | /?_rsc=oRxEn_R9e10JER3Z net::ERR_ABORTED | /proposals?_rsc=oRxEn_R9e10JER3Z net::ERR_ABORTED | /contracts?_rsc=oRxEn_R9e10JER3Z net::ERR_ABORTED | /intelligence/bids?_rsc=oRxEn_R9e10JER3Z net::ERR_ABORTED | /analytics?_rsc=oRxEn_R9e10JER3Z net::ERR_ABORTED | /crosses?_rsc=oRxEn_R9e10JER3Z net::ERR_ABORTED | /catalog/gudid?_rsc=oRxEn_R9e10JER3Z net::ERR_ABORTED | /settings?_rsc=oRxEn_R9e10JER3Z net::ERR_ABORTED | /catalog?_rsc=oRxEn_R9e10JER3Z net::ERR_ABORTED | /notifications?_rsc=oRxEn_R9e10JER3Z net::ERR_ABORTED | /accounts/cmuf6hihm02rkks7drm31yuur?_rsc=oRxEn_R9e10JER3Z net::ERR_ABORTED | /accounts/cmuf6hiho02rlks7d2xz6w5ev?_rsc=oRxEn_R9e10JER3Z net::ERR_ABORTED | /accounts/cmuf6hihq02rmks7did2qxong?_rsc=oRxEn_R9e10JER3Z net::ERR_ABORTED | /accounts/cmufdfwvc009mnp7dh1j0oelm?_rsc=oRxEn_R9e10JER3Z net::ERR_ABORTED | /accounts/cmuf6hihh02riks7dkuig0cbl?_rsc=oRxEn_R9e10JER3Z net::ERR_ABORTED | /accounts/cmufcovwl004k5y7d1mnqn7fa?_rsc=oRxEn_R9e10JER3Z net::ERR_ABORTED | /accounts/cmuf6hihk02rjks7dyamo9w2u?_rsc=oRxEn_R9e10JER3Z net::ERR_ABORTED","","0","0","0","Switch user"
"PRICING_COMMITTEE","/accounts/[id]","/accounts/cmuf6hihm02rkks7drm31yuur","200","Hospital A — Mount Vernon General","","","0","/?_rsc=pYoAThzR_ryjq0MS net::ERR_ABORTED | /approvals?_rsc=pYoAThzR_ryjq0MS net::ERR_ABORTED | /accounts?_rsc=pYoAThzR_ryjq0MS net::ERR_ABORTED | /analytics?_rsc=pYoAThzR_ryjq0MS net::ERR_ABORTED | /contracts?_rsc=pYoAThzR_ryjq0MS net::ERR_ABORTED | /intelligence?_rsc=pYoAThzR_ryjq0MS net::ERR_ABORTED | /intelligence/bids?_rsc=pYoAThzR_ryjq0MS net::ERR_ABORTED | /catalog?_rsc=pYoAThzR_ryjq0MS net::ERR_ABORTED | /catalog/gudid?_rsc=pYoAThzR_ryjq0MS net::ERR_ABORTED | /crosses?_rsc=pYoAThzR_ryjq0MS net::ERR_ABORTED | /settings?_rsc=pYoAThzR_ryjq0MS net::ERR_ABORTED | /notifications?_rsc=pYoAThzR_ryjq0MS net::ERR_ABORTED | /contracts/cmuf6himl02swks7dif6nb96r?_rsc=pYoAThzR_ryjq0MS net::ERR_ABORTED | /contracts/cmufdgwn600018l7dib8n6qm4?_rsc=pYoAThzR_ryjq0MS net::ERR_ABORTED | /contracts/cmufehj7i0011k57dzpf8j0ce?_rsc=pYoAThzR_ryjq0MS net::ERR_ABORTED | /?_rsc=gRQ4rCW2m6dkjkis net::ERR_ABORTED | /approvals?_rsc=gRQ4rCW2m6dkjkis net::ERR_ABORTED | /proposals?_rsc=gRQ4rCW2m6dkjkis net::ERR_ABORTED | /accounts?_rsc=gRQ4rCW2m6dkjkis net::ERR_ABORTED | /intelligence/bids?_rsc=gRQ4rCW2m6dkjkis net::ERR_ABORTED | /contracts?_rsc=gRQ4rCW2m6dkjkis net::ERR_ABORTED | /intelligence?_rsc=gRQ4rCW2m6dkjkis net::ERR_ABORTED | /analytics?_rsc=gRQ4rCW2m6dkjkis net::ERR_ABORTED | /catalog?_rsc=gRQ4rCW2m6dkjkis net::ERR_ABORTED | /catalog/gudid?_rsc=gRQ4rCW2m6dkjkis net::ERR_ABORTED | /crosses?_rsc=gRQ4rCW2m6dkjkis net::ERR_ABORTED | /contracts/cmuf6himl02swks7dif6nb96r?_rsc=gRQ4rCW2m6dkjkis net::ERR_ABORTED | /settings?_rsc=gRQ4rCW2m6dkjkis net::ERR_ABORTED | /notifications?_rsc=gRQ4rCW2m6dkjkis net::ERR_ABORTED | /contracts/cmufehj7i0011k57dzpf8j0ce?_rsc=gRQ4rCW2m6dkjkis net::ERR_ABORTED","","0","1","0","Switch user"
"PRICING_COMMITTEE","/contracts","/contracts","200","Contracts & price context","","","0","/accounts?_rsc=DzmfcRRfJeItXkgz net::ERR_ABORTED | /?_rsc=DzmfcRRfJeItXkgz net::ERR_ABORTED | /proposals?_rsc=DzmfcRRfJeItXkgz net::ERR_ABORTED | /approvals?_rsc=DzmfcRRfJeItXkgz net::ERR_ABORTED | /catalog?_rsc=DzmfcRRfJeItXkgz net::ERR_ABORTED | /intelligence?_rsc=DzmfcRRfJeItXkgz net::ERR_ABORTED | /intelligence/bids?_rsc=DzmfcRRfJeItXkgz net::ERR_ABORTED | /analytics?_rsc=DzmfcRRfJeItXkgz net::ERR_ABORTED | /notifications?_rsc=DzmfcRRfJeItXkgz net::ERR_ABORTED | /catalog/gudid?_rsc=DzmfcRRfJeItXkgz net::ERR_ABORTED | /crosses?_rsc=DzmfcRRfJeItXkgz net::ERR_ABORTED | /settings?_rsc=DzmfcRRfJeItXkgz net::ERR_ABORTED | /contracts/cmuf6himu02sxks7dkgml1rr2?_rsc=DzmfcRRfJeItXkgz net::ERR_ABORTED | /contracts/cmufdjs85002o8l7dlcs3cpjp?_rsc=DzmfcRRfJeItXkgz net::ERR_ABORTED | /contracts/cmufdkjds003i8l7d15s8fm19?_rsc=DzmfcRRfJeItXkgz net::ERR_ABORTED | /contracts/cmufe2ptb0012i27dn2ix59o5?_rsc=DzmfcRRfJeItXkgz net::ERR_ABORTED | /approvals?_rsc=2Ju2sngZl13OvaTN net::ERR_ABORTED | /proposals?_rsc=2Ju2sngZl13OvaTN net::ERR_ABORTED | /?_rsc=2Ju2sngZl13OvaTN net::ERR_ABORTED | /accounts?_rsc=2Ju2sngZl13OvaTN net::ERR_ABORTED | /intelligence?_rsc=2Ju2sngZl13OvaTN net::ERR_ABORTED | /intelligence/bids?_rsc=2Ju2sngZl13OvaTN net::ERR_ABORTED | /analytics?_rsc=2Ju2sngZl13OvaTN net::ERR_ABORTED | /contracts?_rsc=2Ju2sngZl13OvaTN net::ERR_ABORTED | /crosses?_rsc=2Ju2sngZl13OvaTN net::ERR_ABORTED | /settings?_rsc=2Ju2sngZl13OvaTN net::ERR_ABORTED | /catalog?_rsc=2Ju2sngZl13OvaTN net::ERR_ABORTED | /catalog/gudid?_rsc=2Ju2sngZl13OvaTN net::ERR_ABORTED | /contracts/cmufdkjds003i8l7d15s8fm19?_rsc=2Ju2sngZl13OvaTN net::ERR_ABORTED | /notifications?_rsc=2Ju2sngZl13OvaTN net::ERR_ABORTED | /contracts/cmuf6himu02sxks7dkgml1rr2?_rsc=2Ju2sngZl13OvaTN net::ERR_ABORTED | /contracts/cmufdjs85002o8l7dlcs3cpjp?_rsc=2Ju2sngZl13OvaTN net::ERR_ABORTED | /contracts/cmufe2ptb0012i27dn2ix59o5?_rsc=2Ju2sngZl13OvaTN net::ERR_ABORTED | /contracts/cmufehj7i0011k57dzpf8j0ce?_rsc=2Ju2sngZl13OvaTN net::ERR_ABORTED | /contracts/cmufdgwn600018l7dib8n6qm4?_rsc=2Ju2sngZl13OvaTN net::ERR_ABORTED | /contracts/cmuf6himl02swks7dif6nb96r?_rsc=2Ju2sngZl13OvaTN net::ERR_ABORTED | /contracts/cmufem4bg004yk57dg70ct1u2?_rsc=2Ju2sngZl13OvaTN net::ERR_ABORTED","","0","1","0","Switch user ; New contract (disabled)"
"PRICING_COMMITTEE","/contracts/[id]","/contracts/cmuf6himu02sxks7dkgml1rr2","200","MSK-LOCAL-2026 · MSK local mesh agreement","","","0","/proposals?_rsc=TQOCHQXESAyQ3VEl net::ERR_ABORTED | /approvals?_rsc=TQOCHQXESAyQ3VEl net::ERR_ABORTED | /?_rsc=TQOCHQXESAyQ3VEl net::ERR_ABORTED | /accounts?_rsc=TQOCHQXESAyQ3VEl net::ERR_ABORTED | /catalog?_rsc=TQOCHQXESAyQ3VEl net::ERR_ABORTED | /accounts/cmuf6hihk02rjks7dyamo9w2u?_rsc=TQOCHQXESAyQ3VEl net::ERR_ABORTED | /crosses?_rsc=TQOCHQXESAyQ3VEl net::ERR_ABORTED | /settings?_rsc=TQOCHQXESAyQ3VEl net::ERR_ABORTED | /catalog/gudid?_rsc=TQOCHQXESAyQ3VEl net::ERR_ABORTED | /notifications?_rsc=TQOCHQXESAyQ3VEl net::ERR_ABORTED | /proposals?_rsc=12web-rdU3k9vLaG net::ERR_ABORTED | /accounts/cmuf6hihk02rjks7dyamo9w2u?_rsc=12web-rdU3k9vLaG net::ERR_ABORTED | /approvals?_rsc=12web-rdU3k9vLaG net::ERR_ABORTED | /?_rsc=12web-rdU3k9vLaG net::ERR_ABORTED | /accounts?_rsc=12web-rdU3k9vLaG net::ERR_ABORTED | /analytics?_rsc=12web-rdU3k9vLaG net::ERR_ABORTED | /intelligence?_rsc=12web-rdU3k9vLaG net::ERR_ABORTED | /contracts?_rsc=12web-rdU3k9vLaG net::ERR_ABORTED | /intelligence/bids?_rsc=12web-rdU3k9vLaG net::ERR_ABORTED | /catalog?_rsc=12web-rdU3k9vLaG net::ERR_ABORTED | /settings?_rsc=12web-rdU3k9vLaG net::ERR_ABORTED | /crosses?_rsc=12web-rdU3k9vLaG net::ERR_ABORTED | /catalog/gudid?_rsc=12web-rdU3k9vLaG net::ERR_ABORTED | /notifications?_rsc=12web-rdU3k9vLaG net::ERR_ABORTED","","0","1","0","Switch user ; Refresh performance ; Save entries (disabled)"
"PRICING_COMMITTEE","/intelligence","/intelligence","200","Competitor pricing","","","0","/?_rsc=3fD0047dUoUPXvG2 net::ERR_ABORTED | /proposals?_rsc=3fD0047dUoUPXvG2 net::ERR_ABORTED | /approvals?_rsc=3fD0047dUoUPXvG2 net::ERR_ABORTED | /accounts?_rsc=3fD0047dUoUPXvG2 net::ERR_ABORTED | /crosses?_rsc=3fD0047dUoUPXvG2 net::ERR_ABORTED | /notifications?_rsc=3fD0047dUoUPXvG2 net::ERR_ABORTED | /settings?_rsc=3fD0047dUoUPXvG2 net::ERR_ABORTED | /catalog/gudid?_rsc=3fD0047dUoUPXvG2 net::ERR_ABORTED | /?_rsc=gu9LWiAQNzfrKsW2 net::ERR_ABORTED | /approvals?_rsc=gu9LWiAQNzfrKsW2 net::ERR_ABORTED | /accounts?_rsc=gu9LWiAQNzfrKsW2 net::ERR_ABORTED | /proposals?_rsc=gu9LWiAQNzfrKsW2 net::ERR_ABORTED | /intelligence/bids?_rsc=gu9LWiAQNzfrKsW2 net::ERR_ABORTED | /analytics?_rsc=gu9LWiAQNzfrKsW2 net::ERR_ABORTED | /contracts?_rsc=gu9LWiAQNzfrKsW2 net::ERR_ABORTED | /intelligence?_rsc=gu9LWiAQNzfrKsW2 net::ERR_ABORTED | /catalog?_rsc=gu9LWiAQNzfrKsW2 net::ERR_ABORTED | /catalog/gudid?_rsc=gu9LWiAQNzfrKsW2 net::ERR_ABORTED | /crosses?_rsc=gu9LWiAQNzfrKsW2 net::ERR_ABORTED | /settings?_rsc=gu9LWiAQNzfrKsW2 net::ERR_ABORTED | /notifications?_rsc=gu9LWiAQNzfrKsW2 net::ERR_ABORTED","","0","1","0","Switch user ; 1190500 ; WS3OBS3 ; WS3OBS2 ; WS3OBS1 ; 112680 ; 1190816 ; SPMII ; 1200710 ; 1201520 ; 113700 ; 112650 ; 112660 ; UPA31015 ; 1190820 ; 1202025 ; 1190300 ; SPMXXL ; 1410015010 ; 1DLMC03 ; 1DLMC05"
"PRICING_COMMITTEE","/intelligence/bids","/intelligence/bids","200","Public bids and awards","","","0","/?_rsc=2gWrMJaxdn-CU2fc net::ERR_ABORTED | /proposals?_rsc=2gWrMJaxdn-CU2fc net::ERR_ABORTED | /approvals?_rsc=2gWrMJaxdn-CU2fc net::ERR_ABORTED | /accounts?_rsc=2gWrMJaxdn-CU2fc net::ERR_ABORTED | /contracts?_rsc=2gWrMJaxdn-CU2fc net::ERR_ABORTED | /intelligence?_rsc=2gWrMJaxdn-CU2fc net::ERR_ABORTED | /analytics?_rsc=2gWrMJaxdn-CU2fc net::ERR_ABORTED | /catalog?_rsc=2gWrMJaxdn-CU2fc net::ERR_ABORTED | /catalog/gudid?_rsc=2gWrMJaxdn-CU2fc net::ERR_ABORTED | /notifications?_rsc=2gWrMJaxdn-CU2fc net::ERR_ABORTED | /?_rsc=W5McYxvxTMCZbYJx net::ERR_ABORTED | /accounts?_rsc=W5McYxvxTMCZbYJx net::ERR_ABORTED | /proposals?_rsc=W5McYxvxTMCZbYJx net::ERR_ABORTED | /contracts?_rsc=W5McYxvxTMCZbYJx net::ERR_ABORTED | /intelligence?_rsc=W5McYxvxTMCZbYJx net::ERR_ABORTED | /intelligence/bids?_rsc=W5McYxvxTMCZbYJx net::ERR_ABORTED | /analytics?_rsc=W5McYxvxTMCZbYJx net::ERR_ABORTED | /catalog?_rsc=W5McYxvxTMCZbYJx net::ERR_ABORTED | /notifications?_rsc=W5McYxvxTMCZbYJx net::ERR_ABORTED | /catalog/gudid?_rsc=W5McYxvxTMCZbYJx net::ERR_ABORTED | /crosses?_rsc=W5McYxvxTMCZbYJx net::ERR_ABORTED | /settings?_rsc=W5McYxvxTMCZbYJx net::ERR_ABORTED","","0","0","0","Switch user ; Pull (disabled) ; Save (disabled) ; Bid file (disabled)"
"PRICING_COMMITTEE","/intelligence/extractions/[id]","/intelligence/extractions/missing0000000000000000","200","Extraction","Failed to load resource: the server responded with a status of 404 (Not Found)","","0","/proposals?_rsc=VJB2dfGule5Oh2L3 net::ERR_ABORTED | /approvals?_rsc=VJB2dfGule5Oh2L3 net::ERR_ABORTED | /accounts?_rsc=VJB2dfGule5Oh2L3 net::ERR_ABORTED | /?_rsc=VJB2dfGule5Oh2L3 net::ERR_ABORTED | /intelligence/bids?_rsc=VJB2dfGule5Oh2L3 net::ERR_ABORTED | /analytics?_rsc=VJB2dfGule5Oh2L3 net::ERR_ABORTED | /crosses?_rsc=VJB2dfGule5Oh2L3 net::ERR_ABORTED | /catalog?_rsc=VJB2dfGule5Oh2L3 net::ERR_ABORTED | /catalog/gudid?_rsc=VJB2dfGule5Oh2L3 net::ERR_ABORTED | /settings?_rsc=VJB2dfGule5Oh2L3 net::ERR_ABORTED | /notifications?_rsc=VJB2dfGule5Oh2L3 net::ERR_ABORTED | /proposals?_rsc=wBL8jh-0AxNJNXN_ net::ERR_ABORTED | /approvals?_rsc=wBL8jh-0AxNJNXN_ net::ERR_ABORTED | /intelligence?_rsc=wBL8jh-0AxNJNXN_ net::ERR_ABORTED | /intelligence/bids?_rsc=wBL8jh-0AxNJNXN_ net::ERR_ABORTED | /accounts?_rsc=wBL8jh-0AxNJNXN_ net::ERR_ABORTED | /contracts?_rsc=wBL8jh-0AxNJNXN_ net::ERR_ABORTED | /catalog?_rsc=wBL8jh-0AxNJNXN_ net::ERR_ABORTED | /catalog/gudid?_rsc=wBL8jh-0AxNJNXN_ net::ERR_ABORTED | /crosses?_rsc=wBL8jh-0AxNJNXN_ net::ERR_ABORTED | /settings?_rsc=wBL8jh-0AxNJNXN_ net::ERR_ABORTED | /notifications?_rsc=wBL8jh-0AxNJNXN_ net::ERR_ABORTED","404 /api/documents/extractions/missing0000000000000000","0","0","0","Switch user"
"PRICING_COMMITTEE","/analytics","/analytics","200","Commercial feedback loop","","","0","/accounts?_rsc=ix5_aAief6TvBg04 net::ERR_ABORTED | /?_rsc=ix5_aAief6TvBg04 net::ERR_ABORTED | /proposals?_rsc=ix5_aAief6TvBg04 net::ERR_ABORTED | /approvals?_rsc=ix5_aAief6TvBg04 net::ERR_ABORTED | /contracts?_rsc=ix5_aAief6TvBg04 net::ERR_ABORTED | /intelligence?_rsc=ix5_aAief6TvBg04 net::ERR_ABORTED | /intelligence/bids?_rsc=ix5_aAief6TvBg04 net::ERR_ABORTED | /catalog?_rsc=ix5_aAief6TvBg04 net::ERR_ABORTED | /catalog/gudid?_rsc=ix5_aAief6TvBg04 net::ERR_ABORTED | /crosses?_rsc=ix5_aAief6TvBg04 net::ERR_ABORTED | /?_rsc=Dt318okBLJyNDlfE net::ERR_ABORTED | /proposals?_rsc=Dt318okBLJyNDlfE net::ERR_ABORTED | /approvals?_rsc=Dt318okBLJyNDlfE net::ERR_ABORTED | /intelligence/bids?_rsc=Dt318okBLJyNDlfE net::ERR_ABORTED | /analytics?_rsc=Dt318okBLJyNDlfE net::ERR_ABORTED | /intelligence?_rsc=Dt318okBLJyNDlfE net::ERR_ABORTED | /contracts?_rsc=Dt318okBLJyNDlfE net::ERR_ABORTED | /catalog?_rsc=Dt318okBLJyNDlfE net::ERR_ABORTED | /catalog/gudid?_rsc=Dt318okBLJyNDlfE net::ERR_ABORTED | /crosses?_rsc=Dt318okBLJyNDlfE net::ERR_ABORTED | /settings?_rsc=Dt318okBLJyNDlfE net::ERR_ABORTED","","0","1","0","Switch user ; Refresh"
"PRICING_COMMITTEE","/catalog","/catalog","200","Our catalog","","","0","/?_rsc=OYzo7EH3MGwwxBfF net::ERR_ABORTED | /proposals?_rsc=OYzo7EH3MGwwxBfF net::ERR_ABORTED | /contracts?_rsc=OYzo7EH3MGwwxBfF net::ERR_ABORTED | /intelligence/bids?_rsc=OYzo7EH3MGwwxBfF net::ERR_ABORTED | /analytics?_rsc=OYzo7EH3MGwwxBfF net::ERR_ABORTED | /intelligence?_rsc=OYzo7EH3MGwwxBfF net::ERR_ABORTED | /catalog/gudid?_rsc=OYzo7EH3MGwwxBfF net::ERR_ABORTED | /crosses?_rsc=OYzo7EH3MGwwxBfF net::ERR_ABORTED | /settings?_rsc=OYzo7EH3MGwwxBfF net::ERR_ABORTED | /notifications?_rsc=OYzo7EH3MGwwxBfF net::ERR_ABORTED | /?_rsc=O6cAbYUSgs3KBG-F net::ERR_ABORTED | /proposals?_rsc=O6cAbYUSgs3KBG-F net::ERR_ABORTED | /approvals?_rsc=O6cAbYUSgs3KBG-F net::ERR_ABORTED | /contracts?_rsc=O6cAbYUSgs3KBG-F net::ERR_ABORTED | /accounts?_rsc=O6cAbYUSgs3KBG-F net::ERR_ABORTED | /intelligence/bids?_rsc=O6cAbYUSgs3KBG-F net::ERR_ABORTED | /intelligence?_rsc=O6cAbYUSgs3KBG-F net::ERR_ABORTED | /analytics?_rsc=O6cAbYUSgs3KBG-F net::ERR_ABORTED | /catalog?_rsc=O6cAbYUSgs3KBG-F net::ERR_ABORTED | /catalog/gudid?_rsc=O6cAbYUSgs3KBG-F net::ERR_ABORTED | /crosses?_rsc=O6cAbYUSgs3KBG-F net::ERR_ABORTED | /notifications?_rsc=O6cAbYUSgs3KBG-F net::ERR_ABORTED | /settings?_rsc=O6cAbYUSgs3KBG-F net::ERR_ABORTED","","0","1","0","Switch user ; GUDID library ; 174006 ; ABSTACK30 ; ABSTACK30X ; PCO2015X ; PCO2520X ; PCO9X ; 11-1276 ; 11-1278 ; 171305 ; 173019 ; 173030 ; 173046 ; 173049 ; 173050G ; 174001 ; 174209 ; 174213 ; 174233 ; 174301 ; 174309 ; 174317 ; 174601 ; 176605 ; 176613 ; 176643 ; 176645 ; 176647 ; 178081 ; 178083 ; 178091 ; 178093 ; 178099 ; 25030 ; CATCH10 ; E3781-28 ; E3781R-28ASP ; E3783-28 ; E3783R-28ASP ; E3783R-36ASP ; LF1837 ; LF5637 ; SILSCLINCH46 ; SILSDISSECT46 ; SILSHOOK36 ; SILSHOOK46 ; SILSSHEAR46 ; WPLGR914 ; WPXLGR1117 ; 010316L ; 010460 ; 010470 ; 015427L ; 015433L ; 015441L ; 015451L ; 015458L ; 015477L ; 015485L ; 015888L ; 017614 ; 020242 ; 030330L ; 030412 ; 030424L ; 030425 ; 030426 ; 030454 ; 030470 ; 030735L ; 059037 ; 111981 ; 111983 ; 111985 ; 111987 ; 111989 ; 3948L ; 3971 ; 3973 ; 4901T ; 8886803712 ; EEA21 ; EEA2135 ; EEA25 ; EEA2535 ; EEA28 ; EEA2835 ; EEA31 ; EEA33 ; EEAXL21 ; EEAXL2135 ; EEAXL25 ; EEAXL2535 ; EEAXL28 ; EEAXL2835 ; EEAXL31 ; EEAXL33 ; EGIA45AMT ; EGIA45AV ; EGIA45AVM ; EGIA45CTAVM ; EGIA60AMT ; EGIA60AVM ; EGIA60AXT ; EGIARADMT ; EGIARADVM ; EGIARADXT ; EGIAUSHORT ; EGIAUSTND ; EGIAUXL ; GIA10038L ; GIA10038S ; GIA10048L ; GIA10048S ; GIA6025L ; GIA6025S ; GIA6038L ; GIA6038S ; GIA6048L ; GIA6048S ; GIA60MTC ; GIA60MTS ; GIA60XTC ; GIA60XTS ; GIA8038L ; GIA8038S ; GIA8048L ; GIA8048S ; GIA80MTC ; GIA80MTS ; GIA80XTC ; GIA80XTS ; HEM3335 ; HEM3348 ; IDRVULTRA1 ; SGIA6038S ; SIG30AMT ; SIG30AV ; SIG30AVM ; SIG30CTAV ; SIG30CTAVM ; SIG45AMT ; SIG45AXT ; SIG45CTAMT ; SIG45CTAV ; SIG45CTAVM ; SIG60AMT ; SIG60AXT ; SIG60CTAMT ; SIG60CTAVM ; SIGADAPTSHORT ; SIGADAPTSTND ; SIGADAPTXL ; SIGC45MT ; SIGC45V ; SIGC45VM ; SIGC45VT ; SIGC60MT ; SIGC60V ; SIGC60VM ; SIGC60VT ; SIGLU45A ; SIGLU60A ; SIGPSHELL ; SIGRADMT ; SIGRADVM ; SIGRADXT ; SIGSDL45CTVT ; SIGSDS30CTV ; SIGSDS30CTVT ; SIGTRSB45AMT ; SIGTRSB45AXT ; SIGTRSB60AMT ; SIGTRSB60AXT ; TA3035L ; TA3035S ; TA3048L ; TA3048S ; TA30V3L ; TA30V3S ; TA4535L ; TA4535S ; TA4548L ; TA4548S ; TA6035L ; TA6035S ; TA6048L ; TA6048S ; TA9035L ; TA9035S ; TA9048L ; TA9048S ; TRIEEA28MT ; TRIEEA28XT ; TRIEEA31MT ; TRIEEA31XT ; TRIEEAXL28MT ; TRIEEAXL28XT ; TRIEEAXL31MT ; TRIEEAXL31XT ; TRIEEAXL33MT ; PPDS12 ; PPDS15 ; PPDS1510 ; PPDS2015 ; PPM1106X3 ; PPM1510X3 ; PPM4530 ; 171313 ; 171315 ; 172015 ; 172016 ; 176626P ; 176673P ; 176674P ; 176674PF ; 177090P ; 177090PF ; 177091P ; 177091PF ; 177092 ; 177092F ; 177992P ; 177995P ; 179076P ; 179077P ; 179078PF ; 179093 ; 179093F ; 179094 ; 179094F ; 179095P ; 179096P ; 179096PF ; 179097P ; 179097PF ; 179100 ; 179101 ; 179102P ; 179301 ; 179303 ; 179305 ; 179307 ; 179308 ; 179309 ; 179310 ; 21-345 ; 220-50 ; 24055- ; 4216 ; B11STF ; B11STS ; B12LGF ; B12LGS ; B12STF ; B12STFCS ; B12STS ; B5SHF ; B5SHS ; B5STF ; B5STS ; BPT12STS ; MS100703 ; MS100705 ; MS100708 ; MS101003 ; MS101005 ; MS101008 ; NB11STF ; NB12LGF ; NB12SHF ; NB12STF ; NB12STS ; NB15LGF ; NB15STF ; NB3SHFLP ; NB5LGF ; NB5SHF ; NB5SHFLP ; NB5STF ; NB5STFLP ; NBFCA11ST ; NBFCA12ST ; NONB11STF ; NONB12LGF ; NONB12SHF ; NONB12STF ; NONB12STS ; NONB15LGF ; NONB15STF ; NONB5LGF ; NONB5SHF ; NONB5STF ; NONB8STF ; OMS-T10BT ; OMS-T10BTNL ; OMS-T10BTS ; OMS-T10BTSNL ; OMS-T12BT ; OMS-T12BTNL ; ONB11LGF ; ONB11STF ; ONB12LGF ; ONB12SHF ; ONB12STF ; ONB12STF-NSB ; ONB12STFCS ; ONB12STS ; ONB15STF ; ONB5LGF ; ONB5SHF ; ONB5STF ; ONB5STF-NSB ; ONB5STF2C ; ONBFCA11ST ; S100000 ; S100700 ; S100705 ; S100710 ; S100712 ; S101000 ; S101005 ; S101010 ; S101012 ; S110000 ; SILSPT12TA ; SILSPT5TA ; UNVCA11STF ; UNVCA12LGF ; UNVCA12STF ; UNVCA12STF-NSB ; UNVCA12STS ; UNVCA5LGF ; UNVCA5SHF ; UNVCA5STF ; VS070000 ; VS100700 ; VS100705 ; VS100711P ; VS100712P ; VS101000 ; VS101005 ; VS101011P ; VS101012P ; VS101015P ; VS101500 ; VS101505 ; VS101512P ; VS150000 ; VSR100005 ; VSR100812P ; WPMD509 ; WPSM256 ; WPXSM24"
"PRICING_COMMITTEE","/catalog/gudid","/catalog/gudid","200","GUDID library","","","0","/?_rsc=DGmoGnAw5OqJpMhM net::ERR_ABORTED | /proposals?_rsc=DGmoGnAw5OqJpMhM net::ERR_ABORTED | /approvals?_rsc=DGmoGnAw5OqJpMhM net::ERR_ABORTED | /contracts?_rsc=DGmoGnAw5OqJpMhM net::ERR_ABORTED | /intelligence?_rsc=DGmoGnAw5OqJpMhM net::ERR_ABORTED | /intelligence/bids?_rsc=DGmoGnAw5OqJpMhM net::ERR_ABORTED | /analytics?_rsc=DGmoGnAw5OqJpMhM net::ERR_ABORTED | /settings?_rsc=DGmoGnAw5OqJpMhM net::ERR_ABORTED | /crosses?_rsc=DGmoGnAw5OqJpMhM net::ERR_ABORTED | /?_rsc=Z9EVd8HHdUwJDdIQ net::ERR_ABORTED | /approvals?_rsc=Z9EVd8HHdUwJDdIQ net::ERR_ABORTED | /proposals?_rsc=Z9EVd8HHdUwJDdIQ net::ERR_ABORTED | /contracts?_rsc=Z9EVd8HHdUwJDdIQ net::ERR_ABORTED | /accounts?_rsc=Z9EVd8HHdUwJDdIQ net::ERR_ABORTED | /intelligence?_rsc=Z9EVd8HHdUwJDdIQ net::ERR_ABORTED | /intelligence/bids?_rsc=Z9EVd8HHdUwJDdIQ net::ERR_ABORTED | /analytics?_rsc=Z9EVd8HHdUwJDdIQ net::ERR_ABORTED | /catalog?_rsc=Z9EVd8HHdUwJDdIQ net::ERR_ABORTED | /catalog/gudid?_rsc=Z9EVd8HHdUwJDdIQ net::ERR_ABORTED | /crosses?_rsc=Z9EVd8HHdUwJDdIQ net::ERR_ABORTED | /settings?_rsc=Z9EVd8HHdUwJDdIQ net::ERR_ABORTED | /notifications?_rsc=Z9EVd8HHdUwJDdIQ net::ERR_ABORTED","","0","0","0","Switch user ; DXT1309AL ; DXT1309AR ; DXT1510AL ; DXT1510AR ; DXT1612AL ; DXT1612AR ; DTN07R ; DTN07RX3 ; DTN07RX6 ; DTN10R ; DTN10RX3 ; DTN10RX6 ; DTN1610E ; DTN1610EX3 ; DTN1610EX6 ; PP0611 ; PP0611X3 ; PP1510 ; PP1510X3 ; PP1515 ; PP2020 ; PP3030 ; PPM1106 ; PPM1106X3 ; PPM1106X6 ; PPM1508 ; PPM1508X3 ; PPM1508X6 ; PPM1510 ; PPM1510X3 ; PPM1510X6 ; PPM1515 ; PPM1515X3 ; PPM1515X6 ; PPM2020 ; PPM2020X3 ; PPM3030 ; PPM3030X3 ; PPM4530 ; PPM4530X3 ; PPM5050 ; PPMK1106 ; PPMK1106X3 ; PPMK1106X6 ; PPMK1508 ; PPMK1508X3 ; PPMK1508X6 ; PPDS12 ; PPDS12X3 ; PPDS15 ; PPDS1510 ; PPDS1510X3 ; PPDS15X3 ; PPDS2015 ; PPDS2015X3 ; PPDS2520 ; PPDS3020 ; PPDS3530 ; PCO12FX ; PCO12X ; PCO1510FX ; PCO1510OSX ; PCO1510X ; PCO15FX ; PCO15X ; PCO2015FX ; PCO2015OSX ; PCO2015X ; PCO20FX ; PCO20X ; PCO2520FX ; PCO2520OSX ; PCO2520X ; PCO2H1 ; PCO2H3 ; PCO2H4 ; PCO3020FX ; PCO3020OSX ; PCO3020X ; PCO3728FX ; PCO3728X ; PCO4VP ; PCO6VP ; PCO8OSX ; PCO8VP ; PCO9FX ; PCO9X ; PCOPM15 ; PCOPM15H35 ; PCOPM15H50 ; PCOPM20 ; PNP6 ; PNP6X3 ; PNP8 ; PNP8X3 ; TCM1106 ; TCM1106X3 ; TCM1510 ; TCM1510X3 ; TCM1515 ; TCM1515X3 ; TCM2020 ; TCM2020X3 ; TCM3015 ; TCM3030 ; TCM4530 ; TEC1309 ; TEC1410DP ; TEC1410P5 ; TEC1510 ; TEC1515 ; TEC2020 ; TEC3030 ; TECR1410DP2 ; TECR1510 ; TECR1510AL ; TECR1510AR ; TECR1515 ; TECR3030 ; TECT1309AL ; TECT1309AR ; TECT1510ADP2L ; TECT1510ADP2R ; TECT1510ADPL ; TECT1510ADPR ; TECT1510AL ; TECT1510AR ; TECT1612AFR ; TECT1612AL ; TECT1612AR ; TET1309 ; TET1309D ; TET1510 ; TET1515 ; TET2020 ; TET3030 ; TET5050 ; ADG1510 ; ADG2015 ; ADG3020 ; ADG4030 ; LPG1309AL ; LPG1309AR ; LPG1510 ; LPG1510AK2 ; LPG1510AL ; LPG1510AR ; LPG1510X2 ; LPG1612 ; LPG1612AL ; LPG1612AR ; LPG1614 ; PP1208DL ; PP1208DR ; PP1509G ; PP1515G ; PP2015G ; PP3020G ; PP3030G ; PP4030G ; TEM1208GL ; TEM1208GR ; TEM1409GL ; TEM1409GR ; TEM1509G ; TEM1515G ; TEM2015G ; TEM3015G ; TECG3004 ; SYM12 ; SYM12F ; SYM15 ; SYM1510 ; SYM1510F ; SYM1510OS ; SYM15F ; SYM1710E ; SYM1710EF ; SYM20 ; SYM2012E ; SYM2012EF ; SYM2015 ; SYM2015F ; SYM2015OS ; SYM20F ; SYM2515E ; SYM2515EF ; SYM2520 ; SYM2520F ; SYM2520OS ; SYM3020 ; SYM3020F ; SYM3020OS ; SYM3420E ; SYM3420EF ; SYM3728 ; SYM3728F ; SYM4024E ; SYM4024EF ; SYM4232 ; SYM4232F ; SYM8OS ; SYM9 ; SYM9F ; VTX1106 ; VTX1106X3 ; VTX1510 ; VTX1510X3 ; VTX1515 ; VTX1515M ; VTX1515MX3 ; VTX1515X3 ; VTX2020M ; VTX3030M ; VTX4530M ; VTX5050M ; Sofradim"
"PRICING_COMMITTEE","/crosses","/crosses","200","Crosswalk","","","0","/?_rsc=zAn-vlYtEcVbUMJ6 net::ERR_ABORTED | /intelligence/bids?_rsc=zAn-vlYtEcVbUMJ6 net::ERR_ABORTED | /analytics?_rsc=zAn-vlYtEcVbUMJ6 net::ERR_ABORTED | /catalog?_rsc=zAn-vlYtEcVbUMJ6 net::ERR_ABORTED | /catalog/gudid?_rsc=zAn-vlYtEcVbUMJ6 net::ERR_ABORTED | /settings?_rsc=zAn-vlYtEcVbUMJ6 net::ERR_ABORTED | /notifications?_rsc=zAn-vlYtEcVbUMJ6 net::ERR_ABORTED | /proposals?_rsc=aniPmKjMQR6zCALO net::ERR_ABORTED | /?_rsc=aniPmKjMQR6zCALO net::ERR_ABORTED | /approvals?_rsc=aniPmKjMQR6zCALO net::ERR_ABORTED | /intelligence/bids?_rsc=aniPmKjMQR6zCALO net::ERR_ABORTED | /contracts?_rsc=aniPmKjMQR6zCALO net::ERR_ABORTED | /intelligence?_rsc=aniPmKjMQR6zCALO net::ERR_ABORTED | /analytics?_rsc=aniPmKjMQR6zCALO net::ERR_ABORTED | /catalog?_rsc=aniPmKjMQR6zCALO net::ERR_ABORTED | /crosses?_rsc=aniPmKjMQR6zCALO net::ERR_ABORTED | /settings?_rsc=aniPmKjMQR6zCALO net::ERR_ABORTED | /notifications?_rsc=aniPmKjMQR6zCALO net::ERR_ABORTED | /catalog/gudid?_rsc=aniPmKjMQR6zCALO net::ERR_ABORTED","","0","0","0","Switch user"
"PRICING_COMMITTEE","/notifications","/notifications","200","Notifications","","","0","/?_rsc=oG-rbVP81bj5yHs2 net::ERR_ABORTED | /proposals?_rsc=oG-rbVP81bj5yHs2 net::ERR_ABORTED | /approvals?_rsc=oG-rbVP81bj5yHs2 net::ERR_ABORTED | /accounts?_rsc=oG-rbVP81bj5yHs2 net::ERR_ABORTED | /contracts?_rsc=oG-rbVP81bj5yHs2 net::ERR_ABORTED | /intelligence/bids?_rsc=oG-rbVP81bj5yHs2 net::ERR_ABORTED | /intelligence?_rsc=oG-rbVP81bj5yHs2 net::ERR_ABORTED | /accounts?_rsc=FxIb9Zh5xrkPNSW4 net::ERR_ABORTED | /contracts?_rsc=FxIb9Zh5xrkPNSW4 net::ERR_ABORTED | /intelligence?_rsc=FxIb9Zh5xrkPNSW4 net::ERR_ABORTED | /intelligence/bids?_rsc=FxIb9Zh5xrkPNSW4 net::ERR_ABORTED | /analytics?_rsc=FxIb9Zh5xrkPNSW4 net::ERR_ABORTED | /catalog?_rsc=FxIb9Zh5xrkPNSW4 net::ERR_ABORTED | /catalog/gudid?_rsc=FxIb9Zh5xrkPNSW4 net::ERR_ABORTED | /crosses?_rsc=FxIb9Zh5xrkPNSW4 net::ERR_ABORTED | /notifications?_rsc=FxIb9Zh5xrkPNSW4 net::ERR_ABORTED","","0","0","0","Switch user ; Mark all read ; Read"
"PRICING_COMMITTEE","/settings","/settings","200","Settings","","","0","/?_rsc=DQxjArDrgutTG17x net::ERR_ABORTED | /proposals?_rsc=DQxjArDrgutTG17x net::ERR_ABORTED | /approvals?_rsc=DQxjArDrgutTG17x net::ERR_ABORTED | /accounts?_rsc=DQxjArDrgutTG17x net::ERR_ABORTED | /intelligence?_rsc=DQxjArDrgutTG17x net::ERR_ABORTED | /crosses?_rsc=DQxjArDrgutTG17x net::ERR_ABORTED | /notifications?_rsc=DQxjArDrgutTG17x net::ERR_ABORTED | /settings/pricing?_rsc=DQxjArDrgutTG17x net::ERR_ABORTED | /proposals?_rsc=j-_vjoKOn8bxlRO7 net::ERR_ABORTED | /?_rsc=j-_vjoKOn8bxlRO7 net::ERR_ABORTED | /approvals?_rsc=j-_vjoKOn8bxlRO7 net::ERR_ABORTED | /accounts?_rsc=j-_vjoKOn8bxlRO7 net::ERR_ABORTED | /contracts?_rsc=j-_vjoKOn8bxlRO7 net::ERR_ABORTED | /intelligence?_rsc=j-_vjoKOn8bxlRO7 net::ERR_ABORTED | /catalog?_rsc=j-_vjoKOn8bxlRO7 net::ERR_ABORTED | /catalog/gudid?_rsc=j-_vjoKOn8bxlRO7 net::ERR_ABORTED | /analytics?_rsc=j-_vjoKOn8bxlRO7 net::ERR_ABORTED | /intelligence/bids?_rsc=j-_vjoKOn8bxlRO7 net::ERR_ABORTED | /settings?_rsc=j-_vjoKOn8bxlRO7 net::ERR_ABORTED | /crosses?_rsc=j-_vjoKOn8bxlRO7 net::ERR_ABORTED | /notifications?_rsc=j-_vjoKOn8bxlRO7 net::ERR_ABORTED | /settings/pricing?_rsc=j-_vjoKOn8bxlRO7 net::ERR_ABORTED","","0","0","0","Switch user ; Save (disabled) ; Details ; How to connect"
"PRICING_COMMITTEE","/settings/integrations","/settings/integrations","200","Settings","","","0","/catalog/gudid?_rsc=DQxjArDrgutTG17x net::ERR_ABORTED | /crosses?_rsc=DQxjArDrgutTG17x net::ERR_ABORTED | /catalog?_rsc=DQxjArDrgutTG17x net::ERR_ABORTED | /notifications?_rsc=DQxjArDrgutTG17x net::ERR_ABORTED | /?_rsc=j-_vjoKOn8bxlRO7 net::ERR_ABORTED | /approvals?_rsc=j-_vjoKOn8bxlRO7 net::ERR_ABORTED | /proposals?_rsc=j-_vjoKOn8bxlRO7 net::ERR_ABORTED | /analytics?_rsc=j-_vjoKOn8bxlRO7 net::ERR_ABORTED | /contracts?_rsc=j-_vjoKOn8bxlRO7 net::ERR_ABORTED | /intelligence?_rsc=j-_vjoKOn8bxlRO7 net::ERR_ABORTED | /intelligence/bids?_rsc=j-_vjoKOn8bxlRO7 net::ERR_ABORTED | /catalog/gudid?_rsc=j-_vjoKOn8bxlRO7 net::ERR_ABORTED | /settings?_rsc=j-_vjoKOn8bxlRO7 net::ERR_ABORTED | /notifications?_rsc=j-_vjoKOn8bxlRO7 net::ERR_ABORTED | /crosses?_rsc=j-_vjoKOn8bxlRO7 net::ERR_ABORTED | /settings/pricing?_rsc=j-_vjoKOn8bxlRO7 net::ERR_ABORTED","","0","0","0","Switch user ; Save (disabled) ; Details ; How to connect"
"PRICING_COMMITTEE","/settings/pricing","/settings/pricing","200","Pricing policies","","","0","/proposals?_rsc=8oSST31HPn0UlEto net::ERR_ABORTED | /?_rsc=8oSST31HPn0UlEto net::ERR_ABORTED | /intelligence/bids?_rsc=8oSST31HPn0UlEto net::ERR_ABORTED | /catalog?_rsc=8oSST31HPn0UlEto net::ERR_ABORTED | /settings?_rsc=8oSST31HPn0UlEto net::ERR_ABORTED | /notifications?_rsc=8oSST31HPn0UlEto net::ERR_ABORTED | /?_rsc=_Ie442TgELs3Q458 net::ERR_ABORTED | /proposals?_rsc=_Ie442TgELs3Q458 net::ERR_ABORTED | /approvals?_rsc=_Ie442TgELs3Q458 net::ERR_ABORTED | /accounts?_rsc=_Ie442TgELs3Q458 net::ERR_ABORTED | /contracts?_rsc=_Ie442TgELs3Q458 net::ERR_ABORTED | /intelligence?_rsc=_Ie442TgELs3Q458 net::ERR_ABORTED | /intelligence/bids?_rsc=_Ie442TgELs3Q458 net::ERR_ABORTED | /analytics?_rsc=_Ie442TgELs3Q458 net::ERR_ABORTED | /catalog?_rsc=_Ie442TgELs3Q458 net::ERR_ABORTED | /catalog/gudid?_rsc=_Ie442TgELs3Q458 net::ERR_ABORTED | /settings?_rsc=_Ie442TgELs3Q458 net::ERR_ABORTED | /notifications?_rsc=_Ie442TgELs3Q458 net::ERR_ABORTED | /crosses?_rsc=_Ie442TgELs3Q458 net::ERR_ABORTED","","0","0","0","Switch user ; New draft (disabled)"
"PRODUCT_MARKETING","/","/","200","Competitive cross reference","","","0","/accounts?_rsc=5CB68i4pnAekjehf net::ERR_ABORTED | /proposals?_rsc=5CB68i4pnAekjehf net::ERR_ABORTED | /requests?_rsc=5CB68i4pnAekjehf net::ERR_ABORTED | /contracts?_rsc=5CB68i4pnAekjehf net::ERR_ABORTED | /intelligence?_rsc=5CB68i4pnAekjehf net::ERR_ABORTED | /intelligence/bids?_rsc=5CB68i4pnAekjehf net::ERR_ABORTED | /analytics?_rsc=5CB68i4pnAekjehf net::ERR_ABORTED | /catalog?_rsc=5CB68i4pnAekjehf net::ERR_ABORTED | /catalog/gudid?_rsc=5CB68i4pnAekjehf net::ERR_ABORTED | /crosses?_rsc=5CB68i4pnAekjehf net::ERR_ABORTED | /settings?_rsc=5CB68i4pnAekjehf net::ERR_ABORTED | /notifications?_rsc=5CB68i4pnAekjehf net::ERR_ABORTED | /requests/new?_rsc=5CB68i4pnAekjehf net::ERR_ABORTED | /requests/cmufeje3o002hk57d491oejr5?_rsc=5CB68i4pnAekjehf net::ERR_ABORTED | /requests/cmufdh3bj000c8l7d0xi3zsf0?_rsc=5CB68i4pnAekjehf net::ERR_ABORTED | /requests/cmufcynqe0001np7dpzorvaiq?_rsc=5CB68i4pnAekjehf net::ERR_ABORTED | /requests/cmufcnw1t003m5y7ds9b0eta9?_rsc=5CB68i4pnAekjehf net::ERR_ABORTED | /requests?_rsc=tXyZJ52UQVBCVsD3 net::ERR_ABORTED | /?_rsc=tXyZJ52UQVBCVsD3 net::ERR_ABORTED | /proposals?_rsc=tXyZJ52UQVBCVsD3 net::ERR_ABORTED | /accounts?_rsc=tXyZJ52UQVBCVsD3 net::ERR_ABORTED | /contracts?_rsc=tXyZJ52UQVBCVsD3 net::ERR_ABORTED | /intelligence?_rsc=tXyZJ52UQVBCVsD3 net::ERR_ABORTED | /intelligence/bids?_rsc=tXyZJ52UQVBCVsD3 net::ERR_ABORTED | /settings?_rsc=tXyZJ52UQVBCVsD3 net::ERR_ABORTED | /notifications?_rsc=tXyZJ52UQVBCVsD3 net::ERR_ABORTED | /crosses?_rsc=tXyZJ52UQVBCVsD3 net::ERR_ABORTED | /catalog/gudid?_rsc=tXyZJ52UQVBCVsD3 net::ERR_ABORTED | /requests/new?_rsc=tXyZJ52UQVBCVsD3 net::ERR_ABORTED | /requests/cmufcnw1t003m5y7ds9b0eta9?_rsc=tXyZJ52UQVBCVsD3 net::ERR_ABORTED | /requests/cmufeje3o002hk57d491oejr5?_rsc=tXyZJ52UQVBCVsD3 net::ERR_ABORTED | /requests/cmufcynqe0001np7dpzorvaiq?_rsc=tXyZJ52UQVBCVsD3 net::ERR_ABORTED | /requests/cmufdh3bj000c8l7d0xi3zsf0?_rsc=tXyZJ52UQVBCVsD3 net::ERR_ABORTED | /requests/cmufcjbjr000g5y7ddlij2xi0?_rsc=tXyZJ52UQVBCVsD3 net::ERR_ABORTED | /requests/cmufckl2s00205y7dkly63f9m?_rsc=tXyZJ52UQVBCVsD3 net::ERR_ABORTED | /requests/cmufckl0t001u5y7daptu5251?_rsc=tXyZJ52UQVBCVsD3 net::ERR_ABORTED","","0","0","0","New request ; Switch user"
"PRODUCT_MARKETING","/requests","/requests","200","Cross-reference requests","","","0","/?_rsc=p3Q57VochOqcQNsg net::ERR_ABORTED | /proposals?_rsc=p3Q57VochOqcQNsg net::ERR_ABORTED | /accounts?_rsc=p3Q57VochOqcQNsg net::ERR_ABORTED | /contracts?_rsc=p3Q57VochOqcQNsg net::ERR_ABORTED | /intelligence?_rsc=p3Q57VochOqcQNsg net::ERR_ABORTED | /intelligence/bids?_rsc=p3Q57VochOqcQNsg net::ERR_ABORTED | /analytics?_rsc=p3Q57VochOqcQNsg net::ERR_ABORTED | /catalog?_rsc=p3Q57VochOqcQNsg net::ERR_ABORTED | /catalog/gudid?_rsc=p3Q57VochOqcQNsg net::ERR_ABORTED | /crosses?_rsc=p3Q57VochOqcQNsg net::ERR_ABORTED | /settings?_rsc=p3Q57VochOqcQNsg net::ERR_ABORTED | /notifications?_rsc=p3Q57VochOqcQNsg net::ERR_ABORTED | /requests/cmufcynqe0001np7dpzorvaiq?_rsc=p3Q57VochOqcQNsg net::ERR_ABORTED | /requests/new?_rsc=p3Q57VochOqcQNsg net::ERR_ABORTED | /requests/cmufeje3o002hk57d491oejr5?_rsc=p3Q57VochOqcQNsg net::ERR_ABORTED | /requests/cmufdh3bj000c8l7d0xi3zsf0?_rsc=p3Q57VochOqcQNsg net::ERR_ABORTED | /accounts?_rsc=nIzLgF1M7nWxnHlV net::ERR_ABORTED | /requests?_rsc=nIzLgF1M7nWxnHlV net::ERR_ABORTED | /intelligence/bids?_rsc=nIzLgF1M7nWxnHlV net::ERR_ABORTED | /analytics?_rsc=nIzLgF1M7nWxnHlV net::ERR_ABORTED | /intelligence?_rsc=nIzLgF1M7nWxnHlV net::ERR_ABORTED | /catalog/gudid?_rsc=nIzLgF1M7nWxnHlV net::ERR_ABORTED | /crosses?_rsc=nIzLgF1M7nWxnHlV net::ERR_ABORTED | /catalog?_rsc=nIzLgF1M7nWxnHlV net::ERR_ABORTED | /settings?_rsc=nIzLgF1M7nWxnHlV net::ERR_ABORTED | /requests/cmufeje3o002hk57d491oejr5?_rsc=nIzLgF1M7nWxnHlV net::ERR_ABORTED | /notifications?_rsc=nIzLgF1M7nWxnHlV net::ERR_ABORTED | /requests/new?_rsc=nIzLgF1M7nWxnHlV net::ERR_ABORTED | /requests/cmufdh3bj000c8l7d0xi3zsf0?_rsc=nIzLgF1M7nWxnHlV net::ERR_ABORTED | /requests/cmufckl0t001u5y7daptu5251?_rsc=nIzLgF1M7nWxnHlV net::ERR_ABORTED | /requests/cmufcynqe0001np7dpzorvaiq?_rsc=nIzLgF1M7nWxnHlV net::ERR_ABORTED | /requests/cmufcnw1t003m5y7ds9b0eta9?_rsc=nIzLgF1M7nWxnHlV net::ERR_ABORTED | /requests/cmufckl2s00205y7dkly63f9m?_rsc=nIzLgF1M7nWxnHlV net::ERR_ABORTED | /requests/cmufcjbjr000g5y7ddlij2xi0?_rsc=nIzLgF1M7nWxnHlV net::ERR_ABORTED","","0","1","0","New request ; Switch user"
"PRODUCT_MARKETING","/requests/new","/requests/new","200","Competitive cross reference","","","0","/accounts?_rsc=4belA-F-xg-XtLdx net::ERR_ABORTED | /?_rsc=4belA-F-xg-XtLdx net::ERR_ABORTED | /requests?_rsc=4belA-F-xg-XtLdx net::ERR_ABORTED | /proposals?_rsc=4belA-F-xg-XtLdx net::ERR_ABORTED | /intelligence/bids?_rsc=4belA-F-xg-XtLdx net::ERR_ABORTED | /catalog?_rsc=4belA-F-xg-XtLdx net::ERR_ABORTED | /catalog/gudid?_rsc=4belA-F-xg-XtLdx net::ERR_ABORTED | /settings?_rsc=4belA-F-xg-XtLdx net::ERR_ABORTED | /notifications?_rsc=4belA-F-xg-XtLdx net::ERR_ABORTED | /requests?_rsc=O1p93FFpSnNce0k4 net::ERR_ABORTED | /proposals?_rsc=O1p93FFpSnNce0k4 net::ERR_ABORTED | /accounts?_rsc=O1p93FFpSnNce0k4 net::ERR_ABORTED | /?_rsc=O1p93FFpSnNce0k4 net::ERR_ABORTED | /intelligence?_rsc=O1p93FFpSnNce0k4 net::ERR_ABORTED | /analytics?_rsc=O1p93FFpSnNce0k4 net::ERR_ABORTED | /catalog/gudid?_rsc=O1p93FFpSnNce0k4 net::ERR_ABORTED | /intelligence/bids?_rsc=O1p93FFpSnNce0k4 net::ERR_ABORTED | /catalog?_rsc=O1p93FFpSnNce0k4 net::ERR_ABORTED | /crosses?_rsc=O1p93FFpSnNce0k4 net::ERR_ABORTED | /settings?_rsc=O1p93FFpSnNce0k4 net::ERR_ABORTED | /notifications?_rsc=O1p93FFpSnNce0k4 net::ERR_ABORTED | /requests/new?_rsc=O1p93FFpSnNce0k4 net::ERR_ABORTED","","0","0","0","New request ; Switch user ; Google Sheets link ; Upload .xlsx / .csv ; Paste from a sheet ; Read sheet (disabled) ; Continue request (disabled)"
"PRODUCT_MARKETING","/requests/[id]","/requests/cmufeje3o002hk57d491oejr5","200","WS3 Journey Hospital Complete","","","0","/?_rsc=L4ND5fhfYnvUqaPw net::ERR_ABORTED | /requests?_rsc=L4ND5fhfYnvUqaPw net::ERR_ABORTED | /proposals?_rsc=L4ND5fhfYnvUqaPw net::ERR_ABORTED | /intelligence?_rsc=L4ND5fhfYnvUqaPw net::ERR_ABORTED | /crosses?_rsc=L4ND5fhfYnvUqaPw net::ERR_ABORTED | /requests/new?_rsc=L4ND5fhfYnvUqaPw net::ERR_ABORTED | /settings?_rsc=L4ND5fhfYnvUqaPw net::ERR_ABORTED | /notifications?_rsc=L4ND5fhfYnvUqaPw net::ERR_ABORTED | /accounts?_rsc=grHQqzBoP485Pe5C net::ERR_ABORTED | /requests?_rsc=grHQqzBoP485Pe5C net::ERR_ABORTED | /?_rsc=grHQqzBoP485Pe5C net::ERR_ABORTED | /proposals?_rsc=grHQqzBoP485Pe5C net::ERR_ABORTED | /contracts?_rsc=grHQqzBoP485Pe5C net::ERR_ABORTED | /intelligence/bids?_rsc=grHQqzBoP485Pe5C net::ERR_ABORTED | /intelligence?_rsc=grHQqzBoP485Pe5C net::ERR_ABORTED | /analytics?_rsc=grHQqzBoP485Pe5C net::ERR_ABORTED | /notifications?_rsc=grHQqzBoP485Pe5C net::ERR_ABORTED | /crosses?_rsc=grHQqzBoP485Pe5C net::ERR_ABORTED | /settings?_rsc=grHQqzBoP485Pe5C net::ERR_ABORTED | /requests/new?_rsc=grHQqzBoP485Pe5C net::ERR_ABORTED","","0","1","0","New request ; Switch user ; Re-run ; Download ▾ ; Google Sheets ; Create proposal (disabled) ; All 5 ; Needs attention 3 ; Flagged 0 ; Exact 2 ; Close 2 ; Alternative 1 ; Already ours 0 ; Bulk actions ▾ ; Expand all ; Expand line 1 1190500 ; Expand line 2 B12LTH ; Expand line 3 TLC75 ; Expand line 4 C0121 ; Expand line 5 IN-12-4 ; Show run log (6)"
"PRODUCT_MARKETING","/proposals","/proposals","200","Commercial proposals","","","0","/requests?_rsc=8qZH60WsiyOTuseO net::ERR_ABORTED | /?_rsc=8qZH60WsiyOTuseO net::ERR_ABORTED | /intelligence/bids?_rsc=8qZH60WsiyOTuseO net::ERR_ABORTED | /analytics?_rsc=8qZH60WsiyOTuseO net::ERR_ABORTED | /catalog?_rsc=8qZH60WsiyOTuseO net::ERR_ABORTED | /catalog/gudid?_rsc=8qZH60WsiyOTuseO net::ERR_ABORTED | /crosses?_rsc=8qZH60WsiyOTuseO net::ERR_ABORTED | /proposals/cmufdkkln003q8l7d1m4dm88l?_rsc=8qZH60WsiyOTuseO net::ERR_ABORTED | /accounts?_rsc=yDw8cg_cK2Tq2IDS net::ERR_ABORTED | /?_rsc=yDw8cg_cK2Tq2IDS net::ERR_ABORTED | /requests?_rsc=yDw8cg_cK2Tq2IDS net::ERR_ABORTED | /proposals?_rsc=yDw8cg_cK2Tq2IDS net::ERR_ABORTED | /contracts?_rsc=yDw8cg_cK2Tq2IDS net::ERR_ABORTED | /analytics?_rsc=yDw8cg_cK2Tq2IDS net::ERR_ABORTED | /catalog?_rsc=yDw8cg_cK2Tq2IDS net::ERR_ABORTED | /intelligence/bids?_rsc=yDw8cg_cK2Tq2IDS net::ERR_ABORTED | /intelligence?_rsc=yDw8cg_cK2Tq2IDS net::ERR_ABORTED | /catalog/gudid?_rsc=yDw8cg_cK2Tq2IDS net::ERR_ABORTED | /crosses?_rsc=yDw8cg_cK2Tq2IDS net::ERR_ABORTED | /proposals/cmufe2r28001ai27dm62d5upt?_rsc=yDw8cg_cK2Tq2IDS net::ERR_ABORTED | /proposals/cmufdkkln003q8l7d1m4dm88l?_rsc=yDw8cg_cK2Tq2IDS net::ERR_ABORTED | /proposals/cmufem5ld0056k57d2utmar8g?_rsc=yDw8cg_cK2Tq2IDS net::ERR_ABORTED | /proposals/cmufejry60041k57dwr6rvl6x?_rsc=yDw8cg_cK2Tq2IDS net::ERR_ABORTED | /proposals/cmufdjtgl002w8l7dk6h2dqfi?_rsc=yDw8cg_cK2Tq2IDS net::ERR_ABORTED | /proposals/cmufdhh6r001w8l7d9fuqubfe?_rsc=yDw8cg_cK2Tq2IDS net::ERR_ABORTED | /proposals/cmufcz0vr001hnp7dqk2z8vcf?_rsc=yDw8cg_cK2Tq2IDS net::ERR_ABORTED | /proposals/cmufcovyo004l5y7dyhkzdcxj?_rsc=yDw8cg_cK2Tq2IDS net::ERR_ABORTED","","0","1","0","New request ; Switch user"
"PRODUCT_MARKETING","/proposals/[id]","/proposals/cmufem5ld0056k57d2utmar8g","200","PRP-0035-v2 · WS3 Journey Hospital","","","0","/accounts?_rsc=IZ6zrI2LDRRC1-Wd net::ERR_ABORTED | /requests?_rsc=IZ6zrI2LDRRC1-Wd net::ERR_ABORTED | /?_rsc=IZ6zrI2LDRRC1-Wd net::ERR_ABORTED | /proposals?_rsc=IZ6zrI2LDRRC1-Wd net::ERR_ABORTED | /intelligence?_rsc=IZ6zrI2LDRRC1-Wd net::ERR_ABORTED | /intelligence/bids?_rsc=IZ6zrI2LDRRC1-Wd net::ERR_ABORTED | /analytics?_rsc=IZ6zrI2LDRRC1-Wd net::ERR_ABORTED | /catalog?_rsc=IZ6zrI2LDRRC1-Wd net::ERR_ABORTED | /catalog/gudid?_rsc=IZ6zrI2LDRRC1-Wd net::ERR_ABORTED | /crosses?_rsc=IZ6zrI2LDRRC1-Wd net::ERR_ABORTED | /settings?_rsc=IZ6zrI2LDRRC1-Wd net::ERR_ABORTED | /requests/cmufeje3o002hk57d491oejr5?_rsc=IZ6zrI2LDRRC1-Wd net::ERR_ABORTED | /requests/new?_rsc=IZ6zrI2LDRRC1-Wd net::ERR_ABORTED | /requests?_rsc=fAAmY66VdqvUMp3_ net::ERR_ABORTED | /proposals?_rsc=fAAmY66VdqvUMp3_ net::ERR_ABORTED | /requests/cmufeje3o002hk57d491oejr5?_rsc=fAAmY66VdqvUMp3_ net::ERR_ABORTED | /accounts?_rsc=fAAmY66VdqvUMp3_ net::ERR_ABORTED | /contracts?_rsc=fAAmY66VdqvUMp3_ net::ERR_ABORTED | /intelligence?_rsc=fAAmY66VdqvUMp3_ net::ERR_ABORTED | /intelligence/bids?_rsc=fAAmY66VdqvUMp3_ net::ERR_ABORTED | /analytics?_rsc=fAAmY66VdqvUMp3_ net::ERR_ABORTED | /catalog/gudid?_rsc=fAAmY66VdqvUMp3_ net::ERR_ABORTED | /catalog?_rsc=fAAmY66VdqvUMp3_ net::ERR_ABORTED | /crosses?_rsc=fAAmY66VdqvUMp3_ net::ERR_ABORTED | /settings?_rsc=fAAmY66VdqvUMp3_ net::ERR_ABORTED | /notifications?_rsc=fAAmY66VdqvUMp3_ net::ERR_ABORTED | /requests/new?_rsc=fAAmY66VdqvUMp3_ net::ERR_ABORTED","","0","1","0","New request ; Switch user ; Details ; Proposal ; Show audit trail ; 1190500 ; B12LTH"
"PRODUCT_MARKETING","/approvals","/approvals","200","Pricing approvals","","","0","/?_rsc=Ut9iRRX_9PZKRdF- net::ERR_ABORTED | /requests?_rsc=Ut9iRRX_9PZKRdF- net::ERR_ABORTED | /proposals?_rsc=Ut9iRRX_9PZKRdF- net::ERR_ABORTED | /accounts?_rsc=Ut9iRRX_9PZKRdF- net::ERR_ABORTED | /intelligence/bids?_rsc=Ut9iRRX_9PZKRdF- net::ERR_ABORTED | /contracts?_rsc=Ut9iRRX_9PZKRdF- net::ERR_ABORTED | /catalog?_rsc=Ut9iRRX_9PZKRdF- net::ERR_ABORTED | /catalog/gudid?_rsc=Ut9iRRX_9PZKRdF- net::ERR_ABORTED | /crosses?_rsc=Ut9iRRX_9PZKRdF- net::ERR_ABORTED | /settings?_rsc=Ut9iRRX_9PZKRdF- net::ERR_ABORTED | /?_rsc=AU6DTT46DVXZ7jWj net::ERR_ABORTED | /notifications?_rsc=Ut9iRRX_9PZKRdF- net::ERR_ABORTED | /requests/new?_rsc=Ut9iRRX_9PZKRdF- net::ERR_ABORTED | /proposals?_rsc=AU6DTT46DVXZ7jWj net::ERR_ABORTED | /accounts?_rsc=AU6DTT46DVXZ7jWj net::ERR_ABORTED | /intelligence/bids?_rsc=AU6DTT46DVXZ7jWj net::ERR_ABORTED | /contracts?_rsc=AU6DTT46DVXZ7jWj net::ERR_ABORTED | /intelligence?_rsc=AU6DTT46DVXZ7jWj net::ERR_ABORTED | /catalog?_rsc=AU6DTT46DVXZ7jWj net::ERR_ABORTED | /catalog/gudid?_rsc=AU6DTT46DVXZ7jWj net::ERR_ABORTED | /crosses?_rsc=AU6DTT46DVXZ7jWj net::ERR_ABORTED | /analytics?_rsc=AU6DTT46DVXZ7jWj net::ERR_ABORTED | /requests/new?_rsc=AU6DTT46DVXZ7jWj net::ERR_ABORTED | /settings?_rsc=AU6DTT46DVXZ7jWj net::ERR_ABORTED | /notifications?_rsc=AU6DTT46DVXZ7jWj net::ERR_ABORTED","","0","0","0","New request ; Switch user ; Delegate my approvals (disabled)"
"PRODUCT_MARKETING","/accounts","/accounts","200","Accounts & GPO membership","","","0","/?_rsc=iZGmHDWBA-6V7KTQ net::ERR_ABORTED | /requests?_rsc=iZGmHDWBA-6V7KTQ net::ERR_ABORTED | /proposals?_rsc=iZGmHDWBA-6V7KTQ net::ERR_ABORTED | /contracts?_rsc=iZGmHDWBA-6V7KTQ net::ERR_ABORTED | /intelligence?_rsc=iZGmHDWBA-6V7KTQ net::ERR_ABORTED | /intelligence/bids?_rsc=iZGmHDWBA-6V7KTQ net::ERR_ABORTED | /analytics?_rsc=iZGmHDWBA-6V7KTQ net::ERR_ABORTED | /catalog?_rsc=iZGmHDWBA-6V7KTQ net::ERR_ABORTED | /catalog/gudid?_rsc=iZGmHDWBA-6V7KTQ net::ERR_ABORTED | /crosses?_rsc=iZGmHDWBA-6V7KTQ net::ERR_ABORTED | /notifications?_rsc=iZGmHDWBA-6V7KTQ net::ERR_ABORTED | /settings?_rsc=iZGmHDWBA-6V7KTQ net::ERR_ABORTED | /requests/new?_rsc=iZGmHDWBA-6V7KTQ net::ERR_ABORTED | /accounts/cmuf6hiho02rlks7d2xz6w5ev?_rsc=iZGmHDWBA-6V7KTQ net::ERR_ABORTED | /accounts/cmuf6hihq02rmks7did2qxong?_rsc=iZGmHDWBA-6V7KTQ net::ERR_ABORTED | /accounts/cmufdfwvc009mnp7dh1j0oelm?_rsc=iZGmHDWBA-6V7KTQ net::ERR_ABORTED | /accounts/cmuf6hihm02rkks7drm31yuur?_rsc=iZGmHDWBA-6V7KTQ net::ERR_ABORTED | /proposals?_rsc=oRxEn_R9e10JER3Z net::ERR_ABORTED | /?_rsc=oRxEn_R9e10JER3Z net::ERR_ABORTED | /requests?_rsc=oRxEn_R9e10JER3Z net::ERR_ABORTED | /accounts?_rsc=oRxEn_R9e10JER3Z net::ERR_ABORTED | /contracts?_rsc=oRxEn_R9e10JER3Z net::ERR_ABORTED | /intelligence/bids?_rsc=oRxEn_R9e10JER3Z net::ERR_ABORTED | /analytics?_rsc=oRxEn_R9e10JER3Z net::ERR_ABORTED | /catalog?_rsc=oRxEn_R9e10JER3Z net::ERR_ABORTED | /catalog/gudid?_rsc=oRxEn_R9e10JER3Z net::ERR_ABORTED | /crosses?_rsc=oRxEn_R9e10JER3Z net::ERR_ABORTED | /settings?_rsc=oRxEn_R9e10JER3Z net::ERR_ABORTED | /accounts/cmuf6hihq02rmks7did2qxong?_rsc=oRxEn_R9e10JER3Z net::ERR_ABORTED | /requests/new?_rsc=oRxEn_R9e10JER3Z net::ERR_ABORTED | /accounts/cmuf6hihm02rkks7drm31yuur?_rsc=oRxEn_R9e10JER3Z net::ERR_ABORTED | /accounts/cmuf6hiho02rlks7d2xz6w5ev?_rsc=oRxEn_R9e10JER3Z net::ERR_ABORTED | /accounts/cmufdfwvr009pnp7dx6f1v0bl?_rsc=oRxEn_R9e10JER3Z net::ERR_ABORTED | /accounts/cmuf6hihk02rjks7dyamo9w2u?_rsc=oRxEn_R9e10JER3Z net::ERR_ABORTED | /accounts/cmufdfwvc009mnp7dh1j0oelm?_rsc=oRxEn_R9e10JER3Z net::ERR_ABORTED | /accounts/cmuf6hihh02riks7dkuig0cbl?_rsc=oRxEn_R9e10JER3Z net::ERR_ABORTED | /accounts/cmufcovwl004k5y7d1mnqn7fa?_rsc=oRxEn_R9e10JER3Z net::ERR_ABORTED","","0","0","0","New request ; Switch user"
"PRODUCT_MARKETING","/accounts/[id]","/accounts/cmuf6hihm02rkks7drm31yuur","200","Hospital A — Mount Vernon General","","","0","/?_rsc=pYoAThzR_ryjq0MS net::ERR_ABORTED | /proposals?_rsc=pYoAThzR_ryjq0MS net::ERR_ABORTED | /accounts?_rsc=pYoAThzR_ryjq0MS net::ERR_ABORTED | /contracts?_rsc=pYoAThzR_ryjq0MS net::ERR_ABORTED | /intelligence?_rsc=pYoAThzR_ryjq0MS net::ERR_ABORTED | /intelligence/bids?_rsc=pYoAThzR_ryjq0MS net::ERR_ABORTED | /catalog?_rsc=pYoAThzR_ryjq0MS net::ERR_ABORTED | /catalog/gudid?_rsc=pYoAThzR_ryjq0MS net::ERR_ABORTED | /analytics?_rsc=pYoAThzR_ryjq0MS net::ERR_ABORTED | /crosses?_rsc=pYoAThzR_ryjq0MS net::ERR_ABORTED | /settings?_rsc=pYoAThzR_ryjq0MS net::ERR_ABORTED | /notifications?_rsc=pYoAThzR_ryjq0MS net::ERR_ABORTED | /requests/new?_rsc=pYoAThzR_ryjq0MS net::ERR_ABORTED | /contracts/cmufdgwn600018l7dib8n6qm4?_rsc=pYoAThzR_ryjq0MS net::ERR_ABORTED | /contracts/cmufehj7i0011k57dzpf8j0ce?_rsc=pYoAThzR_ryjq0MS net::ERR_ABORTED | /accounts?_rsc=gRQ4rCW2m6dkjkis net::ERR_ABORTED | /?_rsc=gRQ4rCW2m6dkjkis net::ERR_ABORTED | /requests?_rsc=gRQ4rCW2m6dkjkis net::ERR_ABORTED | /proposals?_rsc=gRQ4rCW2m6dkjkis net::ERR_ABORTED | /analytics?_rsc=gRQ4rCW2m6dkjkis net::ERR_ABORTED | /intelligence?_rsc=gRQ4rCW2m6dkjkis net::ERR_ABORTED | /intelligence/bids?_rsc=gRQ4rCW2m6dkjkis net::ERR_ABORTED | /catalog?_rsc=gRQ4rCW2m6dkjkis net::ERR_ABORTED | /catalog/gudid?_rsc=gRQ4rCW2m6dkjkis net::ERR_ABORTED | /crosses?_rsc=gRQ4rCW2m6dkjkis net::ERR_ABORTED | /settings?_rsc=gRQ4rCW2m6dkjkis net::ERR_ABORTED | /notifications?_rsc=gRQ4rCW2m6dkjkis net::ERR_ABORTED | /requests/new?_rsc=gRQ4rCW2m6dkjkis net::ERR_ABORTED | /contracts/cmuf6himl02swks7dif6nb96r?_rsc=gRQ4rCW2m6dkjkis net::ERR_ABORTED | /contracts/cmufehj7i0011k57dzpf8j0ce?_rsc=gRQ4rCW2m6dkjkis net::ERR_ABORTED | /contracts/cmufdgwn600018l7dib8n6qm4?_rsc=gRQ4rCW2m6dkjkis net::ERR_ABORTED","","0","1","0","New request ; Switch user"
"PRODUCT_MARKETING","/contracts","/contracts","200","Contracts & price context","","","0","/?_rsc=DzmfcRRfJeItXkgz net::ERR_ABORTED | /proposals?_rsc=DzmfcRRfJeItXkgz net::ERR_ABORTED | /accounts?_rsc=DzmfcRRfJeItXkgz net::ERR_ABORTED | /requests?_rsc=DzmfcRRfJeItXkgz net::ERR_ABORTED | /intelligence?_rsc=DzmfcRRfJeItXkgz net::ERR_ABORTED | /intelligence/bids?_rsc=DzmfcRRfJeItXkgz net::ERR_ABORTED | /analytics?_rsc=DzmfcRRfJeItXkgz net::ERR_ABORTED | /catalog?_rsc=DzmfcRRfJeItXkgz net::ERR_ABORTED | /catalog/gudid?_rsc=DzmfcRRfJeItXkgz net::ERR_ABORTED | /crosses?_rsc=DzmfcRRfJeItXkgz net::ERR_ABORTED | /notifications?_rsc=DzmfcRRfJeItXkgz net::ERR_ABORTED | /requests/new?_rsc=DzmfcRRfJeItXkgz net::ERR_ABORTED | /contracts/cmuf6himu02sxks7dkgml1rr2?_rsc=DzmfcRRfJeItXkgz net::ERR_ABORTED | /contracts/cmufdjs85002o8l7dlcs3cpjp?_rsc=DzmfcRRfJeItXkgz net::ERR_ABORTED | /contracts/cmufdkjds003i8l7d15s8fm19?_rsc=DzmfcRRfJeItXkgz net::ERR_ABORTED | /contracts/cmufe2ptb0012i27dn2ix59o5?_rsc=DzmfcRRfJeItXkgz net::ERR_ABORTED | /?_rsc=2Ju2sngZl13OvaTN net::ERR_ABORTED | /accounts?_rsc=2Ju2sngZl13OvaTN net::ERR_ABORTED | /requests?_rsc=2Ju2sngZl13OvaTN net::ERR_ABORTED | /proposals?_rsc=2Ju2sngZl13OvaTN net::ERR_ABORTED | /contracts?_rsc=2Ju2sngZl13OvaTN net::ERR_ABORTED | /intelligence?_rsc=2Ju2sngZl13OvaTN net::ERR_ABORTED | /catalog/gudid?_rsc=2Ju2sngZl13OvaTN net::ERR_ABORTED | /intelligence/bids?_rsc=2Ju2sngZl13OvaTN net::ERR_ABORTED | /analytics?_rsc=2Ju2sngZl13OvaTN net::ERR_ABORTED | /crosses?_rsc=2Ju2sngZl13OvaTN net::ERR_ABORTED | /settings?_rsc=2Ju2sngZl13OvaTN net::ERR_ABORTED | /notifications?_rsc=2Ju2sngZl13OvaTN net::ERR_ABORTED | /requests/new?_rsc=2Ju2sngZl13OvaTN net::ERR_ABORTED | /contracts/cmufdjs85002o8l7dlcs3cpjp?_rsc=2Ju2sngZl13OvaTN net::ERR_ABORTED | /contracts/cmufdkjds003i8l7d15s8fm19?_rsc=2Ju2sngZl13OvaTN net::ERR_ABORTED | /contracts/cmuf6himu02sxks7dkgml1rr2?_rsc=2Ju2sngZl13OvaTN net::ERR_ABORTED | /contracts/cmufe2ptb0012i27dn2ix59o5?_rsc=2Ju2sngZl13OvaTN net::ERR_ABORTED | /contracts/cmufem4bg004yk57dg70ct1u2?_rsc=2Ju2sngZl13OvaTN net::ERR_ABORTED | /contracts/cmuf6himl02swks7dif6nb96r?_rsc=2Ju2sngZl13OvaTN net::ERR_ABORTED | /contracts/cmufdgwn600018l7dib8n6qm4?_rsc=2Ju2sngZl13OvaTN net::ERR_ABORTED | /contracts/cmufehj7i0011k57dzpf8j0ce?_rsc=2Ju2sngZl13OvaTN net::ERR_ABORTED","","0","1","0","New request ; Switch user ; New contract (disabled)"
"PRODUCT_MARKETING","/contracts/[id]","/contracts/cmuf6himu02sxks7dkgml1rr2","200","MSK-LOCAL-2026 · MSK local mesh agreement","","","0","/proposals?_rsc=TQOCHQXESAyQ3VEl net::ERR_ABORTED | /accounts?_rsc=TQOCHQXESAyQ3VEl net::ERR_ABORTED | /?_rsc=TQOCHQXESAyQ3VEl net::ERR_ABORTED | /requests?_rsc=TQOCHQXESAyQ3VEl net::ERR_ABORTED | /intelligence/bids?_rsc=TQOCHQXESAyQ3VEl net::ERR_ABORTED | /catalog?_rsc=TQOCHQXESAyQ3VEl net::ERR_ABORTED | /catalog/gudid?_rsc=TQOCHQXESAyQ3VEl net::ERR_ABORTED | /crosses?_rsc=TQOCHQXESAyQ3VEl net::ERR_ABORTED | /notifications?_rsc=TQOCHQXESAyQ3VEl net::ERR_ABORTED | /requests/new?_rsc=TQOCHQXESAyQ3VEl net::ERR_ABORTED | /accounts/cmuf6hihk02rjks7dyamo9w2u?_rsc=12web-rdU3k9vLaG net::ERR_ABORTED | /?_rsc=12web-rdU3k9vLaG net::ERR_ABORTED | /requests?_rsc=12web-rdU3k9vLaG net::ERR_ABORTED | /proposals?_rsc=12web-rdU3k9vLaG net::ERR_ABORTED | /accounts?_rsc=12web-rdU3k9vLaG net::ERR_ABORTED | /contracts?_rsc=12web-rdU3k9vLaG net::ERR_ABORTED | /intelligence?_rsc=12web-rdU3k9vLaG net::ERR_ABORTED | /intelligence/bids?_rsc=12web-rdU3k9vLaG net::ERR_ABORTED | /catalog?_rsc=12web-rdU3k9vLaG net::ERR_ABORTED | /catalog/gudid?_rsc=12web-rdU3k9vLaG net::ERR_ABORTED | /analytics?_rsc=12web-rdU3k9vLaG net::ERR_ABORTED | /crosses?_rsc=12web-rdU3k9vLaG net::ERR_ABORTED | /settings?_rsc=12web-rdU3k9vLaG net::ERR_ABORTED | /notifications?_rsc=12web-rdU3k9vLaG net::ERR_ABORTED | /requests/new?_rsc=12web-rdU3k9vLaG net::ERR_ABORTED","","0","1","0","New request ; Switch user ; Refresh performance ; Save entries (disabled)"
"PRODUCT_MARKETING","/intelligence","/intelligence","200","Competitor pricing","","","0","/?_rsc=3fD0047dUoUPXvG2 net::ERR_ABORTED | /requests?_rsc=3fD0047dUoUPXvG2 net::ERR_ABORTED | /proposals?_rsc=3fD0047dUoUPXvG2 net::ERR_ABORTED | /accounts?_rsc=3fD0047dUoUPXvG2 net::ERR_ABORTED | /contracts?_rsc=3fD0047dUoUPXvG2 net::ERR_ABORTED | /intelligence/bids?_rsc=3fD0047dUoUPXvG2 net::ERR_ABORTED | /notifications?_rsc=3fD0047dUoUPXvG2 net::ERR_ABORTED | /requests/new?_rsc=3fD0047dUoUPXvG2 net::ERR_ABORTED | /?_rsc=gu9LWiAQNzfrKsW2 net::ERR_ABORTED | /settings?_rsc=3fD0047dUoUPXvG2 net::ERR_ABORTED | /requests?_rsc=gu9LWiAQNzfrKsW2 net::ERR_ABORTED | /proposals?_rsc=gu9LWiAQNzfrKsW2 net::ERR_ABORTED | /accounts?_rsc=gu9LWiAQNzfrKsW2 net::ERR_ABORTED | /contracts?_rsc=gu9LWiAQNzfrKsW2 net::ERR_ABORTED | /intelligence/bids?_rsc=gu9LWiAQNzfrKsW2 net::ERR_ABORTED | /notifications?_rsc=gu9LWiAQNzfrKsW2 net::ERR_ABORTED | /requests/new?_rsc=gu9LWiAQNzfrKsW2 net::ERR_ABORTED | /settings?_rsc=gu9LWiAQNzfrKsW2 net::ERR_ABORTED","","0","1","0","New request ; Switch user ; 1190500 ; WS3OBS3 ; WS3OBS2 ; WS3OBS1 ; 112680 ; 1190816 ; SPMII ; 1200710 ; 1201520 ; 113700 ; 112650 ; 112660 ; UPA31015 ; 1190820 ; 1202025 ; 1190300 ; SPMXXL ; 1410015010 ; 1DLMC03 ; 1DLMC05"
"PRODUCT_MARKETING","/intelligence/bids","/intelligence/bids","200","Public bids and awards","","","0","/?_rsc=2gWrMJaxdn-CU2fc net::ERR_ABORTED | /requests?_rsc=2gWrMJaxdn-CU2fc net::ERR_ABORTED | /proposals?_rsc=2gWrMJaxdn-CU2fc net::ERR_ABORTED | /analytics?_rsc=2gWrMJaxdn-CU2fc net::ERR_ABORTED | /catalog?_rsc=2gWrMJaxdn-CU2fc net::ERR_ABORTED | /intelligence?_rsc=2gWrMJaxdn-CU2fc net::ERR_ABORTED | /settings?_rsc=2gWrMJaxdn-CU2fc net::ERR_ABORTED | /notifications?_rsc=2gWrMJaxdn-CU2fc net::ERR_ABORTED | /?_rsc=W5McYxvxTMCZbYJx net::ERR_ABORTED | /requests/new?_rsc=2gWrMJaxdn-CU2fc net::ERR_ABORTED | /requests?_rsc=W5McYxvxTMCZbYJx net::ERR_ABORTED | /proposals?_rsc=W5McYxvxTMCZbYJx net::ERR_ABORTED | /accounts?_rsc=W5McYxvxTMCZbYJx net::ERR_ABORTED | /contracts?_rsc=W5McYxvxTMCZbYJx net::ERR_ABORTED | /catalog?_rsc=W5McYxvxTMCZbYJx net::ERR_ABORTED | /intelligence/bids?_rsc=W5McYxvxTMCZbYJx net::ERR_ABORTED | /analytics?_rsc=W5McYxvxTMCZbYJx net::ERR_ABORTED | /intelligence?_rsc=W5McYxvxTMCZbYJx net::ERR_ABORTED | /crosses?_rsc=W5McYxvxTMCZbYJx net::ERR_ABORTED | /settings?_rsc=W5McYxvxTMCZbYJx net::ERR_ABORTED | /requests/new?_rsc=W5McYxvxTMCZbYJx net::ERR_ABORTED | /notifications?_rsc=W5McYxvxTMCZbYJx net::ERR_ABORTED","","0","0","0","New request ; Switch user ; Pull (disabled) ; Save (disabled) ; Bid file (disabled)"
"PRODUCT_MARKETING","/intelligence/extractions/[id]","/intelligence/extractions/missing0000000000000000","200","Extraction","Failed to load resource: the server responded with a status of 404 (Not Found)","","0","/accounts?_rsc=VJB2dfGule5Oh2L3 net::ERR_ABORTED | /?_rsc=VJB2dfGule5Oh2L3 net::ERR_ABORTED | /requests?_rsc=VJB2dfGule5Oh2L3 net::ERR_ABORTED | /intelligence?_rsc=VJB2dfGule5Oh2L3 net::ERR_ABORTED | /intelligence/bids?_rsc=VJB2dfGule5Oh2L3 net::ERR_ABORTED | /contracts?_rsc=VJB2dfGule5Oh2L3 net::ERR_ABORTED | /analytics?_rsc=VJB2dfGule5Oh2L3 net::ERR_ABORTED | /catalog/gudid?_rsc=VJB2dfGule5Oh2L3 net::ERR_ABORTED | /crosses?_rsc=VJB2dfGule5Oh2L3 net::ERR_ABORTED | /notifications?_rsc=VJB2dfGule5Oh2L3 net::ERR_ABORTED | /settings?_rsc=VJB2dfGule5Oh2L3 net::ERR_ABORTED | /requests/new?_rsc=VJB2dfGule5Oh2L3 net::ERR_ABORTED | /requests?_rsc=wBL8jh-0AxNJNXN_ net::ERR_ABORTED | /?_rsc=wBL8jh-0AxNJNXN_ net::ERR_ABORTED | /accounts?_rsc=wBL8jh-0AxNJNXN_ net::ERR_ABORTED | /proposals?_rsc=wBL8jh-0AxNJNXN_ net::ERR_ABORTED | /intelligence?_rsc=wBL8jh-0AxNJNXN_ net::ERR_ABORTED | /intelligence/bids?_rsc=wBL8jh-0AxNJNXN_ net::ERR_ABORTED | /contracts?_rsc=wBL8jh-0AxNJNXN_ net::ERR_ABORTED | /analytics?_rsc=wBL8jh-0AxNJNXN_ net::ERR_ABORTED | /catalog/gudid?_rsc=wBL8jh-0AxNJNXN_ net::ERR_ABORTED | /crosses?_rsc=wBL8jh-0AxNJNXN_ net::ERR_ABORTED | /catalog?_rsc=wBL8jh-0AxNJNXN_ net::ERR_ABORTED | /requests/new?_rsc=wBL8jh-0AxNJNXN_ net::ERR_ABORTED | /notifications?_rsc=wBL8jh-0AxNJNXN_ net::ERR_ABORTED","404 /api/documents/extractions/missing0000000000000000","0","0","0","New request ; Switch user"
"PRODUCT_MARKETING","/analytics","/analytics","200","Commercial feedback loop","","","0","/?_rsc=ix5_aAief6TvBg04 net::ERR_ABORTED | /proposals?_rsc=ix5_aAief6TvBg04 net::ERR_ABORTED | /accounts?_rsc=ix5_aAief6TvBg04 net::ERR_ABORTED | /contracts?_rsc=ix5_aAief6TvBg04 net::ERR_ABORTED | /intelligence?_rsc=ix5_aAief6TvBg04 net::ERR_ABORTED | /catalog/gudid?_rsc=ix5_aAief6TvBg04 net::ERR_ABORTED | /crosses?_rsc=ix5_aAief6TvBg04 net::ERR_ABORTED | /settings?_rsc=ix5_aAief6TvBg04 net::ERR_ABORTED | /requests/new?_rsc=ix5_aAief6TvBg04 net::ERR_ABORTED | /?_rsc=Dt318okBLJyNDlfE net::ERR_ABORTED | /requests?_rsc=Dt318okBLJyNDlfE net::ERR_ABORTED | /accounts?_rsc=Dt318okBLJyNDlfE net::ERR_ABORTED | /contracts?_rsc=Dt318okBLJyNDlfE net::ERR_ABORTED | /intelligence?_rsc=Dt318okBLJyNDlfE net::ERR_ABORTED | /analytics?_rsc=Dt318okBLJyNDlfE net::ERR_ABORTED | /catalog?_rsc=Dt318okBLJyNDlfE net::ERR_ABORTED | /catalog/gudid?_rsc=Dt318okBLJyNDlfE net::ERR_ABORTED | /intelligence/bids?_rsc=Dt318okBLJyNDlfE net::ERR_ABORTED | /requests/new?_rsc=Dt318okBLJyNDlfE net::ERR_ABORTED | /notifications?_rsc=Dt318okBLJyNDlfE net::ERR_ABORTED | /settings?_rsc=Dt318okBLJyNDlfE net::ERR_ABORTED","","0","1","0","New request ; Switch user ; Refresh"
"PRODUCT_MARKETING","/catalog","/catalog","200","Our catalog","","","0","/?_rsc=OYzo7EH3MGwwxBfF net::ERR_ABORTED | /requests?_rsc=OYzo7EH3MGwwxBfF net::ERR_ABORTED | /accounts?_rsc=OYzo7EH3MGwwxBfF net::ERR_ABORTED | /intelligence/bids?_rsc=OYzo7EH3MGwwxBfF net::ERR_ABORTED | /analytics?_rsc=OYzo7EH3MGwwxBfF net::ERR_ABORTED | /contracts?_rsc=OYzo7EH3MGwwxBfF net::ERR_ABORTED | /intelligence?_rsc=OYzo7EH3MGwwxBfF net::ERR_ABORTED | /catalog/gudid?_rsc=OYzo7EH3MGwwxBfF net::ERR_ABORTED | /crosses?_rsc=OYzo7EH3MGwwxBfF net::ERR_ABORTED | /settings?_rsc=OYzo7EH3MGwwxBfF net::ERR_ABORTED | /requests/new?_rsc=OYzo7EH3MGwwxBfF net::ERR_ABORTED | /?_rsc=O6cAbYUSgs3KBG-F net::ERR_ABORTED | /requests?_rsc=O6cAbYUSgs3KBG-F net::ERR_ABORTED | /accounts?_rsc=O6cAbYUSgs3KBG-F net::ERR_ABORTED | /proposals?_rsc=O6cAbYUSgs3KBG-F net::ERR_ABORTED | /contracts?_rsc=O6cAbYUSgs3KBG-F net::ERR_ABORTED | /intelligence?_rsc=O6cAbYUSgs3KBG-F net::ERR_ABORTED | /intelligence/bids?_rsc=O6cAbYUSgs3KBG-F net::ERR_ABORTED | /analytics?_rsc=O6cAbYUSgs3KBG-F net::ERR_ABORTED | /catalog?_rsc=O6cAbYUSgs3KBG-F net::ERR_ABORTED | /catalog/gudid?_rsc=O6cAbYUSgs3KBG-F net::ERR_ABORTED | /crosses?_rsc=O6cAbYUSgs3KBG-F net::ERR_ABORTED | /notifications?_rsc=O6cAbYUSgs3KBG-F net::ERR_ABORTED | /requests/new?_rsc=O6cAbYUSgs3KBG-F net::ERR_ABORTED","","0","1","0","New request ; Switch user ; GUDID library ; Enrich from GUDID ; Competitor sizes ; Add SKUs ; 174006 ; ABSTACK30 ; ABSTACK30X ; PCO2015X ; PCO2520X ; PCO9X ; 11-1276 ; 11-1278 ; 171305 ; 173019 ; 173030 ; 173046 ; 173049 ; 173050G ; 174001 ; 174209 ; 174213 ; 174233 ; 174301 ; 174309 ; 174317 ; 174601 ; 176605 ; 176613 ; 176643 ; 176645 ; 176647 ; 178081 ; 178083 ; 178091 ; 178093 ; 178099 ; 25030 ; CATCH10 ; E3781-28 ; E3781R-28ASP ; E3783-28 ; E3783R-28ASP ; E3783R-36ASP ; LF1837 ; LF5637 ; SILSCLINCH46 ; SILSDISSECT46 ; SILSHOOK36 ; SILSHOOK46 ; SILSSHEAR46 ; WPLGR914 ; WPXLGR1117 ; 010316L ; 010460 ; 010470 ; 015427L ; 015433L ; 015441L ; 015451L ; 015458L ; 015477L ; 015485L ; 015888L ; 017614 ; 020242 ; 030330L ; 030412 ; 030424L ; 030425 ; 030426 ; 030454 ; 030470 ; 030735L ; 059037 ; 111981 ; 111983 ; 111985 ; 111987 ; 111989 ; 3948L ; 3971 ; 3973 ; 4901T ; 8886803712 ; EEA21 ; EEA2135 ; EEA25 ; EEA2535 ; EEA28 ; EEA2835 ; EEA31 ; EEA33 ; EEAXL21 ; EEAXL2135 ; EEAXL25 ; EEAXL2535 ; EEAXL28 ; EEAXL2835 ; EEAXL31 ; EEAXL33 ; EGIA45AMT ; EGIA45AV ; EGIA45AVM ; EGIA45CTAVM ; EGIA60AMT ; EGIA60AVM ; EGIA60AXT ; EGIARADMT ; EGIARADVM ; EGIARADXT ; EGIAUSHORT ; EGIAUSTND ; EGIAUXL ; GIA10038L ; GIA10038S ; GIA10048L ; GIA10048S ; GIA6025L ; GIA6025S ; GIA6038L ; GIA6038S ; GIA6048L ; GIA6048S ; GIA60MTC ; GIA60MTS ; GIA60XTC ; GIA60XTS ; GIA8038L ; GIA8038S ; GIA8048L ; GIA8048S ; GIA80MTC ; GIA80MTS ; GIA80XTC ; GIA80XTS ; HEM3335 ; HEM3348 ; IDRVULTRA1 ; SGIA6038S ; SIG30AMT ; SIG30AV ; SIG30AVM ; SIG30CTAV ; SIG30CTAVM ; SIG45AMT ; SIG45AXT ; SIG45CTAMT ; SIG45CTAV ; SIG45CTAVM ; SIG60AMT ; SIG60AXT ; SIG60CTAMT ; SIG60CTAVM ; SIGADAPTSHORT ; SIGADAPTSTND ; SIGADAPTXL ; SIGC45MT ; SIGC45V ; SIGC45VM ; SIGC45VT ; SIGC60MT ; SIGC60V ; SIGC60VM ; SIGC60VT ; SIGLU45A ; SIGLU60A ; SIGPSHELL ; SIGRADMT ; SIGRADVM ; SIGRADXT ; SIGSDL45CTVT ; SIGSDS30CTV ; SIGSDS30CTVT ; SIGTRSB45AMT ; SIGTRSB45AXT ; SIGTRSB60AMT ; SIGTRSB60AXT ; TA3035L ; TA3035S ; TA3048L ; TA3048S ; TA30V3L ; TA30V3S ; TA4535L ; TA4535S ; TA4548L ; TA4548S ; TA6035L ; TA6035S ; TA6048L ; TA6048S ; TA9035L ; TA9035S ; TA9048L ; TA9048S ; TRIEEA28MT ; TRIEEA28XT ; TRIEEA31MT ; TRIEEA31XT ; TRIEEAXL28MT ; TRIEEAXL28XT ; TRIEEAXL31MT ; TRIEEAXL31XT ; TRIEEAXL33MT ; PPDS12 ; PPDS15 ; PPDS1510 ; PPDS2015 ; PPM1106X3 ; PPM1510X3 ; PPM4530 ; 171313 ; 171315 ; 172015 ; 172016 ; 176626P ; 176673P ; 176674P ; 176674PF ; 177090P ; 177090PF ; 177091P ; 177091PF ; 177092 ; 177092F ; 177992P ; 177995P ; 179076P ; 179077P ; 179078PF ; 179093 ; 179093F ; 179094 ; 179094F ; 179095P ; 179096P ; 179096PF ; 179097P ; 179097PF ; 179100 ; 179101 ; 179102P ; 179301 ; 179303 ; 179305 ; 179307 ; 179308 ; 179309 ; 179310 ; 21-345 ; 220-50 ; 24055- ; 4216 ; B11STF ; B11STS ; B12LGF ; B12LGS ; B12STF ; B12STFCS ; B12STS ; B5SHF ; B5SHS ; B5STF ; B5STS ; BPT12STS ; MS100703 ; MS100705 ; MS100708 ; MS101003 ; MS101005 ; MS101008 ; NB11STF ; NB12LGF ; NB12SHF ; NB12STF ; NB12STS ; NB15LGF ; NB15STF ; NB3SHFLP ; NB5LGF ; NB5SHF ; NB5SHFLP ; NB5STF ; NB5STFLP ; NBFCA11ST ; NBFCA12ST ; NONB11STF ; NONB12LGF ; NONB12SHF ; NONB12STF ; NONB12STS ; NONB15LGF ; NONB15STF ; NONB5LGF ; NONB5SHF ; NONB5STF ; NONB8STF ; OMS-T10BT ; OMS-T10BTNL ; OMS-T10BTS ; OMS-T10BTSNL ; OMS-T12BT ; OMS-T12BTNL ; ONB11LGF ; ONB11STF ; ONB12LGF ; ONB12SHF ; ONB12STF ; ONB12STF-NSB ; ONB12STFCS ; ONB12STS ; ONB15STF ; ONB5LGF ; ONB5SHF ; ONB5STF ; ONB5STF-NSB ; ONB5STF2C ; ONBFCA11ST ; S100000 ; S100700 ; S100705 ; S100710 ; S100712 ; S101000 ; S101005 ; S101010 ; S101012 ; S110000 ; SILSPT12TA ; SILSPT5TA ; UNVCA11STF ; UNVCA12LGF ; UNVCA12STF ; UNVCA12STF-NSB ; UNVCA12STS ; UNVCA5LGF ; UNVCA5SHF ; UNVCA5STF ; VS070000 ; VS100700 ; VS100705 ; VS100711P ; VS100712P ; VS101000 ; VS101005 ; VS101011P ; VS101012P ; VS101015P ; VS101500 ; VS101505 ; VS101512P ; VS150000 ; VSR100005 ; VSR100812P ; WPMD509 ; WPSM256 ; WPXSM24"
"PRODUCT_MARKETING","/catalog/gudid","/catalog/gudid","200","GUDID library","","","0","/requests?_rsc=DGmoGnAw5OqJpMhM net::ERR_ABORTED | /?_rsc=DGmoGnAw5OqJpMhM net::ERR_ABORTED | /proposals?_rsc=DGmoGnAw5OqJpMhM net::ERR_ABORTED | /accounts?_rsc=DGmoGnAw5OqJpMhM net::ERR_ABORTED | /contracts?_rsc=DGmoGnAw5OqJpMhM net::ERR_ABORTED | /intelligence?_rsc=DGmoGnAw5OqJpMhM net::ERR_ABORTED | /intelligence/bids?_rsc=DGmoGnAw5OqJpMhM net::ERR_ABORTED | /analytics?_rsc=DGmoGnAw5OqJpMhM net::ERR_ABORTED | /catalog?_rsc=DGmoGnAw5OqJpMhM net::ERR_ABORTED | /crosses?_rsc=DGmoGnAw5OqJpMhM net::ERR_ABORTED | /settings?_rsc=DGmoGnAw5OqJpMhM net::ERR_ABORTED | /notifications?_rsc=DGmoGnAw5OqJpMhM net::ERR_ABORTED | /requests/new?_rsc=DGmoGnAw5OqJpMhM net::ERR_ABORTED | /?_rsc=Z9EVd8HHdUwJDdIQ net::ERR_ABORTED | /requests?_rsc=Z9EVd8HHdUwJDdIQ net::ERR_ABORTED | /proposals?_rsc=Z9EVd8HHdUwJDdIQ net::ERR_ABORTED | /accounts?_rsc=Z9EVd8HHdUwJDdIQ net::ERR_ABORTED | /intelligence?_rsc=Z9EVd8HHdUwJDdIQ net::ERR_ABORTED | /intelligence/bids?_rsc=Z9EVd8HHdUwJDdIQ net::ERR_ABORTED | /contracts?_rsc=Z9EVd8HHdUwJDdIQ net::ERR_ABORTED | /crosses?_rsc=Z9EVd8HHdUwJDdIQ net::ERR_ABORTED | /catalog?_rsc=Z9EVd8HHdUwJDdIQ net::ERR_ABORTED | /analytics?_rsc=Z9EVd8HHdUwJDdIQ net::ERR_ABORTED | /catalog/gudid?_rsc=Z9EVd8HHdUwJDdIQ net::ERR_ABORTED | /settings?_rsc=Z9EVd8HHdUwJDdIQ net::ERR_ABORTED | /notifications?_rsc=Z9EVd8HHdUwJDdIQ net::ERR_ABORTED | /requests/new?_rsc=Z9EVd8HHdUwJDdIQ net::ERR_ABORTED","","0","0","0","New request ; Switch user ; Import from GUDID ; DXT1309AL ; Add to our catalog ; DXT1309AR ; DXT1510AL ; DXT1510AR ; DXT1612AL ; DXT1612AR ; DTN07R ; DTN07RX3 ; DTN07RX6 ; DTN10R ; DTN10RX3 ; DTN10RX6 ; DTN1610E ; DTN1610EX3 ; DTN1610EX6 ; PP0611 ; PP0611X3 ; PP1510 ; PP1510X3 ; PP1515 ; PP2020 ; PP3030 ; PPM1106 ; PPM1106X3 ; PPM1106X6 ; PPM1508 ; PPM1508X3 ; PPM1508X6 ; PPM1510 ; PPM1510X3 ; PPM1510X6 ; PPM1515 ; PPM1515X3 ; PPM1515X6 ; PPM2020 ; PPM2020X3 ; PPM3030 ; PPM3030X3 ; PPM4530 ; PPM4530X3 ; PPM5050 ; PPMK1106 ; PPMK1106X3 ; PPMK1106X6 ; PPMK1508 ; PPMK1508X3 ; PPMK1508X6 ; PPDS12 ; PPDS12X3 ; PPDS15 ; PPDS1510 ; PPDS1510X3 ; PPDS15X3 ; PPDS2015 ; PPDS2015X3 ; PPDS2520 ; PPDS3020 ; PPDS3530 ; PCO12FX ; PCO12X ; PCO1510FX ; PCO1510OSX ; PCO1510X ; PCO15FX ; PCO15X ; PCO2015FX ; PCO2015OSX ; PCO2015X ; PCO20FX ; PCO20X ; PCO2520FX ; PCO2520OSX ; PCO2520X ; PCO2H1 ; PCO2H3 ; PCO2H4 ; PCO3020FX ; PCO3020OSX ; PCO3020X ; PCO3728FX ; PCO3728X ; PCO4VP ; PCO6VP ; PCO8OSX ; PCO8VP ; PCO9FX ; PCO9X ; PCOPM15 ; PCOPM15H35 ; PCOPM15H50 ; PCOPM20 ; PNP6 ; PNP6X3 ; PNP8 ; PNP8X3 ; TCM1106 ; TCM1106X3 ; TCM1510 ; TCM1510X3 ; TCM1515 ; TCM1515X3 ; TCM2020 ; TCM2020X3 ; TCM3015 ; TCM3030 ; TCM4530 ; TEC1309 ; TEC1410DP ; TEC1410P5 ; TEC1510 ; TEC1515 ; TEC2020 ; TEC3030 ; TECR1410DP2 ; TECR1510 ; TECR1510AL ; TECR1510AR ; TECR1515 ; TECR3030 ; TECT1309AL ; TECT1309AR ; TECT1510ADP2L ; TECT1510ADP2R ; TECT1510ADPL ; TECT1510ADPR ; TECT1510AL ; TECT1510AR ; TECT1612AFR ; TECT1612AL ; TECT1612AR ; TET1309 ; TET1309D ; TET1510 ; TET1515 ; TET2020 ; TET3030 ; TET5050 ; ADG1510 ; ADG2015 ; ADG3020 ; ADG4030 ; LPG1309AL ; LPG1309AR ; LPG1510 ; LPG1510AK2 ; LPG1510AL ; LPG1510AR ; LPG1510X2 ; LPG1612 ; LPG1612AL ; LPG1612AR ; LPG1614 ; PP1208DL ; PP1208DR ; PP1509G ; PP1515G ; PP2015G ; PP3020G ; PP3030G ; PP4030G ; TEM1208GL ; TEM1208GR ; TEM1409GL ; TEM1409GR ; TEM1509G ; TEM1515G ; TEM2015G ; TEM3015G ; TECG3004 ; SYM12 ; SYM12F ; SYM15 ; SYM1510 ; SYM1510F ; SYM1510OS ; SYM15F ; SYM1710E ; SYM1710EF ; SYM20 ; SYM2012E ; SYM2012EF ; SYM2015 ; SYM2015F ; SYM2015OS ; SYM20F ; SYM2515E ; SYM2515EF ; SYM2520 ; SYM2520F ; SYM2520OS ; SYM3020 ; SYM3020F ; SYM3020OS ; SYM3420E ; SYM3420EF ; SYM3728 ; SYM3728F ; SYM4024E ; SYM4024EF ; SYM4232 ; SYM4232F ; SYM8OS ; SYM9 ; SYM9F ; VTX1106 ; VTX1106X3 ; VTX1510 ; VTX1510X3 ; VTX1515 ; VTX1515M ; VTX1515MX3 ; VTX1515X3 ; VTX2020M ; VTX3030M ; VTX4530M ; VTX5050M ; Sofradim"
"PRODUCT_MARKETING","/crosses","/crosses","200","Crosswalk","","","0","/proposals?_rsc=zAn-vlYtEcVbUMJ6 net::ERR_ABORTED | /accounts?_rsc=zAn-vlYtEcVbUMJ6 net::ERR_ABORTED | /analytics?_rsc=zAn-vlYtEcVbUMJ6 net::ERR_ABORTED | /intelligence/bids?_rsc=zAn-vlYtEcVbUMJ6 net::ERR_ABORTED | /catalog/gudid?_rsc=zAn-vlYtEcVbUMJ6 net::ERR_ABORTED | /notifications?_rsc=zAn-vlYtEcVbUMJ6 net::ERR_ABORTED | /requests/new?_rsc=zAn-vlYtEcVbUMJ6 net::ERR_ABORTED | /settings?_rsc=zAn-vlYtEcVbUMJ6 net::ERR_ABORTED | /?_rsc=aniPmKjMQR6zCALO net::ERR_ABORTED | /requests?_rsc=aniPmKjMQR6zCALO net::ERR_ABORTED | /proposals?_rsc=aniPmKjMQR6zCALO net::ERR_ABORTED | /accounts?_rsc=aniPmKjMQR6zCALO net::ERR_ABORTED | /contracts?_rsc=aniPmKjMQR6zCALO net::ERR_ABORTED | /intelligence?_rsc=aniPmKjMQR6zCALO net::ERR_ABORTED | /intelligence/bids?_rsc=aniPmKjMQR6zCALO net::ERR_ABORTED | /analytics?_rsc=aniPmKjMQR6zCALO net::ERR_ABORTED | /catalog?_rsc=aniPmKjMQR6zCALO net::ERR_ABORTED | /crosses?_rsc=aniPmKjMQR6zCALO net::ERR_ABORTED | /settings?_rsc=aniPmKjMQR6zCALO net::ERR_ABORTED | /catalog/gudid?_rsc=aniPmKjMQR6zCALO net::ERR_ABORTED | /requests/new?_rsc=aniPmKjMQR6zCALO net::ERR_ABORTED","","0","0","0","New request ; Switch user ; Publish new version ; Approve marketing ; Approve (disabled) ; Reject"
"PRODUCT_MARKETING","/notifications","/notifications","200","Notifications","","","0","/?_rsc=oG-rbVP81bj5yHs2 net::ERR_ABORTED | /requests?_rsc=oG-rbVP81bj5yHs2 net::ERR_ABORTED | /proposals?_rsc=oG-rbVP81bj5yHs2 net::ERR_ABORTED | /crosses?_rsc=oG-rbVP81bj5yHs2 net::ERR_ABORTED | /catalog?_rsc=oG-rbVP81bj5yHs2 net::ERR_ABORTED | /catalog/gudid?_rsc=oG-rbVP81bj5yHs2 net::ERR_ABORTED | /requests/new?_rsc=oG-rbVP81bj5yHs2 net::ERR_ABORTED | /proposals?_rsc=FxIb9Zh5xrkPNSW4 net::ERR_ABORTED | /requests?_rsc=FxIb9Zh5xrkPNSW4 net::ERR_ABORTED | /accounts?_rsc=FxIb9Zh5xrkPNSW4 net::ERR_ABORTED | /?_rsc=FxIb9Zh5xrkPNSW4 net::ERR_ABORTED | /analytics?_rsc=FxIb9Zh5xrkPNSW4 net::ERR_ABORTED | /intelligence/bids?_rsc=FxIb9Zh5xrkPNSW4 net::ERR_ABORTED | /intelligence?_rsc=FxIb9Zh5xrkPNSW4 net::ERR_ABORTED | /contracts?_rsc=FxIb9Zh5xrkPNSW4 net::ERR_ABORTED | /catalog?_rsc=FxIb9Zh5xrkPNSW4 net::ERR_ABORTED | /catalog/gudid?_rsc=FxIb9Zh5xrkPNSW4 net::ERR_ABORTED | /settings?_rsc=FxIb9Zh5xrkPNSW4 net::ERR_ABORTED | /notifications?_rsc=FxIb9Zh5xrkPNSW4 net::ERR_ABORTED | /requests/new?_rsc=FxIb9Zh5xrkPNSW4 net::ERR_ABORTED","","0","0","0","New request ; Switch user ; Mark all read ; Read"
"PRODUCT_MARKETING","/settings","/settings","200","Settings","","","0","/?_rsc=DQxjArDrgutTG17x net::ERR_ABORTED | /requests?_rsc=DQxjArDrgutTG17x net::ERR_ABORTED | /proposals?_rsc=DQxjArDrgutTG17x net::ERR_ABORTED | /accounts?_rsc=DQxjArDrgutTG17x net::ERR_ABORTED | /contracts?_rsc=DQxjArDrgutTG17x net::ERR_ABORTED | /intelligence?_rsc=DQxjArDrgutTG17x net::ERR_ABORTED | /intelligence/bids?_rsc=DQxjArDrgutTG17x net::ERR_ABORTED | /catalog/gudid?_rsc=DQxjArDrgutTG17x net::ERR_ABORTED | /settings/pricing?_rsc=DQxjArDrgutTG17x net::ERR_ABORTED | /accounts?_rsc=j-_vjoKOn8bxlRO7 net::ERR_ABORTED | /proposals?_rsc=j-_vjoKOn8bxlRO7 net::ERR_ABORTED | /intelligence?_rsc=j-_vjoKOn8bxlRO7 net::ERR_ABORTED | /intelligence/bids?_rsc=j-_vjoKOn8bxlRO7 net::ERR_ABORTED | /analytics?_rsc=j-_vjoKOn8bxlRO7 net::ERR_ABORTED | /catalog/gudid?_rsc=j-_vjoKOn8bxlRO7 net::ERR_ABORTED | /crosses?_rsc=j-_vjoKOn8bxlRO7 net::ERR_ABORTED | /catalog?_rsc=j-_vjoKOn8bxlRO7 net::ERR_ABORTED | /settings?_rsc=j-_vjoKOn8bxlRO7 net::ERR_ABORTED | /notifications?_rsc=j-_vjoKOn8bxlRO7 net::ERR_ABORTED | /requests/new?_rsc=j-_vjoKOn8bxlRO7 net::ERR_ABORTED | /settings/pricing?_rsc=j-_vjoKOn8bxlRO7 net::ERR_ABORTED","","0","0","0","New request ; Switch user ; Save (disabled) ; Details ; How to connect"
"PRODUCT_MARKETING","/settings/integrations","/settings/integrations","200","Settings","","","0","/requests?_rsc=DQxjArDrgutTG17x net::ERR_ABORTED | /proposals?_rsc=DQxjArDrgutTG17x net::ERR_ABORTED | /?_rsc=DQxjArDrgutTG17x net::ERR_ABORTED | /intelligence?_rsc=DQxjArDrgutTG17x net::ERR_ABORTED | /intelligence/bids?_rsc=DQxjArDrgutTG17x net::ERR_ABORTED | /contracts?_rsc=DQxjArDrgutTG17x net::ERR_ABORTED | /analytics?_rsc=DQxjArDrgutTG17x net::ERR_ABORTED | /catalog?_rsc=DQxjArDrgutTG17x net::ERR_ABORTED | /catalog/gudid?_rsc=DQxjArDrgutTG17x net::ERR_ABORTED | /notifications?_rsc=DQxjArDrgutTG17x net::ERR_ABORTED | /crosses?_rsc=DQxjArDrgutTG17x net::ERR_ABORTED | /proposals?_rsc=j-_vjoKOn8bxlRO7 net::ERR_ABORTED | /requests?_rsc=j-_vjoKOn8bxlRO7 net::ERR_ABORTED | /?_rsc=j-_vjoKOn8bxlRO7 net::ERR_ABORTED | /contracts?_rsc=j-_vjoKOn8bxlRO7 net::ERR_ABORTED | /intelligence?_rsc=j-_vjoKOn8bxlRO7 net::ERR_ABORTED | /intelligence/bids?_rsc=j-_vjoKOn8bxlRO7 net::ERR_ABORTED | /analytics?_rsc=j-_vjoKOn8bxlRO7 net::ERR_ABORTED | /catalog/gudid?_rsc=j-_vjoKOn8bxlRO7 net::ERR_ABORTED | /crosses?_rsc=j-_vjoKOn8bxlRO7 net::ERR_ABORTED | /settings?_rsc=j-_vjoKOn8bxlRO7 net::ERR_ABORTED | /catalog?_rsc=j-_vjoKOn8bxlRO7 net::ERR_ABORTED | /requests/new?_rsc=j-_vjoKOn8bxlRO7 net::ERR_ABORTED | /notifications?_rsc=j-_vjoKOn8bxlRO7 net::ERR_ABORTED | /settings/pricing?_rsc=j-_vjoKOn8bxlRO7 net::ERR_ABORTED","","0","0","0","New request ; Switch user ; Save (disabled) ; Details ; How to connect"
"PRODUCT_MARKETING","/settings/pricing","/settings/pricing","200","Pricing policies","","","0","/?_rsc=8oSST31HPn0UlEto net::ERR_ABORTED | /requests?_rsc=8oSST31HPn0UlEto net::ERR_ABORTED | /proposals?_rsc=8oSST31HPn0UlEto net::ERR_ABORTED | /accounts?_rsc=8oSST31HPn0UlEto net::ERR_ABORTED | /intelligence?_rsc=8oSST31HPn0UlEto net::ERR_ABORTED | /contracts?_rsc=8oSST31HPn0UlEto net::ERR_ABORTED | /catalog?_rsc=8oSST31HPn0UlEto net::ERR_ABORTED | /crosses?_rsc=8oSST31HPn0UlEto net::ERR_ABORTED | /settings?_rsc=8oSST31HPn0UlEto net::ERR_ABORTED | /requests/new?_rsc=8oSST31HPn0UlEto net::ERR_ABORTED | /notifications?_rsc=8oSST31HPn0UlEto net::ERR_ABORTED | /?_rsc=_Ie442TgELs3Q458 net::ERR_ABORTED | /requests?_rsc=_Ie442TgELs3Q458 net::ERR_ABORTED | /accounts?_rsc=_Ie442TgELs3Q458 net::ERR_ABORTED | /contracts?_rsc=_Ie442TgELs3Q458 net::ERR_ABORTED | /intelligence?_rsc=_Ie442TgELs3Q458 net::ERR_ABORTED | /proposals?_rsc=_Ie442TgELs3Q458 net::ERR_ABORTED | /intelligence/bids?_rsc=_Ie442TgELs3Q458 net::ERR_ABORTED | /analytics?_rsc=_Ie442TgELs3Q458 net::ERR_ABORTED | /catalog?_rsc=_Ie442TgELs3Q458 net::ERR_ABORTED | /catalog/gudid?_rsc=_Ie442TgELs3Q458 net::ERR_ABORTED | /crosses?_rsc=_Ie442TgELs3Q458 net::ERR_ABORTED | /settings?_rsc=_Ie442TgELs3Q458 net::ERR_ABORTED | /requests/new?_rsc=_Ie442TgELs3Q458 net::ERR_ABORTED | /notifications?_rsc=_Ie442TgELs3Q458 net::ERR_ABORTED","","0","0","0","New request ; Switch user ; New draft (disabled)"
"CLINICAL_REVIEWER","/","/","200","Competitive cross reference","","","0","/catalog?_rsc=5CB68i4pnAekjehf net::ERR_ABORTED | /catalog/gudid?_rsc=5CB68i4pnAekjehf net::ERR_ABORTED | /crosses?_rsc=5CB68i4pnAekjehf net::ERR_ABORTED | /settings?_rsc=5CB68i4pnAekjehf net::ERR_ABORTED | /crosses?_rsc=tXyZJ52UQVBCVsD3 net::ERR_ABORTED | /settings?_rsc=tXyZJ52UQVBCVsD3 net::ERR_ABORTED | /notifications?_rsc=tXyZJ52UQVBCVsD3 net::ERR_ABORTED","","0","0","0","Switch user"
"CLINICAL_REVIEWER","/requests","/requests","200","","","","0","/catalog?_rsc=p3Q57VochOqcQNsg net::ERR_ABORTED | /notifications?_rsc=p3Q57VochOqcQNsg net::ERR_ABORTED | /?_rsc=nIzLgF1M7nWxnHlV net::ERR_ABORTED | /catalog?_rsc=nIzLgF1M7nWxnHlV net::ERR_ABORTED | /catalog/gudid?_rsc=nIzLgF1M7nWxnHlV net::ERR_ABORTED | /crosses?_rsc=nIzLgF1M7nWxnHlV net::ERR_ABORTED | /settings?_rsc=nIzLgF1M7nWxnHlV net::ERR_ABORTED","","0","0","0","Switch user"
"CLINICAL_REVIEWER","/requests/new","/requests/new","200","","","","0","/crosses?_rsc=4belA-F-xg-XtLdx net::ERR_ABORTED | /?_rsc=4belA-F-xg-XtLdx net::ERR_ABORTED | /settings?_rsc=4belA-F-xg-XtLdx net::ERR_ABORTED | /notifications?_rsc=4belA-F-xg-XtLdx net::ERR_ABORTED | /crosses?_rsc=O1p93FFpSnNce0k4 net::ERR_ABORTED | /catalog?_rsc=O1p93FFpSnNce0k4 net::ERR_ABORTED | /?_rsc=O1p93FFpSnNce0k4 net::ERR_ABORTED | /catalog/gudid?_rsc=O1p93FFpSnNce0k4 net::ERR_ABORTED | /settings?_rsc=O1p93FFpSnNce0k4 net::ERR_ABORTED | /notifications?_rsc=O1p93FFpSnNce0k4 net::ERR_ABORTED","","0","0","0","Switch user"
"CLINICAL_REVIEWER","/requests/[id]","/requests/cmufeje3o002hk57d491oejr5","200","","Failed to load resource: the server responded with a status of 403 (Forbidden)","","0","/?_rsc=L4ND5fhfYnvUqaPw net::ERR_ABORTED | /catalog?_rsc=L4ND5fhfYnvUqaPw net::ERR_ABORTED | /catalog/gudid?_rsc=L4ND5fhfYnvUqaPw net::ERR_ABORTED | /crosses?_rsc=L4ND5fhfYnvUqaPw net::ERR_ABORTED | /catalog?_rsc=grHQqzBoP485Pe5C net::ERR_ABORTED | /settings?_rsc=L4ND5fhfYnvUqaPw net::ERR_ABORTED | /notifications?_rsc=L4ND5fhfYnvUqaPw net::ERR_ABORTED | /?_rsc=grHQqzBoP485Pe5C net::ERR_ABORTED | /requests?_rsc=L4ND5fhfYnvUqaPw net::ERR_ABORTED | /catalog/gudid?_rsc=grHQqzBoP485Pe5C net::ERR_ABORTED | /crosses?_rsc=grHQqzBoP485Pe5C net::ERR_ABORTED | /settings?_rsc=grHQqzBoP485Pe5C net::ERR_ABORTED | /notifications?_rsc=grHQqzBoP485Pe5C net::ERR_ABORTED | /requests?_rsc=grHQqzBoP485Pe5C net::ERR_ABORTED","403 /api/requests/cmufeje3o002hk57d491oejr5","0","0","0","Switch user"
"CLINICAL_REVIEWER","/proposals","/proposals","200","","","","0","/crosses?_rsc=8qZH60WsiyOTuseO net::ERR_ABORTED | /?_rsc=8qZH60WsiyOTuseO net::ERR_ABORTED | /catalog?_rsc=8qZH60WsiyOTuseO net::ERR_ABORTED | /catalog/gudid?_rsc=8qZH60WsiyOTuseO net::ERR_ABORTED | /settings?_rsc=8qZH60WsiyOTuseO net::ERR_ABORTED | /notifications?_rsc=8qZH60WsiyOTuseO net::ERR_ABORTED | /catalog/gudid?_rsc=yDw8cg_cK2Tq2IDS net::ERR_ABORTED | /?_rsc=yDw8cg_cK2Tq2IDS net::ERR_ABORTED | /catalog?_rsc=yDw8cg_cK2Tq2IDS net::ERR_ABORTED | /settings?_rsc=yDw8cg_cK2Tq2IDS net::ERR_ABORTED | /notifications?_rsc=yDw8cg_cK2Tq2IDS net::ERR_ABORTED","","0","0","0","Switch user"
"CLINICAL_REVIEWER","/proposals/[id]","/proposals/cmufem5ld0056k57d2utmar8g","200","","Failed to load resource: the server responded with a status of 403 (Forbidden)","","0","/?_rsc=IZ6zrI2LDRRC1-Wd net::ERR_ABORTED | /catalog?_rsc=IZ6zrI2LDRRC1-Wd net::ERR_ABORTED | /catalog/gudid?_rsc=IZ6zrI2LDRRC1-Wd net::ERR_ABORTED | /crosses?_rsc=IZ6zrI2LDRRC1-Wd net::ERR_ABORTED | /settings?_rsc=IZ6zrI2LDRRC1-Wd net::ERR_ABORTED | /notifications?_rsc=IZ6zrI2LDRRC1-Wd net::ERR_ABORTED | /crosses?_rsc=fAAmY66VdqvUMp3_ net::ERR_ABORTED | /proposals?_rsc=IZ6zrI2LDRRC1-Wd net::ERR_ABORTED | /catalog/gudid?_rsc=fAAmY66VdqvUMp3_ net::ERR_ABORTED | /settings?_rsc=fAAmY66VdqvUMp3_ net::ERR_ABORTED | /proposals?_rsc=fAAmY66VdqvUMp3_ net::ERR_ABORTED | /notifications?_rsc=fAAmY66VdqvUMp3_ net::ERR_ABORTED","403 /api/proposals/cmufem5ld0056k57d2utmar8g","0","0","0","Switch user"
"CLINICAL_REVIEWER","/approvals","/approvals","200","Pricing approvals","Failed to load resource: the server responded with a status of 403 (Forbidden) | Failed to load resource: the server responded with a status of 403 (Forbidden)","","0","/catalog/gudid?_rsc=Ut9iRRX_9PZKRdF- net::ERR_ABORTED | /crosses?_rsc=Ut9iRRX_9PZKRdF- net::ERR_ABORTED | /?_rsc=Ut9iRRX_9PZKRdF- net::ERR_ABORTED | /catalog?_rsc=Ut9iRRX_9PZKRdF- net::ERR_ABORTED | /settings?_rsc=Ut9iRRX_9PZKRdF- net::ERR_ABORTED | /notifications?_rsc=Ut9iRRX_9PZKRdF- net::ERR_ABORTED | /?_rsc=AU6DTT46DVXZ7jWj net::ERR_ABORTED | /catalog?_rsc=AU6DTT46DVXZ7jWj net::ERR_ABORTED | /catalog/gudid?_rsc=AU6DTT46DVXZ7jWj net::ERR_ABORTED | /crosses?_rsc=AU6DTT46DVXZ7jWj net::ERR_ABORTED | /settings?_rsc=AU6DTT46DVXZ7jWj net::ERR_ABORTED | /notifications?_rsc=AU6DTT46DVXZ7jWj net::ERR_ABORTED","403 /api/approvals/delegations?all=1 | 403 /api/approvals","0","0","0","Switch user"
"CLINICAL_REVIEWER","/accounts","/accounts","200","","","","0","/catalog/gudid?_rsc=iZGmHDWBA-6V7KTQ net::ERR_ABORTED | /?_rsc=iZGmHDWBA-6V7KTQ net::ERR_ABORTED | /catalog?_rsc=iZGmHDWBA-6V7KTQ net::ERR_ABORTED | /notifications?_rsc=iZGmHDWBA-6V7KTQ net::ERR_ABORTED | /?_rsc=oRxEn_R9e10JER3Z net::ERR_ABORTED | /catalog?_rsc=oRxEn_R9e10JER3Z net::ERR_ABORTED | /settings?_rsc=iZGmHDWBA-6V7KTQ net::ERR_ABORTED | /catalog/gudid?_rsc=oRxEn_R9e10JER3Z net::ERR_ABORTED | /crosses?_rsc=oRxEn_R9e10JER3Z net::ERR_ABORTED | /notifications?_rsc=oRxEn_R9e10JER3Z net::ERR_ABORTED | /settings?_rsc=oRxEn_R9e10JER3Z net::ERR_ABORTED","","0","0","0","Switch user"
"CLINICAL_REVIEWER","/accounts/[id]","/accounts/cmuf6hihm02rkks7drm31yuur","200","","","","0","/crosses?_rsc=pYoAThzR_ryjq0MS net::ERR_ABORTED | /?_rsc=pYoAThzR_ryjq0MS net::ERR_ABORTED | /catalog?_rsc=pYoAThzR_ryjq0MS net::ERR_ABORTED | /catalog/gudid?_rsc=pYoAThzR_ryjq0MS net::ERR_ABORTED | /notifications?_rsc=pYoAThzR_ryjq0MS net::ERR_ABORTED | /settings?_rsc=pYoAThzR_ryjq0MS net::ERR_ABORTED | /notifications?_rsc=gRQ4rCW2m6dkjkis net::ERR_ABORTED | /catalog/gudid?_rsc=gRQ4rCW2m6dkjkis net::ERR_ABORTED | /crosses?_rsc=gRQ4rCW2m6dkjkis net::ERR_ABORTED | /settings?_rsc=gRQ4rCW2m6dkjkis net::ERR_ABORTED","","0","0","0","Switch user"
"CLINICAL_REVIEWER","/contracts","/contracts","200","","","","0","/catalog/gudid?_rsc=DzmfcRRfJeItXkgz net::ERR_ABORTED | /crosses?_rsc=DzmfcRRfJeItXkgz net::ERR_ABORTED | /?_rsc=DzmfcRRfJeItXkgz net::ERR_ABORTED | /catalog?_rsc=DzmfcRRfJeItXkgz net::ERR_ABORTED | /notifications?_rsc=DzmfcRRfJeItXkgz net::ERR_ABORTED | /settings?_rsc=DzmfcRRfJeItXkgz net::ERR_ABORTED | /?_rsc=2Ju2sngZl13OvaTN net::ERR_ABORTED | /catalog?_rsc=2Ju2sngZl13OvaTN net::ERR_ABORTED | /catalog/gudid?_rsc=2Ju2sngZl13OvaTN net::ERR_ABORTED | /crosses?_rsc=2Ju2sngZl13OvaTN net::ERR_ABORTED | /notifications?_rsc=2Ju2sngZl13OvaTN net::ERR_ABORTED","","0","0","0","Switch user"
"CLINICAL_REVIEWER","/contracts/[id]","/contracts/cmuf6himu02sxks7dkgml1rr2","200","","Failed to load resource: the server responded with a status of 403 (Forbidden)","","0","/?_rsc=TQOCHQXESAyQ3VEl net::ERR_ABORTED | /catalog?_rsc=TQOCHQXESAyQ3VEl net::ERR_ABORTED | /catalog/gudid?_rsc=TQOCHQXESAyQ3VEl net::ERR_ABORTED | /crosses?_rsc=TQOCHQXESAyQ3VEl net::ERR_ABORTED | /notifications?_rsc=TQOCHQXESAyQ3VEl net::ERR_ABORTED","403 /api/contracts/cmuf6himu02sxks7dkgml1rr2","0","0","0","Switch user"
"CLINICAL_REVIEWER","/intelligence","/intelligence","200","Competitor pricing","Failed to load resource: the server responded with a status of 403 (Forbidden)","","0","/?_rsc=3fD0047dUoUPXvG2 net::ERR_ABORTED | /catalog?_rsc=3fD0047dUoUPXvG2 net::ERR_ABORTED | /catalog/gudid?_rsc=3fD0047dUoUPXvG2 net::ERR_ABORTED | /settings?_rsc=3fD0047dUoUPXvG2 net::ERR_ABORTED | /notifications?_rsc=3fD0047dUoUPXvG2 net::ERR_ABORTED | /?_rsc=gu9LWiAQNzfrKsW2 net::ERR_ABORTED | /catalog?_rsc=gu9LWiAQNzfrKsW2 net::ERR_ABORTED | /catalog/gudid?_rsc=gu9LWiAQNzfrKsW2 net::ERR_ABORTED | /crosses?_rsc=gu9LWiAQNzfrKsW2 net::ERR_ABORTED | /settings?_rsc=gu9LWiAQNzfrKsW2 net::ERR_ABORTED | /notifications?_rsc=gu9LWiAQNzfrKsW2 net::ERR_ABORTED","403 /api/intelligence?","0","0","0","Switch user"
"CLINICAL_REVIEWER","/intelligence/bids","/intelligence/bids","200","Public bids and awards","Failed to load resource: the server responded with a status of 403 (Forbidden)","","0","/?_rsc=2gWrMJaxdn-CU2fc net::ERR_ABORTED | /catalog?_rsc=2gWrMJaxdn-CU2fc net::ERR_ABORTED | /catalog/gudid?_rsc=2gWrMJaxdn-CU2fc net::ERR_ABORTED | /crosses?_rsc=2gWrMJaxdn-CU2fc net::ERR_ABORTED | /settings?_rsc=2gWrMJaxdn-CU2fc net::ERR_ABORTED | /notifications?_rsc=2gWrMJaxdn-CU2fc net::ERR_ABORTED | /intelligence?_rsc=2gWrMJaxdn-CU2fc net::ERR_ABORTED | /catalog/gudid?_rsc=W5McYxvxTMCZbYJx net::ERR_ABORTED | /crosses?_rsc=W5McYxvxTMCZbYJx net::ERR_ABORTED | /settings?_rsc=W5McYxvxTMCZbYJx net::ERR_ABORTED | /notifications?_rsc=W5McYxvxTMCZbYJx net::ERR_ABORTED | /intelligence?_rsc=W5McYxvxTMCZbYJx net::ERR_ABORTED","403 /api/intelligence/bids?q=&source=&competitorId=","0","0","0","Switch user ; Save (disabled) ; Bid file (disabled)"
"CLINICAL_REVIEWER","/intelligence/extractions/[id]","/intelligence/extractions/missing0000000000000000","200","Extraction","Failed to load resource: the server responded with a status of 403 (Forbidden)","","0","/catalog/gudid?_rsc=VJB2dfGule5Oh2L3 net::ERR_ABORTED | /crosses?_rsc=VJB2dfGule5Oh2L3 net::ERR_ABORTED | /?_rsc=VJB2dfGule5Oh2L3 net::ERR_ABORTED | /catalog?_rsc=VJB2dfGule5Oh2L3 net::ERR_ABORTED | /settings?_rsc=VJB2dfGule5Oh2L3 net::ERR_ABORTED | /notifications?_rsc=VJB2dfGule5Oh2L3 net::ERR_ABORTED | /catalog?_rsc=wBL8jh-0AxNJNXN_ net::ERR_ABORTED | /?_rsc=wBL8jh-0AxNJNXN_ net::ERR_ABORTED | /catalog/gudid?_rsc=wBL8jh-0AxNJNXN_ net::ERR_ABORTED | /crosses?_rsc=wBL8jh-0AxNJNXN_ net::ERR_ABORTED | /settings?_rsc=wBL8jh-0AxNJNXN_ net::ERR_ABORTED | /notifications?_rsc=wBL8jh-0AxNJNXN_ net::ERR_ABORTED","403 /api/documents/extractions/missing0000000000000000","0","0","0","Switch user"
"CLINICAL_REVIEWER","/analytics","/analytics","200","","","","0","/?_rsc=ix5_aAief6TvBg04 net::ERR_ABORTED | /catalog/gudid?_rsc=ix5_aAief6TvBg04 net::ERR_ABORTED | /catalog?_rsc=ix5_aAief6TvBg04 net::ERR_ABORTED | /notifications?_rsc=ix5_aAief6TvBg04 net::ERR_ABORTED | /?_rsc=Dt318okBLJyNDlfE net::ERR_ABORTED | /catalog?_rsc=Dt318okBLJyNDlfE net::ERR_ABORTED | /catalog/gudid?_rsc=Dt318okBLJyNDlfE net::ERR_ABORTED | /notifications?_rsc=Dt318okBLJyNDlfE net::ERR_ABORTED | /crosses?_rsc=Dt318okBLJyNDlfE net::ERR_ABORTED | /settings?_rsc=Dt318okBLJyNDlfE net::ERR_ABORTED","","0","0","0","Switch user"
"CLINICAL_REVIEWER","/catalog","/catalog","200","Our catalog","","","0","/catalog/gudid?_rsc=OYzo7EH3MGwwxBfF net::ERR_ABORTED | /crosses?_rsc=OYzo7EH3MGwwxBfF net::ERR_ABORTED | /settings?_rsc=OYzo7EH3MGwwxBfF net::ERR_ABORTED | /crosses?_rsc=O6cAbYUSgs3KBG-F net::ERR_ABORTED | /settings?_rsc=O6cAbYUSgs3KBG-F net::ERR_ABORTED | /notifications?_rsc=O6cAbYUSgs3KBG-F net::ERR_ABORTED","","0","0","0","Switch user ; GUDID library ; 174006 ; ABSTACK30 ; ABSTACK30X ; PCO2015X ; PCO2520X ; PCO9X ; 11-1276 ; 11-1278 ; 171305 ; 173019 ; 173030 ; 173046 ; 173049 ; 173050G ; 174001 ; 174209 ; 174213 ; 174233 ; 174301 ; 174309 ; 174317 ; 174601 ; 176605 ; 176613 ; 176643 ; 176645 ; 176647 ; 178081 ; 178083 ; 178091 ; 178093 ; 178099 ; 25030 ; CATCH10 ; E3781-28 ; E3781R-28ASP ; E3783-28 ; E3783R-28ASP ; E3783R-36ASP ; LF1837 ; LF5637 ; SILSCLINCH46 ; SILSDISSECT46 ; SILSHOOK36 ; SILSHOOK46 ; SILSSHEAR46 ; WPLGR914 ; WPXLGR1117 ; 010316L ; 010460 ; 010470 ; 015427L ; 015433L ; 015441L ; 015451L ; 015458L ; 015477L ; 015485L ; 015888L ; 017614 ; 020242 ; 030330L ; 030412 ; 030424L ; 030425 ; 030426 ; 030454 ; 030470 ; 030735L ; 059037 ; 111981 ; 111983 ; 111985 ; 111987 ; 111989 ; 3948L ; 3971 ; 3973 ; 4901T ; 8886803712 ; EEA21 ; EEA2135 ; EEA25 ; EEA2535 ; EEA28 ; EEA2835 ; EEA31 ; EEA33 ; EEAXL21 ; EEAXL2135 ; EEAXL25 ; EEAXL2535 ; EEAXL28 ; EEAXL2835 ; EEAXL31 ; EEAXL33 ; EGIA45AMT ; EGIA45AV ; EGIA45AVM ; EGIA45CTAVM ; EGIA60AMT ; EGIA60AVM ; EGIA60AXT ; EGIARADMT ; EGIARADVM ; EGIARADXT ; EGIAUSHORT ; EGIAUSTND ; EGIAUXL ; GIA10038L ; GIA10038S ; GIA10048L ; GIA10048S ; GIA6025L ; GIA6025S ; GIA6038L ; GIA6038S ; GIA6048L ; GIA6048S ; GIA60MTC ; GIA60MTS ; GIA60XTC ; GIA60XTS ; GIA8038L ; GIA8038S ; GIA8048L ; GIA8048S ; GIA80MTC ; GIA80MTS ; GIA80XTC ; GIA80XTS ; HEM3335 ; HEM3348 ; IDRVULTRA1 ; SGIA6038S ; SIG30AMT ; SIG30AV ; SIG30AVM ; SIG30CTAV ; SIG30CTAVM ; SIG45AMT ; SIG45AXT ; SIG45CTAMT ; SIG45CTAV ; SIG45CTAVM ; SIG60AMT ; SIG60AXT ; SIG60CTAMT ; SIG60CTAVM ; SIGADAPTSHORT ; SIGADAPTSTND ; SIGADAPTXL ; SIGC45MT ; SIGC45V ; SIGC45VM ; SIGC45VT ; SIGC60MT ; SIGC60V ; SIGC60VM ; SIGC60VT ; SIGLU45A ; SIGLU60A ; SIGPSHELL ; SIGRADMT ; SIGRADVM ; SIGRADXT ; SIGSDL45CTVT ; SIGSDS30CTV ; SIGSDS30CTVT ; SIGTRSB45AMT ; SIGTRSB45AXT ; SIGTRSB60AMT ; SIGTRSB60AXT ; TA3035L ; TA3035S ; TA3048L ; TA3048S ; TA30V3L ; TA30V3S ; TA4535L ; TA4535S ; TA4548L ; TA4548S ; TA6035L ; TA6035S ; TA6048L ; TA6048S ; TA9035L ; TA9035S ; TA9048L ; TA9048S ; TRIEEA28MT ; TRIEEA28XT ; TRIEEA31MT ; TRIEEA31XT ; TRIEEAXL28MT ; TRIEEAXL28XT ; TRIEEAXL31MT ; TRIEEAXL31XT ; TRIEEAXL33MT ; PPDS12 ; PPDS15 ; PPDS1510 ; PPDS2015 ; PPM1106X3 ; PPM1510X3 ; PPM4530 ; 171313 ; 171315 ; 172015 ; 172016 ; 176626P ; 176673P ; 176674P ; 176674PF ; 177090P ; 177090PF ; 177091P ; 177091PF ; 177092 ; 177092F ; 177992P ; 177995P ; 179076P ; 179077P ; 179078PF ; 179093 ; 179093F ; 179094 ; 179094F ; 179095P ; 179096P ; 179096PF ; 179097P ; 179097PF ; 179100 ; 179101 ; 179102P ; 179301 ; 179303 ; 179305 ; 179307 ; 179308 ; 179309 ; 179310 ; 21-345 ; 220-50 ; 24055- ; 4216 ; B11STF ; B11STS ; B12LGF ; B12LGS ; B12STF ; B12STFCS ; B12STS ; B5SHF ; B5SHS ; B5STF ; B5STS ; BPT12STS ; MS100703 ; MS100705 ; MS100708 ; MS101003 ; MS101005 ; MS101008 ; NB11STF ; NB12LGF ; NB12SHF ; NB12STF ; NB12STS ; NB15LGF ; NB15STF ; NB3SHFLP ; NB5LGF ; NB5SHF ; NB5SHFLP ; NB5STF ; NB5STFLP ; NBFCA11ST ; NBFCA12ST ; NONB11STF ; NONB12LGF ; NONB12SHF ; NONB12STF ; NONB12STS ; NONB15LGF ; NONB15STF ; NONB5LGF ; NONB5SHF ; NONB5STF ; NONB8STF ; OMS-T10BT ; OMS-T10BTNL ; OMS-T10BTS ; OMS-T10BTSNL ; OMS-T12BT ; OMS-T12BTNL ; ONB11LGF ; ONB11STF ; ONB12LGF ; ONB12SHF ; ONB12STF ; ONB12STF-NSB ; ONB12STFCS ; ONB12STS ; ONB15STF ; ONB5LGF ; ONB5SHF ; ONB5STF ; ONB5STF-NSB ; ONB5STF2C ; ONBFCA11ST ; S100000 ; S100700 ; S100705 ; S100710 ; S100712 ; S101000 ; S101005 ; S101010 ; S101012 ; S110000 ; SILSPT12TA ; SILSPT5TA ; UNVCA11STF ; UNVCA12LGF ; UNVCA12STF ; UNVCA12STF-NSB ; UNVCA12STS ; UNVCA5LGF ; UNVCA5SHF ; UNVCA5STF ; VS070000 ; VS100700 ; VS100705 ; VS100711P ; VS100712P ; VS101000 ; VS101005 ; VS101011P ; VS101012P ; VS101015P ; VS101500 ; VS101505 ; VS101512P ; VS150000 ; VSR100005 ; VSR100812P ; WPMD509 ; WPSM256 ; WPXSM24"
"CLINICAL_REVIEWER","/catalog/gudid","/catalog/gudid","200","GUDID library","","","0","/?_rsc=DGmoGnAw5OqJpMhM net::ERR_ABORTED | /catalog?_rsc=DGmoGnAw5OqJpMhM net::ERR_ABORTED | /crosses?_rsc=DGmoGnAw5OqJpMhM net::ERR_ABORTED | /settings?_rsc=DGmoGnAw5OqJpMhM net::ERR_ABORTED | /notifications?_rsc=DGmoGnAw5OqJpMhM net::ERR_ABORTED | /?_rsc=Z9EVd8HHdUwJDdIQ net::ERR_ABORTED | /catalog?_rsc=Z9EVd8HHdUwJDdIQ net::ERR_ABORTED | /crosses?_rsc=Z9EVd8HHdUwJDdIQ net::ERR_ABORTED | /catalog/gudid?_rsc=Z9EVd8HHdUwJDdIQ net::ERR_ABORTED | /settings?_rsc=Z9EVd8HHdUwJDdIQ net::ERR_ABORTED","","0","0","0","Switch user ; DXT1309AL ; DXT1309AR ; DXT1510AL ; DXT1510AR ; DXT1612AL ; DXT1612AR ; DTN07R ; DTN07RX3 ; DTN07RX6 ; DTN10R ; DTN10RX3 ; DTN10RX6 ; DTN1610E ; DTN1610EX3 ; DTN1610EX6 ; PP0611 ; PP0611X3 ; PP1510 ; PP1510X3 ; PP1515 ; PP2020 ; PP3030 ; PPM1106 ; PPM1106X3 ; PPM1106X6 ; PPM1508 ; PPM1508X3 ; PPM1508X6 ; PPM1510 ; PPM1510X3 ; PPM1510X6 ; PPM1515 ; PPM1515X3 ; PPM1515X6 ; PPM2020 ; PPM2020X3 ; PPM3030 ; PPM3030X3 ; PPM4530 ; PPM4530X3 ; PPM5050 ; PPMK1106 ; PPMK1106X3 ; PPMK1106X6 ; PPMK1508 ; PPMK1508X3 ; PPMK1508X6 ; PPDS12 ; PPDS12X3 ; PPDS15 ; PPDS1510 ; PPDS1510X3 ; PPDS15X3 ; PPDS2015 ; PPDS2015X3 ; PPDS2520 ; PPDS3020 ; PPDS3530 ; PCO12FX ; PCO12X ; PCO1510FX ; PCO1510OSX ; PCO1510X ; PCO15FX ; PCO15X ; PCO2015FX ; PCO2015OSX ; PCO2015X ; PCO20FX ; PCO20X ; PCO2520FX ; PCO2520OSX ; PCO2520X ; PCO2H1 ; PCO2H3 ; PCO2H4 ; PCO3020FX ; PCO3020OSX ; PCO3020X ; PCO3728FX ; PCO3728X ; PCO4VP ; PCO6VP ; PCO8OSX ; PCO8VP ; PCO9FX ; PCO9X ; PCOPM15 ; PCOPM15H35 ; PCOPM15H50 ; PCOPM20 ; PNP6 ; PNP6X3 ; PNP8 ; PNP8X3 ; TCM1106 ; TCM1106X3 ; TCM1510 ; TCM1510X3 ; TCM1515 ; TCM1515X3 ; TCM2020 ; TCM2020X3 ; TCM3015 ; TCM3030 ; TCM4530 ; TEC1309 ; TEC1410DP ; TEC1410P5 ; TEC1510 ; TEC1515 ; TEC2020 ; TEC3030 ; TECR1410DP2 ; TECR1510 ; TECR1510AL ; TECR1510AR ; TECR1515 ; TECR3030 ; TECT1309AL ; TECT1309AR ; TECT1510ADP2L ; TECT1510ADP2R ; TECT1510ADPL ; TECT1510ADPR ; TECT1510AL ; TECT1510AR ; TECT1612AFR ; TECT1612AL ; TECT1612AR ; TET1309 ; TET1309D ; TET1510 ; TET1515 ; TET2020 ; TET3030 ; TET5050 ; ADG1510 ; ADG2015 ; ADG3020 ; ADG4030 ; LPG1309AL ; LPG1309AR ; LPG1510 ; LPG1510AK2 ; LPG1510AL ; LPG1510AR ; LPG1510X2 ; LPG1612 ; LPG1612AL ; LPG1612AR ; LPG1614 ; PP1208DL ; PP1208DR ; PP1509G ; PP1515G ; PP2015G ; PP3020G ; PP3030G ; PP4030G ; TEM1208GL ; TEM1208GR ; TEM1409GL ; TEM1409GR ; TEM1509G ; TEM1515G ; TEM2015G ; TEM3015G ; TECG3004 ; SYM12 ; SYM12F ; SYM15 ; SYM1510 ; SYM1510F ; SYM1510OS ; SYM15F ; SYM1710E ; SYM1710EF ; SYM20 ; SYM2012E ; SYM2012EF ; SYM2015 ; SYM2015F ; SYM2015OS ; SYM20F ; SYM2515E ; SYM2515EF ; SYM2520 ; SYM2520F ; SYM2520OS ; SYM3020 ; SYM3020F ; SYM3020OS ; SYM3420E ; SYM3420EF ; SYM3728 ; SYM3728F ; SYM4024E ; SYM4024EF ; SYM4232 ; SYM4232F ; SYM8OS ; SYM9 ; SYM9F ; VTX1106 ; VTX1106X3 ; VTX1510 ; VTX1510X3 ; VTX1515 ; VTX1515M ; VTX1515MX3 ; VTX1515X3 ; VTX2020M ; VTX3030M ; VTX4530M ; VTX5050M ; Sofradim"
"CLINICAL_REVIEWER","/crosses","/crosses","200","Crosswalk","","","0","/catalog?_rsc=zAn-vlYtEcVbUMJ6 net::ERR_ABORTED | /?_rsc=zAn-vlYtEcVbUMJ6 net::ERR_ABORTED | /settings?_rsc=zAn-vlYtEcVbUMJ6 net::ERR_ABORTED | /catalog/gudid?_rsc=zAn-vlYtEcVbUMJ6 net::ERR_ABORTED | /notifications?_rsc=zAn-vlYtEcVbUMJ6 net::ERR_ABORTED | /?_rsc=aniPmKjMQR6zCALO net::ERR_ABORTED | /notifications?_rsc=aniPmKjMQR6zCALO net::ERR_ABORTED","","0","0","0","Switch user ; Approve clinically ; Approve marketing ; Approve (disabled) ; Reject"
"CLINICAL_REVIEWER","/notifications","/notifications","200","Notifications","","","0","/?_rsc=oG-rbVP81bj5yHs2 net::ERR_ABORTED | /catalog?_rsc=oG-rbVP81bj5yHs2 net::ERR_ABORTED | /catalog/gudid?_rsc=oG-rbVP81bj5yHs2 net::ERR_ABORTED | /?_rsc=FxIb9Zh5xrkPNSW4 net::ERR_ABORTED | /crosses?_rsc=FxIb9Zh5xrkPNSW4 net::ERR_ABORTED | /catalog?_rsc=FxIb9Zh5xrkPNSW4 net::ERR_ABORTED | /catalog/gudid?_rsc=FxIb9Zh5xrkPNSW4 net::ERR_ABORTED | /notifications?_rsc=FxIb9Zh5xrkPNSW4 net::ERR_ABORTED","","0","0","0","Switch user ; Mark all read ; Read"
"CLINICAL_REVIEWER","/settings","/settings","200","Settings","Failed to load resource: the server responded with a status of 403 (Forbidden) | Failed to load resource: the server responded with a status of 403 (Forbidden)","","0","/catalog/gudid?_rsc=DQxjArDrgutTG17x net::ERR_ABORTED | /crosses?_rsc=DQxjArDrgutTG17x net::ERR_ABORTED | /?_rsc=DQxjArDrgutTG17x net::ERR_ABORTED | /catalog?_rsc=DQxjArDrgutTG17x net::ERR_ABORTED | /settings/pricing?_rsc=DQxjArDrgutTG17x net::ERR_ABORTED | /?_rsc=j-_vjoKOn8bxlRO7 net::ERR_ABORTED | /catalog?_rsc=j-_vjoKOn8bxlRO7 net::ERR_ABORTED | /notifications?_rsc=DQxjArDrgutTG17x net::ERR_ABORTED | /crosses?_rsc=j-_vjoKOn8bxlRO7 net::ERR_ABORTED | /notifications?_rsc=j-_vjoKOn8bxlRO7 net::ERR_ABORTED | /settings?_rsc=j-_vjoKOn8bxlRO7 net::ERR_ABORTED | /settings/pricing?_rsc=j-_vjoKOn8bxlRO7 net::ERR_ABORTED","403 /api/settings/branding | 403 /api/integrations","0","0","0","Switch user ; Save (disabled)"
"CLINICAL_REVIEWER","/settings/integrations","/settings/integrations","200","Settings","Failed to load resource: the server responded with a status of 403 (Forbidden) | Failed to load resource: the server responded with a status of 403 (Forbidden)","","0","/api/integrations net::ERR_ABORTED | /api/settings/branding net::ERR_ABORTED | /?_rsc=DQxjArDrgutTG17x net::ERR_ABORTED | /catalog?_rsc=DQxjArDrgutTG17x net::ERR_ABORTED | /catalog/gudid?_rsc=DQxjArDrgutTG17x net::ERR_ABORTED | /?_rsc=j-_vjoKOn8bxlRO7 net::ERR_ABORTED | /notifications?_rsc=DQxjArDrgutTG17x net::ERR_ABORTED | /settings/pricing?_rsc=DQxjArDrgutTG17x net::ERR_ABORTED | /catalog?_rsc=j-_vjoKOn8bxlRO7 net::ERR_ABORTED | /catalog/gudid?_rsc=j-_vjoKOn8bxlRO7 net::ERR_ABORTED | /crosses?_rsc=j-_vjoKOn8bxlRO7 net::ERR_ABORTED | /settings?_rsc=j-_vjoKOn8bxlRO7 net::ERR_ABORTED | /notifications?_rsc=j-_vjoKOn8bxlRO7 net::ERR_ABORTED | /settings/pricing?_rsc=j-_vjoKOn8bxlRO7 net::ERR_ABORTED","403 /api/settings/branding | 403 /api/integrations","0","0","0","Switch user ; Save (disabled)"
"CLINICAL_REVIEWER","/settings/pricing","/settings/pricing","200","Pricing policies","Failed to load resource: the server responded with a status of 403 (Forbidden)","","0","/api/integrations net::ERR_ABORTED | /api/settings/branding net::ERR_ABORTED | /?_rsc=8oSST31HPn0UlEto net::ERR_ABORTED | /crosses?_rsc=8oSST31HPn0UlEto net::ERR_ABORTED | /catalog?_rsc=8oSST31HPn0UlEto net::ERR_ABORTED | /catalog/gudid?_rsc=8oSST31HPn0UlEto net::ERR_ABORTED | /settings?_rsc=_Ie442TgELs3Q458 net::ERR_ABORTED | /notifications?_rsc=_Ie442TgELs3Q458 net::ERR_ABORTED","403 /api/pricing-policies","0","0","0","Switch user ; New draft (disabled)"
"FINANCE","/","/","200","Competitive cross reference","","","0","/contracts?_rsc=5CB68i4pnAekjehf net::ERR_ABORTED | /intelligence?_rsc=5CB68i4pnAekjehf net::ERR_ABORTED | /proposals?_rsc=5CB68i4pnAekjehf net::ERR_ABORTED | /accounts?_rsc=5CB68i4pnAekjehf net::ERR_ABORTED | /catalog/gudid?_rsc=5CB68i4pnAekjehf net::ERR_ABORTED | /intelligence/bids?_rsc=5CB68i4pnAekjehf net::ERR_ABORTED | /analytics?_rsc=5CB68i4pnAekjehf net::ERR_ABORTED | /catalog?_rsc=5CB68i4pnAekjehf net::ERR_ABORTED | /settings?_rsc=5CB68i4pnAekjehf net::ERR_ABORTED | /notifications?_rsc=5CB68i4pnAekjehf net::ERR_ABORTED | /?_rsc=tXyZJ52UQVBCVsD3 net::ERR_ABORTED | /proposals?_rsc=tXyZJ52UQVBCVsD3 net::ERR_ABORTED | /accounts?_rsc=tXyZJ52UQVBCVsD3 net::ERR_ABORTED | /contracts?_rsc=tXyZJ52UQVBCVsD3 net::ERR_ABORTED | /intelligence/bids?_rsc=tXyZJ52UQVBCVsD3 net::ERR_ABORTED | /intelligence?_rsc=tXyZJ52UQVBCVsD3 net::ERR_ABORTED | /analytics?_rsc=tXyZJ52UQVBCVsD3 net::ERR_ABORTED | /catalog?_rsc=tXyZJ52UQVBCVsD3 net::ERR_ABORTED | /catalog/gudid?_rsc=tXyZJ52UQVBCVsD3 net::ERR_ABORTED | /crosses?_rsc=tXyZJ52UQVBCVsD3 net::ERR_ABORTED | /settings?_rsc=tXyZJ52UQVBCVsD3 net::ERR_ABORTED | /notifications?_rsc=tXyZJ52UQVBCVsD3 net::ERR_ABORTED","","0","0","0","Switch user"
"FINANCE","/requests","/requests","200","","","","0","/?_rsc=p3Q57VochOqcQNsg net::ERR_ABORTED | /accounts?_rsc=p3Q57VochOqcQNsg net::ERR_ABORTED | /contracts?_rsc=p3Q57VochOqcQNsg net::ERR_ABORTED | /intelligence/bids?_rsc=p3Q57VochOqcQNsg net::ERR_ABORTED | /analytics?_rsc=p3Q57VochOqcQNsg net::ERR_ABORTED | /catalog?_rsc=p3Q57VochOqcQNsg net::ERR_ABORTED | /intelligence?_rsc=p3Q57VochOqcQNsg net::ERR_ABORTED | /catalog/gudid?_rsc=p3Q57VochOqcQNsg net::ERR_ABORTED | /crosses?_rsc=p3Q57VochOqcQNsg net::ERR_ABORTED | /settings?_rsc=p3Q57VochOqcQNsg net::ERR_ABORTED | /proposals?_rsc=nIzLgF1M7nWxnHlV net::ERR_ABORTED | /intelligence?_rsc=nIzLgF1M7nWxnHlV net::ERR_ABORTED | /contracts?_rsc=nIzLgF1M7nWxnHlV net::ERR_ABORTED | /accounts?_rsc=nIzLgF1M7nWxnHlV net::ERR_ABORTED | /intelligence/bids?_rsc=nIzLgF1M7nWxnHlV net::ERR_ABORTED | /analytics?_rsc=nIzLgF1M7nWxnHlV net::ERR_ABORTED | /catalog?_rsc=nIzLgF1M7nWxnHlV net::ERR_ABORTED | /crosses?_rsc=nIzLgF1M7nWxnHlV net::ERR_ABORTED | /settings?_rsc=nIzLgF1M7nWxnHlV net::ERR_ABORTED | /catalog/gudid?_rsc=nIzLgF1M7nWxnHlV net::ERR_ABORTED | /notifications?_rsc=nIzLgF1M7nWxnHlV net::ERR_ABORTED","","0","0","0","Switch user"
"FINANCE","/requests/new","/requests/new","200","","","","0","/proposals?_rsc=4belA-F-xg-XtLdx net::ERR_ABORTED | /?_rsc=4belA-F-xg-XtLdx net::ERR_ABORTED | /accounts?_rsc=4belA-F-xg-XtLdx net::ERR_ABORTED | /contracts?_rsc=4belA-F-xg-XtLdx net::ERR_ABORTED | /intelligence/bids?_rsc=4belA-F-xg-XtLdx net::ERR_ABORTED | /intelligence?_rsc=4belA-F-xg-XtLdx net::ERR_ABORTED | /analytics?_rsc=4belA-F-xg-XtLdx net::ERR_ABORTED | /catalog?_rsc=4belA-F-xg-XtLdx net::ERR_ABORTED | /catalog/gudid?_rsc=4belA-F-xg-XtLdx net::ERR_ABORTED | /crosses?_rsc=4belA-F-xg-XtLdx net::ERR_ABORTED | /settings?_rsc=4belA-F-xg-XtLdx net::ERR_ABORTED | /?_rsc=O1p93FFpSnNce0k4 net::ERR_ABORTED | /proposals?_rsc=O1p93FFpSnNce0k4 net::ERR_ABORTED | /accounts?_rsc=O1p93FFpSnNce0k4 net::ERR_ABORTED | /contracts?_rsc=O1p93FFpSnNce0k4 net::ERR_ABORTED | /intelligence?_rsc=O1p93FFpSnNce0k4 net::ERR_ABORTED | /catalog?_rsc=O1p93FFpSnNce0k4 net::ERR_ABORTED | /catalog/gudid?_rsc=O1p93FFpSnNce0k4 net::ERR_ABORTED | /analytics?_rsc=O1p93FFpSnNce0k4 net::ERR_ABORTED | /intelligence/bids?_rsc=O1p93FFpSnNce0k4 net::ERR_ABORTED | /settings?_rsc=O1p93FFpSnNce0k4 net::ERR_ABORTED | /crosses?_rsc=O1p93FFpSnNce0k4 net::ERR_ABORTED","","0","0","0","Switch user"
"FINANCE","/requests/[id]","/requests/cmufeje3o002hk57d491oejr5","200","","Failed to load resource: the server responded with a status of 403 (Forbidden)","","0","/?_rsc=L4ND5fhfYnvUqaPw net::ERR_ABORTED | /proposals?_rsc=L4ND5fhfYnvUqaPw net::ERR_ABORTED | /accounts?_rsc=L4ND5fhfYnvUqaPw net::ERR_ABORTED | /contracts?_rsc=L4ND5fhfYnvUqaPw net::ERR_ABORTED | /intelligence?_rsc=L4ND5fhfYnvUqaPw net::ERR_ABORTED | /intelligence/bids?_rsc=L4ND5fhfYnvUqaPw net::ERR_ABORTED | /catalog/gudid?_rsc=L4ND5fhfYnvUqaPw net::ERR_ABORTED | /crosses?_rsc=L4ND5fhfYnvUqaPw net::ERR_ABORTED | /settings?_rsc=L4ND5fhfYnvUqaPw net::ERR_ABORTED | /notifications?_rsc=L4ND5fhfYnvUqaPw net::ERR_ABORTED | /requests?_rsc=L4ND5fhfYnvUqaPw net::ERR_ABORTED | /?_rsc=grHQqzBoP485Pe5C net::ERR_ABORTED | /proposals?_rsc=grHQqzBoP485Pe5C net::ERR_ABORTED | /accounts?_rsc=grHQqzBoP485Pe5C net::ERR_ABORTED | /intelligence?_rsc=grHQqzBoP485Pe5C net::ERR_ABORTED | /contracts?_rsc=grHQqzBoP485Pe5C net::ERR_ABORTED | /requests?_rsc=grHQqzBoP485Pe5C net::ERR_ABORTED | /intelligence/bids?_rsc=grHQqzBoP485Pe5C net::ERR_ABORTED | /crosses?_rsc=grHQqzBoP485Pe5C net::ERR_ABORTED | /analytics?_rsc=grHQqzBoP485Pe5C net::ERR_ABORTED | /catalog?_rsc=grHQqzBoP485Pe5C net::ERR_ABORTED | /catalog/gudid?_rsc=grHQqzBoP485Pe5C net::ERR_ABORTED | /settings?_rsc=grHQqzBoP485Pe5C net::ERR_ABORTED | /notifications?_rsc=grHQqzBoP485Pe5C net::ERR_ABORTED","403 /api/requests/cmufeje3o002hk57d491oejr5","0","0","0","Switch user"
"FINANCE","/proposals","/proposals","200","Commercial proposals","","","0","/intelligence?_rsc=8qZH60WsiyOTuseO net::ERR_ABORTED | /?_rsc=8qZH60WsiyOTuseO net::ERR_ABORTED | /accounts?_rsc=8qZH60WsiyOTuseO net::ERR_ABORTED | /contracts?_rsc=8qZH60WsiyOTuseO net::ERR_ABORTED | /analytics?_rsc=8qZH60WsiyOTuseO net::ERR_ABORTED | /intelligence/bids?_rsc=8qZH60WsiyOTuseO net::ERR_ABORTED | /catalog?_rsc=8qZH60WsiyOTuseO net::ERR_ABORTED | /catalog/gudid?_rsc=8qZH60WsiyOTuseO net::ERR_ABORTED | /crosses?_rsc=8qZH60WsiyOTuseO net::ERR_ABORTED | /settings?_rsc=8qZH60WsiyOTuseO net::ERR_ABORTED | /proposals/cmufem5ld0056k57d2utmar8g?_rsc=8qZH60WsiyOTuseO net::ERR_ABORTED | /proposals/cmufejry60041k57dwr6rvl6x?_rsc=8qZH60WsiyOTuseO net::ERR_ABORTED | /proposals/cmufe2r28001ai27dm62d5upt?_rsc=8qZH60WsiyOTuseO net::ERR_ABORTED | /proposals/cmufdkkln003q8l7d1m4dm88l?_rsc=8qZH60WsiyOTuseO net::ERR_ABORTED | /?_rsc=yDw8cg_cK2Tq2IDS net::ERR_ABORTED | /proposals?_rsc=yDw8cg_cK2Tq2IDS net::ERR_ABORTED | /accounts?_rsc=yDw8cg_cK2Tq2IDS net::ERR_ABORTED | /contracts?_rsc=yDw8cg_cK2Tq2IDS net::ERR_ABORTED | /catalog?_rsc=yDw8cg_cK2Tq2IDS net::ERR_ABORTED | /analytics?_rsc=yDw8cg_cK2Tq2IDS net::ERR_ABORTED | /intelligence/bids?_rsc=yDw8cg_cK2Tq2IDS net::ERR_ABORTED | /intelligence?_rsc=yDw8cg_cK2Tq2IDS net::ERR_ABORTED | /settings?_rsc=yDw8cg_cK2Tq2IDS net::ERR_ABORTED | /catalog/gudid?_rsc=yDw8cg_cK2Tq2IDS net::ERR_ABORTED | /crosses?_rsc=yDw8cg_cK2Tq2IDS net::ERR_ABORTED | /notifications?_rsc=yDw8cg_cK2Tq2IDS net::ERR_ABORTED | /proposals/cmufejry60041k57dwr6rvl6x?_rsc=yDw8cg_cK2Tq2IDS net::ERR_ABORTED | /proposals/cmufem5ld0056k57d2utmar8g?_rsc=yDw8cg_cK2Tq2IDS net::ERR_ABORTED | /proposals/cmufe2r28001ai27dm62d5upt?_rsc=yDw8cg_cK2Tq2IDS net::ERR_ABORTED | /proposals/cmufcz0vr001hnp7dqk2z8vcf?_rsc=yDw8cg_cK2Tq2IDS net::ERR_ABORTED | /proposals/cmufcovyo004l5y7dyhkzdcxj?_rsc=yDw8cg_cK2Tq2IDS net::ERR_ABORTED","","0","1","0","Switch user"
"FINANCE","/proposals/[id]","/proposals/cmufem5ld0056k57d2utmar8g","200","PRP-0035-v2 · WS3 Journey Hospital","","","0","/accounts?_rsc=IZ6zrI2LDRRC1-Wd net::ERR_ABORTED | /contracts?_rsc=IZ6zrI2LDRRC1-Wd net::ERR_ABORTED | /?_rsc=IZ6zrI2LDRRC1-Wd net::ERR_ABORTED | /proposals?_rsc=IZ6zrI2LDRRC1-Wd net::ERR_ABORTED | /settings?_rsc=IZ6zrI2LDRRC1-Wd net::ERR_ABORTED | /requests/cmufeje3o002hk57d491oejr5?_rsc=IZ6zrI2LDRRC1-Wd net::ERR_ABORTED | /catalog/gudid?_rsc=IZ6zrI2LDRRC1-Wd net::ERR_ABORTED | /crosses?_rsc=IZ6zrI2LDRRC1-Wd net::ERR_ABORTED | /requests/cmufeje3o002hk57d491oejr5?_rsc=fAAmY66VdqvUMp3_ net::ERR_ABORTED | /?_rsc=fAAmY66VdqvUMp3_ net::ERR_ABORTED | /proposals?_rsc=fAAmY66VdqvUMp3_ net::ERR_ABORTED | /notifications?_rsc=IZ6zrI2LDRRC1-Wd net::ERR_ABORTED | /intelligence?_rsc=fAAmY66VdqvUMp3_ net::ERR_ABORTED | /intelligence/bids?_rsc=fAAmY66VdqvUMp3_ net::ERR_ABORTED | /analytics?_rsc=fAAmY66VdqvUMp3_ net::ERR_ABORTED | /catalog?_rsc=fAAmY66VdqvUMp3_ net::ERR_ABORTED | /catalog/gudid?_rsc=fAAmY66VdqvUMp3_ net::ERR_ABORTED | /crosses?_rsc=fAAmY66VdqvUMp3_ net::ERR_ABORTED | /settings?_rsc=fAAmY66VdqvUMp3_ net::ERR_ABORTED | /notifications?_rsc=fAAmY66VdqvUMp3_ net::ERR_ABORTED","","0","1","0","Switch user ; Details ; Proposal ; Show audit trail ; 1190500 ; B12LTH"
"FINANCE","/approvals","/approvals","200","Pricing approvals","","","0","/accounts?_rsc=Ut9iRRX_9PZKRdF- net::ERR_ABORTED | /contracts?_rsc=Ut9iRRX_9PZKRdF- net::ERR_ABORTED | /?_rsc=Ut9iRRX_9PZKRdF- net::ERR_ABORTED | /proposals?_rsc=Ut9iRRX_9PZKRdF- net::ERR_ABORTED | /intelligence?_rsc=Ut9iRRX_9PZKRdF- net::ERR_ABORTED | /catalog?_rsc=Ut9iRRX_9PZKRdF- net::ERR_ABORTED | /intelligence/bids?_rsc=Ut9iRRX_9PZKRdF- net::ERR_ABORTED | /catalog/gudid?_rsc=Ut9iRRX_9PZKRdF- net::ERR_ABORTED | /analytics?_rsc=Ut9iRRX_9PZKRdF- net::ERR_ABORTED | /crosses?_rsc=Ut9iRRX_9PZKRdF- net::ERR_ABORTED | /settings?_rsc=Ut9iRRX_9PZKRdF- net::ERR_ABORTED | /notifications?_rsc=Ut9iRRX_9PZKRdF- net::ERR_ABORTED | /?_rsc=AU6DTT46DVXZ7jWj net::ERR_ABORTED | /proposals?_rsc=AU6DTT46DVXZ7jWj net::ERR_ABORTED | /accounts?_rsc=AU6DTT46DVXZ7jWj net::ERR_ABORTED | /contracts?_rsc=AU6DTT46DVXZ7jWj net::ERR_ABORTED | /intelligence?_rsc=AU6DTT46DVXZ7jWj net::ERR_ABORTED | /intelligence/bids?_rsc=AU6DTT46DVXZ7jWj net::ERR_ABORTED | /analytics?_rsc=AU6DTT46DVXZ7jWj net::ERR_ABORTED | /settings?_rsc=AU6DTT46DVXZ7jWj net::ERR_ABORTED | /crosses?_rsc=AU6DTT46DVXZ7jWj net::ERR_ABORTED | /catalog?_rsc=AU6DTT46DVXZ7jWj net::ERR_ABORTED | /catalog/gudid?_rsc=AU6DTT46DVXZ7jWj net::ERR_ABORTED | /notifications?_rsc=AU6DTT46DVXZ7jWj net::ERR_ABORTED","","0","0","0","Switch user ; Delegate my approvals (disabled)"
"FINANCE","/accounts","/accounts","200","Accounts & GPO membership","","","0","/?_rsc=iZGmHDWBA-6V7KTQ net::ERR_ABORTED | /proposals?_rsc=iZGmHDWBA-6V7KTQ net::ERR_ABORTED | /contracts?_rsc=iZGmHDWBA-6V7KTQ net::ERR_ABORTED | /intelligence?_rsc=iZGmHDWBA-6V7KTQ net::ERR_ABORTED | /intelligence/bids?_rsc=iZGmHDWBA-6V7KTQ net::ERR_ABORTED | /analytics?_rsc=iZGmHDWBA-6V7KTQ net::ERR_ABORTED | /catalog?_rsc=iZGmHDWBA-6V7KTQ net::ERR_ABORTED | /catalog/gudid?_rsc=iZGmHDWBA-6V7KTQ net::ERR_ABORTED | /settings?_rsc=iZGmHDWBA-6V7KTQ net::ERR_ABORTED | /notifications?_rsc=iZGmHDWBA-6V7KTQ net::ERR_ABORTED | /crosses?_rsc=iZGmHDWBA-6V7KTQ net::ERR_ABORTED | /accounts/cmuf6hiho02rlks7d2xz6w5ev?_rsc=iZGmHDWBA-6V7KTQ net::ERR_ABORTED | /accounts/cmuf6hihq02rmks7did2qxong?_rsc=iZGmHDWBA-6V7KTQ net::ERR_ABORTED | /accounts/cmufdfwvc009mnp7dh1j0oelm?_rsc=iZGmHDWBA-6V7KTQ net::ERR_ABORTED | /?_rsc=oRxEn_R9e10JER3Z net::ERR_ABORTED | /proposals?_rsc=oRxEn_R9e10JER3Z net::ERR_ABORTED | /accounts?_rsc=oRxEn_R9e10JER3Z net::ERR_ABORTED | /contracts?_rsc=oRxEn_R9e10JER3Z net::ERR_ABORTED | /intelligence?_rsc=oRxEn_R9e10JER3Z net::ERR_ABORTED | /intelligence/bids?_rsc=oRxEn_R9e10JER3Z net::ERR_ABORTED | /catalog?_rsc=oRxEn_R9e10JER3Z net::ERR_ABORTED | /catalog/gudid?_rsc=oRxEn_R9e10JER3Z net::ERR_ABORTED | /crosses?_rsc=oRxEn_R9e10JER3Z net::ERR_ABORTED | /settings?_rsc=oRxEn_R9e10JER3Z net::ERR_ABORTED | /notifications?_rsc=oRxEn_R9e10JER3Z net::ERR_ABORTED | /accounts/cmuf6hiho02rlks7d2xz6w5ev?_rsc=oRxEn_R9e10JER3Z net::ERR_ABORTED | /accounts/cmuf6hihq02rmks7did2qxong?_rsc=oRxEn_R9e10JER3Z net::ERR_ABORTED | /accounts/cmufdfwvc009mnp7dh1j0oelm?_rsc=oRxEn_R9e10JER3Z net::ERR_ABORTED | /accounts/cmufdfwvr009pnp7dx6f1v0bl?_rsc=oRxEn_R9e10JER3Z net::ERR_ABORTED | /accounts/cmuf6hihh02riks7dkuig0cbl?_rsc=oRxEn_R9e10JER3Z net::ERR_ABORTED | /accounts/cmuf6hihk02rjks7dyamo9w2u?_rsc=oRxEn_R9e10JER3Z net::ERR_ABORTED","","0","0","0","Switch user"
"FINANCE","/accounts/[id]","/accounts/cmuf6hihm02rkks7drm31yuur","200","Hospital A — Mount Vernon General","","","0","/proposals?_rsc=pYoAThzR_ryjq0MS net::ERR_ABORTED | /?_rsc=pYoAThzR_ryjq0MS net::ERR_ABORTED | /intelligence?_rsc=pYoAThzR_ryjq0MS net::ERR_ABORTED | /intelligence/bids?_rsc=pYoAThzR_ryjq0MS net::ERR_ABORTED | /analytics?_rsc=pYoAThzR_ryjq0MS net::ERR_ABORTED | /catalog?_rsc=pYoAThzR_ryjq0MS net::ERR_ABORTED | /crosses?_rsc=pYoAThzR_ryjq0MS net::ERR_ABORTED | /catalog/gudid?_rsc=pYoAThzR_ryjq0MS net::ERR_ABORTED | /settings?_rsc=pYoAThzR_ryjq0MS net::ERR_ABORTED | /notifications?_rsc=pYoAThzR_ryjq0MS net::ERR_ABORTED | /contracts/cmuf6himl02swks7dif6nb96r?_rsc=pYoAThzR_ryjq0MS net::ERR_ABORTED | /contracts/cmufdgwn600018l7dib8n6qm4?_rsc=pYoAThzR_ryjq0MS net::ERR_ABORTED | /contracts/cmufehj7i0011k57dzpf8j0ce?_rsc=pYoAThzR_ryjq0MS net::ERR_ABORTED | /contracts?_rsc=gRQ4rCW2m6dkjkis net::ERR_ABORTED | /?_rsc=gRQ4rCW2m6dkjkis net::ERR_ABORTED | /proposals?_rsc=gRQ4rCW2m6dkjkis net::ERR_ABORTED | /accounts?_rsc=gRQ4rCW2m6dkjkis net::ERR_ABORTED | /catalog?_rsc=gRQ4rCW2m6dkjkis net::ERR_ABORTED | /intelligence?_rsc=gRQ4rCW2m6dkjkis net::ERR_ABORTED | /intelligence/bids?_rsc=gRQ4rCW2m6dkjkis net::ERR_ABORTED | /analytics?_rsc=gRQ4rCW2m6dkjkis net::ERR_ABORTED | /catalog/gudid?_rsc=gRQ4rCW2m6dkjkis net::ERR_ABORTED | /crosses?_rsc=gRQ4rCW2m6dkjkis net::ERR_ABORTED | /settings?_rsc=gRQ4rCW2m6dkjkis net::ERR_ABORTED | /notifications?_rsc=gRQ4rCW2m6dkjkis net::ERR_ABORTED | /contracts/cmufdgwn600018l7dib8n6qm4?_rsc=gRQ4rCW2m6dkjkis net::ERR_ABORTED | /contracts/cmuf6himl02swks7dif6nb96r?_rsc=gRQ4rCW2m6dkjkis net::ERR_ABORTED | /contracts/cmufehj7i0011k57dzpf8j0ce?_rsc=gRQ4rCW2m6dkjkis net::ERR_ABORTED","","0","1","0","Switch user"
"FINANCE","/contracts","/contracts","200","Contracts & price context","","","0","/proposals?_rsc=DzmfcRRfJeItXkgz net::ERR_ABORTED | /accounts?_rsc=DzmfcRRfJeItXkgz net::ERR_ABORTED | /intelligence?_rsc=DzmfcRRfJeItXkgz net::ERR_ABORTED | /?_rsc=DzmfcRRfJeItXkgz net::ERR_ABORTED | /intelligence/bids?_rsc=DzmfcRRfJeItXkgz net::ERR_ABORTED | /analytics?_rsc=DzmfcRRfJeItXkgz net::ERR_ABORTED | /catalog?_rsc=DzmfcRRfJeItXkgz net::ERR_ABORTED | /catalog/gudid?_rsc=DzmfcRRfJeItXkgz net::ERR_ABORTED | /crosses?_rsc=DzmfcRRfJeItXkgz net::ERR_ABORTED | /notifications?_rsc=DzmfcRRfJeItXkgz net::ERR_ABORTED | /settings?_rsc=DzmfcRRfJeItXkgz net::ERR_ABORTED | /contracts/cmuf6himu02sxks7dkgml1rr2?_rsc=DzmfcRRfJeItXkgz net::ERR_ABORTED | /contracts/cmufdjs85002o8l7dlcs3cpjp?_rsc=DzmfcRRfJeItXkgz net::ERR_ABORTED | /contracts/cmufdkjds003i8l7d15s8fm19?_rsc=DzmfcRRfJeItXkgz net::ERR_ABORTED | /contracts/cmufe2ptb0012i27dn2ix59o5?_rsc=DzmfcRRfJeItXkgz net::ERR_ABORTED | /?_rsc=2Ju2sngZl13OvaTN net::ERR_ABORTED | /proposals?_rsc=2Ju2sngZl13OvaTN net::ERR_ABORTED | /accounts?_rsc=2Ju2sngZl13OvaTN net::ERR_ABORTED | /contracts?_rsc=2Ju2sngZl13OvaTN net::ERR_ABORTED | /intelligence?_rsc=2Ju2sngZl13OvaTN net::ERR_ABORTED | /intelligence/bids?_rsc=2Ju2sngZl13OvaTN net::ERR_ABORTED | /analytics?_rsc=2Ju2sngZl13OvaTN net::ERR_ABORTED | /catalog?_rsc=2Ju2sngZl13OvaTN net::ERR_ABORTED | /catalog/gudid?_rsc=2Ju2sngZl13OvaTN net::ERR_ABORTED | /crosses?_rsc=2Ju2sngZl13OvaTN net::ERR_ABORTED | /settings?_rsc=2Ju2sngZl13OvaTN net::ERR_ABORTED | /notifications?_rsc=2Ju2sngZl13OvaTN net::ERR_ABORTED | /contracts/cmufdjs85002o8l7dlcs3cpjp?_rsc=2Ju2sngZl13OvaTN net::ERR_ABORTED | /contracts/cmufdkjds003i8l7d15s8fm19?_rsc=2Ju2sngZl13OvaTN net::ERR_ABORTED | /contracts/cmuf6himu02sxks7dkgml1rr2?_rsc=2Ju2sngZl13OvaTN net::ERR_ABORTED | /contracts/cmufe2ptb0012i27dn2ix59o5?_rsc=2Ju2sngZl13OvaTN net::ERR_ABORTED | /contracts/cmuf6himl02swks7dif6nb96r?_rsc=2Ju2sngZl13OvaTN net::ERR_ABORTED | /contracts/cmufehj7i0011k57dzpf8j0ce?_rsc=2Ju2sngZl13OvaTN net::ERR_ABORTED | /contracts/cmufem4bg004yk57dg70ct1u2?_rsc=2Ju2sngZl13OvaTN net::ERR_ABORTED | /contracts/cmufdgwn600018l7dib8n6qm4?_rsc=2Ju2sngZl13OvaTN net::ERR_ABORTED","","0","1","0","Switch user ; New contract (disabled)"
"FINANCE","/contracts/[id]","/contracts/cmuf6himu02sxks7dkgml1rr2","200","MSK-LOCAL-2026 · MSK local mesh agreement","","","0","/?_rsc=TQOCHQXESAyQ3VEl net::ERR_ABORTED | /proposals?_rsc=TQOCHQXESAyQ3VEl net::ERR_ABORTED | /accounts?_rsc=TQOCHQXESAyQ3VEl net::ERR_ABORTED | /contracts?_rsc=TQOCHQXESAyQ3VEl net::ERR_ABORTED | /intelligence?_rsc=TQOCHQXESAyQ3VEl net::ERR_ABORTED | /intelligence/bids?_rsc=TQOCHQXESAyQ3VEl net::ERR_ABORTED | /crosses?_rsc=TQOCHQXESAyQ3VEl net::ERR_ABORTED | /settings?_rsc=TQOCHQXESAyQ3VEl net::ERR_ABORTED | /notifications?_rsc=TQOCHQXESAyQ3VEl net::ERR_ABORTED | /accounts/cmuf6hihk02rjks7dyamo9w2u?_rsc=TQOCHQXESAyQ3VEl net::ERR_ABORTED | /?_rsc=12web-rdU3k9vLaG net::ERR_ABORTED | /accounts?_rsc=12web-rdU3k9vLaG net::ERR_ABORTED | /proposals?_rsc=12web-rdU3k9vLaG net::ERR_ABORTED | /accounts/cmuf6hihk02rjks7dyamo9w2u?_rsc=12web-rdU3k9vLaG net::ERR_ABORTED | /contracts?_rsc=12web-rdU3k9vLaG net::ERR_ABORTED | /intelligence?_rsc=12web-rdU3k9vLaG net::ERR_ABORTED | /intelligence/bids?_rsc=12web-rdU3k9vLaG net::ERR_ABORTED | /catalog?_rsc=12web-rdU3k9vLaG net::ERR_ABORTED | /analytics?_rsc=12web-rdU3k9vLaG net::ERR_ABORTED | /catalog/gudid?_rsc=12web-rdU3k9vLaG net::ERR_ABORTED | /crosses?_rsc=12web-rdU3k9vLaG net::ERR_ABORTED | /notifications?_rsc=12web-rdU3k9vLaG net::ERR_ABORTED","","0","1","0","Switch user ; Refresh performance ; Save entries (disabled)"
"FINANCE","/intelligence","/intelligence","200","Competitor pricing","","","0","/accounts?_rsc=3fD0047dUoUPXvG2 net::ERR_ABORTED | /contracts?_rsc=3fD0047dUoUPXvG2 net::ERR_ABORTED | /?_rsc=3fD0047dUoUPXvG2 net::ERR_ABORTED | /proposals?_rsc=3fD0047dUoUPXvG2 net::ERR_ABORTED | /intelligence/bids?_rsc=3fD0047dUoUPXvG2 net::ERR_ABORTED | /analytics?_rsc=3fD0047dUoUPXvG2 net::ERR_ABORTED | /crosses?_rsc=3fD0047dUoUPXvG2 net::ERR_ABORTED | /settings?_rsc=3fD0047dUoUPXvG2 net::ERR_ABORTED | /notifications?_rsc=3fD0047dUoUPXvG2 net::ERR_ABORTED | /contracts?_rsc=gu9LWiAQNzfrKsW2 net::ERR_ABORTED | /proposals?_rsc=gu9LWiAQNzfrKsW2 net::ERR_ABORTED | /accounts?_rsc=gu9LWiAQNzfrKsW2 net::ERR_ABORTED | /intelligence?_rsc=gu9LWiAQNzfrKsW2 net::ERR_ABORTED | /intelligence/bids?_rsc=gu9LWiAQNzfrKsW2 net::ERR_ABORTED | /analytics?_rsc=gu9LWiAQNzfrKsW2 net::ERR_ABORTED | /catalog?_rsc=gu9LWiAQNzfrKsW2 net::ERR_ABORTED | /settings?_rsc=gu9LWiAQNzfrKsW2 net::ERR_ABORTED | /catalog/gudid?_rsc=gu9LWiAQNzfrKsW2 net::ERR_ABORTED | /crosses?_rsc=gu9LWiAQNzfrKsW2 net::ERR_ABORTED | /notifications?_rsc=gu9LWiAQNzfrKsW2 net::ERR_ABORTED","","0","1","0","Switch user ; 1190500 ; WS3OBS3 ; WS3OBS2 ; WS3OBS1 ; 112680 ; 1190816 ; SPMII ; 1200710 ; 1201520 ; 113700 ; 112650 ; 112660 ; UPA31015 ; 1190820 ; 1202025 ; 1190300 ; SPMXXL ; 1410015010 ; 1DLMC03 ; 1DLMC05"
"FINANCE","/intelligence/bids","/intelligence/bids","200","Public bids and awards","","","0","/proposals?_rsc=2gWrMJaxdn-CU2fc net::ERR_ABORTED | /accounts?_rsc=2gWrMJaxdn-CU2fc net::ERR_ABORTED | /contracts?_rsc=2gWrMJaxdn-CU2fc net::ERR_ABORTED | /intelligence?_rsc=2gWrMJaxdn-CU2fc net::ERR_ABORTED | /analytics?_rsc=2gWrMJaxdn-CU2fc net::ERR_ABORTED | /catalog?_rsc=2gWrMJaxdn-CU2fc net::ERR_ABORTED | /catalog/gudid?_rsc=2gWrMJaxdn-CU2fc net::ERR_ABORTED | /settings?_rsc=2gWrMJaxdn-CU2fc net::ERR_ABORTED | /notifications?_rsc=2gWrMJaxdn-CU2fc net::ERR_ABORTED | /?_rsc=W5McYxvxTMCZbYJx net::ERR_ABORTED | /crosses?_rsc=2gWrMJaxdn-CU2fc net::ERR_ABORTED | /proposals?_rsc=W5McYxvxTMCZbYJx net::ERR_ABORTED | /accounts?_rsc=W5McYxvxTMCZbYJx net::ERR_ABORTED | /contracts?_rsc=W5McYxvxTMCZbYJx net::ERR_ABORTED | /intelligence?_rsc=W5McYxvxTMCZbYJx net::ERR_ABORTED | /intelligence/bids?_rsc=W5McYxvxTMCZbYJx net::ERR_ABORTED | /analytics?_rsc=W5McYxvxTMCZbYJx net::ERR_ABORTED | /crosses?_rsc=W5McYxvxTMCZbYJx net::ERR_ABORTED | /settings?_rsc=W5McYxvxTMCZbYJx net::ERR_ABORTED | /notifications?_rsc=W5McYxvxTMCZbYJx net::ERR_ABORTED","","0","0","0","Switch user ; Pull (disabled) ; Save (disabled) ; Bid file (disabled)"
"FINANCE","/intelligence/extractions/[id]","/intelligence/extractions/missing0000000000000000","200","Extraction","Failed to load resource: the server responded with a status of 404 (Not Found)","","0","/?_rsc=VJB2dfGule5Oh2L3 net::ERR_ABORTED | /proposals?_rsc=VJB2dfGule5Oh2L3 net::ERR_ABORTED | /accounts?_rsc=VJB2dfGule5Oh2L3 net::ERR_ABORTED | /contracts?_rsc=VJB2dfGule5Oh2L3 net::ERR_ABORTED | /intelligence?_rsc=VJB2dfGule5Oh2L3 net::ERR_ABORTED | /intelligence/bids?_rsc=VJB2dfGule5Oh2L3 net::ERR_ABORTED | /analytics?_rsc=VJB2dfGule5Oh2L3 net::ERR_ABORTED | /catalog?_rsc=VJB2dfGule5Oh2L3 net::ERR_ABORTED | /catalog/gudid?_rsc=VJB2dfGule5Oh2L3 net::ERR_ABORTED | /crosses?_rsc=VJB2dfGule5Oh2L3 net::ERR_ABORTED | /settings?_rsc=VJB2dfGule5Oh2L3 net::ERR_ABORTED | /notifications?_rsc=VJB2dfGule5Oh2L3 net::ERR_ABORTED | /?_rsc=wBL8jh-0AxNJNXN_ net::ERR_ABORTED | /proposals?_rsc=wBL8jh-0AxNJNXN_ net::ERR_ABORTED | /intelligence/bids?_rsc=wBL8jh-0AxNJNXN_ net::ERR_ABORTED | /contracts?_rsc=wBL8jh-0AxNJNXN_ net::ERR_ABORTED | /accounts?_rsc=wBL8jh-0AxNJNXN_ net::ERR_ABORTED | /intelligence?_rsc=wBL8jh-0AxNJNXN_ net::ERR_ABORTED | /catalog?_rsc=wBL8jh-0AxNJNXN_ net::ERR_ABORTED | /catalog/gudid?_rsc=wBL8jh-0AxNJNXN_ net::ERR_ABORTED | /analytics?_rsc=wBL8jh-0AxNJNXN_ net::ERR_ABORTED | /crosses?_rsc=wBL8jh-0AxNJNXN_ net::ERR_ABORTED | /settings?_rsc=wBL8jh-0AxNJNXN_ net::ERR_ABORTED","404 /api/documents/extractions/missing0000000000000000","0","0","0","Switch user"
"FINANCE","/analytics","/analytics","200","Commercial feedback loop","","","0","/proposals?_rsc=ix5_aAief6TvBg04 net::ERR_ABORTED | /accounts?_rsc=ix5_aAief6TvBg04 net::ERR_ABORTED | /contracts?_rsc=ix5_aAief6TvBg04 net::ERR_ABORTED | /?_rsc=ix5_aAief6TvBg04 net::ERR_ABORTED | /intelligence?_rsc=ix5_aAief6TvBg04 net::ERR_ABORTED | /intelligence/bids?_rsc=ix5_aAief6TvBg04 net::ERR_ABORTED | /catalog/gudid?_rsc=ix5_aAief6TvBg04 net::ERR_ABORTED | /crosses?_rsc=ix5_aAief6TvBg04 net::ERR_ABORTED | /settings?_rsc=ix5_aAief6TvBg04 net::ERR_ABORTED | /notifications?_rsc=ix5_aAief6TvBg04 net::ERR_ABORTED | /?_rsc=Dt318okBLJyNDlfE net::ERR_ABORTED | /proposals?_rsc=Dt318okBLJyNDlfE net::ERR_ABORTED | /intelligence/bids?_rsc=Dt318okBLJyNDlfE net::ERR_ABORTED | /contracts?_rsc=Dt318okBLJyNDlfE net::ERR_ABORTED | /intelligence?_rsc=Dt318okBLJyNDlfE net::ERR_ABORTED | /accounts?_rsc=Dt318okBLJyNDlfE net::ERR_ABORTED | /analytics?_rsc=Dt318okBLJyNDlfE net::ERR_ABORTED | /catalog?_rsc=Dt318okBLJyNDlfE net::ERR_ABORTED | /catalog/gudid?_rsc=Dt318okBLJyNDlfE net::ERR_ABORTED | /crosses?_rsc=Dt318okBLJyNDlfE net::ERR_ABORTED | /settings?_rsc=Dt318okBLJyNDlfE net::ERR_ABORTED | /notifications?_rsc=Dt318okBLJyNDlfE net::ERR_ABORTED","","0","1","0","Switch user ; Refresh"
"FINANCE","/catalog","/catalog","200","Our catalog","","","0","/accounts?_rsc=OYzo7EH3MGwwxBfF net::ERR_ABORTED | /?_rsc=OYzo7EH3MGwwxBfF net::ERR_ABORTED | /contracts?_rsc=OYzo7EH3MGwwxBfF net::ERR_ABORTED | /intelligence?_rsc=OYzo7EH3MGwwxBfF net::ERR_ABORTED | /analytics?_rsc=OYzo7EH3MGwwxBfF net::ERR_ABORTED | /intelligence/bids?_rsc=OYzo7EH3MGwwxBfF net::ERR_ABORTED | /catalog/gudid?_rsc=OYzo7EH3MGwwxBfF net::ERR_ABORTED | /crosses?_rsc=OYzo7EH3MGwwxBfF net::ERR_ABORTED | /settings?_rsc=OYzo7EH3MGwwxBfF net::ERR_ABORTED | /notifications?_rsc=OYzo7EH3MGwwxBfF net::ERR_ABORTED | /?_rsc=O6cAbYUSgs3KBG-F net::ERR_ABORTED | /proposals?_rsc=O6cAbYUSgs3KBG-F net::ERR_ABORTED | /accounts?_rsc=O6cAbYUSgs3KBG-F net::ERR_ABORTED | /contracts?_rsc=O6cAbYUSgs3KBG-F net::ERR_ABORTED | /intelligence?_rsc=O6cAbYUSgs3KBG-F net::ERR_ABORTED | /analytics?_rsc=O6cAbYUSgs3KBG-F net::ERR_ABORTED | /intelligence/bids?_rsc=O6cAbYUSgs3KBG-F net::ERR_ABORTED | /catalog?_rsc=O6cAbYUSgs3KBG-F net::ERR_ABORTED | /catalog/gudid?_rsc=O6cAbYUSgs3KBG-F net::ERR_ABORTED | /settings?_rsc=O6cAbYUSgs3KBG-F net::ERR_ABORTED | /crosses?_rsc=O6cAbYUSgs3KBG-F net::ERR_ABORTED","","0","1","0","Switch user ; GUDID library ; Pricing ; 174006 ; ABSTACK30 ; ABSTACK30X ; PCO2015X ; PCO2520X ; PCO9X ; 11-1276 ; 11-1278 ; 171305 ; 173019 ; 173030 ; 173046 ; 173049 ; 173050G ; 174001 ; 174209 ; 174213 ; 174233 ; 174301 ; 174309 ; 174317 ; 174601 ; 176605 ; 176613 ; 176643 ; 176645 ; 176647 ; 178081 ; 178083 ; 178091 ; 178093 ; 178099 ; 25030 ; CATCH10 ; E3781-28 ; E3781R-28ASP ; E3783-28 ; E3783R-28ASP ; E3783R-36ASP ; LF1837 ; LF5637 ; SILSCLINCH46 ; SILSDISSECT46 ; SILSHOOK36 ; SILSHOOK46 ; SILSSHEAR46 ; WPLGR914 ; WPXLGR1117 ; 010316L ; 010460 ; 010470 ; 015427L ; 015433L ; 015441L ; 015451L ; 015458L ; 015477L ; 015485L ; 015888L ; 017614 ; 020242 ; 030330L ; 030412 ; 030424L ; 030425 ; 030426 ; 030454 ; 030470 ; 030735L ; 059037 ; 111981 ; 111983 ; 111985 ; 111987 ; 111989 ; 3948L ; 3971 ; 3973 ; 4901T ; 8886803712 ; EEA21 ; EEA2135 ; EEA25 ; EEA2535 ; EEA28 ; EEA2835 ; EEA31 ; EEA33 ; EEAXL21 ; EEAXL2135 ; EEAXL25 ; EEAXL2535 ; EEAXL28 ; EEAXL2835 ; EEAXL31 ; EEAXL33 ; EGIA45AMT ; EGIA45AV ; EGIA45AVM ; EGIA45CTAVM ; EGIA60AMT ; EGIA60AVM ; EGIA60AXT ; EGIARADMT ; EGIARADVM ; EGIARADXT ; EGIAUSHORT ; EGIAUSTND ; EGIAUXL ; GIA10038L ; GIA10038S ; GIA10048L ; GIA10048S ; GIA6025L ; GIA6025S ; GIA6038L ; GIA6038S ; GIA6048L ; GIA6048S ; GIA60MTC ; GIA60MTS ; GIA60XTC ; GIA60XTS ; GIA8038L ; GIA8038S ; GIA8048L ; GIA8048S ; GIA80MTC ; GIA80MTS ; GIA80XTC ; GIA80XTS ; HEM3335 ; HEM3348 ; IDRVULTRA1 ; SGIA6038S ; SIG30AMT ; SIG30AV ; SIG30AVM ; SIG30CTAV ; SIG30CTAVM ; SIG45AMT ; SIG45AXT ; SIG45CTAMT ; SIG45CTAV ; SIG45CTAVM ; SIG60AMT ; SIG60AXT ; SIG60CTAMT ; SIG60CTAVM ; SIGADAPTSHORT ; SIGADAPTSTND ; SIGADAPTXL ; SIGC45MT ; SIGC45V ; SIGC45VM ; SIGC45VT ; SIGC60MT ; SIGC60V ; SIGC60VM ; SIGC60VT ; SIGLU45A ; SIGLU60A ; SIGPSHELL ; SIGRADMT ; SIGRADVM ; SIGRADXT ; SIGSDL45CTVT ; SIGSDS30CTV ; SIGSDS30CTVT ; SIGTRSB45AMT ; SIGTRSB45AXT ; SIGTRSB60AMT ; SIGTRSB60AXT ; TA3035L ; TA3035S ; TA3048L ; TA3048S ; TA30V3L ; TA30V3S ; TA4535L ; TA4535S ; TA4548L ; TA4548S ; TA6035L ; TA6035S ; TA6048L ; TA6048S ; TA9035L ; TA9035S ; TA9048L ; TA9048S ; TRIEEA28MT ; TRIEEA28XT ; TRIEEA31MT ; TRIEEA31XT ; TRIEEAXL28MT ; TRIEEAXL28XT ; TRIEEAXL31MT ; TRIEEAXL31XT ; TRIEEAXL33MT ; PPDS12 ; PPDS15 ; PPDS1510 ; PPDS2015 ; PPM1106X3 ; PPM1510X3 ; PPM4530 ; 171313 ; 171315 ; 172015 ; 172016 ; 176626P ; 176673P ; 176674P ; 176674PF ; 177090P ; 177090PF ; 177091P ; 177091PF ; 177092 ; 177092F ; 177992P ; 177995P ; 179076P ; 179077P ; 179078PF ; 179093 ; 179093F ; 179094 ; 179094F ; 179095P ; 179096P ; 179096PF ; 179097P ; 179097PF ; 179100 ; 179101 ; 179102P ; 179301 ; 179303 ; 179305 ; 179307 ; 179308 ; 179309 ; 179310 ; 21-345 ; 220-50 ; 24055- ; 4216 ; B11STF ; B11STS ; B12LGF ; B12LGS ; B12STF ; B12STFCS ; B12STS ; B5SHF ; B5SHS ; B5STF ; B5STS ; BPT12STS ; MS100703 ; MS100705 ; MS100708 ; MS101003 ; MS101005 ; MS101008 ; NB11STF ; NB12LGF ; NB12SHF ; NB12STF ; NB12STS ; NB15LGF ; NB15STF ; NB3SHFLP ; NB5LGF ; NB5SHF ; NB5SHFLP ; NB5STF ; NB5STFLP ; NBFCA11ST ; NBFCA12ST ; NONB11STF ; NONB12LGF ; NONB12SHF ; NONB12STF ; NONB12STS ; NONB15LGF ; NONB15STF ; NONB5LGF ; NONB5SHF ; NONB5STF ; NONB8STF ; OMS-T10BT ; OMS-T10BTNL ; OMS-T10BTS ; OMS-T10BTSNL ; OMS-T12BT ; OMS-T12BTNL ; ONB11LGF ; ONB11STF ; ONB12LGF ; ONB12SHF ; ONB12STF ; ONB12STF-NSB ; ONB12STFCS ; ONB12STS ; ONB15STF ; ONB5LGF ; ONB5SHF ; ONB5STF ; ONB5STF-NSB ; ONB5STF2C ; ONBFCA11ST ; S100000 ; S100700 ; S100705 ; S100710 ; S100712 ; S101000 ; S101005 ; S101010 ; S101012 ; S110000 ; SILSPT12TA ; SILSPT5TA ; UNVCA11STF ; UNVCA12LGF ; UNVCA12STF ; UNVCA12STF-NSB ; UNVCA12STS ; UNVCA5LGF ; UNVCA5SHF ; UNVCA5STF ; VS070000 ; VS100700 ; VS100705 ; VS100711P ; VS100712P ; VS101000 ; VS101005 ; VS101011P ; VS101012P ; VS101015P ; VS101500 ; VS101505 ; VS101512P ; VS150000 ; VSR100005 ; VSR100812P ; WPMD509 ; WPSM256 ; WPXSM24"
"FINANCE","/catalog/gudid","/catalog/gudid","200","GUDID library","","","0","/proposals?_rsc=DGmoGnAw5OqJpMhM net::ERR_ABORTED | /accounts?_rsc=DGmoGnAw5OqJpMhM net::ERR_ABORTED | /contracts?_rsc=DGmoGnAw5OqJpMhM net::ERR_ABORTED | /?_rsc=DGmoGnAw5OqJpMhM net::ERR_ABORTED | /intelligence/bids?_rsc=DGmoGnAw5OqJpMhM net::ERR_ABORTED | /intelligence?_rsc=DGmoGnAw5OqJpMhM net::ERR_ABORTED | /analytics?_rsc=DGmoGnAw5OqJpMhM net::ERR_ABORTED | /catalog?_rsc=DGmoGnAw5OqJpMhM net::ERR_ABORTED | /crosses?_rsc=DGmoGnAw5OqJpMhM net::ERR_ABORTED | /settings?_rsc=DGmoGnAw5OqJpMhM net::ERR_ABORTED | /notifications?_rsc=DGmoGnAw5OqJpMhM net::ERR_ABORTED | /proposals?_rsc=Z9EVd8HHdUwJDdIQ net::ERR_ABORTED | /accounts?_rsc=Z9EVd8HHdUwJDdIQ net::ERR_ABORTED | /contracts?_rsc=Z9EVd8HHdUwJDdIQ net::ERR_ABORTED | /intelligence/bids?_rsc=Z9EVd8HHdUwJDdIQ net::ERR_ABORTED | /intelligence?_rsc=Z9EVd8HHdUwJDdIQ net::ERR_ABORTED | /analytics?_rsc=Z9EVd8HHdUwJDdIQ net::ERR_ABORTED | /catalog?_rsc=Z9EVd8HHdUwJDdIQ net::ERR_ABORTED | /catalog/gudid?_rsc=Z9EVd8HHdUwJDdIQ net::ERR_ABORTED | /settings?_rsc=Z9EVd8HHdUwJDdIQ net::ERR_ABORTED | /notifications?_rsc=Z9EVd8HHdUwJDdIQ net::ERR_ABORTED | /crosses?_rsc=Z9EVd8HHdUwJDdIQ net::ERR_ABORTED","","0","0","0","Switch user ; DXT1309AL ; DXT1309AR ; DXT1510AL ; DXT1510AR ; DXT1612AL ; DXT1612AR ; DTN07R ; DTN07RX3 ; DTN07RX6 ; DTN10R ; DTN10RX3 ; DTN10RX6 ; DTN1610E ; DTN1610EX3 ; DTN1610EX6 ; PP0611 ; PP0611X3 ; PP1510 ; PP1510X3 ; PP1515 ; PP2020 ; PP3030 ; PPM1106 ; PPM1106X3 ; PPM1106X6 ; PPM1508 ; PPM1508X3 ; PPM1508X6 ; PPM1510 ; PPM1510X3 ; PPM1510X6 ; PPM1515 ; PPM1515X3 ; PPM1515X6 ; PPM2020 ; PPM2020X3 ; PPM3030 ; PPM3030X3 ; PPM4530 ; PPM4530X3 ; PPM5050 ; PPMK1106 ; PPMK1106X3 ; PPMK1106X6 ; PPMK1508 ; PPMK1508X3 ; PPMK1508X6 ; PPDS12 ; PPDS12X3 ; PPDS15 ; PPDS1510 ; PPDS1510X3 ; PPDS15X3 ; PPDS2015 ; PPDS2015X3 ; PPDS2520 ; PPDS3020 ; PPDS3530 ; PCO12FX ; PCO12X ; PCO1510FX ; PCO1510OSX ; PCO1510X ; PCO15FX ; PCO15X ; PCO2015FX ; PCO2015OSX ; PCO2015X ; PCO20FX ; PCO20X ; PCO2520FX ; PCO2520OSX ; PCO2520X ; PCO2H1 ; PCO2H3 ; PCO2H4 ; PCO3020FX ; PCO3020OSX ; PCO3020X ; PCO3728FX ; PCO3728X ; PCO4VP ; PCO6VP ; PCO8OSX ; PCO8VP ; PCO9FX ; PCO9X ; PCOPM15 ; PCOPM15H35 ; PCOPM15H50 ; PCOPM20 ; PNP6 ; PNP6X3 ; PNP8 ; PNP8X3 ; TCM1106 ; TCM1106X3 ; TCM1510 ; TCM1510X3 ; TCM1515 ; TCM1515X3 ; TCM2020 ; TCM2020X3 ; TCM3015 ; TCM3030 ; TCM4530 ; TEC1309 ; TEC1410DP ; TEC1410P5 ; TEC1510 ; TEC1515 ; TEC2020 ; TEC3030 ; TECR1410DP2 ; TECR1510 ; TECR1510AL ; TECR1510AR ; TECR1515 ; TECR3030 ; TECT1309AL ; TECT1309AR ; TECT1510ADP2L ; TECT1510ADP2R ; TECT1510ADPL ; TECT1510ADPR ; TECT1510AL ; TECT1510AR ; TECT1612AFR ; TECT1612AL ; TECT1612AR ; TET1309 ; TET1309D ; TET1510 ; TET1515 ; TET2020 ; TET3030 ; TET5050 ; ADG1510 ; ADG2015 ; ADG3020 ; ADG4030 ; LPG1309AL ; LPG1309AR ; LPG1510 ; LPG1510AK2 ; LPG1510AL ; LPG1510AR ; LPG1510X2 ; LPG1612 ; LPG1612AL ; LPG1612AR ; LPG1614 ; PP1208DL ; PP1208DR ; PP1509G ; PP1515G ; PP2015G ; PP3020G ; PP3030G ; PP4030G ; TEM1208GL ; TEM1208GR ; TEM1409GL ; TEM1409GR ; TEM1509G ; TEM1515G ; TEM2015G ; TEM3015G ; TECG3004 ; SYM12 ; SYM12F ; SYM15 ; SYM1510 ; SYM1510F ; SYM1510OS ; SYM15F ; SYM1710E ; SYM1710EF ; SYM20 ; SYM2012E ; SYM2012EF ; SYM2015 ; SYM2015F ; SYM2015OS ; SYM20F ; SYM2515E ; SYM2515EF ; SYM2520 ; SYM2520F ; SYM2520OS ; SYM3020 ; SYM3020F ; SYM3020OS ; SYM3420E ; SYM3420EF ; SYM3728 ; SYM3728F ; SYM4024E ; SYM4024EF ; SYM4232 ; SYM4232F ; SYM8OS ; SYM9 ; SYM9F ; VTX1106 ; VTX1106X3 ; VTX1510 ; VTX1510X3 ; VTX1515 ; VTX1515M ; VTX1515MX3 ; VTX1515X3 ; VTX2020M ; VTX3030M ; VTX4530M ; VTX5050M ; Sofradim"
"FINANCE","/crosses","/crosses","200","Crosswalk","","","0","/?_rsc=zAn-vlYtEcVbUMJ6 net::ERR_ABORTED | /proposals?_rsc=zAn-vlYtEcVbUMJ6 net::ERR_ABORTED | /accounts?_rsc=zAn-vlYtEcVbUMJ6 net::ERR_ABORTED | /contracts?_rsc=zAn-vlYtEcVbUMJ6 net::ERR_ABORTED | /intelligence/bids?_rsc=zAn-vlYtEcVbUMJ6 net::ERR_ABORTED | /analytics?_rsc=zAn-vlYtEcVbUMJ6 net::ERR_ABORTED | /catalog?_rsc=zAn-vlYtEcVbUMJ6 net::ERR_ABORTED | /catalog/gudid?_rsc=zAn-vlYtEcVbUMJ6 net::ERR_ABORTED | /settings?_rsc=zAn-vlYtEcVbUMJ6 net::ERR_ABORTED | /notifications?_rsc=zAn-vlYtEcVbUMJ6 net::ERR_ABORTED | /?_rsc=aniPmKjMQR6zCALO net::ERR_ABORTED | /proposals?_rsc=aniPmKjMQR6zCALO net::ERR_ABORTED | /accounts?_rsc=aniPmKjMQR6zCALO net::ERR_ABORTED | /contracts?_rsc=aniPmKjMQR6zCALO net::ERR_ABORTED | /intelligence?_rsc=aniPmKjMQR6zCALO net::ERR_ABORTED | /intelligence/bids?_rsc=aniPmKjMQR6zCALO net::ERR_ABORTED | /catalog?_rsc=aniPmKjMQR6zCALO net::ERR_ABORTED | /catalog/gudid?_rsc=aniPmKjMQR6zCALO net::ERR_ABORTED | /notifications?_rsc=aniPmKjMQR6zCALO net::ERR_ABORTED | /settings?_rsc=aniPmKjMQR6zCALO net::ERR_ABORTED","","0","0","0","Switch user"
"FINANCE","/notifications","/notifications","200","Notifications","","","0","/proposals?_rsc=oG-rbVP81bj5yHs2 net::ERR_ABORTED | /accounts?_rsc=oG-rbVP81bj5yHs2 net::ERR_ABORTED | /contracts?_rsc=oG-rbVP81bj5yHs2 net::ERR_ABORTED | /?_rsc=oG-rbVP81bj5yHs2 net::ERR_ABORTED | /analytics?_rsc=oG-rbVP81bj5yHs2 net::ERR_ABORTED | /catalog?_rsc=oG-rbVP81bj5yHs2 net::ERR_ABORTED | /crosses?_rsc=oG-rbVP81bj5yHs2 net::ERR_ABORTED | /catalog/gudid?_rsc=oG-rbVP81bj5yHs2 net::ERR_ABORTED | /settings?_rsc=oG-rbVP81bj5yHs2 net::ERR_ABORTED | /?_rsc=FxIb9Zh5xrkPNSW4 net::ERR_ABORTED | /contracts?_rsc=FxIb9Zh5xrkPNSW4 net::ERR_ABORTED | /proposals?_rsc=FxIb9Zh5xrkPNSW4 net::ERR_ABORTED | /accounts?_rsc=FxIb9Zh5xrkPNSW4 net::ERR_ABORTED | /intelligence?_rsc=FxIb9Zh5xrkPNSW4 net::ERR_ABORTED | /intelligence/bids?_rsc=FxIb9Zh5xrkPNSW4 net::ERR_ABORTED | /analytics?_rsc=FxIb9Zh5xrkPNSW4 net::ERR_ABORTED | /catalog?_rsc=FxIb9Zh5xrkPNSW4 net::ERR_ABORTED | /settings?_rsc=FxIb9Zh5xrkPNSW4 net::ERR_ABORTED | /crosses?_rsc=FxIb9Zh5xrkPNSW4 net::ERR_ABORTED | /notifications?_rsc=FxIb9Zh5xrkPNSW4 net::ERR_ABORTED","","0","0","0","Switch user ; Mark all read (disabled)"
"FINANCE","/settings","/settings","200","Settings","","","0","/?_rsc=DQxjArDrgutTG17x net::ERR_ABORTED | /proposals?_rsc=DQxjArDrgutTG17x net::ERR_ABORTED | /accounts?_rsc=DQxjArDrgutTG17x net::ERR_ABORTED | /contracts?_rsc=DQxjArDrgutTG17x net::ERR_ABORTED | /intelligence?_rsc=DQxjArDrgutTG17x net::ERR_ABORTED | /intelligence/bids?_rsc=DQxjArDrgutTG17x net::ERR_ABORTED | /analytics?_rsc=DQxjArDrgutTG17x net::ERR_ABORTED | /catalog?_rsc=DQxjArDrgutTG17x net::ERR_ABORTED | /catalog/gudid?_rsc=DQxjArDrgutTG17x net::ERR_ABORTED | /crosses?_rsc=DQxjArDrgutTG17x net::ERR_ABORTED | /notifications?_rsc=DQxjArDrgutTG17x net::ERR_ABORTED | /settings/pricing?_rsc=DQxjArDrgutTG17x net::ERR_ABORTED | /?_rsc=j-_vjoKOn8bxlRO7 net::ERR_ABORTED | /proposals?_rsc=j-_vjoKOn8bxlRO7 net::ERR_ABORTED | /intelligence?_rsc=j-_vjoKOn8bxlRO7 net::ERR_ABORTED | /accounts?_rsc=j-_vjoKOn8bxlRO7 net::ERR_ABORTED | /contracts?_rsc=j-_vjoKOn8bxlRO7 net::ERR_ABORTED | /intelligence/bids?_rsc=j-_vjoKOn8bxlRO7 net::ERR_ABORTED | /catalog?_rsc=j-_vjoKOn8bxlRO7 net::ERR_ABORTED | /analytics?_rsc=j-_vjoKOn8bxlRO7 net::ERR_ABORTED | /catalog/gudid?_rsc=j-_vjoKOn8bxlRO7 net::ERR_ABORTED | /settings/pricing?_rsc=j-_vjoKOn8bxlRO7 net::ERR_ABORTED | /settings?_rsc=j-_vjoKOn8bxlRO7 net::ERR_ABORTED | /crosses?_rsc=j-_vjoKOn8bxlRO7 net::ERR_ABORTED | /notifications?_rsc=j-_vjoKOn8bxlRO7 net::ERR_ABORTED","","0","0","0","Switch user ; Save (disabled) ; Details ; How to connect"
"FINANCE","/settings/integrations","/settings/integrations","200","Settings","","","0","/?_rsc=DQxjArDrgutTG17x net::ERR_ABORTED | /proposals?_rsc=DQxjArDrgutTG17x net::ERR_ABORTED | /accounts?_rsc=DQxjArDrgutTG17x net::ERR_ABORTED | /contracts?_rsc=DQxjArDrgutTG17x net::ERR_ABORTED | /catalog?_rsc=DQxjArDrgutTG17x net::ERR_ABORTED | /intelligence/bids?_rsc=DQxjArDrgutTG17x net::ERR_ABORTED | /analytics?_rsc=DQxjArDrgutTG17x net::ERR_ABORTED | /crosses?_rsc=DQxjArDrgutTG17x net::ERR_ABORTED | /settings/pricing?_rsc=DQxjArDrgutTG17x net::ERR_ABORTED | /?_rsc=j-_vjoKOn8bxlRO7 net::ERR_ABORTED | /proposals?_rsc=j-_vjoKOn8bxlRO7 net::ERR_ABORTED | /notifications?_rsc=DQxjArDrgutTG17x net::ERR_ABORTED | /intelligence?_rsc=j-_vjoKOn8bxlRO7 net::ERR_ABORTED | /accounts?_rsc=j-_vjoKOn8bxlRO7 net::ERR_ABORTED | /contracts?_rsc=j-_vjoKOn8bxlRO7 net::ERR_ABORTED | /intelligence/bids?_rsc=j-_vjoKOn8bxlRO7 net::ERR_ABORTED | /analytics?_rsc=j-_vjoKOn8bxlRO7 net::ERR_ABORTED | /catalog?_rsc=j-_vjoKOn8bxlRO7 net::ERR_ABORTED | /catalog/gudid?_rsc=j-_vjoKOn8bxlRO7 net::ERR_ABORTED | /crosses?_rsc=j-_vjoKOn8bxlRO7 net::ERR_ABORTED | /settings?_rsc=j-_vjoKOn8bxlRO7 net::ERR_ABORTED | /notifications?_rsc=j-_vjoKOn8bxlRO7 net::ERR_ABORTED | /settings/pricing?_rsc=j-_vjoKOn8bxlRO7 net::ERR_ABORTED","","0","0","0","Switch user ; Save (disabled) ; Details ; How to connect"
"FINANCE","/settings/pricing","/settings/pricing","200","Pricing policies","","","0","/?_rsc=8oSST31HPn0UlEto net::ERR_ABORTED | /proposals?_rsc=8oSST31HPn0UlEto net::ERR_ABORTED | /accounts?_rsc=8oSST31HPn0UlEto net::ERR_ABORTED | /contracts?_rsc=8oSST31HPn0UlEto net::ERR_ABORTED | /intelligence/bids?_rsc=8oSST31HPn0UlEto net::ERR_ABORTED | /analytics?_rsc=8oSST31HPn0UlEto net::ERR_ABORTED | /catalog?_rsc=8oSST31HPn0UlEto net::ERR_ABORTED | /catalog/gudid?_rsc=8oSST31HPn0UlEto net::ERR_ABORTED | /crosses?_rsc=8oSST31HPn0UlEto net::ERR_ABORTED | /settings?_rsc=8oSST31HPn0UlEto net::ERR_ABORTED | /notifications?_rsc=8oSST31HPn0UlEto net::ERR_ABORTED | /?_rsc=_Ie442TgELs3Q458 net::ERR_ABORTED | /proposals?_rsc=_Ie442TgELs3Q458 net::ERR_ABORTED | /accounts?_rsc=_Ie442TgELs3Q458 net::ERR_ABORTED | /contracts?_rsc=_Ie442TgELs3Q458 net::ERR_ABORTED | /intelligence?_rsc=_Ie442TgELs3Q458 net::ERR_ABORTED | /catalog/gudid?_rsc=_Ie442TgELs3Q458 net::ERR_ABORTED | /analytics?_rsc=_Ie442TgELs3Q458 net::ERR_ABORTED | /catalog?_rsc=_Ie442TgELs3Q458 net::ERR_ABORTED | /intelligence/bids?_rsc=_Ie442TgELs3Q458 net::ERR_ABORTED | /crosses?_rsc=_Ie442TgELs3Q458 net::ERR_ABORTED | /settings?_rsc=_Ie442TgELs3Q458 net::ERR_ABORTED | /notifications?_rsc=_Ie442TgELs3Q458 net::ERR_ABORTED","","0","0","0","Switch user ; New draft (disabled)"
"ADMIN","/","/","200","Competitive cross reference","","","0","/requests?_rsc=5CB68i4pnAekjehf net::ERR_ABORTED | /proposals?_rsc=5CB68i4pnAekjehf net::ERR_ABORTED | /contracts?_rsc=5CB68i4pnAekjehf net::ERR_ABORTED | /analytics?_rsc=5CB68i4pnAekjehf net::ERR_ABORTED | /intelligence?_rsc=5CB68i4pnAekjehf net::ERR_ABORTED | /intelligence/bids?_rsc=5CB68i4pnAekjehf net::ERR_ABORTED | /crosses?_rsc=5CB68i4pnAekjehf net::ERR_ABORTED | /settings?_rsc=5CB68i4pnAekjehf net::ERR_ABORTED | /notifications?_rsc=5CB68i4pnAekjehf net::ERR_ABORTED | /catalog/gudid?_rsc=5CB68i4pnAekjehf net::ERR_ABORTED | /requests/new?_rsc=5CB68i4pnAekjehf net::ERR_ABORTED | /requests/cmufeje3o002hk57d491oejr5?_rsc=5CB68i4pnAekjehf net::ERR_ABORTED | /requests/cmufdh3bj000c8l7d0xi3zsf0?_rsc=5CB68i4pnAekjehf net::ERR_ABORTED | /requests/cmufcynqe0001np7dpzorvaiq?_rsc=5CB68i4pnAekjehf net::ERR_ABORTED | /requests/cmufcnw1t003m5y7ds9b0eta9?_rsc=5CB68i4pnAekjehf net::ERR_ABORTED | /proposals?_rsc=tXyZJ52UQVBCVsD3 net::ERR_ABORTED | /?_rsc=tXyZJ52UQVBCVsD3 net::ERR_ABORTED | /requests?_rsc=tXyZJ52UQVBCVsD3 net::ERR_ABORTED | /accounts?_rsc=tXyZJ52UQVBCVsD3 net::ERR_ABORTED | /catalog?_rsc=tXyZJ52UQVBCVsD3 net::ERR_ABORTED | /catalog/gudid?_rsc=tXyZJ52UQVBCVsD3 net::ERR_ABORTED | /crosses?_rsc=tXyZJ52UQVBCVsD3 net::ERR_ABORTED | /settings?_rsc=tXyZJ52UQVBCVsD3 net::ERR_ABORTED | /notifications?_rsc=tXyZJ52UQVBCVsD3 net::ERR_ABORTED | /requests/new?_rsc=tXyZJ52UQVBCVsD3 net::ERR_ABORTED | /requests/cmufdh3bj000c8l7d0xi3zsf0?_rsc=tXyZJ52UQVBCVsD3 net::ERR_ABORTED | /requests/cmufcynqe0001np7dpzorvaiq?_rsc=tXyZJ52UQVBCVsD3 net::ERR_ABORTED | /requests/cmufckl0t001u5y7daptu5251?_rsc=tXyZJ52UQVBCVsD3 net::ERR_ABORTED | /requests/cmufcnw1t003m5y7ds9b0eta9?_rsc=tXyZJ52UQVBCVsD3 net::ERR_ABORTED | /requests/cmufckl2s00205y7dkly63f9m?_rsc=tXyZJ52UQVBCVsD3 net::ERR_ABORTED | /requests/cmufcjbjr000g5y7ddlij2xi0?_rsc=tXyZJ52UQVBCVsD3 net::ERR_ABORTED","","0","0","0","New request ; Switch user"
"ADMIN","/requests","/requests","200","Cross-reference requests","","","0","/?_rsc=p3Q57VochOqcQNsg net::ERR_ABORTED | /approvals?_rsc=p3Q57VochOqcQNsg net::ERR_ABORTED | /accounts?_rsc=p3Q57VochOqcQNsg net::ERR_ABORTED | /contracts?_rsc=p3Q57VochOqcQNsg net::ERR_ABORTED | /catalog?_rsc=p3Q57VochOqcQNsg net::ERR_ABORTED | /catalog/gudid?_rsc=p3Q57VochOqcQNsg net::ERR_ABORTED | /crosses?_rsc=p3Q57VochOqcQNsg net::ERR_ABORTED | /settings?_rsc=p3Q57VochOqcQNsg net::ERR_ABORTED | /notifications?_rsc=p3Q57VochOqcQNsg net::ERR_ABORTED | /requests/new?_rsc=p3Q57VochOqcQNsg net::ERR_ABORTED | /requests/cmufcynqe0001np7dpzorvaiq?_rsc=p3Q57VochOqcQNsg net::ERR_ABORTED | /requests/cmufcnw1t003m5y7ds9b0eta9?_rsc=p3Q57VochOqcQNsg net::ERR_ABORTED | /?_rsc=nIzLgF1M7nWxnHlV net::ERR_ABORTED | /requests?_rsc=nIzLgF1M7nWxnHlV net::ERR_ABORTED | /proposals?_rsc=nIzLgF1M7nWxnHlV net::ERR_ABORTED | /approvals?_rsc=nIzLgF1M7nWxnHlV net::ERR_ABORTED | /accounts?_rsc=nIzLgF1M7nWxnHlV net::ERR_ABORTED | /contracts?_rsc=nIzLgF1M7nWxnHlV net::ERR_ABORTED | /intelligence?_rsc=nIzLgF1M7nWxnHlV net::ERR_ABORTED | /intelligence/bids?_rsc=nIzLgF1M7nWxnHlV net::ERR_ABORTED | /analytics?_rsc=nIzLgF1M7nWxnHlV net::ERR_ABORTED | /catalog?_rsc=nIzLgF1M7nWxnHlV net::ERR_ABORTED | /catalog/gudid?_rsc=nIzLgF1M7nWxnHlV net::ERR_ABORTED | /settings?_rsc=nIzLgF1M7nWxnHlV net::ERR_ABORTED | /crosses?_rsc=nIzLgF1M7nWxnHlV net::ERR_ABORTED | /notifications?_rsc=nIzLgF1M7nWxnHlV net::ERR_ABORTED | /requests/new?_rsc=nIzLgF1M7nWxnHlV net::ERR_ABORTED | /requests/cmufeje3o002hk57d491oejr5?_rsc=nIzLgF1M7nWxnHlV net::ERR_ABORTED | /requests/cmufdh3bj000c8l7d0xi3zsf0?_rsc=nIzLgF1M7nWxnHlV net::ERR_ABORTED | /requests/cmufcynqe0001np7dpzorvaiq?_rsc=nIzLgF1M7nWxnHlV net::ERR_ABORTED | /requests/cmufcnw1t003m5y7ds9b0eta9?_rsc=nIzLgF1M7nWxnHlV net::ERR_ABORTED | /requests/cmufckl0t001u5y7daptu5251?_rsc=nIzLgF1M7nWxnHlV net::ERR_ABORTED | /requests/cmufckl2s00205y7dkly63f9m?_rsc=nIzLgF1M7nWxnHlV net::ERR_ABORTED | /requests/cmufcjbjr000g5y7ddlij2xi0?_rsc=nIzLgF1M7nWxnHlV net::ERR_ABORTED","","0","1","0","New request ; Switch user"
"ADMIN","/requests/new","/requests/new","200","Competitive cross reference","","","0","/approvals?_rsc=4belA-F-xg-XtLdx net::ERR_ABORTED | /?_rsc=4belA-F-xg-XtLdx net::ERR_ABORTED | /requests?_rsc=4belA-F-xg-XtLdx net::ERR_ABORTED | /proposals?_rsc=4belA-F-xg-XtLdx net::ERR_ABORTED | /intelligence?_rsc=4belA-F-xg-XtLdx net::ERR_ABORTED | /intelligence/bids?_rsc=4belA-F-xg-XtLdx net::ERR_ABORTED | /analytics?_rsc=4belA-F-xg-XtLdx net::ERR_ABORTED | /settings?_rsc=4belA-F-xg-XtLdx net::ERR_ABORTED | /catalog?_rsc=4belA-F-xg-XtLdx net::ERR_ABORTED | /catalog/gudid?_rsc=4belA-F-xg-XtLdx net::ERR_ABORTED | /crosses?_rsc=4belA-F-xg-XtLdx net::ERR_ABORTED | /notifications?_rsc=4belA-F-xg-XtLdx net::ERR_ABORTED | /?_rsc=O1p93FFpSnNce0k4 net::ERR_ABORTED | /approvals?_rsc=O1p93FFpSnNce0k4 net::ERR_ABORTED | /proposals?_rsc=O1p93FFpSnNce0k4 net::ERR_ABORTED | /accounts?_rsc=O1p93FFpSnNce0k4 net::ERR_ABORTED | /requests?_rsc=O1p93FFpSnNce0k4 net::ERR_ABORTED | /intelligence/bids?_rsc=O1p93FFpSnNce0k4 net::ERR_ABORTED | /analytics?_rsc=O1p93FFpSnNce0k4 net::ERR_ABORTED | /contracts?_rsc=O1p93FFpSnNce0k4 net::ERR_ABORTED | /intelligence?_rsc=O1p93FFpSnNce0k4 net::ERR_ABORTED | /settings?_rsc=O1p93FFpSnNce0k4 net::ERR_ABORTED | /crosses?_rsc=O1p93FFpSnNce0k4 net::ERR_ABORTED | /catalog?_rsc=O1p93FFpSnNce0k4 net::ERR_ABORTED | /catalog/gudid?_rsc=O1p93FFpSnNce0k4 net::ERR_ABORTED | /notifications?_rsc=O1p93FFpSnNce0k4 net::ERR_ABORTED | /requests/new?_rsc=O1p93FFpSnNce0k4 net::ERR_ABORTED","","0","0","0","New request ; Switch user ; Google Sheets link ; Upload .xlsx / .csv ; Paste from a sheet ; Read sheet (disabled) ; Continue request (disabled)"
"ADMIN","/requests/[id]","/requests/cmufeje3o002hk57d491oejr5","200","WS3 Journey Hospital Complete","","","0","/?_rsc=L4ND5fhfYnvUqaPw net::ERR_ABORTED | /catalog/gudid?_rsc=L4ND5fhfYnvUqaPw net::ERR_ABORTED | /crosses?_rsc=L4ND5fhfYnvUqaPw net::ERR_ABORTED | /analytics?_rsc=L4ND5fhfYnvUqaPw net::ERR_ABORTED | /catalog?_rsc=L4ND5fhfYnvUqaPw net::ERR_ABORTED | /settings?_rsc=L4ND5fhfYnvUqaPw net::ERR_ABORTED | /notifications?_rsc=L4ND5fhfYnvUqaPw net::ERR_ABORTED | /requests/new?_rsc=L4ND5fhfYnvUqaPw net::ERR_ABORTED | /requests?_rsc=grHQqzBoP485Pe5C net::ERR_ABORTED | /?_rsc=grHQqzBoP485Pe5C net::ERR_ABORTED | /proposals?_rsc=grHQqzBoP485Pe5C net::ERR_ABORTED | /approvals?_rsc=grHQqzBoP485Pe5C net::ERR_ABORTED | /intelligence?_rsc=grHQqzBoP485Pe5C net::ERR_ABORTED | /accounts?_rsc=grHQqzBoP485Pe5C net::ERR_ABORTED | /contracts?_rsc=grHQqzBoP485Pe5C net::ERR_ABORTED | /intelligence/bids?_rsc=grHQqzBoP485Pe5C net::ERR_ABORTED | /analytics?_rsc=grHQqzBoP485Pe5C net::ERR_ABORTED | /crosses?_rsc=grHQqzBoP485Pe5C net::ERR_ABORTED | /catalog/gudid?_rsc=grHQqzBoP485Pe5C net::ERR_ABORTED | /catalog?_rsc=grHQqzBoP485Pe5C net::ERR_ABORTED | /settings?_rsc=grHQqzBoP485Pe5C net::ERR_ABORTED | /notifications?_rsc=grHQqzBoP485Pe5C net::ERR_ABORTED | /requests/new?_rsc=grHQqzBoP485Pe5C net::ERR_ABORTED","","0","1","0","New request ; Switch user ; Re-run ; Download ▾ ; Google Sheets ; Create proposal ; All 5 ; Needs attention 3 ; Flagged 0 ; Exact 2 ; Close 2 ; Alternative 1 ; Already ours 0 ; Bulk actions ▾ ; Expand all ; Expand line 1 1190500 ; Expand line 2 B12LTH ; Expand line 3 TLC75 ; Expand line 4 C0121 ; Expand line 5 IN-12-4 ; Show run log (6)"
"ADMIN","/proposals","/proposals","200","Commercial proposals","","","0","/?_rsc=8qZH60WsiyOTuseO net::ERR_ABORTED | /requests?_rsc=8qZH60WsiyOTuseO net::ERR_ABORTED | /approvals?_rsc=8qZH60WsiyOTuseO net::ERR_ABORTED | /accounts?_rsc=8qZH60WsiyOTuseO net::ERR_ABORTED | /analytics?_rsc=8qZH60WsiyOTuseO net::ERR_ABORTED | /contracts?_rsc=8qZH60WsiyOTuseO net::ERR_ABORTED | /intelligence?_rsc=8qZH60WsiyOTuseO net::ERR_ABORTED | /intelligence/bids?_rsc=8qZH60WsiyOTuseO net::ERR_ABORTED | /catalog?_rsc=8qZH60WsiyOTuseO net::ERR_ABORTED | /catalog/gudid?_rsc=8qZH60WsiyOTuseO net::ERR_ABORTED | /settings?_rsc=8qZH60WsiyOTuseO net::ERR_ABORTED | /crosses?_rsc=8qZH60WsiyOTuseO net::ERR_ABORTED | /proposals/cmufem5ld0056k57d2utmar8g?_rsc=8qZH60WsiyOTuseO net::ERR_ABORTED | /proposals/cmufejry60041k57dwr6rvl6x?_rsc=8qZH60WsiyOTuseO net::ERR_ABORTED | /notifications?_rsc=8qZH60WsiyOTuseO net::ERR_ABORTED | /requests/new?_rsc=8qZH60WsiyOTuseO net::ERR_ABORTED | /proposals?_rsc=yDw8cg_cK2Tq2IDS net::ERR_ABORTED | /approvals?_rsc=yDw8cg_cK2Tq2IDS net::ERR_ABORTED | /requests?_rsc=yDw8cg_cK2Tq2IDS net::ERR_ABORTED | /accounts?_rsc=yDw8cg_cK2Tq2IDS net::ERR_ABORTED | /contracts?_rsc=yDw8cg_cK2Tq2IDS net::ERR_ABORTED | /intelligence?_rsc=yDw8cg_cK2Tq2IDS net::ERR_ABORTED | /analytics?_rsc=yDw8cg_cK2Tq2IDS net::ERR_ABORTED | /catalog?_rsc=yDw8cg_cK2Tq2IDS net::ERR_ABORTED | /catalog/gudid?_rsc=yDw8cg_cK2Tq2IDS net::ERR_ABORTED | /intelligence/bids?_rsc=yDw8cg_cK2Tq2IDS net::ERR_ABORTED | /crosses?_rsc=yDw8cg_cK2Tq2IDS net::ERR_ABORTED | /settings?_rsc=yDw8cg_cK2Tq2IDS net::ERR_ABORTED | /requests/new?_rsc=yDw8cg_cK2Tq2IDS net::ERR_ABORTED | /proposals/cmufdkkln003q8l7d1m4dm88l?_rsc=yDw8cg_cK2Tq2IDS net::ERR_ABORTED | /proposals/cmufejry60041k57dwr6rvl6x?_rsc=yDw8cg_cK2Tq2IDS net::ERR_ABORTED | /proposals/cmufe2r28001ai27dm62d5upt?_rsc=yDw8cg_cK2Tq2IDS net::ERR_ABORTED | /proposals/cmufdjtgl002w8l7dk6h2dqfi?_rsc=yDw8cg_cK2Tq2IDS net::ERR_ABORTED | /proposals/cmufdhh6r001w8l7d9fuqubfe?_rsc=yDw8cg_cK2Tq2IDS net::ERR_ABORTED | /proposals/cmufcz0vr001hnp7dqk2z8vcf?_rsc=yDw8cg_cK2Tq2IDS net::ERR_ABORTED","","0","1","0","New request ; Switch user"
"ADMIN","/proposals/[id]","/proposals/cmufem5ld0056k57d2utmar8g","200","PRP-0035-v2 · WS3 Journey Hospital","","","0","/?_rsc=IZ6zrI2LDRRC1-Wd net::ERR_ABORTED | /requests?_rsc=IZ6zrI2LDRRC1-Wd net::ERR_ABORTED | /proposals?_rsc=IZ6zrI2LDRRC1-Wd net::ERR_ABORTED | /approvals?_rsc=IZ6zrI2LDRRC1-Wd net::ERR_ABORTED | /settings?_rsc=IZ6zrI2LDRRC1-Wd net::ERR_ABORTED | /notifications?_rsc=IZ6zrI2LDRRC1-Wd net::ERR_ABORTED | /requests/new?_rsc=IZ6zrI2LDRRC1-Wd net::ERR_ABORTED | /requests/cmufeje3o002hk57d491oejr5?_rsc=IZ6zrI2LDRRC1-Wd net::ERR_ABORTED | /?_rsc=fAAmY66VdqvUMp3_ net::ERR_ABORTED | /requests/cmufeje3o002hk57d491oejr5?_rsc=fAAmY66VdqvUMp3_ net::ERR_ABORTED | /proposals?_rsc=fAAmY66VdqvUMp3_ net::ERR_ABORTED | /requests?_rsc=fAAmY66VdqvUMp3_ net::ERR_ABORTED | /contracts?_rsc=fAAmY66VdqvUMp3_ net::ERR_ABORTED | /approvals?_rsc=fAAmY66VdqvUMp3_ net::ERR_ABORTED | /accounts?_rsc=fAAmY66VdqvUMp3_ net::ERR_ABORTED | /intelligence/bids?_rsc=fAAmY66VdqvUMp3_ net::ERR_ABORTED | /analytics?_rsc=fAAmY66VdqvUMp3_ net::ERR_ABORTED | /catalog?_rsc=fAAmY66VdqvUMp3_ net::ERR_ABORTED | /crosses?_rsc=fAAmY66VdqvUMp3_ net::ERR_ABORTED | /settings?_rsc=fAAmY66VdqvUMp3_ net::ERR_ABORTED | /catalog/gudid?_rsc=fAAmY66VdqvUMp3_ net::ERR_ABORTED | /notifications?_rsc=fAAmY66VdqvUMp3_ net::ERR_ABORTED | /requests/new?_rsc=fAAmY66VdqvUMp3_ net::ERR_ABORTED","","0","1","0","New request ; Switch user ; Submit for approval ; Quote PDF (disabled) ; .xlsx (disabled) ; Details ; Refresh to today's context ; Proposal ; Show audit trail ; Recalculate tax ; Edit ; 1190500 ; B12LTH"
"ADMIN","/approvals","/approvals","200","Pricing approvals","","","0","/requests?_rsc=Ut9iRRX_9PZKRdF- net::ERR_ABORTED | /proposals?_rsc=Ut9iRRX_9PZKRdF- net::ERR_ABORTED | /?_rsc=Ut9iRRX_9PZKRdF- net::ERR_ABORTED | /accounts?_rsc=Ut9iRRX_9PZKRdF- net::ERR_ABORTED | /contracts?_rsc=Ut9iRRX_9PZKRdF- net::ERR_ABORTED | /intelligence?_rsc=Ut9iRRX_9PZKRdF- net::ERR_ABORTED | /catalog?_rsc=Ut9iRRX_9PZKRdF- net::ERR_ABORTED | /analytics?_rsc=Ut9iRRX_9PZKRdF- net::ERR_ABORTED | /catalog/gudid?_rsc=Ut9iRRX_9PZKRdF- net::ERR_ABORTED | /crosses?_rsc=Ut9iRRX_9PZKRdF- net::ERR_ABORTED | /notifications?_rsc=Ut9iRRX_9PZKRdF- net::ERR_ABORTED | /requests/new?_rsc=Ut9iRRX_9PZKRdF- net::ERR_ABORTED | /requests?_rsc=AU6DTT46DVXZ7jWj net::ERR_ABORTED | /?_rsc=AU6DTT46DVXZ7jWj net::ERR_ABORTED | /proposals?_rsc=AU6DTT46DVXZ7jWj net::ERR_ABORTED | /approvals?_rsc=AU6DTT46DVXZ7jWj net::ERR_ABORTED | /accounts?_rsc=AU6DTT46DVXZ7jWj net::ERR_ABORTED | /contracts?_rsc=AU6DTT46DVXZ7jWj net::ERR_ABORTED | /intelligence?_rsc=AU6DTT46DVXZ7jWj net::ERR_ABORTED | /intelligence/bids?_rsc=AU6DTT46DVXZ7jWj net::ERR_ABORTED | /analytics?_rsc=AU6DTT46DVXZ7jWj net::ERR_ABORTED | /catalog?_rsc=AU6DTT46DVXZ7jWj net::ERR_ABORTED | /catalog/gudid?_rsc=AU6DTT46DVXZ7jWj net::ERR_ABORTED | /crosses?_rsc=AU6DTT46DVXZ7jWj net::ERR_ABORTED | /settings?_rsc=AU6DTT46DVXZ7jWj net::ERR_ABORTED | /notifications?_rsc=AU6DTT46DVXZ7jWj net::ERR_ABORTED | /requests/new?_rsc=AU6DTT46DVXZ7jWj net::ERR_ABORTED","","0","0","0","New request ; Switch user ; Delegate my approvals"
"ADMIN","/accounts","/accounts","200","Accounts & GPO membership","","","0","/approvals?_rsc=iZGmHDWBA-6V7KTQ net::ERR_ABORTED | /?_rsc=iZGmHDWBA-6V7KTQ net::ERR_ABORTED | /requests?_rsc=iZGmHDWBA-6V7KTQ net::ERR_ABORTED | /proposals?_rsc=iZGmHDWBA-6V7KTQ net::ERR_ABORTED | /intelligence/bids?_rsc=iZGmHDWBA-6V7KTQ net::ERR_ABORTED | /contracts?_rsc=iZGmHDWBA-6V7KTQ net::ERR_ABORTED | /intelligence?_rsc=iZGmHDWBA-6V7KTQ net::ERR_ABORTED | /analytics?_rsc=iZGmHDWBA-6V7KTQ net::ERR_ABORTED | /settings?_rsc=iZGmHDWBA-6V7KTQ net::ERR_ABORTED | /catalog/gudid?_rsc=iZGmHDWBA-6V7KTQ net::ERR_ABORTED | /catalog?_rsc=iZGmHDWBA-6V7KTQ net::ERR_ABORTED | /crosses?_rsc=iZGmHDWBA-6V7KTQ net::ERR_ABORTED | /notifications?_rsc=iZGmHDWBA-6V7KTQ net::ERR_ABORTED | /accounts/cmuf6hiho02rlks7d2xz6w5ev?_rsc=iZGmHDWBA-6V7KTQ net::ERR_ABORTED | /proposals?_rsc=oRxEn_R9e10JER3Z net::ERR_ABORTED | /requests?_rsc=oRxEn_R9e10JER3Z net::ERR_ABORTED | /accounts?_rsc=oRxEn_R9e10JER3Z net::ERR_ABORTED | /intelligence?_rsc=oRxEn_R9e10JER3Z net::ERR_ABORTED | /intelligence/bids?_rsc=oRxEn_R9e10JER3Z net::ERR_ABORTED | /contracts?_rsc=oRxEn_R9e10JER3Z net::ERR_ABORTED | /analytics?_rsc=oRxEn_R9e10JER3Z net::ERR_ABORTED | /catalog?_rsc=oRxEn_R9e10JER3Z net::ERR_ABORTED | /catalog/gudid?_rsc=oRxEn_R9e10JER3Z net::ERR_ABORTED | /crosses?_rsc=oRxEn_R9e10JER3Z net::ERR_ABORTED | /notifications?_rsc=oRxEn_R9e10JER3Z net::ERR_ABORTED | /settings?_rsc=oRxEn_R9e10JER3Z net::ERR_ABORTED | /accounts/cmuf6hihm02rkks7drm31yuur?_rsc=oRxEn_R9e10JER3Z net::ERR_ABORTED | /accounts/cmuf6hiho02rlks7d2xz6w5ev?_rsc=oRxEn_R9e10JER3Z net::ERR_ABORTED | /requests/new?_rsc=oRxEn_R9e10JER3Z net::ERR_ABORTED | /accounts/cmuf6hihq02rmks7did2qxong?_rsc=oRxEn_R9e10JER3Z net::ERR_ABORTED | /accounts/cmufdfwvc009mnp7dh1j0oelm?_rsc=oRxEn_R9e10JER3Z net::ERR_ABORTED | /accounts/cmufdfwvr009pnp7dx6f1v0bl?_rsc=oRxEn_R9e10JER3Z net::ERR_ABORTED | /accounts/cmuf6hihk02rjks7dyamo9w2u?_rsc=oRxEn_R9e10JER3Z net::ERR_ABORTED | /accounts/cmuf6hihh02riks7dkuig0cbl?_rsc=oRxEn_R9e10JER3Z net::ERR_ABORTED | /accounts/cmufcovwl004k5y7d1mnqn7fa?_rsc=oRxEn_R9e10JER3Z net::ERR_ABORTED","","0","0","0","New request ; Switch user"
"ADMIN","/accounts/[id]","/accounts/cmuf6hihm02rkks7drm31yuur","200","Hospital A — Mount Vernon General","","","0","/?_rsc=pYoAThzR_ryjq0MS net::ERR_ABORTED | /requests?_rsc=pYoAThzR_ryjq0MS net::ERR_ABORTED | /approvals?_rsc=pYoAThzR_ryjq0MS net::ERR_ABORTED | /proposals?_rsc=pYoAThzR_ryjq0MS net::ERR_ABORTED | /accounts?_rsc=pYoAThzR_ryjq0MS net::ERR_ABORTED | /contracts?_rsc=pYoAThzR_ryjq0MS net::ERR_ABORTED | /intelligence?_rsc=pYoAThzR_ryjq0MS net::ERR_ABORTED | /intelligence/bids?_rsc=pYoAThzR_ryjq0MS net::ERR_ABORTED | /analytics?_rsc=pYoAThzR_ryjq0MS net::ERR_ABORTED | /catalog/gudid?_rsc=pYoAThzR_ryjq0MS net::ERR_ABORTED | /crosses?_rsc=pYoAThzR_ryjq0MS net::ERR_ABORTED | /settings?_rsc=pYoAThzR_ryjq0MS net::ERR_ABORTED | /notifications?_rsc=pYoAThzR_ryjq0MS net::ERR_ABORTED | /requests/new?_rsc=pYoAThzR_ryjq0MS net::ERR_ABORTED | /contracts/cmuf6himl02swks7dif6nb96r?_rsc=pYoAThzR_ryjq0MS net::ERR_ABORTED | /contracts/cmufdgwn600018l7dib8n6qm4?_rsc=pYoAThzR_ryjq0MS net::ERR_ABORTED | /contracts/cmufehj7i0011k57dzpf8j0ce?_rsc=pYoAThzR_ryjq0MS net::ERR_ABORTED | /?_rsc=gRQ4rCW2m6dkjkis net::ERR_ABORTED | /requests?_rsc=gRQ4rCW2m6dkjkis net::ERR_ABORTED | /accounts?_rsc=gRQ4rCW2m6dkjkis net::ERR_ABORTED | /contracts?_rsc=gRQ4rCW2m6dkjkis net::ERR_ABORTED | /approvals?_rsc=gRQ4rCW2m6dkjkis net::ERR_ABORTED | /proposals?_rsc=gRQ4rCW2m6dkjkis net::ERR_ABORTED | /intelligence?_rsc=gRQ4rCW2m6dkjkis net::ERR_ABORTED | /catalog?_rsc=gRQ4rCW2m6dkjkis net::ERR_ABORTED | /intelligence/bids?_rsc=gRQ4rCW2m6dkjkis net::ERR_ABORTED | /analytics?_rsc=gRQ4rCW2m6dkjkis net::ERR_ABORTED | /crosses?_rsc=gRQ4rCW2m6dkjkis net::ERR_ABORTED | /catalog/gudid?_rsc=gRQ4rCW2m6dkjkis net::ERR_ABORTED | /settings?_rsc=gRQ4rCW2m6dkjkis net::ERR_ABORTED | /notifications?_rsc=gRQ4rCW2m6dkjkis net::ERR_ABORTED | /requests/new?_rsc=gRQ4rCW2m6dkjkis net::ERR_ABORTED | /contracts/cmufdgwn600018l7dib8n6qm4?_rsc=gRQ4rCW2m6dkjkis net::ERR_ABORTED | /contracts/cmuf6himl02swks7dif6nb96r?_rsc=gRQ4rCW2m6dkjkis net::ERR_ABORTED | /contracts/cmufehj7i0011k57dzpf8j0ce?_rsc=gRQ4rCW2m6dkjkis net::ERR_ABORTED","","0","1","0","New request ; Switch user"
"ADMIN","/contracts","/contracts","200","Contracts & price context","","","0","/approvals?_rsc=DzmfcRRfJeItXkgz net::ERR_ABORTED | /?_rsc=DzmfcRRfJeItXkgz net::ERR_ABORTED | /requests?_rsc=DzmfcRRfJeItXkgz net::ERR_ABORTED | /proposals?_rsc=DzmfcRRfJeItXkgz net::ERR_ABORTED | /accounts?_rsc=DzmfcRRfJeItXkgz net::ERR_ABORTED | /intelligence/bids?_rsc=DzmfcRRfJeItXkgz net::ERR_ABORTED | /analytics?_rsc=DzmfcRRfJeItXkgz net::ERR_ABORTED | /intelligence?_rsc=DzmfcRRfJeItXkgz net::ERR_ABORTED | /catalog?_rsc=DzmfcRRfJeItXkgz net::ERR_ABORTED | /catalog/gudid?_rsc=DzmfcRRfJeItXkgz net::ERR_ABORTED | /crosses?_rsc=DzmfcRRfJeItXkgz net::ERR_ABORTED | /contracts/cmufdjs85002o8l7dlcs3cpjp?_rsc=DzmfcRRfJeItXkgz net::ERR_ABORTED | /notifications?_rsc=DzmfcRRfJeItXkgz net::ERR_ABORTED | /requests/new?_rsc=DzmfcRRfJeItXkgz net::ERR_ABORTED | /contracts/cmuf6himu02sxks7dkgml1rr2?_rsc=DzmfcRRfJeItXkgz net::ERR_ABORTED | /?_rsc=2Ju2sngZl13OvaTN net::ERR_ABORTED | /requests?_rsc=2Ju2sngZl13OvaTN net::ERR_ABORTED | /proposals?_rsc=2Ju2sngZl13OvaTN net::ERR_ABORTED | /approvals?_rsc=2Ju2sngZl13OvaTN net::ERR_ABORTED | /accounts?_rsc=2Ju2sngZl13OvaTN net::ERR_ABORTED | /intelligence?_rsc=2Ju2sngZl13OvaTN net::ERR_ABORTED | /contracts?_rsc=2Ju2sngZl13OvaTN net::ERR_ABORTED | /intelligence/bids?_rsc=2Ju2sngZl13OvaTN net::ERR_ABORTED | /catalog/gudid?_rsc=2Ju2sngZl13OvaTN net::ERR_ABORTED | /analytics?_rsc=2Ju2sngZl13OvaTN net::ERR_ABORTED | /catalog?_rsc=2Ju2sngZl13OvaTN net::ERR_ABORTED | /requests/new?_rsc=2Ju2sngZl13OvaTN net::ERR_ABORTED | /settings?_rsc=2Ju2sngZl13OvaTN net::ERR_ABORTED | /notifications?_rsc=2Ju2sngZl13OvaTN net::ERR_ABORTED | /contracts/cmuf6himu02sxks7dkgml1rr2?_rsc=2Ju2sngZl13OvaTN net::ERR_ABORTED | /contracts/cmufdkjds003i8l7d15s8fm19?_rsc=2Ju2sngZl13OvaTN net::ERR_ABORTED | /contracts/cmufe2ptb0012i27dn2ix59o5?_rsc=2Ju2sngZl13OvaTN net::ERR_ABORTED | /contracts/cmufdjs85002o8l7dlcs3cpjp?_rsc=2Ju2sngZl13OvaTN net::ERR_ABORTED | /contracts/cmufem4bg004yk57dg70ct1u2?_rsc=2Ju2sngZl13OvaTN net::ERR_ABORTED | /contracts/cmufehj7i0011k57dzpf8j0ce?_rsc=2Ju2sngZl13OvaTN net::ERR_ABORTED | /contracts/cmuf6himl02swks7dif6nb96r?_rsc=2Ju2sngZl13OvaTN net::ERR_ABORTED","","0","1","0","New request ; Switch user ; New contract"
"ADMIN","/contracts/[id]","/contracts/cmuf6himu02sxks7dkgml1rr2","200","MSK-LOCAL-2026 · MSK local mesh agreement","","","0","/?_rsc=TQOCHQXESAyQ3VEl net::ERR_ABORTED | /proposals?_rsc=TQOCHQXESAyQ3VEl net::ERR_ABORTED | /approvals?_rsc=TQOCHQXESAyQ3VEl net::ERR_ABORTED | /accounts/cmuf6hihk02rjks7dyamo9w2u?_rsc=TQOCHQXESAyQ3VEl net::ERR_ABORTED | /analytics?_rsc=TQOCHQXESAyQ3VEl net::ERR_ABORTED | /catalog?_rsc=TQOCHQXESAyQ3VEl net::ERR_ABORTED | /catalog/gudid?_rsc=TQOCHQXESAyQ3VEl net::ERR_ABORTED | /crosses?_rsc=TQOCHQXESAyQ3VEl net::ERR_ABORTED | /settings?_rsc=TQOCHQXESAyQ3VEl net::ERR_ABORTED | /notifications?_rsc=TQOCHQXESAyQ3VEl net::ERR_ABORTED | /requests/new?_rsc=TQOCHQXESAyQ3VEl net::ERR_ABORTED | /accounts/cmuf6hihk02rjks7dyamo9w2u?_rsc=12web-rdU3k9vLaG net::ERR_ABORTED | /requests?_rsc=12web-rdU3k9vLaG net::ERR_ABORTED | /proposals?_rsc=12web-rdU3k9vLaG net::ERR_ABORTED | /approvals?_rsc=12web-rdU3k9vLaG net::ERR_ABORTED | /accounts?_rsc=12web-rdU3k9vLaG net::ERR_ABORTED | /intelligence?_rsc=12web-rdU3k9vLaG net::ERR_ABORTED | /contracts?_rsc=12web-rdU3k9vLaG net::ERR_ABORTED | /intelligence/bids?_rsc=12web-rdU3k9vLaG net::ERR_ABORTED | /analytics?_rsc=12web-rdU3k9vLaG net::ERR_ABORTED | /catalog?_rsc=12web-rdU3k9vLaG net::ERR_ABORTED | /catalog/gudid?_rsc=12web-rdU3k9vLaG net::ERR_ABORTED | /settings?_rsc=12web-rdU3k9vLaG net::ERR_ABORTED | /requests/new?_rsc=12web-rdU3k9vLaG net::ERR_ABORTED | /notifications?_rsc=12web-rdU3k9vLaG net::ERR_ABORTED","","0","1","0","New request ; Switch user ; Refresh performance ; Terminate ; Add commitment ; remove ; Add rebate ; Save entries (disabled)"
"ADMIN","/intelligence","/intelligence","200","Competitor pricing","","","0","/?_rsc=3fD0047dUoUPXvG2 net::ERR_ABORTED | /requests?_rsc=3fD0047dUoUPXvG2 net::ERR_ABORTED | /proposals?_rsc=3fD0047dUoUPXvG2 net::ERR_ABORTED | /approvals?_rsc=3fD0047dUoUPXvG2 net::ERR_ABORTED | /accounts?_rsc=3fD0047dUoUPXvG2 net::ERR_ABORTED | /contracts?_rsc=3fD0047dUoUPXvG2 net::ERR_ABORTED | /crosses?_rsc=3fD0047dUoUPXvG2 net::ERR_ABORTED | /settings?_rsc=3fD0047dUoUPXvG2 net::ERR_ABORTED | /notifications?_rsc=3fD0047dUoUPXvG2 net::ERR_ABORTED | /requests/new?_rsc=3fD0047dUoUPXvG2 net::ERR_ABORTED | /?_rsc=gu9LWiAQNzfrKsW2 net::ERR_ABORTED | /requests?_rsc=gu9LWiAQNzfrKsW2 net::ERR_ABORTED | /proposals?_rsc=gu9LWiAQNzfrKsW2 net::ERR_ABORTED | /approvals?_rsc=gu9LWiAQNzfrKsW2 net::ERR_ABORTED | /accounts?_rsc=gu9LWiAQNzfrKsW2 net::ERR_ABORTED | /intelligence/bids?_rsc=gu9LWiAQNzfrKsW2 net::ERR_ABORTED | /contracts?_rsc=gu9LWiAQNzfrKsW2 net::ERR_ABORTED | /intelligence?_rsc=gu9LWiAQNzfrKsW2 net::ERR_ABORTED | /analytics?_rsc=gu9LWiAQNzfrKsW2 net::ERR_ABORTED | /catalog/gudid?_rsc=gu9LWiAQNzfrKsW2 net::ERR_ABORTED | /catalog?_rsc=gu9LWiAQNzfrKsW2 net::ERR_ABORTED | /crosses?_rsc=gu9LWiAQNzfrKsW2 net::ERR_ABORTED | /settings?_rsc=gu9LWiAQNzfrKsW2 net::ERR_ABORTED | /notifications?_rsc=gu9LWiAQNzfrKsW2 net::ERR_ABORTED | /requests/new?_rsc=gu9LWiAQNzfrKsW2 net::ERR_ABORTED","","0","1","0","New request ; Switch user ; Import .xlsx / .csv ; INPUT ; Extract a document… ; Verify ; Dispute ; 1190500 ; WS3OBS3 ; WS3OBS2 ; WS3OBS1 ; 112680 ; 1190816 ; SPMII ; 1200710 ; 1201520 ; 113700 ; 112650 ; 112660 ; UPA31015 ; 1190820 ; 1202025 ; 1190300 ; SPMXXL ; 1410015010 ; 1DLMC03 ; 1DLMC05 ; Record (disabled)"
"ADMIN","/intelligence/bids","/intelligence/bids","200","Public bids and awards","","","0","/?_rsc=2gWrMJaxdn-CU2fc net::ERR_ABORTED | /proposals?_rsc=2gWrMJaxdn-CU2fc net::ERR_ABORTED | /approvals?_rsc=2gWrMJaxdn-CU2fc net::ERR_ABORTED | /accounts?_rsc=2gWrMJaxdn-CU2fc net::ERR_ABORTED | /catalog?_rsc=2gWrMJaxdn-CU2fc net::ERR_ABORTED | /catalog/gudid?_rsc=2gWrMJaxdn-CU2fc net::ERR_ABORTED | /requests/new?_rsc=2gWrMJaxdn-CU2fc net::ERR_ABORTED | /crosses?_rsc=2gWrMJaxdn-CU2fc net::ERR_ABORTED | /settings?_rsc=2gWrMJaxdn-CU2fc net::ERR_ABORTED | /notifications?_rsc=2gWrMJaxdn-CU2fc net::ERR_ABORTED | /?_rsc=W5McYxvxTMCZbYJx net::ERR_ABORTED | /requests?_rsc=W5McYxvxTMCZbYJx net::ERR_ABORTED | /proposals?_rsc=W5McYxvxTMCZbYJx net::ERR_ABORTED | /approvals?_rsc=W5McYxvxTMCZbYJx net::ERR_ABORTED | /accounts?_rsc=W5McYxvxTMCZbYJx net::ERR_ABORTED | /contracts?_rsc=W5McYxvxTMCZbYJx net::ERR_ABORTED | /intelligence?_rsc=W5McYxvxTMCZbYJx net::ERR_ABORTED | /intelligence/bids?_rsc=W5McYxvxTMCZbYJx net::ERR_ABORTED | /analytics?_rsc=W5McYxvxTMCZbYJx net::ERR_ABORTED | /catalog?_rsc=W5McYxvxTMCZbYJx net::ERR_ABORTED | /catalog/gudid?_rsc=W5McYxvxTMCZbYJx net::ERR_ABORTED | /crosses?_rsc=W5McYxvxTMCZbYJx net::ERR_ABORTED | /settings?_rsc=W5McYxvxTMCZbYJx net::ERR_ABORTED | /notifications?_rsc=W5McYxvxTMCZbYJx net::ERR_ABORTED | /requests/new?_rsc=W5McYxvxTMCZbYJx net::ERR_ABORTED","","0","0","0","New request ; Switch user ; Pull (disabled) ; Pull ; Save ; Bid file"
"ADMIN","/intelligence/extractions/[id]","/intelligence/extractions/missing0000000000000000","200","Extraction","Failed to load resource: the server responded with a status of 404 (Not Found)","","0","/?_rsc=VJB2dfGule5Oh2L3 net::ERR_ABORTED | /requests?_rsc=VJB2dfGule5Oh2L3 net::ERR_ABORTED | /proposals?_rsc=VJB2dfGule5Oh2L3 net::ERR_ABORTED | /approvals?_rsc=VJB2dfGule5Oh2L3 net::ERR_ABORTED | /contracts?_rsc=VJB2dfGule5Oh2L3 net::ERR_ABORTED | /intelligence?_rsc=VJB2dfGule5Oh2L3 net::ERR_ABORTED | /intelligence/bids?_rsc=VJB2dfGule5Oh2L3 net::ERR_ABORTED | /analytics?_rsc=VJB2dfGule5Oh2L3 net::ERR_ABORTED | /catalog?_rsc=VJB2dfGule5Oh2L3 net::ERR_ABORTED | /catalog/gudid?_rsc=VJB2dfGule5Oh2L3 net::ERR_ABORTED | /crosses?_rsc=VJB2dfGule5Oh2L3 net::ERR_ABORTED | /settings?_rsc=VJB2dfGule5Oh2L3 net::ERR_ABORTED | /notifications?_rsc=VJB2dfGule5Oh2L3 net::ERR_ABORTED | /?_rsc=wBL8jh-0AxNJNXN_ net::ERR_ABORTED | /requests?_rsc=wBL8jh-0AxNJNXN_ net::ERR_ABORTED | /proposals?_rsc=wBL8jh-0AxNJNXN_ net::ERR_ABORTED | /intelligence?_rsc=wBL8jh-0AxNJNXN_ net::ERR_ABORTED | /accounts?_rsc=wBL8jh-0AxNJNXN_ net::ERR_ABORTED | /approvals?_rsc=wBL8jh-0AxNJNXN_ net::ERR_ABORTED | /intelligence/bids?_rsc=wBL8jh-0AxNJNXN_ net::ERR_ABORTED | /analytics?_rsc=wBL8jh-0AxNJNXN_ net::ERR_ABORTED | /notifications?_rsc=wBL8jh-0AxNJNXN_ net::ERR_ABORTED","404 /api/documents/extractions/missing0000000000000000","0","0","0","New request ; Switch user"
"ADMIN","/analytics","/analytics","200","Commercial feedback loop","","","0","/?_rsc=ix5_aAief6TvBg04 net::ERR_ABORTED | /proposals?_rsc=ix5_aAief6TvBg04 net::ERR_ABORTED | /approvals?_rsc=ix5_aAief6TvBg04 net::ERR_ABORTED | /accounts?_rsc=ix5_aAief6TvBg04 net::ERR_ABORTED | /catalog?_rsc=ix5_aAief6TvBg04 net::ERR_ABORTED | /contracts?_rsc=ix5_aAief6TvBg04 net::ERR_ABORTED | /intelligence?_rsc=ix5_aAief6TvBg04 net::ERR_ABORTED | /intelligence/bids?_rsc=ix5_aAief6TvBg04 net::ERR_ABORTED | /catalog/gudid?_rsc=ix5_aAief6TvBg04 net::ERR_ABORTED | /crosses?_rsc=ix5_aAief6TvBg04 net::ERR_ABORTED | /settings?_rsc=ix5_aAief6TvBg04 net::ERR_ABORTED | /notifications?_rsc=ix5_aAief6TvBg04 net::ERR_ABORTED | /requests/new?_rsc=ix5_aAief6TvBg04 net::ERR_ABORTED | /proposals?_rsc=Dt318okBLJyNDlfE net::ERR_ABORTED | /requests?_rsc=Dt318okBLJyNDlfE net::ERR_ABORTED | /?_rsc=Dt318okBLJyNDlfE net::ERR_ABORTED | /approvals?_rsc=Dt318okBLJyNDlfE net::ERR_ABORTED | /accounts?_rsc=Dt318okBLJyNDlfE net::ERR_ABORTED | /intelligence/bids?_rsc=Dt318okBLJyNDlfE net::ERR_ABORTED | /contracts?_rsc=Dt318okBLJyNDlfE net::ERR_ABORTED | /intelligence?_rsc=Dt318okBLJyNDlfE net::ERR_ABORTED | /catalog?_rsc=Dt318okBLJyNDlfE net::ERR_ABORTED | /crosses?_rsc=Dt318okBLJyNDlfE net::ERR_ABORTED | /analytics?_rsc=Dt318okBLJyNDlfE net::ERR_ABORTED | /catalog/gudid?_rsc=Dt318okBLJyNDlfE net::ERR_ABORTED | /notifications?_rsc=Dt318okBLJyNDlfE net::ERR_ABORTED | /requests/new?_rsc=Dt318okBLJyNDlfE net::ERR_ABORTED | /settings?_rsc=Dt318okBLJyNDlfE net::ERR_ABORTED","","0","1","0","New request ; Switch user ; Refresh"
"ADMIN","/catalog","/catalog","200","Our catalog","","","0","/?_rsc=OYzo7EH3MGwwxBfF net::ERR_ABORTED | /requests?_rsc=OYzo7EH3MGwwxBfF net::ERR_ABORTED | /proposals?_rsc=OYzo7EH3MGwwxBfF net::ERR_ABORTED | /accounts?_rsc=OYzo7EH3MGwwxBfF net::ERR_ABORTED | /contracts?_rsc=OYzo7EH3MGwwxBfF net::ERR_ABORTED | /intelligence?_rsc=OYzo7EH3MGwwxBfF net::ERR_ABORTED | /intelligence/bids?_rsc=OYzo7EH3MGwwxBfF net::ERR_ABORTED | /analytics?_rsc=OYzo7EH3MGwwxBfF net::ERR_ABORTED | /catalog/gudid?_rsc=OYzo7EH3MGwwxBfF net::ERR_ABORTED | /crosses?_rsc=OYzo7EH3MGwwxBfF net::ERR_ABORTED | /settings?_rsc=OYzo7EH3MGwwxBfF net::ERR_ABORTED | /notifications?_rsc=OYzo7EH3MGwwxBfF net::ERR_ABORTED | /requests/new?_rsc=OYzo7EH3MGwwxBfF net::ERR_ABORTED | /proposals?_rsc=O6cAbYUSgs3KBG-F net::ERR_ABORTED | /accounts?_rsc=O6cAbYUSgs3KBG-F net::ERR_ABORTED | /intelligence/bids?_rsc=O6cAbYUSgs3KBG-F net::ERR_ABORTED | /contracts?_rsc=O6cAbYUSgs3KBG-F net::ERR_ABORTED | /catalog?_rsc=O6cAbYUSgs3KBG-F net::ERR_ABORTED | /crosses?_rsc=O6cAbYUSgs3KBG-F net::ERR_ABORTED | /catalog/gudid?_rsc=O6cAbYUSgs3KBG-F net::ERR_ABORTED | /settings?_rsc=O6cAbYUSgs3KBG-F net::ERR_ABORTED | /notifications?_rsc=O6cAbYUSgs3KBG-F net::ERR_ABORTED","","0","1","0","New request ; Switch user ; GUDID library ; Enrich from GUDID ; Pricing ; Competitor sizes ; Add SKUs ; 174006 ; ABSTACK30 ; ABSTACK30X ; PCO2015X ; PCO2520X ; PCO9X ; 11-1276 ; 11-1278 ; 171305 ; 173019 ; 173030 ; 173046 ; 173049 ; 173050G ; 174001 ; 174209 ; 174213 ; 174233 ; 174301 ; 174309 ; 174317 ; 174601 ; 176605 ; 176613 ; 176643 ; 176645 ; 176647 ; 178081 ; 178083 ; 178091 ; 178093 ; 178099 ; 25030 ; CATCH10 ; E3781-28 ; E3781R-28ASP ; E3783-28 ; E3783R-28ASP ; E3783R-36ASP ; LF1837 ; LF5637 ; SILSCLINCH46 ; SILSDISSECT46 ; SILSHOOK36 ; SILSHOOK46 ; SILSSHEAR46 ; WPLGR914 ; WPXLGR1117 ; 010316L ; 010460 ; 010470 ; 015427L ; 015433L ; 015441L ; 015451L ; 015458L ; 015477L ; 015485L ; 015888L ; 017614 ; 020242 ; 030330L ; 030412 ; 030424L ; 030425 ; 030426 ; 030454 ; 030470 ; 030735L ; 059037 ; 111981 ; 111983 ; 111985 ; 111987 ; 111989 ; 3948L ; 3971 ; 3973 ; 4901T ; 8886803712 ; EEA21 ; EEA2135 ; EEA25 ; EEA2535 ; EEA28 ; EEA2835 ; EEA31 ; EEA33 ; EEAXL21 ; EEAXL2135 ; EEAXL25 ; EEAXL2535 ; EEAXL28 ; EEAXL2835 ; EEAXL31 ; EEAXL33 ; EGIA45AMT ; EGIA45AV ; EGIA45AVM ; EGIA45CTAVM ; EGIA60AMT ; EGIA60AVM ; EGIA60AXT ; EGIARADMT ; EGIARADVM ; EGIARADXT ; EGIAUSHORT ; EGIAUSTND ; EGIAUXL ; GIA10038L ; GIA10038S ; GIA10048L ; GIA10048S ; GIA6025L ; GIA6025S ; GIA6038L ; GIA6038S ; GIA6048L ; GIA6048S ; GIA60MTC ; GIA60MTS ; GIA60XTC ; GIA60XTS ; GIA8038L ; GIA8038S ; GIA8048L ; GIA8048S ; GIA80MTC ; GIA80MTS ; GIA80XTC ; GIA80XTS ; HEM3335 ; HEM3348 ; IDRVULTRA1 ; SGIA6038S ; SIG30AMT ; SIG30AV ; SIG30AVM ; SIG30CTAV ; SIG30CTAVM ; SIG45AMT ; SIG45AXT ; SIG45CTAMT ; SIG45CTAV ; SIG45CTAVM ; SIG60AMT ; SIG60AXT ; SIG60CTAMT ; SIG60CTAVM ; SIGADAPTSHORT ; SIGADAPTSTND ; SIGADAPTXL ; SIGC45MT ; SIGC45V ; SIGC45VM ; SIGC45VT ; SIGC60MT ; SIGC60V ; SIGC60VM ; SIGC60VT ; SIGLU45A ; SIGLU60A ; SIGPSHELL ; SIGRADMT ; SIGRADVM ; SIGRADXT ; SIGSDL45CTVT ; SIGSDS30CTV ; SIGSDS30CTVT ; SIGTRSB45AMT ; SIGTRSB45AXT ; SIGTRSB60AMT ; SIGTRSB60AXT ; TA3035L ; TA3035S ; TA3048L ; TA3048S ; TA30V3L ; TA30V3S ; TA4535L ; TA4535S ; TA4548L ; TA4548S ; TA6035L ; TA6035S ; TA6048L ; TA6048S ; TA9035L ; TA9035S ; TA9048L ; TA9048S ; TRIEEA28MT ; TRIEEA28XT ; TRIEEA31MT ; TRIEEA31XT ; TRIEEAXL28MT ; TRIEEAXL28XT ; TRIEEAXL31MT ; TRIEEAXL31XT ; TRIEEAXL33MT ; PPDS12 ; PPDS15 ; PPDS1510 ; PPDS2015 ; PPM1106X3 ; PPM1510X3 ; PPM4530 ; 171313 ; 171315 ; 172015 ; 172016 ; 176626P ; 176673P ; 176674P ; 176674PF ; 177090P ; 177090PF ; 177091P ; 177091PF ; 177092 ; 177092F ; 177992P ; 177995P ; 179076P ; 179077P ; 179078PF ; 179093 ; 179093F ; 179094 ; 179094F ; 179095P ; 179096P ; 179096PF ; 179097P ; 179097PF ; 179100 ; 179101 ; 179102P ; 179301 ; 179303 ; 179305 ; 179307 ; 179308 ; 179309 ; 179310 ; 21-345 ; 220-50 ; 24055- ; 4216 ; B11STF ; B11STS ; B12LGF ; B12LGS ; B12STF ; B12STFCS ; B12STS ; B5SHF ; B5SHS ; B5STF ; B5STS ; BPT12STS ; MS100703 ; MS100705 ; MS100708 ; MS101003 ; MS101005 ; MS101008 ; NB11STF ; NB12LGF ; NB12SHF ; NB12STF ; NB12STS ; NB15LGF ; NB15STF ; NB3SHFLP ; NB5LGF ; NB5SHF ; NB5SHFLP ; NB5STF ; NB5STFLP ; NBFCA11ST ; NBFCA12ST ; NONB11STF ; NONB12LGF ; NONB12SHF ; NONB12STF ; NONB12STS ; NONB15LGF ; NONB15STF ; NONB5LGF ; NONB5SHF ; NONB5STF ; NONB8STF ; OMS-T10BT ; OMS-T10BTNL ; OMS-T10BTS ; OMS-T10BTSNL ; OMS-T12BT ; OMS-T12BTNL ; ONB11LGF ; ONB11STF ; ONB12LGF ; ONB12SHF ; ONB12STF ; ONB12STF-NSB ; ONB12STFCS ; ONB12STS ; ONB15STF ; ONB5LGF ; ONB5SHF ; ONB5STF ; ONB5STF-NSB ; ONB5STF2C ; ONBFCA11ST ; S100000 ; S100700 ; S100705 ; S100710 ; S100712 ; S101000 ; S101005 ; S101010 ; S101012 ; S110000 ; SILSPT12TA ; SILSPT5TA ; UNVCA11STF ; UNVCA12LGF ; UNVCA12STF ; UNVCA12STF-NSB ; UNVCA12STS ; UNVCA5LGF ; UNVCA5SHF ; UNVCA5STF ; VS070000 ; VS100700 ; VS100705 ; VS100711P ; VS100712P ; VS101000 ; VS101005 ; VS101011P ; VS101012P ; VS101015P ; VS101500 ; VS101505 ; VS101512P ; VS150000 ; VSR100005 ; VSR100812P ; WPMD509 ; WPSM256 ; WPXSM24"
"ADMIN","/catalog/gudid","/catalog/gudid","200","GUDID library","","","0","/?_rsc=DGmoGnAw5OqJpMhM net::ERR_ABORTED | /accounts?_rsc=DGmoGnAw5OqJpMhM net::ERR_ABORTED | /contracts?_rsc=DGmoGnAw5OqJpMhM net::ERR_ABORTED | /intelligence/bids?_rsc=DGmoGnAw5OqJpMhM net::ERR_ABORTED | /catalog?_rsc=DGmoGnAw5OqJpMhM net::ERR_ABORTED | /crosses?_rsc=DGmoGnAw5OqJpMhM net::ERR_ABORTED | /settings?_rsc=DGmoGnAw5OqJpMhM net::ERR_ABORTED | /proposals?_rsc=Z9EVd8HHdUwJDdIQ net::ERR_ABORTED | /approvals?_rsc=Z9EVd8HHdUwJDdIQ net::ERR_ABORTED | /?_rsc=Z9EVd8HHdUwJDdIQ net::ERR_ABORTED | /requests?_rsc=Z9EVd8HHdUwJDdIQ net::ERR_ABORTED | /intelligence?_rsc=Z9EVd8HHdUwJDdIQ net::ERR_ABORTED | /contracts?_rsc=Z9EVd8HHdUwJDdIQ net::ERR_ABORTED | /accounts?_rsc=Z9EVd8HHdUwJDdIQ net::ERR_ABORTED | /intelligence/bids?_rsc=Z9EVd8HHdUwJDdIQ net::ERR_ABORTED | /analytics?_rsc=Z9EVd8HHdUwJDdIQ net::ERR_ABORTED | /crosses?_rsc=Z9EVd8HHdUwJDdIQ net::ERR_ABORTED | /settings?_rsc=Z9EVd8HHdUwJDdIQ net::ERR_ABORTED | /catalog?_rsc=Z9EVd8HHdUwJDdIQ net::ERR_ABORTED | /requests/new?_rsc=Z9EVd8HHdUwJDdIQ net::ERR_ABORTED | /notifications?_rsc=Z9EVd8HHdUwJDdIQ net::ERR_ABORTED","","0","0","0","New request ; Switch user ; Import from GUDID ; DXT1309AL ; Add to our catalog ; DXT1309AR ; DXT1510AL ; DXT1510AR ; DXT1612AL ; DXT1612AR ; DTN07R ; DTN07RX3 ; DTN07RX6 ; DTN10R ; DTN10RX3 ; DTN10RX6 ; DTN1610E ; DTN1610EX3 ; DTN1610EX6 ; PP0611 ; PP0611X3 ; PP1510 ; PP1510X3 ; PP1515 ; PP2020 ; PP3030 ; PPM1106 ; PPM1106X3 ; PPM1106X6 ; PPM1508 ; PPM1508X3 ; PPM1508X6 ; PPM1510 ; PPM1510X3 ; PPM1510X6 ; PPM1515 ; PPM1515X3 ; PPM1515X6 ; PPM2020 ; PPM2020X3 ; PPM3030 ; PPM3030X3 ; PPM4530 ; PPM4530X3 ; PPM5050 ; PPMK1106 ; PPMK1106X3 ; PPMK1106X6 ; PPMK1508 ; PPMK1508X3 ; PPMK1508X6 ; PPDS12 ; PPDS12X3 ; PPDS15 ; PPDS1510 ; PPDS1510X3 ; PPDS15X3 ; PPDS2015 ; PPDS2015X3 ; PPDS2520 ; PPDS3020 ; PPDS3530 ; PCO12FX ; PCO12X ; PCO1510FX ; PCO1510OSX ; PCO1510X ; PCO15FX ; PCO15X ; PCO2015FX ; PCO2015OSX ; PCO2015X ; PCO20FX ; PCO20X ; PCO2520FX ; PCO2520OSX ; PCO2520X ; PCO2H1 ; PCO2H3 ; PCO2H4 ; PCO3020FX ; PCO3020OSX ; PCO3020X ; PCO3728FX ; PCO3728X ; PCO4VP ; PCO6VP ; PCO8OSX ; PCO8VP ; PCO9FX ; PCO9X ; PCOPM15 ; PCOPM15H35 ; PCOPM15H50 ; PCOPM20 ; PNP6 ; PNP6X3 ; PNP8 ; PNP8X3 ; TCM1106 ; TCM1106X3 ; TCM1510 ; TCM1510X3 ; TCM1515 ; TCM1515X3 ; TCM2020 ; TCM2020X3 ; TCM3015 ; TCM3030 ; TCM4530 ; TEC1309 ; TEC1410DP ; TEC1410P5 ; TEC1510 ; TEC1515 ; TEC2020 ; TEC3030 ; TECR1410DP2 ; TECR1510 ; TECR1510AL ; TECR1510AR ; TECR1515 ; TECR3030 ; TECT1309AL ; TECT1309AR ; TECT1510ADP2L ; TECT1510ADP2R ; TECT1510ADPL ; TECT1510ADPR ; TECT1510AL ; TECT1510AR ; TECT1612AFR ; TECT1612AL ; TECT1612AR ; TET1309 ; TET1309D ; TET1510 ; TET1515 ; TET2020 ; TET3030 ; TET5050 ; ADG1510 ; ADG2015 ; ADG3020 ; ADG4030 ; LPG1309AL ; LPG1309AR ; LPG1510 ; LPG1510AK2 ; LPG1510AL ; LPG1510AR ; LPG1510X2 ; LPG1612 ; LPG1612AL ; LPG1612AR ; LPG1614 ; PP1208DL ; PP1208DR ; PP1509G ; PP1515G ; PP2015G ; PP3020G ; PP3030G ; PP4030G ; TEM1208GL ; TEM1208GR ; TEM1409GL ; TEM1409GR ; TEM1509G ; TEM1515G ; TEM2015G ; TEM3015G ; TECG3004 ; SYM12 ; SYM12F ; SYM15 ; SYM1510 ; SYM1510F ; SYM1510OS ; SYM15F ; SYM1710E ; SYM1710EF ; SYM20 ; SYM2012E ; SYM2012EF ; SYM2015 ; SYM2015F ; SYM2015OS ; SYM20F ; SYM2515E ; SYM2515EF ; SYM2520 ; SYM2520F ; SYM2520OS ; SYM3020 ; SYM3020F ; SYM3020OS ; SYM3420E ; SYM3420EF ; SYM3728 ; SYM3728F ; SYM4024E ; SYM4024EF ; SYM4232 ; SYM4232F ; SYM8OS ; SYM9 ; SYM9F ; VTX1106 ; VTX1106X3 ; VTX1510 ; VTX1510X3 ; VTX1515 ; VTX1515M ; VTX1515MX3 ; VTX1515X3 ; VTX2020M ; VTX3030M ; VTX4530M ; VTX5050M ; Sofradim"
"ADMIN","/crosses","/crosses","200","Crosswalk","","","0","/?_rsc=zAn-vlYtEcVbUMJ6 net::ERR_ABORTED | /requests?_rsc=zAn-vlYtEcVbUMJ6 net::ERR_ABORTED | /proposals?_rsc=zAn-vlYtEcVbUMJ6 net::ERR_ABORTED | /approvals?_rsc=zAn-vlYtEcVbUMJ6 net::ERR_ABORTED | /accounts?_rsc=zAn-vlYtEcVbUMJ6 net::ERR_ABORTED | /contracts?_rsc=zAn-vlYtEcVbUMJ6 net::ERR_ABORTED | /catalog/gudid?_rsc=zAn-vlYtEcVbUMJ6 net::ERR_ABORTED | /settings?_rsc=zAn-vlYtEcVbUMJ6 net::ERR_ABORTED | /notifications?_rsc=zAn-vlYtEcVbUMJ6 net::ERR_ABORTED | /requests/new?_rsc=zAn-vlYtEcVbUMJ6 net::ERR_ABORTED | /?_rsc=aniPmKjMQR6zCALO net::ERR_ABORTED | /requests?_rsc=aniPmKjMQR6zCALO net::ERR_ABORTED | /proposals?_rsc=aniPmKjMQR6zCALO net::ERR_ABORTED | /approvals?_rsc=aniPmKjMQR6zCALO net::ERR_ABORTED | /accounts?_rsc=aniPmKjMQR6zCALO net::ERR_ABORTED | /contracts?_rsc=aniPmKjMQR6zCALO net::ERR_ABORTED | /intelligence?_rsc=aniPmKjMQR6zCALO net::ERR_ABORTED | /analytics?_rsc=aniPmKjMQR6zCALO net::ERR_ABORTED | /catalog?_rsc=aniPmKjMQR6zCALO net::ERR_ABORTED | /notifications?_rsc=aniPmKjMQR6zCALO net::ERR_ABORTED | /crosses?_rsc=aniPmKjMQR6zCALO net::ERR_ABORTED | /settings?_rsc=aniPmKjMQR6zCALO net::ERR_ABORTED | /catalog/gudid?_rsc=aniPmKjMQR6zCALO net::ERR_ABORTED | /requests/new?_rsc=aniPmKjMQR6zCALO net::ERR_ABORTED","","0","0","0","New request ; Switch user ; Publish new version ; Approve clinically ; Approve marketing ; Approve (disabled) ; Reject"
"ADMIN","/notifications","/notifications","200","Notifications","","","0","/?_rsc=oG-rbVP81bj5yHs2 net::ERR_ABORTED | /requests?_rsc=oG-rbVP81bj5yHs2 net::ERR_ABORTED | /proposals?_rsc=oG-rbVP81bj5yHs2 net::ERR_ABORTED | /approvals?_rsc=oG-rbVP81bj5yHs2 net::ERR_ABORTED | /intelligence?_rsc=oG-rbVP81bj5yHs2 net::ERR_ABORTED | /accounts?_rsc=oG-rbVP81bj5yHs2 net::ERR_ABORTED | /contracts?_rsc=oG-rbVP81bj5yHs2 net::ERR_ABORTED | /requests/cmufeje3o002hk57d491oejr5?_rsc=oG-rbVP81bj5yHs2 net::ERR_ABORTED | /proposals/cmufdkkln003q8l7d1m4dm88l?_rsc=oG-rbVP81bj5yHs2 net::ERR_ABORTED | /requests/cmufdh3bj000c8l7d0xi3zsf0?_rsc=oG-rbVP81bj5yHs2 net::ERR_ABORTED | /settings?_rsc=oG-rbVP81bj5yHs2 net::ERR_ABORTED | /catalog?_rsc=oG-rbVP81bj5yHs2 net::ERR_ABORTED | /analytics?_rsc=oG-rbVP81bj5yHs2 net::ERR_ABORTED | /catalog/gudid?_rsc=oG-rbVP81bj5yHs2 net::ERR_ABORTED | /requests/new?_rsc=oG-rbVP81bj5yHs2 net::ERR_ABORTED | /settings?_rsc=FxIb9Zh5xrkPNSW4 net::ERR_ABORTED | /requests/cmufeje3o002hk57d491oejr5?_rsc=FxIb9Zh5xrkPNSW4 net::ERR_ABORTED | /proposals/cmufdkkln003q8l7d1m4dm88l?_rsc=FxIb9Zh5xrkPNSW4 net::ERR_ABORTED | /requests/cmufdh3bj000c8l7d0xi3zsf0?_rsc=FxIb9Zh5xrkPNSW4 net::ERR_ABORTED | /requests/cmufcnw1t003m5y7ds9b0eta9?_rsc=FxIb9Zh5xrkPNSW4 net::ERR_ABORTED | /requests/cmufckl2s00205y7dkly63f9m?_rsc=FxIb9Zh5xrkPNSW4 net::ERR_ABORTED | /requests/cmufckl0t001u5y7daptu5251?_rsc=FxIb9Zh5xrkPNSW4 net::ERR_ABORTED | /requests/cmufcynqe0001np7dpzorvaiq?_rsc=FxIb9Zh5xrkPNSW4 net::ERR_ABORTED | /requests?_rsc=FxIb9Zh5xrkPNSW4 net::ERR_ABORTED | /?_rsc=FxIb9Zh5xrkPNSW4 net::ERR_ABORTED | /requests/cmufcjbjr000g5y7ddlij2xi0?_rsc=FxIb9Zh5xrkPNSW4 net::ERR_ABORTED | /approvals?_rsc=FxIb9Zh5xrkPNSW4 net::ERR_ABORTED | /proposals?_rsc=FxIb9Zh5xrkPNSW4 net::ERR_ABORTED | /accounts?_rsc=FxIb9Zh5xrkPNSW4 net::ERR_ABORTED | /contracts?_rsc=FxIb9Zh5xrkPNSW4 net::ERR_ABORTED | /intelligence?_rsc=FxIb9Zh5xrkPNSW4 net::ERR_ABORTED | /intelligence/bids?_rsc=FxIb9Zh5xrkPNSW4 net::ERR_ABORTED | /analytics?_rsc=FxIb9Zh5xrkPNSW4 net::ERR_ABORTED | /catalog?_rsc=FxIb9Zh5xrkPNSW4 net::ERR_ABORTED | /catalog/gudid?_rsc=FxIb9Zh5xrkPNSW4 net::ERR_ABORTED | /crosses?_rsc=FxIb9Zh5xrkPNSW4 net::ERR_ABORTED | /notifications?_rsc=FxIb9Zh5xrkPNSW4 net::ERR_ABORTED | /requests/new?_rsc=FxIb9Zh5xrkPNSW4 net::ERR_ABORTED","","0","0","0","New request ; Switch user ; Mark all read ; Read"
"ADMIN","/settings","/settings","200","Settings","","","0","/?_rsc=DQxjArDrgutTG17x net::ERR_ABORTED | /requests?_rsc=DQxjArDrgutTG17x net::ERR_ABORTED | /proposals?_rsc=DQxjArDrgutTG17x net::ERR_ABORTED | /approvals?_rsc=DQxjArDrgutTG17x net::ERR_ABORTED | /accounts?_rsc=DQxjArDrgutTG17x net::ERR_ABORTED | /contracts?_rsc=DQxjArDrgutTG17x net::ERR_ABORTED | /intelligence?_rsc=DQxjArDrgutTG17x net::ERR_ABORTED | /intelligence/bids?_rsc=DQxjArDrgutTG17x net::ERR_ABORTED | /crosses?_rsc=DQxjArDrgutTG17x net::ERR_ABORTED | /notifications?_rsc=DQxjArDrgutTG17x net::ERR_ABORTED | /requests/new?_rsc=DQxjArDrgutTG17x net::ERR_ABORTED | /?_rsc=j-_vjoKOn8bxlRO7 net::ERR_ABORTED | /requests?_rsc=j-_vjoKOn8bxlRO7 net::ERR_ABORTED | /proposals?_rsc=j-_vjoKOn8bxlRO7 net::ERR_ABORTED | /approvals?_rsc=j-_vjoKOn8bxlRO7 net::ERR_ABORTED | /accounts?_rsc=j-_vjoKOn8bxlRO7 net::ERR_ABORTED | /contracts?_rsc=j-_vjoKOn8bxlRO7 net::ERR_ABORTED | /intelligence?_rsc=j-_vjoKOn8bxlRO7 net::ERR_ABORTED | /intelligence/bids?_rsc=j-_vjoKOn8bxlRO7 net::ERR_ABORTED | /catalog?_rsc=j-_vjoKOn8bxlRO7 net::ERR_ABORTED | /catalog/gudid?_rsc=j-_vjoKOn8bxlRO7 net::ERR_ABORTED | /crosses?_rsc=j-_vjoKOn8bxlRO7 net::ERR_ABORTED | /notifications?_rsc=j-_vjoKOn8bxlRO7 net::ERR_ABORTED | /requests/new?_rsc=j-_vjoKOn8bxlRO7 net::ERR_ABORTED","","0","0","0","New request ; Switch user ; Save ; Evaluate alerts now ; Run now ; Refresh stale records ; Edit ; Configure integrations → ; How to connect ; Sync now"
"ADMIN","/settings/integrations","/settings/integrations","200","Integrations","","","0","/?_rsc=U-OwWBq-vq-slwyv net::ERR_ABORTED | /proposals?_rsc=U-OwWBq-vq-slwyv net::ERR_ABORTED | /approvals?_rsc=U-OwWBq-vq-slwyv net::ERR_ABORTED | /accounts?_rsc=U-OwWBq-vq-slwyv net::ERR_ABORTED | /intelligence/bids?_rsc=U-OwWBq-vq-slwyv net::ERR_ABORTED | /contracts?_rsc=U-OwWBq-vq-slwyv net::ERR_ABORTED | /intelligence?_rsc=U-OwWBq-vq-slwyv net::ERR_ABORTED | /settings?_rsc=U-OwWBq-vq-slwyv net::ERR_ABORTED | /requests/new?_rsc=U-OwWBq-vq-slwyv net::ERR_ABORTED | /notifications?_rsc=U-OwWBq-vq-slwyv net::ERR_ABORTED | /approvals?_rsc=hbetPO-u3vUUlMwr net::ERR_ABORTED | /requests?_rsc=hbetPO-u3vUUlMwr net::ERR_ABORTED | /proposals?_rsc=hbetPO-u3vUUlMwr net::ERR_ABORTED | /?_rsc=hbetPO-u3vUUlMwr net::ERR_ABORTED | /accounts?_rsc=hbetPO-u3vUUlMwr net::ERR_ABORTED | /contracts?_rsc=hbetPO-u3vUUlMwr net::ERR_ABORTED | /catalog?_rsc=hbetPO-u3vUUlMwr net::ERR_ABORTED | /analytics?_rsc=hbetPO-u3vUUlMwr net::ERR_ABORTED | /intelligence/bids?_rsc=hbetPO-u3vUUlMwr net::ERR_ABORTED | /intelligence?_rsc=hbetPO-u3vUUlMwr net::ERR_ABORTED | /notifications?_rsc=hbetPO-u3vUUlMwr net::ERR_ABORTED | /crosses?_rsc=hbetPO-u3vUUlMwr net::ERR_ABORTED | /settings?_rsc=hbetPO-u3vUUlMwr net::ERR_ABORTED | /catalog/gudid?_rsc=hbetPO-u3vUUlMwr net::ERR_ABORTED | /requests/new?_rsc=hbetPO-u3vUUlMwr net::ERR_ABORTED","","0","0","0","New request ; Switch user ; Salesforce (CRM)connectedMock Salesforce ; SAP ERP (OData)not configuredno provider ; Premier rosternot configuredno provider ; Vizient rosternot configuredno provider ; HealthTrust rosternot configuredno provi ; Document extraction (OCR)not configuredn ; Exchange ratesnot configuredno provider ; Competitor GPO contract pricesnot config ; Review queue0 open items across all inte"
"ADMIN","/settings/pricing","/settings/pricing","200","Pricing policies","","","0","/?_rsc=8oSST31HPn0UlEto net::ERR_ABORTED | /approvals?_rsc=8oSST31HPn0UlEto net::ERR_ABORTED | /contracts?_rsc=8oSST31HPn0UlEto net::ERR_ABORTED | /intelligence?_rsc=8oSST31HPn0UlEto net::ERR_ABORTED | /accounts?_rsc=8oSST31HPn0UlEto net::ERR_ABORTED | /intelligence/bids?_rsc=8oSST31HPn0UlEto net::ERR_ABORTED | /analytics?_rsc=8oSST31HPn0UlEto net::ERR_ABORTED | /catalog?_rsc=8oSST31HPn0UlEto net::ERR_ABORTED | /catalog/gudid?_rsc=8oSST31HPn0UlEto net::ERR_ABORTED | /crosses?_rsc=8oSST31HPn0UlEto net::ERR_ABORTED | /settings?_rsc=8oSST31HPn0UlEto net::ERR_ABORTED | /notifications?_rsc=8oSST31HPn0UlEto net::ERR_ABORTED | /requests/new?_rsc=8oSST31HPn0UlEto net::ERR_ABORTED | /requests?_rsc=_Ie442TgELs3Q458 net::ERR_ABORTED | /?_rsc=_Ie442TgELs3Q458 net::ERR_ABORTED | /proposals?_rsc=_Ie442TgELs3Q458 net::ERR_ABORTED | /approvals?_rsc=_Ie442TgELs3Q458 net::ERR_ABORTED | /accounts?_rsc=_Ie442TgELs3Q458 net::ERR_ABORTED | /contracts?_rsc=_Ie442TgELs3Q458 net::ERR_ABORTED | /intelligence?_rsc=_Ie442TgELs3Q458 net::ERR_ABORTED | /intelligence/bids?_rsc=_Ie442TgELs3Q458 net::ERR_ABORTED | /analytics?_rsc=_Ie442TgELs3Q458 net::ERR_ABORTED | /catalog?_rsc=_Ie442TgELs3Q458 net::ERR_ABORTED | /crosses?_rsc=_Ie442TgELs3Q458 net::ERR_ABORTED | /catalog/gudid?_rsc=_Ie442TgELs3Q458 net::ERR_ABORTED | /notifications?_rsc=_Ie442TgELs3Q458 net::ERR_ABORTED | /requests/new?_rsc=_Ie442TgELs3Q458 net::ERR_ABORTED | /settings?_rsc=_Ie442TgELs3Q458 net::ERR_ABORTED","","0","0","0","New request ; Switch user ; New draft ; New version"
"EXECUTIVE","/","/","200","Competitive cross reference","","","0","/accounts?_rsc=5CB68i4pnAekjehf net::ERR_ABORTED | /contracts?_rsc=5CB68i4pnAekjehf net::ERR_ABORTED | /proposals?_rsc=5CB68i4pnAekjehf net::ERR_ABORTED | /analytics?_rsc=5CB68i4pnAekjehf net::ERR_ABORTED | /catalog?_rsc=5CB68i4pnAekjehf net::ERR_ABORTED | /catalog/gudid?_rsc=5CB68i4pnAekjehf net::ERR_ABORTED | /crosses?_rsc=5CB68i4pnAekjehf net::ERR_ABORTED | /settings?_rsc=5CB68i4pnAekjehf net::ERR_ABORTED | /notifications?_rsc=5CB68i4pnAekjehf net::ERR_ABORTED | /?_rsc=tXyZJ52UQVBCVsD3 net::ERR_ABORTED | /proposals?_rsc=tXyZJ52UQVBCVsD3 net::ERR_ABORTED | /accounts?_rsc=tXyZJ52UQVBCVsD3 net::ERR_ABORTED | /contracts?_rsc=tXyZJ52UQVBCVsD3 net::ERR_ABORTED | /intelligence?_rsc=tXyZJ52UQVBCVsD3 net::ERR_ABORTED | /intelligence/bids?_rsc=tXyZJ52UQVBCVsD3 net::ERR_ABORTED | /analytics?_rsc=tXyZJ52UQVBCVsD3 net::ERR_ABORTED | /crosses?_rsc=tXyZJ52UQVBCVsD3 net::ERR_ABORTED | /settings?_rsc=tXyZJ52UQVBCVsD3 net::ERR_ABORTED | /notifications?_rsc=tXyZJ52UQVBCVsD3 net::ERR_ABORTED","","0","0","0","Switch user"
"EXECUTIVE","/requests","/requests","200","","","","0","/?_rsc=p3Q57VochOqcQNsg net::ERR_ABORTED | /proposals?_rsc=p3Q57VochOqcQNsg net::ERR_ABORTED | /accounts?_rsc=p3Q57VochOqcQNsg net::ERR_ABORTED | /intelligence?_rsc=p3Q57VochOqcQNsg net::ERR_ABORTED | /intelligence/bids?_rsc=p3Q57VochOqcQNsg net::ERR_ABORTED | /analytics?_rsc=p3Q57VochOqcQNsg net::ERR_ABORTED | /catalog?_rsc=p3Q57VochOqcQNsg net::ERR_ABORTED | /catalog/gudid?_rsc=p3Q57VochOqcQNsg net::ERR_ABORTED | /crosses?_rsc=p3Q57VochOqcQNsg net::ERR_ABORTED | /settings?_rsc=p3Q57VochOqcQNsg net::ERR_ABORTED | /notifications?_rsc=p3Q57VochOqcQNsg net::ERR_ABORTED | /?_rsc=nIzLgF1M7nWxnHlV net::ERR_ABORTED | /proposals?_rsc=nIzLgF1M7nWxnHlV net::ERR_ABORTED | /accounts?_rsc=nIzLgF1M7nWxnHlV net::ERR_ABORTED | /contracts?_rsc=nIzLgF1M7nWxnHlV net::ERR_ABORTED | /intelligence?_rsc=nIzLgF1M7nWxnHlV net::ERR_ABORTED | /intelligence/bids?_rsc=nIzLgF1M7nWxnHlV net::ERR_ABORTED | /analytics?_rsc=nIzLgF1M7nWxnHlV net::ERR_ABORTED | /catalog?_rsc=nIzLgF1M7nWxnHlV net::ERR_ABORTED | /crosses?_rsc=nIzLgF1M7nWxnHlV net::ERR_ABORTED | /catalog/gudid?_rsc=nIzLgF1M7nWxnHlV net::ERR_ABORTED | /settings?_rsc=nIzLgF1M7nWxnHlV net::ERR_ABORTED | /notifications?_rsc=nIzLgF1M7nWxnHlV net::ERR_ABORTED","","0","0","0","Switch user"
"EXECUTIVE","/requests/new","/requests/new","200","","","","0","/proposals?_rsc=4belA-F-xg-XtLdx net::ERR_ABORTED | /accounts?_rsc=4belA-F-xg-XtLdx net::ERR_ABORTED | /contracts?_rsc=4belA-F-xg-XtLdx net::ERR_ABORTED | /?_rsc=4belA-F-xg-XtLdx net::ERR_ABORTED | /intelligence?_rsc=4belA-F-xg-XtLdx net::ERR_ABORTED | /intelligence/bids?_rsc=4belA-F-xg-XtLdx net::ERR_ABORTED | /analytics?_rsc=4belA-F-xg-XtLdx net::ERR_ABORTED | /crosses?_rsc=4belA-F-xg-XtLdx net::ERR_ABORTED | /catalog/gudid?_rsc=4belA-F-xg-XtLdx net::ERR_ABORTED | /settings?_rsc=4belA-F-xg-XtLdx net::ERR_ABORTED | /notifications?_rsc=4belA-F-xg-XtLdx net::ERR_ABORTED | /?_rsc=O1p93FFpSnNce0k4 net::ERR_ABORTED | /proposals?_rsc=O1p93FFpSnNce0k4 net::ERR_ABORTED | /accounts?_rsc=O1p93FFpSnNce0k4 net::ERR_ABORTED | /contracts?_rsc=O1p93FFpSnNce0k4 net::ERR_ABORTED | /intelligence?_rsc=O1p93FFpSnNce0k4 net::ERR_ABORTED | /analytics?_rsc=O1p93FFpSnNce0k4 net::ERR_ABORTED | /intelligence/bids?_rsc=O1p93FFpSnNce0k4 net::ERR_ABORTED | /notifications?_rsc=O1p93FFpSnNce0k4 net::ERR_ABORTED | /settings?_rsc=O1p93FFpSnNce0k4 net::ERR_ABORTED | /crosses?_rsc=O1p93FFpSnNce0k4 net::ERR_ABORTED","","0","0","0","Switch user"
"EXECUTIVE","/requests/[id]","/requests/cmufeje3o002hk57d491oejr5","200","","Failed to load resource: the server responded with a status of 403 (Forbidden)","","0","/?_rsc=L4ND5fhfYnvUqaPw net::ERR_ABORTED | /proposals?_rsc=L4ND5fhfYnvUqaPw net::ERR_ABORTED | /accounts?_rsc=L4ND5fhfYnvUqaPw net::ERR_ABORTED | /contracts?_rsc=L4ND5fhfYnvUqaPw net::ERR_ABORTED | /requests?_rsc=L4ND5fhfYnvUqaPw net::ERR_ABORTED | /intelligence?_rsc=L4ND5fhfYnvUqaPw net::ERR_ABORTED | /intelligence/bids?_rsc=L4ND5fhfYnvUqaPw net::ERR_ABORTED | /analytics?_rsc=L4ND5fhfYnvUqaPw net::ERR_ABORTED | /catalog?_rsc=L4ND5fhfYnvUqaPw net::ERR_ABORTED | /catalog/gudid?_rsc=L4ND5fhfYnvUqaPw net::ERR_ABORTED | /crosses?_rsc=L4ND5fhfYnvUqaPw net::ERR_ABORTED | /settings?_rsc=L4ND5fhfYnvUqaPw net::ERR_ABORTED | /notifications?_rsc=L4ND5fhfYnvUqaPw net::ERR_ABORTED | /?_rsc=grHQqzBoP485Pe5C net::ERR_ABORTED | /proposals?_rsc=grHQqzBoP485Pe5C net::ERR_ABORTED | /intelligence/bids?_rsc=grHQqzBoP485Pe5C net::ERR_ABORTED | /intelligence?_rsc=grHQqzBoP485Pe5C net::ERR_ABORTED | /contracts?_rsc=grHQqzBoP485Pe5C net::ERR_ABORTED | /accounts?_rsc=grHQqzBoP485Pe5C net::ERR_ABORTED | /analytics?_rsc=grHQqzBoP485Pe5C net::ERR_ABORTED | /catalog?_rsc=grHQqzBoP485Pe5C net::ERR_ABORTED | /catalog/gudid?_rsc=grHQqzBoP485Pe5C net::ERR_ABORTED | /crosses?_rsc=grHQqzBoP485Pe5C net::ERR_ABORTED | /settings?_rsc=grHQqzBoP485Pe5C net::ERR_ABORTED | /notifications?_rsc=grHQqzBoP485Pe5C net::ERR_ABORTED","403 /api/requests/cmufeje3o002hk57d491oejr5","0","0","0","Switch user"
"EXECUTIVE","/proposals","/proposals","200","Commercial proposals","","","0","/?_rsc=8qZH60WsiyOTuseO net::ERR_ABORTED | /accounts?_rsc=8qZH60WsiyOTuseO net::ERR_ABORTED | /contracts?_rsc=8qZH60WsiyOTuseO net::ERR_ABORTED | /intelligence?_rsc=8qZH60WsiyOTuseO net::ERR_ABORTED | /intelligence/bids?_rsc=8qZH60WsiyOTuseO net::ERR_ABORTED | /analytics?_rsc=8qZH60WsiyOTuseO net::ERR_ABORTED | /catalog?_rsc=8qZH60WsiyOTuseO net::ERR_ABORTED | /catalog/gudid?_rsc=8qZH60WsiyOTuseO net::ERR_ABORTED | /settings?_rsc=8qZH60WsiyOTuseO net::ERR_ABORTED | /crosses?_rsc=8qZH60WsiyOTuseO net::ERR_ABORTED | /proposals/cmufem5ld0056k57d2utmar8g?_rsc=8qZH60WsiyOTuseO net::ERR_ABORTED | /notifications?_rsc=8qZH60WsiyOTuseO net::ERR_ABORTED | /proposals/cmufe2r28001ai27dm62d5upt?_rsc=8qZH60WsiyOTuseO net::ERR_ABORTED | /proposals/cmufejry60041k57dwr6rvl6x?_rsc=8qZH60WsiyOTuseO net::ERR_ABORTED | /?_rsc=yDw8cg_cK2Tq2IDS net::ERR_ABORTED | /intelligence?_rsc=yDw8cg_cK2Tq2IDS net::ERR_ABORTED | /proposals?_rsc=yDw8cg_cK2Tq2IDS net::ERR_ABORTED | /accounts?_rsc=yDw8cg_cK2Tq2IDS net::ERR_ABORTED | /contracts?_rsc=yDw8cg_cK2Tq2IDS net::ERR_ABORTED | /intelligence/bids?_rsc=yDw8cg_cK2Tq2IDS net::ERR_ABORTED | /catalog?_rsc=yDw8cg_cK2Tq2IDS net::ERR_ABORTED | /analytics?_rsc=yDw8cg_cK2Tq2IDS net::ERR_ABORTED | /settings?_rsc=yDw8cg_cK2Tq2IDS net::ERR_ABORTED | /proposals/cmufem5ld0056k57d2utmar8g?_rsc=yDw8cg_cK2Tq2IDS net::ERR_ABORTED | /notifications?_rsc=yDw8cg_cK2Tq2IDS net::ERR_ABORTED | /proposals/cmufe2r28001ai27dm62d5upt?_rsc=yDw8cg_cK2Tq2IDS net::ERR_ABORTED | /proposals/cmufcz0vr001hnp7dqk2z8vcf?_rsc=yDw8cg_cK2Tq2IDS net::ERR_ABORTED | /proposals/cmufdhh6r001w8l7d9fuqubfe?_rsc=yDw8cg_cK2Tq2IDS net::ERR_ABORTED | /proposals/cmufcovyo004l5y7dyhkzdcxj?_rsc=yDw8cg_cK2Tq2IDS net::ERR_ABORTED","","0","1","0","Switch user"
"EXECUTIVE","/proposals/[id]","/proposals/cmufem5ld0056k57d2utmar8g","200","PRP-0035-v2 · WS3 Journey Hospital","","","0","/accounts?_rsc=IZ6zrI2LDRRC1-Wd net::ERR_ABORTED | /contracts?_rsc=IZ6zrI2LDRRC1-Wd net::ERR_ABORTED | /?_rsc=IZ6zrI2LDRRC1-Wd net::ERR_ABORTED | /proposals?_rsc=IZ6zrI2LDRRC1-Wd net::ERR_ABORTED | /catalog/gudid?_rsc=IZ6zrI2LDRRC1-Wd net::ERR_ABORTED | /requests/cmufeje3o002hk57d491oejr5?_rsc=IZ6zrI2LDRRC1-Wd net::ERR_ABORTED | /crosses?_rsc=IZ6zrI2LDRRC1-Wd net::ERR_ABORTED | /settings?_rsc=IZ6zrI2LDRRC1-Wd net::ERR_ABORTED | /notifications?_rsc=IZ6zrI2LDRRC1-Wd net::ERR_ABORTED | /requests/cmufeje3o002hk57d491oejr5?_rsc=fAAmY66VdqvUMp3_ net::ERR_ABORTED | /?_rsc=fAAmY66VdqvUMp3_ net::ERR_ABORTED | /proposals?_rsc=fAAmY66VdqvUMp3_ net::ERR_ABORTED | /accounts?_rsc=fAAmY66VdqvUMp3_ net::ERR_ABORTED | /contracts?_rsc=fAAmY66VdqvUMp3_ net::ERR_ABORTED | /intelligence/bids?_rsc=fAAmY66VdqvUMp3_ net::ERR_ABORTED | /analytics?_rsc=fAAmY66VdqvUMp3_ net::ERR_ABORTED | /catalog?_rsc=fAAmY66VdqvUMp3_ net::ERR_ABORTED | /catalog/gudid?_rsc=fAAmY66VdqvUMp3_ net::ERR_ABORTED | /crosses?_rsc=fAAmY66VdqvUMp3_ net::ERR_ABORTED | /settings?_rsc=fAAmY66VdqvUMp3_ net::ERR_ABORTED | /notifications?_rsc=fAAmY66VdqvUMp3_ net::ERR_ABORTED","","0","1","0","Switch user ; Details ; Proposal ; Show audit trail ; 1190500 ; B12LTH"
"EXECUTIVE","/approvals","/approvals","200","Pricing approvals","","","0","/?_rsc=Ut9iRRX_9PZKRdF- net::ERR_ABORTED | /proposals?_rsc=Ut9iRRX_9PZKRdF- net::ERR_ABORTED | /accounts?_rsc=Ut9iRRX_9PZKRdF- net::ERR_ABORTED | /contracts?_rsc=Ut9iRRX_9PZKRdF- net::ERR_ABORTED | /intelligence?_rsc=Ut9iRRX_9PZKRdF- net::ERR_ABORTED | /intelligence/bids?_rsc=Ut9iRRX_9PZKRdF- net::ERR_ABORTED | /analytics?_rsc=Ut9iRRX_9PZKRdF- net::ERR_ABORTED | /catalog?_rsc=Ut9iRRX_9PZKRdF- net::ERR_ABORTED | /catalog/gudid?_rsc=Ut9iRRX_9PZKRdF- net::ERR_ABORTED | /crosses?_rsc=Ut9iRRX_9PZKRdF- net::ERR_ABORTED | /settings?_rsc=Ut9iRRX_9PZKRdF- net::ERR_ABORTED | /notifications?_rsc=Ut9iRRX_9PZKRdF- net::ERR_ABORTED | /?_rsc=AU6DTT46DVXZ7jWj net::ERR_ABORTED | /proposals?_rsc=AU6DTT46DVXZ7jWj net::ERR_ABORTED | /accounts?_rsc=AU6DTT46DVXZ7jWj net::ERR_ABORTED | /contracts?_rsc=AU6DTT46DVXZ7jWj net::ERR_ABORTED | /intelligence?_rsc=AU6DTT46DVXZ7jWj net::ERR_ABORTED | /intelligence/bids?_rsc=AU6DTT46DVXZ7jWj net::ERR_ABORTED | /analytics?_rsc=AU6DTT46DVXZ7jWj net::ERR_ABORTED | /catalog?_rsc=AU6DTT46DVXZ7jWj net::ERR_ABORTED | /catalog/gudid?_rsc=AU6DTT46DVXZ7jWj net::ERR_ABORTED | /notifications?_rsc=AU6DTT46DVXZ7jWj net::ERR_ABORTED | /crosses?_rsc=AU6DTT46DVXZ7jWj net::ERR_ABORTED | /settings?_rsc=AU6DTT46DVXZ7jWj net::ERR_ABORTED","","0","0","0","Switch user ; Delegate my approvals (disabled)"
"EXECUTIVE","/accounts","/accounts","200","Accounts & GPO membership","","","0","/?_rsc=iZGmHDWBA-6V7KTQ net::ERR_ABORTED | /proposals?_rsc=iZGmHDWBA-6V7KTQ net::ERR_ABORTED | /analytics?_rsc=iZGmHDWBA-6V7KTQ net::ERR_ABORTED | /catalog?_rsc=iZGmHDWBA-6V7KTQ net::ERR_ABORTED | /catalog/gudid?_rsc=iZGmHDWBA-6V7KTQ net::ERR_ABORTED | /intelligence/bids?_rsc=iZGmHDWBA-6V7KTQ net::ERR_ABORTED | /settings?_rsc=iZGmHDWBA-6V7KTQ net::ERR_ABORTED | /notifications?_rsc=iZGmHDWBA-6V7KTQ net::ERR_ABORTED | /accounts/cmuf6hihm02rkks7drm31yuur?_rsc=iZGmHDWBA-6V7KTQ net::ERR_ABORTED | /accounts/cmuf6hihq02rmks7did2qxong?_rsc=iZGmHDWBA-6V7KTQ net::ERR_ABORTED | /accounts/cmufdfwvc009mnp7dh1j0oelm?_rsc=iZGmHDWBA-6V7KTQ net::ERR_ABORTED | /accounts/cmuf6hiho02rlks7d2xz6w5ev?_rsc=iZGmHDWBA-6V7KTQ net::ERR_ABORTED | /proposals?_rsc=oRxEn_R9e10JER3Z net::ERR_ABORTED | /contracts?_rsc=oRxEn_R9e10JER3Z net::ERR_ABORTED | /accounts?_rsc=oRxEn_R9e10JER3Z net::ERR_ABORTED | /intelligence?_rsc=oRxEn_R9e10JER3Z net::ERR_ABORTED | /intelligence/bids?_rsc=oRxEn_R9e10JER3Z net::ERR_ABORTED | /analytics?_rsc=oRxEn_R9e10JER3Z net::ERR_ABORTED | /catalog?_rsc=oRxEn_R9e10JER3Z net::ERR_ABORTED | /catalog/gudid?_rsc=oRxEn_R9e10JER3Z net::ERR_ABORTED | /crosses?_rsc=oRxEn_R9e10JER3Z net::ERR_ABORTED | /settings?_rsc=oRxEn_R9e10JER3Z net::ERR_ABORTED | /accounts/cmuf6hihm02rkks7drm31yuur?_rsc=oRxEn_R9e10JER3Z net::ERR_ABORTED | /notifications?_rsc=oRxEn_R9e10JER3Z net::ERR_ABORTED | /accounts/cmuf6hiho02rlks7d2xz6w5ev?_rsc=oRxEn_R9e10JER3Z net::ERR_ABORTED | /accounts/cmuf6hihq02rmks7did2qxong?_rsc=oRxEn_R9e10JER3Z net::ERR_ABORTED | /accounts/cmuf6hihh02riks7dkuig0cbl?_rsc=oRxEn_R9e10JER3Z net::ERR_ABORTED | /accounts/cmufdfwvc009mnp7dh1j0oelm?_rsc=oRxEn_R9e10JER3Z net::ERR_ABORTED | /accounts/cmufdfwvr009pnp7dx6f1v0bl?_rsc=oRxEn_R9e10JER3Z net::ERR_ABORTED | /accounts/cmuf6hihk02rjks7dyamo9w2u?_rsc=oRxEn_R9e10JER3Z net::ERR_ABORTED | /accounts/cmufcovwl004k5y7d1mnqn7fa?_rsc=oRxEn_R9e10JER3Z net::ERR_ABORTED","","0","0","0","Switch user"
"EXECUTIVE","/accounts/[id]","/accounts/cmuf6hihm02rkks7drm31yuur","200","Hospital A — Mount Vernon General","","","0","/proposals?_rsc=pYoAThzR_ryjq0MS net::ERR_ABORTED | /accounts?_rsc=pYoAThzR_ryjq0MS net::ERR_ABORTED | /?_rsc=pYoAThzR_ryjq0MS net::ERR_ABORTED | /intelligence?_rsc=pYoAThzR_ryjq0MS net::ERR_ABORTED | /intelligence/bids?_rsc=pYoAThzR_ryjq0MS net::ERR_ABORTED | /analytics?_rsc=pYoAThzR_ryjq0MS net::ERR_ABORTED | /catalog?_rsc=pYoAThzR_ryjq0MS net::ERR_ABORTED | /catalog/gudid?_rsc=pYoAThzR_ryjq0MS net::ERR_ABORTED | /crosses?_rsc=pYoAThzR_ryjq0MS net::ERR_ABORTED | /contracts/cmufehj7i0011k57dzpf8j0ce?_rsc=pYoAThzR_ryjq0MS net::ERR_ABORTED | /contracts/cmufdgwn600018l7dib8n6qm4?_rsc=pYoAThzR_ryjq0MS net::ERR_ABORTED | /?_rsc=gRQ4rCW2m6dkjkis net::ERR_ABORTED | /proposals?_rsc=gRQ4rCW2m6dkjkis net::ERR_ABORTED | /accounts?_rsc=gRQ4rCW2m6dkjkis net::ERR_ABORTED | /catalog?_rsc=gRQ4rCW2m6dkjkis net::ERR_ABORTED | /intelligence?_rsc=gRQ4rCW2m6dkjkis net::ERR_ABORTED | /analytics?_rsc=gRQ4rCW2m6dkjkis net::ERR_ABORTED | /intelligence/bids?_rsc=gRQ4rCW2m6dkjkis net::ERR_ABORTED | /contracts/cmuf6himl02swks7dif6nb96r?_rsc=gRQ4rCW2m6dkjkis net::ERR_ABORTED | /settings?_rsc=gRQ4rCW2m6dkjkis net::ERR_ABORTED | /contracts/cmufdgwn600018l7dib8n6qm4?_rsc=gRQ4rCW2m6dkjkis net::ERR_ABORTED | /contracts/cmufehj7i0011k57dzpf8j0ce?_rsc=gRQ4rCW2m6dkjkis net::ERR_ABORTED","","0","1","0","Switch user"
"EXECUTIVE","/contracts","/contracts","200","Contracts & price context","","","0","/accounts?_rsc=DzmfcRRfJeItXkgz net::ERR_ABORTED | /intelligence?_rsc=DzmfcRRfJeItXkgz net::ERR_ABORTED | /proposals?_rsc=DzmfcRRfJeItXkgz net::ERR_ABORTED | /?_rsc=DzmfcRRfJeItXkgz net::ERR_ABORTED | /intelligence/bids?_rsc=DzmfcRRfJeItXkgz net::ERR_ABORTED | /catalog?_rsc=DzmfcRRfJeItXkgz net::ERR_ABORTED | /analytics?_rsc=DzmfcRRfJeItXkgz net::ERR_ABORTED | /contracts/cmuf6himu02sxks7dkgml1rr2?_rsc=DzmfcRRfJeItXkgz net::ERR_ABORTED | /crosses?_rsc=DzmfcRRfJeItXkgz net::ERR_ABORTED | /settings?_rsc=DzmfcRRfJeItXkgz net::ERR_ABORTED | /notifications?_rsc=DzmfcRRfJeItXkgz net::ERR_ABORTED | /contracts?_rsc=2Ju2sngZl13OvaTN net::ERR_ABORTED | /accounts?_rsc=2Ju2sngZl13OvaTN net::ERR_ABORTED | /proposals?_rsc=2Ju2sngZl13OvaTN net::ERR_ABORTED | /?_rsc=2Ju2sngZl13OvaTN net::ERR_ABORTED | /intelligence/bids?_rsc=2Ju2sngZl13OvaTN net::ERR_ABORTED | /intelligence?_rsc=2Ju2sngZl13OvaTN net::ERR_ABORTED | /catalog?_rsc=2Ju2sngZl13OvaTN net::ERR_ABORTED | /analytics?_rsc=2Ju2sngZl13OvaTN net::ERR_ABORTED | /settings?_rsc=2Ju2sngZl13OvaTN net::ERR_ABORTED | /catalog/gudid?_rsc=2Ju2sngZl13OvaTN net::ERR_ABORTED | /crosses?_rsc=2Ju2sngZl13OvaTN net::ERR_ABORTED | /notifications?_rsc=2Ju2sngZl13OvaTN net::ERR_ABORTED | /contracts/cmuf6himu02sxks7dkgml1rr2?_rsc=2Ju2sngZl13OvaTN net::ERR_ABORTED | /contracts/cmufdjs85002o8l7dlcs3cpjp?_rsc=2Ju2sngZl13OvaTN net::ERR_ABORTED | /contracts/cmufem4bg004yk57dg70ct1u2?_rsc=2Ju2sngZl13OvaTN net::ERR_ABORTED | /contracts/cmuf6himl02swks7dif6nb96r?_rsc=2Ju2sngZl13OvaTN net::ERR_ABORTED | /contracts/cmufehj7i0011k57dzpf8j0ce?_rsc=2Ju2sngZl13OvaTN net::ERR_ABORTED | /contracts/cmufdgwn600018l7dib8n6qm4?_rsc=2Ju2sngZl13OvaTN net::ERR_ABORTED","","0","1","0","Switch user ; New contract (disabled)"
"EXECUTIVE","/contracts/[id]","/contracts/cmuf6himu02sxks7dkgml1rr2","200","MSK-LOCAL-2026 · MSK local mesh agreement","","","0","/?_rsc=TQOCHQXESAyQ3VEl net::ERR_ABORTED | /proposals?_rsc=TQOCHQXESAyQ3VEl net::ERR_ABORTED | /accounts?_rsc=TQOCHQXESAyQ3VEl net::ERR_ABORTED | /contracts?_rsc=TQOCHQXESAyQ3VEl net::ERR_ABORTED | /intelligence/bids?_rsc=TQOCHQXESAyQ3VEl net::ERR_ABORTED | /catalog?_rsc=TQOCHQXESAyQ3VEl net::ERR_ABORTED | /accounts/cmuf6hihk02rjks7dyamo9w2u?_rsc=TQOCHQXESAyQ3VEl net::ERR_ABORTED | /analytics?_rsc=TQOCHQXESAyQ3VEl net::ERR_ABORTED | /catalog/gudid?_rsc=TQOCHQXESAyQ3VEl net::ERR_ABORTED | /crosses?_rsc=TQOCHQXESAyQ3VEl net::ERR_ABORTED | /settings?_rsc=TQOCHQXESAyQ3VEl net::ERR_ABORTED | /notifications?_rsc=TQOCHQXESAyQ3VEl net::ERR_ABORTED | /accounts/cmuf6hihk02rjks7dyamo9w2u?_rsc=12web-rdU3k9vLaG net::ERR_ABORTED | /proposals?_rsc=12web-rdU3k9vLaG net::ERR_ABORTED | /?_rsc=12web-rdU3k9vLaG net::ERR_ABORTED | /accounts?_rsc=12web-rdU3k9vLaG net::ERR_ABORTED | /contracts?_rsc=12web-rdU3k9vLaG net::ERR_ABORTED | /intelligence?_rsc=12web-rdU3k9vLaG net::ERR_ABORTED | /intelligence/bids?_rsc=12web-rdU3k9vLaG net::ERR_ABORTED | /analytics?_rsc=12web-rdU3k9vLaG net::ERR_ABORTED | /settings?_rsc=12web-rdU3k9vLaG net::ERR_ABORTED | /catalog/gudid?_rsc=12web-rdU3k9vLaG net::ERR_ABORTED | /crosses?_rsc=12web-rdU3k9vLaG net::ERR_ABORTED | /catalog?_rsc=12web-rdU3k9vLaG net::ERR_ABORTED | /notifications?_rsc=12web-rdU3k9vLaG net::ERR_ABORTED","","0","1","0","Switch user ; Refresh performance ; Save entries (disabled)"
"EXECUTIVE","/intelligence","/intelligence","200","Competitor pricing","","","0","/contracts?_rsc=3fD0047dUoUPXvG2 net::ERR_ABORTED | /?_rsc=3fD0047dUoUPXvG2 net::ERR_ABORTED | /proposals?_rsc=3fD0047dUoUPXvG2 net::ERR_ABORTED | /accounts?_rsc=3fD0047dUoUPXvG2 net::ERR_ABORTED | /intelligence/bids?_rsc=3fD0047dUoUPXvG2 net::ERR_ABORTED | /analytics?_rsc=3fD0047dUoUPXvG2 net::ERR_ABORTED | /catalog?_rsc=3fD0047dUoUPXvG2 net::ERR_ABORTED | /accounts?_rsc=gu9LWiAQNzfrKsW2 net::ERR_ABORTED | /proposals?_rsc=gu9LWiAQNzfrKsW2 net::ERR_ABORTED | /contracts?_rsc=gu9LWiAQNzfrKsW2 net::ERR_ABORTED | /intelligence/bids?_rsc=gu9LWiAQNzfrKsW2 net::ERR_ABORTED | /crosses?_rsc=gu9LWiAQNzfrKsW2 net::ERR_ABORTED | /catalog/gudid?_rsc=gu9LWiAQNzfrKsW2 net::ERR_ABORTED | /settings?_rsc=gu9LWiAQNzfrKsW2 net::ERR_ABORTED | /notifications?_rsc=gu9LWiAQNzfrKsW2 net::ERR_ABORTED","","0","1","0","Switch user ; 1190500 ; WS3OBS3 ; WS3OBS2 ; WS3OBS1 ; 112680 ; 1190816 ; SPMII ; 1200710 ; 1201520 ; 113700 ; 112650 ; 112660 ; UPA31015 ; 1190820 ; 1202025 ; 1190300 ; SPMXXL ; 1410015010 ; 1DLMC03 ; 1DLMC05"
"EXECUTIVE","/intelligence/bids","/intelligence/bids","200","Public bids and awards","","","0","/?_rsc=2gWrMJaxdn-CU2fc net::ERR_ABORTED | /proposals?_rsc=2gWrMJaxdn-CU2fc net::ERR_ABORTED | /accounts?_rsc=2gWrMJaxdn-CU2fc net::ERR_ABORTED | /contracts?_rsc=2gWrMJaxdn-CU2fc net::ERR_ABORTED | /intelligence?_rsc=2gWrMJaxdn-CU2fc net::ERR_ABORTED | /analytics?_rsc=2gWrMJaxdn-CU2fc net::ERR_ABORTED | /catalog?_rsc=2gWrMJaxdn-CU2fc net::ERR_ABORTED | /notifications?_rsc=2gWrMJaxdn-CU2fc net::ERR_ABORTED | /settings?_rsc=2gWrMJaxdn-CU2fc net::ERR_ABORTED | /?_rsc=W5McYxvxTMCZbYJx net::ERR_ABORTED | /proposals?_rsc=W5McYxvxTMCZbYJx net::ERR_ABORTED | /accounts?_rsc=W5McYxvxTMCZbYJx net::ERR_ABORTED | /contracts?_rsc=W5McYxvxTMCZbYJx net::ERR_ABORTED | /intelligence/bids?_rsc=W5McYxvxTMCZbYJx net::ERR_ABORTED | /analytics?_rsc=W5McYxvxTMCZbYJx net::ERR_ABORTED | /intelligence?_rsc=W5McYxvxTMCZbYJx net::ERR_ABORTED | /catalog?_rsc=W5McYxvxTMCZbYJx net::ERR_ABORTED | /catalog/gudid?_rsc=W5McYxvxTMCZbYJx net::ERR_ABORTED | /crosses?_rsc=W5McYxvxTMCZbYJx net::ERR_ABORTED | /notifications?_rsc=W5McYxvxTMCZbYJx net::ERR_ABORTED | /settings?_rsc=W5McYxvxTMCZbYJx net::ERR_ABORTED","","0","0","0","Switch user ; Pull (disabled) ; Save (disabled) ; Bid file (disabled)"
"EXECUTIVE","/intelligence/extractions/[id]","/intelligence/extractions/missing0000000000000000","200","Extraction","Failed to load resource: the server responded with a status of 404 (Not Found)","","0","/contracts?_rsc=VJB2dfGule5Oh2L3 net::ERR_ABORTED | /?_rsc=VJB2dfGule5Oh2L3 net::ERR_ABORTED | /proposals?_rsc=VJB2dfGule5Oh2L3 net::ERR_ABORTED | /accounts?_rsc=VJB2dfGule5Oh2L3 net::ERR_ABORTED | /intelligence/bids?_rsc=VJB2dfGule5Oh2L3 net::ERR_ABORTED | /analytics?_rsc=VJB2dfGule5Oh2L3 net::ERR_ABORTED | /crosses?_rsc=VJB2dfGule5Oh2L3 net::ERR_ABORTED | /settings?_rsc=VJB2dfGule5Oh2L3 net::ERR_ABORTED | /?_rsc=wBL8jh-0AxNJNXN_ net::ERR_ABORTED | /notifications?_rsc=VJB2dfGule5Oh2L3 net::ERR_ABORTED | /intelligence/bids?_rsc=wBL8jh-0AxNJNXN_ net::ERR_ABORTED | /accounts?_rsc=wBL8jh-0AxNJNXN_ net::ERR_ABORTED | /contracts?_rsc=wBL8jh-0AxNJNXN_ net::ERR_ABORTED | /intelligence?_rsc=wBL8jh-0AxNJNXN_ net::ERR_ABORTED | /analytics?_rsc=wBL8jh-0AxNJNXN_ net::ERR_ABORTED | /catalog/gudid?_rsc=wBL8jh-0AxNJNXN_ net::ERR_ABORTED | /catalog?_rsc=wBL8jh-0AxNJNXN_ net::ERR_ABORTED | /crosses?_rsc=wBL8jh-0AxNJNXN_ net::ERR_ABORTED | /notifications?_rsc=wBL8jh-0AxNJNXN_ net::ERR_ABORTED | /settings?_rsc=wBL8jh-0AxNJNXN_ net::ERR_ABORTED","404 /api/documents/extractions/missing0000000000000000","0","0","0","Switch user"
"EXECUTIVE","/analytics","/analytics","200","Commercial feedback loop","","","0","/?_rsc=ix5_aAief6TvBg04 net::ERR_ABORTED | /proposals?_rsc=ix5_aAief6TvBg04 net::ERR_ABORTED | /accounts?_rsc=ix5_aAief6TvBg04 net::ERR_ABORTED | /contracts?_rsc=ix5_aAief6TvBg04 net::ERR_ABORTED | /intelligence?_rsc=ix5_aAief6TvBg04 net::ERR_ABORTED | /intelligence/bids?_rsc=ix5_aAief6TvBg04 net::ERR_ABORTED | /catalog/gudid?_rsc=ix5_aAief6TvBg04 net::ERR_ABORTED | /catalog?_rsc=ix5_aAief6TvBg04 net::ERR_ABORTED | /crosses?_rsc=ix5_aAief6TvBg04 net::ERR_ABORTED | /settings?_rsc=ix5_aAief6TvBg04 net::ERR_ABORTED | /notifications?_rsc=ix5_aAief6TvBg04 net::ERR_ABORTED | /?_rsc=Dt318okBLJyNDlfE net::ERR_ABORTED | /proposals?_rsc=Dt318okBLJyNDlfE net::ERR_ABORTED | /contracts?_rsc=Dt318okBLJyNDlfE net::ERR_ABORTED | /accounts?_rsc=Dt318okBLJyNDlfE net::ERR_ABORTED | /intelligence?_rsc=Dt318okBLJyNDlfE net::ERR_ABORTED | /catalog/gudid?_rsc=Dt318okBLJyNDlfE net::ERR_ABORTED | /analytics?_rsc=Dt318okBLJyNDlfE net::ERR_ABORTED | /catalog?_rsc=Dt318okBLJyNDlfE net::ERR_ABORTED | /intelligence/bids?_rsc=Dt318okBLJyNDlfE net::ERR_ABORTED | /crosses?_rsc=Dt318okBLJyNDlfE net::ERR_ABORTED | /notifications?_rsc=Dt318okBLJyNDlfE net::ERR_ABORTED | /settings?_rsc=Dt318okBLJyNDlfE net::ERR_ABORTED","","0","1","0","Switch user ; Refresh"
"EXECUTIVE","/catalog","/catalog","200","Our catalog","","","0","/?_rsc=OYzo7EH3MGwwxBfF net::ERR_ABORTED | /proposals?_rsc=OYzo7EH3MGwwxBfF net::ERR_ABORTED | /contracts?_rsc=OYzo7EH3MGwwxBfF net::ERR_ABORTED | /intelligence?_rsc=OYzo7EH3MGwwxBfF net::ERR_ABORTED | /intelligence/bids?_rsc=OYzo7EH3MGwwxBfF net::ERR_ABORTED | /catalog/gudid?_rsc=OYzo7EH3MGwwxBfF net::ERR_ABORTED | /analytics?_rsc=OYzo7EH3MGwwxBfF net::ERR_ABORTED | /?_rsc=O6cAbYUSgs3KBG-F net::ERR_ABORTED | /crosses?_rsc=OYzo7EH3MGwwxBfF net::ERR_ABORTED | /settings?_rsc=OYzo7EH3MGwwxBfF net::ERR_ABORTED | /notifications?_rsc=OYzo7EH3MGwwxBfF net::ERR_ABORTED | /accounts?_rsc=O6cAbYUSgs3KBG-F net::ERR_ABORTED | /contracts?_rsc=O6cAbYUSgs3KBG-F net::ERR_ABORTED | /intelligence?_rsc=O6cAbYUSgs3KBG-F net::ERR_ABORTED | /proposals?_rsc=O6cAbYUSgs3KBG-F net::ERR_ABORTED | /intelligence/bids?_rsc=O6cAbYUSgs3KBG-F net::ERR_ABORTED | /analytics?_rsc=O6cAbYUSgs3KBG-F net::ERR_ABORTED | /crosses?_rsc=O6cAbYUSgs3KBG-F net::ERR_ABORTED | /catalog?_rsc=O6cAbYUSgs3KBG-F net::ERR_ABORTED | /catalog/gudid?_rsc=O6cAbYUSgs3KBG-F net::ERR_ABORTED | /settings?_rsc=O6cAbYUSgs3KBG-F net::ERR_ABORTED | /notifications?_rsc=O6cAbYUSgs3KBG-F net::ERR_ABORTED","","0","1","0","Switch user ; GUDID library ; 174006 ; ABSTACK30 ; ABSTACK30X ; PCO2015X ; PCO2520X ; PCO9X ; 11-1276 ; 11-1278 ; 171305 ; 173019 ; 173030 ; 173046 ; 173049 ; 173050G ; 174001 ; 174209 ; 174213 ; 174233 ; 174301 ; 174309 ; 174317 ; 174601 ; 176605 ; 176613 ; 176643 ; 176645 ; 176647 ; 178081 ; 178083 ; 178091 ; 178093 ; 178099 ; 25030 ; CATCH10 ; E3781-28 ; E3781R-28ASP ; E3783-28 ; E3783R-28ASP ; E3783R-36ASP ; LF1837 ; LF5637 ; SILSCLINCH46 ; SILSDISSECT46 ; SILSHOOK36 ; SILSHOOK46 ; SILSSHEAR46 ; WPLGR914 ; WPXLGR1117 ; 010316L ; 010460 ; 010470 ; 015427L ; 015433L ; 015441L ; 015451L ; 015458L ; 015477L ; 015485L ; 015888L ; 017614 ; 020242 ; 030330L ; 030412 ; 030424L ; 030425 ; 030426 ; 030454 ; 030470 ; 030735L ; 059037 ; 111981 ; 111983 ; 111985 ; 111987 ; 111989 ; 3948L ; 3971 ; 3973 ; 4901T ; 8886803712 ; EEA21 ; EEA2135 ; EEA25 ; EEA2535 ; EEA28 ; EEA2835 ; EEA31 ; EEA33 ; EEAXL21 ; EEAXL2135 ; EEAXL25 ; EEAXL2535 ; EEAXL28 ; EEAXL2835 ; EEAXL31 ; EEAXL33 ; EGIA45AMT ; EGIA45AV ; EGIA45AVM ; EGIA45CTAVM ; EGIA60AMT ; EGIA60AVM ; EGIA60AXT ; EGIARADMT ; EGIARADVM ; EGIARADXT ; EGIAUSHORT ; EGIAUSTND ; EGIAUXL ; GIA10038L ; GIA10038S ; GIA10048L ; GIA10048S ; GIA6025L ; GIA6025S ; GIA6038L ; GIA6038S ; GIA6048L ; GIA6048S ; GIA60MTC ; GIA60MTS ; GIA60XTC ; GIA60XTS ; GIA8038L ; GIA8038S ; GIA8048L ; GIA8048S ; GIA80MTC ; GIA80MTS ; GIA80XTC ; GIA80XTS ; HEM3335 ; HEM3348 ; IDRVULTRA1 ; SGIA6038S ; SIG30AMT ; SIG30AV ; SIG30AVM ; SIG30CTAV ; SIG30CTAVM ; SIG45AMT ; SIG45AXT ; SIG45CTAMT ; SIG45CTAV ; SIG45CTAVM ; SIG60AMT ; SIG60AXT ; SIG60CTAMT ; SIG60CTAVM ; SIGADAPTSHORT ; SIGADAPTSTND ; SIGADAPTXL ; SIGC45MT ; SIGC45V ; SIGC45VM ; SIGC45VT ; SIGC60MT ; SIGC60V ; SIGC60VM ; SIGC60VT ; SIGLU45A ; SIGLU60A ; SIGPSHELL ; SIGRADMT ; SIGRADVM ; SIGRADXT ; SIGSDL45CTVT ; SIGSDS30CTV ; SIGSDS30CTVT ; SIGTRSB45AMT ; SIGTRSB45AXT ; SIGTRSB60AMT ; SIGTRSB60AXT ; TA3035L ; TA3035S ; TA3048L ; TA3048S ; TA30V3L ; TA30V3S ; TA4535L ; TA4535S ; TA4548L ; TA4548S ; TA6035L ; TA6035S ; TA6048L ; TA6048S ; TA9035L ; TA9035S ; TA9048L ; TA9048S ; TRIEEA28MT ; TRIEEA28XT ; TRIEEA31MT ; TRIEEA31XT ; TRIEEAXL28MT ; TRIEEAXL28XT ; TRIEEAXL31MT ; TRIEEAXL31XT ; TRIEEAXL33MT ; PPDS12 ; PPDS15 ; PPDS1510 ; PPDS2015 ; PPM1106X3 ; PPM1510X3 ; PPM4530 ; 171313 ; 171315 ; 172015 ; 172016 ; 176626P ; 176673P ; 176674P ; 176674PF ; 177090P ; 177090PF ; 177091P ; 177091PF ; 177092 ; 177092F ; 177992P ; 177995P ; 179076P ; 179077P ; 179078PF ; 179093 ; 179093F ; 179094 ; 179094F ; 179095P ; 179096P ; 179096PF ; 179097P ; 179097PF ; 179100 ; 179101 ; 179102P ; 179301 ; 179303 ; 179305 ; 179307 ; 179308 ; 179309 ; 179310 ; 21-345 ; 220-50 ; 24055- ; 4216 ; B11STF ; B11STS ; B12LGF ; B12LGS ; B12STF ; B12STFCS ; B12STS ; B5SHF ; B5SHS ; B5STF ; B5STS ; BPT12STS ; MS100703 ; MS100705 ; MS100708 ; MS101003 ; MS101005 ; MS101008 ; NB11STF ; NB12LGF ; NB12SHF ; NB12STF ; NB12STS ; NB15LGF ; NB15STF ; NB3SHFLP ; NB5LGF ; NB5SHF ; NB5SHFLP ; NB5STF ; NB5STFLP ; NBFCA11ST ; NBFCA12ST ; NONB11STF ; NONB12LGF ; NONB12SHF ; NONB12STF ; NONB12STS ; NONB15LGF ; NONB15STF ; NONB5LGF ; NONB5SHF ; NONB5STF ; NONB8STF ; OMS-T10BT ; OMS-T10BTNL ; OMS-T10BTS ; OMS-T10BTSNL ; OMS-T12BT ; OMS-T12BTNL ; ONB11LGF ; ONB11STF ; ONB12LGF ; ONB12SHF ; ONB12STF ; ONB12STF-NSB ; ONB12STFCS ; ONB12STS ; ONB15STF ; ONB5LGF ; ONB5SHF ; ONB5STF ; ONB5STF-NSB ; ONB5STF2C ; ONBFCA11ST ; S100000 ; S100700 ; S100705 ; S100710 ; S100712 ; S101000 ; S101005 ; S101010 ; S101012 ; S110000 ; SILSPT12TA ; SILSPT5TA ; UNVCA11STF ; UNVCA12LGF ; UNVCA12STF ; UNVCA12STF-NSB ; UNVCA12STS ; UNVCA5LGF ; UNVCA5SHF ; UNVCA5STF ; VS070000 ; VS100700 ; VS100705 ; VS100711P ; VS100712P ; VS101000 ; VS101005 ; VS101011P ; VS101012P ; VS101015P ; VS101500 ; VS101505 ; VS101512P ; VS150000 ; VSR100005 ; VSR100812P ; WPMD509 ; WPSM256 ; WPXSM24"
"EXECUTIVE","/catalog/gudid","/catalog/gudid","200","GUDID library","","","0","/?_rsc=DGmoGnAw5OqJpMhM net::ERR_ABORTED | /proposals?_rsc=DGmoGnAw5OqJpMhM net::ERR_ABORTED | /accounts?_rsc=DGmoGnAw5OqJpMhM net::ERR_ABORTED | /contracts?_rsc=DGmoGnAw5OqJpMhM net::ERR_ABORTED | /intelligence?_rsc=DGmoGnAw5OqJpMhM net::ERR_ABORTED | /intelligence/bids?_rsc=DGmoGnAw5OqJpMhM net::ERR_ABORTED | /analytics?_rsc=DGmoGnAw5OqJpMhM net::ERR_ABORTED | /catalog?_rsc=DGmoGnAw5OqJpMhM net::ERR_ABORTED | /crosses?_rsc=DGmoGnAw5OqJpMhM net::ERR_ABORTED | /?_rsc=Z9EVd8HHdUwJDdIQ net::ERR_ABORTED | /contracts?_rsc=Z9EVd8HHdUwJDdIQ net::ERR_ABORTED | /intelligence?_rsc=Z9EVd8HHdUwJDdIQ net::ERR_ABORTED | /accounts?_rsc=Z9EVd8HHdUwJDdIQ net::ERR_ABORTED | /proposals?_rsc=Z9EVd8HHdUwJDdIQ net::ERR_ABORTED | /intelligence/bids?_rsc=Z9EVd8HHdUwJDdIQ net::ERR_ABORTED | /analytics?_rsc=Z9EVd8HHdUwJDdIQ net::ERR_ABORTED | /catalog?_rsc=Z9EVd8HHdUwJDdIQ net::ERR_ABORTED | /catalog/gudid?_rsc=Z9EVd8HHdUwJDdIQ net::ERR_ABORTED | /crosses?_rsc=Z9EVd8HHdUwJDdIQ net::ERR_ABORTED | /notifications?_rsc=Z9EVd8HHdUwJDdIQ net::ERR_ABORTED | /settings?_rsc=Z9EVd8HHdUwJDdIQ net::ERR_ABORTED","","0","0","0","Switch user ; DXT1309AL ; DXT1309AR ; DXT1510AL ; DXT1510AR ; DXT1612AL ; DXT1612AR ; DTN07R ; DTN07RX3 ; DTN07RX6 ; DTN10R ; DTN10RX3 ; DTN10RX6 ; DTN1610E ; DTN1610EX3 ; DTN1610EX6 ; PP0611 ; PP0611X3 ; PP1510 ; PP1510X3 ; PP1515 ; PP2020 ; PP3030 ; PPM1106 ; PPM1106X3 ; PPM1106X6 ; PPM1508 ; PPM1508X3 ; PPM1508X6 ; PPM1510 ; PPM1510X3 ; PPM1510X6 ; PPM1515 ; PPM1515X3 ; PPM1515X6 ; PPM2020 ; PPM2020X3 ; PPM3030 ; PPM3030X3 ; PPM4530 ; PPM4530X3 ; PPM5050 ; PPMK1106 ; PPMK1106X3 ; PPMK1106X6 ; PPMK1508 ; PPMK1508X3 ; PPMK1508X6 ; PPDS12 ; PPDS12X3 ; PPDS15 ; PPDS1510 ; PPDS1510X3 ; PPDS15X3 ; PPDS2015 ; PPDS2015X3 ; PPDS2520 ; PPDS3020 ; PPDS3530 ; PCO12FX ; PCO12X ; PCO1510FX ; PCO1510OSX ; PCO1510X ; PCO15FX ; PCO15X ; PCO2015FX ; PCO2015OSX ; PCO2015X ; PCO20FX ; PCO20X ; PCO2520FX ; PCO2520OSX ; PCO2520X ; PCO2H1 ; PCO2H3 ; PCO2H4 ; PCO3020FX ; PCO3020OSX ; PCO3020X ; PCO3728FX ; PCO3728X ; PCO4VP ; PCO6VP ; PCO8OSX ; PCO8VP ; PCO9FX ; PCO9X ; PCOPM15 ; PCOPM15H35 ; PCOPM15H50 ; PCOPM20 ; PNP6 ; PNP6X3 ; PNP8 ; PNP8X3 ; TCM1106 ; TCM1106X3 ; TCM1510 ; TCM1510X3 ; TCM1515 ; TCM1515X3 ; TCM2020 ; TCM2020X3 ; TCM3015 ; TCM3030 ; TCM4530 ; TEC1309 ; TEC1410DP ; TEC1410P5 ; TEC1510 ; TEC1515 ; TEC2020 ; TEC3030 ; TECR1410DP2 ; TECR1510 ; TECR1510AL ; TECR1510AR ; TECR1515 ; TECR3030 ; TECT1309AL ; TECT1309AR ; TECT1510ADP2L ; TECT1510ADP2R ; TECT1510ADPL ; TECT1510ADPR ; TECT1510AL ; TECT1510AR ; TECT1612AFR ; TECT1612AL ; TECT1612AR ; TET1309 ; TET1309D ; TET1510 ; TET1515 ; TET2020 ; TET3030 ; TET5050 ; ADG1510 ; ADG2015 ; ADG3020 ; ADG4030 ; LPG1309AL ; LPG1309AR ; LPG1510 ; LPG1510AK2 ; LPG1510AL ; LPG1510AR ; LPG1510X2 ; LPG1612 ; LPG1612AL ; LPG1612AR ; LPG1614 ; PP1208DL ; PP1208DR ; PP1509G ; PP1515G ; PP2015G ; PP3020G ; PP3030G ; PP4030G ; TEM1208GL ; TEM1208GR ; TEM1409GL ; TEM1409GR ; TEM1509G ; TEM1515G ; TEM2015G ; TEM3015G ; TECG3004 ; SYM12 ; SYM12F ; SYM15 ; SYM1510 ; SYM1510F ; SYM1510OS ; SYM15F ; SYM1710E ; SYM1710EF ; SYM20 ; SYM2012E ; SYM2012EF ; SYM2015 ; SYM2015F ; SYM2015OS ; SYM20F ; SYM2515E ; SYM2515EF ; SYM2520 ; SYM2520F ; SYM2520OS ; SYM3020 ; SYM3020F ; SYM3020OS ; SYM3420E ; SYM3420EF ; SYM3728 ; SYM3728F ; SYM4024E ; SYM4024EF ; SYM4232 ; SYM4232F ; SYM8OS ; SYM9 ; SYM9F ; VTX1106 ; VTX1106X3 ; VTX1510 ; VTX1510X3 ; VTX1515 ; VTX1515M ; VTX1515MX3 ; VTX1515X3 ; VTX2020M ; VTX3030M ; VTX4530M ; VTX5050M ; Sofradim"
"EXECUTIVE","/crosses","/crosses","200","Crosswalk","","","0","/?_rsc=zAn-vlYtEcVbUMJ6 net::ERR_ABORTED | /proposals?_rsc=zAn-vlYtEcVbUMJ6 net::ERR_ABORTED | /accounts?_rsc=zAn-vlYtEcVbUMJ6 net::ERR_ABORTED | /catalog/gudid?_rsc=zAn-vlYtEcVbUMJ6 net::ERR_ABORTED | /settings?_rsc=zAn-vlYtEcVbUMJ6 net::ERR_ABORTED | /proposals?_rsc=aniPmKjMQR6zCALO net::ERR_ABORTED | /notifications?_rsc=zAn-vlYtEcVbUMJ6 net::ERR_ABORTED | /?_rsc=aniPmKjMQR6zCALO net::ERR_ABORTED | /accounts?_rsc=aniPmKjMQR6zCALO net::ERR_ABORTED | /intelligence/bids?_rsc=aniPmKjMQR6zCALO net::ERR_ABORTED | /intelligence?_rsc=aniPmKjMQR6zCALO net::ERR_ABORTED | /contracts?_rsc=aniPmKjMQR6zCALO net::ERR_ABORTED | /analytics?_rsc=aniPmKjMQR6zCALO net::ERR_ABORTED | /crosses?_rsc=aniPmKjMQR6zCALO net::ERR_ABORTED | /settings?_rsc=aniPmKjMQR6zCALO net::ERR_ABORTED | /catalog?_rsc=aniPmKjMQR6zCALO net::ERR_ABORTED | /catalog/gudid?_rsc=aniPmKjMQR6zCALO net::ERR_ABORTED | /notifications?_rsc=aniPmKjMQR6zCALO net::ERR_ABORTED","","0","0","0","Switch user"
"EXECUTIVE","/notifications","/notifications","200","Notifications","","","0","/?_rsc=oG-rbVP81bj5yHs2 net::ERR_ABORTED | /proposals?_rsc=oG-rbVP81bj5yHs2 net::ERR_ABORTED | /accounts?_rsc=oG-rbVP81bj5yHs2 net::ERR_ABORTED | /contracts?_rsc=oG-rbVP81bj5yHs2 net::ERR_ABORTED | /intelligence?_rsc=oG-rbVP81bj5yHs2 net::ERR_ABORTED | /intelligence/bids?_rsc=oG-rbVP81bj5yHs2 net::ERR_ABORTED | /analytics?_rsc=oG-rbVP81bj5yHs2 net::ERR_ABORTED | /catalog?_rsc=oG-rbVP81bj5yHs2 net::ERR_ABORTED | /contracts?_rsc=FxIb9Zh5xrkPNSW4 net::ERR_ABORTED | /?_rsc=FxIb9Zh5xrkPNSW4 net::ERR_ABORTED | /accounts?_rsc=FxIb9Zh5xrkPNSW4 net::ERR_ABORTED | /intelligence/bids?_rsc=FxIb9Zh5xrkPNSW4 net::ERR_ABORTED | /analytics?_rsc=FxIb9Zh5xrkPNSW4 net::ERR_ABORTED | /catalog?_rsc=FxIb9Zh5xrkPNSW4 net::ERR_ABORTED | /catalog/gudid?_rsc=FxIb9Zh5xrkPNSW4 net::ERR_ABORTED | /crosses?_rsc=FxIb9Zh5xrkPNSW4 net::ERR_ABORTED | /settings?_rsc=FxIb9Zh5xrkPNSW4 net::ERR_ABORTED | /notifications?_rsc=FxIb9Zh5xrkPNSW4 net::ERR_ABORTED","","0","0","0","Switch user ; Mark all read (disabled)"
"EXECUTIVE","/settings","/settings","200","Settings","","","0","/?_rsc=DQxjArDrgutTG17x net::ERR_ABORTED | /analytics?_rsc=DQxjArDrgutTG17x net::ERR_ABORTED | /notifications?_rsc=DQxjArDrgutTG17x net::ERR_ABORTED | /intelligence/bids?_rsc=j-_vjoKOn8bxlRO7 net::ERR_ABORTED | /contracts?_rsc=j-_vjoKOn8bxlRO7 net::ERR_ABORTED | /intelligence?_rsc=j-_vjoKOn8bxlRO7 net::ERR_ABORTED | /analytics?_rsc=j-_vjoKOn8bxlRO7 net::ERR_ABORTED | /crosses?_rsc=j-_vjoKOn8bxlRO7 net::ERR_ABORTED | /settings?_rsc=j-_vjoKOn8bxlRO7 net::ERR_ABORTED | /catalog/gudid?_rsc=j-_vjoKOn8bxlRO7 net::ERR_ABORTED | /catalog?_rsc=j-_vjoKOn8bxlRO7 net::ERR_ABORTED | /notifications?_rsc=j-_vjoKOn8bxlRO7 net::ERR_ABORTED | /settings/pricing?_rsc=j-_vjoKOn8bxlRO7 net::ERR_ABORTED","","0","0","0","Switch user ; Save (disabled) ; Details ; How to connect"
"EXECUTIVE","/settings/integrations","/settings/integrations","200","Settings","","","0","/?_rsc=DQxjArDrgutTG17x net::ERR_ABORTED | /proposals?_rsc=DQxjArDrgutTG17x net::ERR_ABORTED | /accounts?_rsc=DQxjArDrgutTG17x net::ERR_ABORTED | /contracts?_rsc=DQxjArDrgutTG17x net::ERR_ABORTED | /intelligence?_rsc=DQxjArDrgutTG17x net::ERR_ABORTED | /intelligence/bids?_rsc=DQxjArDrgutTG17x net::ERR_ABORTED | /crosses?_rsc=DQxjArDrgutTG17x net::ERR_ABORTED | /notifications?_rsc=DQxjArDrgutTG17x net::ERR_ABORTED | /?_rsc=j-_vjoKOn8bxlRO7 net::ERR_ABORTED | /accounts?_rsc=j-_vjoKOn8bxlRO7 net::ERR_ABORTED | /proposals?_rsc=j-_vjoKOn8bxlRO7 net::ERR_ABORTED | /contracts?_rsc=j-_vjoKOn8bxlRO7 net::ERR_ABORTED | /intelligence?_rsc=j-_vjoKOn8bxlRO7 net::ERR_ABORTED | /analytics?_rsc=j-_vjoKOn8bxlRO7 net::ERR_ABORTED | /catalog?_rsc=j-_vjoKOn8bxlRO7 net::ERR_ABORTED | /catalog/gudid?_rsc=j-_vjoKOn8bxlRO7 net::ERR_ABORTED | /intelligence/bids?_rsc=j-_vjoKOn8bxlRO7 net::ERR_ABORTED | /notifications?_rsc=j-_vjoKOn8bxlRO7 net::ERR_ABORTED | /crosses?_rsc=j-_vjoKOn8bxlRO7 net::ERR_ABORTED | /settings?_rsc=j-_vjoKOn8bxlRO7 net::ERR_ABORTED | /settings/pricing?_rsc=j-_vjoKOn8bxlRO7 net::ERR_ABORTED","","0","0","0","Switch user ; Save (disabled) ; Details ; How to connect"
"EXECUTIVE","/settings/pricing","/settings/pricing","200","Pricing policies","","","0","/?_rsc=8oSST31HPn0UlEto net::ERR_ABORTED | /intelligence/bids?_rsc=8oSST31HPn0UlEto net::ERR_ABORTED | /analytics?_rsc=8oSST31HPn0UlEto net::ERR_ABORTED | /catalog?_rsc=8oSST31HPn0UlEto net::ERR_ABORTED | /catalog/gudid?_rsc=8oSST31HPn0UlEto net::ERR_ABORTED | /crosses?_rsc=8oSST31HPn0UlEto net::ERR_ABORTED | /settings?_rsc=8oSST31HPn0UlEto net::ERR_ABORTED | /notifications?_rsc=8oSST31HPn0UlEto net::ERR_ABORTED | /?_rsc=_Ie442TgELs3Q458 net::ERR_ABORTED | /proposals?_rsc=_Ie442TgELs3Q458 net::ERR_ABORTED | /contracts?_rsc=_Ie442TgELs3Q458 net::ERR_ABORTED | /accounts?_rsc=_Ie442TgELs3Q458 net::ERR_ABORTED | /intelligence?_rsc=_Ie442TgELs3Q458 net::ERR_ABORTED | /intelligence/bids?_rsc=_Ie442TgELs3Q458 net::ERR_ABORTED | /analytics?_rsc=_Ie442TgELs3Q458 net::ERR_ABORTED | /catalog?_rsc=_Ie442TgELs3Q458 net::ERR_ABORTED | /catalog/gudid?_rsc=_Ie442TgELs3Q458 net::ERR_ABORTED | /crosses?_rsc=_Ie442TgELs3Q458 net::ERR_ABORTED | /settings?_rsc=_Ie442TgELs3Q458 net::ERR_ABORTED | /notifications?_rsc=_Ie442TgELs3Q458 net::ERR_ABORTED","","0","0","0","Switch user ; New draft (disabled)"